policy,accuracy,mean_payload,mean_f1
oracle_3way,1.0,0.07370460829493089,0.893852615701294
rf_full_on_test,0.8889400921658986,0.08130138248847926,0.8883419968173267
fixed_L,0.8944700460829493,0.023999999999999997,0.8867092333998091
fixed_C16,0.1055299539170507,0.49500000000000005,0.4257466668385305
fixed_C256,0.0,0.24750000000000003,0.11581187208094025
