row_type,old_path,new_path,disposition,commit,detail,note
FILE,.gitignore,.gitignore,REWRITE-IN-PLACE,2,,absorb paper1/.gitignore; data/ + results paths re-rooted
FILE,README.md,README.md,REWRITE-IN-PLACE,4,,rewritten to the supervisor README skeleton (10 sections)
FILE,paper1/.gitignore,,DELETE,2,,merged into the root .gitignore
FILE,paper1/CLAIMS.md,docs/claims.md,MOVE,2,,"BEYOND-PLAN: 7th docs file; machine-checked by tests/test_result_consistency.py, must exist"
FILE,paper1/PROTOCOL.md,docs/experiment_protocol.md,MOVE,2,,"THE normative source; configs/ are derived copies, never the reverse"
FILE,paper1/README.md,,DELETE,4,,content redistributed: root README + docs/model_zoo.md + results/README.md
FILE,paper1/REPRODUCE.md,docs/reproducibility.md,MOVE,2,,
FILE,paper1/analysis_tools/MAP_REPRODUCTION_CHANGELOG.md,baselines/importance_map_jscc/CHANGELOG.md,MOVE,2,,
FILE,paper1/analysis_tools/build_bler_sionna.py,projects/ca_tosg/communication/ldpc_qam.py + tools/build_bler_table.py,SPLIT,2,,PLAN split
FILE,paper1/analysis_tools/build_bler_sionna_ofdm.py,projects/ca_tosg/communication/channel.py + tools/build_bler_table.py,SPLIT,2,,PLAN split
FILE,paper1/analysis_tools/build_ldpc_qam_bler_table.py,,DELETE,2,,builds the DEPRECATED 40-block table (quantisation floor); superseded by build_bler_sionna.py
FILE,paper1/analysis_tools/inference_subset.py,baselines/importance_map_jscc/inference_subset.py,MOVE,2,,WCSP2023 ImportanceMapJSCC reproduction
FILE,paper1/analysis_tools/ldpc_qam_physical_sanity_n1000_ebn0.py,tests/test_channel.py,MOVE,2,,PLAN tests/test_channel.py: the physical-layer sanity gate
FILE,paper1/analysis_tools/make_fig1_framework.py,,DELETE,2,,"generated the retired matplotlib fig1; the overview figure is now the hand-drawn figs/ca_tosg_overview.svg (REPRODUCE sec 3 marks fig:overview ""manual"")"
FILE,paper1/analysis_tools/plot_bler_compare.py,projects/ca_tosg/evaluation/figures/plot_bler_compare.py,MOVE,2,,
FILE,paper1/analysis_tools/plot_paper_figures.py,projects/ca_tosg/evaluation/figures/plot_paper_figures.py,MOVE,2,,
FILE,paper1/analysis_tools/run_awgn_baseline_FIX.sh,baselines/importance_map_jscc/scripts/run_awgn_baseline_FIX.sh,MOVE,2,,legacy JSCC run drivers; kept verbatim as the record of how the checkpoints were produced
FILE,paper1/analysis_tools/run_awgn_learned_compare.sh,baselines/importance_map_jscc/scripts/run_awgn_learned_compare.sh,MOVE,2,,legacy JSCC run drivers; kept verbatim as the record of how the checkpoints were produced
FILE,paper1/analysis_tools/run_awgn_stage2_gate.sh,baselines/importance_map_jscc/scripts/run_awgn_stage2_gate.sh,MOVE,2,,legacy JSCC run drivers; kept verbatim as the record of how the checkpoints were produced
FILE,paper1/analysis_tools/run_codec32_reproduction.sh,baselines/importance_map_jscc/scripts/run_codec32_reproduction.sh,MOVE,2,,legacy JSCC run drivers; kept verbatim as the record of how the checkpoints were produced
FILE,paper1/analysis_tools/run_full_reproduction.sh,baselines/importance_map_jscc/scripts/run_full_reproduction.sh,MOVE,2,,legacy JSCC run drivers; kept verbatim as the record of how the checkpoints were produced
FILE,paper1/analysis_tools/run_jscc_eval.py,baselines/importance_map_jscc/run_jscc_eval.py,MOVE,2,,WCSP2023 ImportanceMapJSCC reproduction
FILE,paper1/analysis_tools/run_learned_rayleigh_ofdm.sh,baselines/importance_map_jscc/scripts/run_learned_rayleigh_ofdm.sh,MOVE,2,,legacy JSCC run drivers; kept verbatim as the record of how the checkpoints were produced
FILE,paper1/analysis_tools/run_paper_faithful.sh,baselines/importance_map_jscc/scripts/run_paper_faithful.sh,MOVE,2,,legacy JSCC run drivers; kept verbatim as the record of how the checkpoints were produced
FILE,paper1/analysis_tools/run_paper_faithful_figs.sh,baselines/importance_map_jscc/scripts/run_paper_faithful_figs.sh,MOVE,2,,legacy JSCC run drivers; kept verbatim as the record of how the checkpoints were produced
FILE,paper1/analysis_tools/run_separate_coding_sweep.py,baselines/importance_map_jscc/run_separate_coding_sweep.py,MOVE,2,,WCSP2023 ImportanceMapJSCC reproduction
FILE,paper1/analysis_tools/stage1_pretrain_jscc_reconstruction_sttopk.py,baselines/importance_map_jscc/stage1_pretrain_jscc_reconstruction_sttopk.py,MOVE,2,,WCSP2023 ImportanceMapJSCC reproduction
FILE,paper1/analysis_tools/stage2_whole_network_map_jscc.py,baselines/importance_map_jscc/stage2_whole_network_map_jscc.py,MOVE,2,,WCSP2023 ImportanceMapJSCC reproduction
FILE,paper1/code/canonical_rescore.py,projects/ca_tosg/evaluation/canonical_rescore.py,MOVE,2,,canonical-union-GT re-scorer
FILE,paper1/code/extra_experiments/README.md,projects/ca_tosg/evaluation/ablations/README.md,MOVE,2,,
FILE,paper1/code/extra_experiments/_common.py,projects/ca_tosg/evaluation/ablations/_common.py,MOVE,2,,
FILE,paper1/code/extra_experiments/a1_pareto.py,projects/ca_tosg/evaluation/ablations/a1_pareto.py,MOVE,2,,BEYOND-PLAN subdir: a1-a9 + c_channels + robustness generate results/sensitivity/ablation/
FILE,paper1/code/extra_experiments/a2_difficulty.py,projects/ca_tosg/evaluation/ablations/a2_difficulty.py,MOVE,2,,BEYOND-PLAN subdir: a1-a9 + c_channels + robustness generate results/sensitivity/ablation/
FILE,paper1/code/extra_experiments/a3_subsets.py,projects/ca_tosg/evaluation/ablations/a3_subsets.py,MOVE,2,,BEYOND-PLAN subdir: a1-a9 + c_channels + robustness generate results/sensitivity/ablation/
FILE,paper1/code/extra_experiments/a4_jscc_aware.py,projects/ca_tosg/evaluation/ablations/a4_jscc_aware.py,MOVE,2,,BEYOND-PLAN subdir: a1-a9 + c_channels + robustness generate results/sensitivity/ablation/
FILE,paper1/code/extra_experiments/a5_causality.py,projects/ca_tosg/evaluation/ablations/a5_causality.py,MOVE,2,,BEYOND-PLAN subdir: a1-a9 + c_channels + robustness generate results/sensitivity/ablation/
FILE,paper1/code/extra_experiments/a6_l_reliability.py,projects/ca_tosg/evaluation/ablations/a6_l_reliability.py,MOVE,2,,BEYOND-PLAN subdir: a1-a9 + c_channels + robustness generate results/sensitivity/ablation/
FILE,paper1/code/extra_experiments/a7_ablation.py,projects/ca_tosg/evaluation/ablations/a7_ablation.py,MOVE,2,,BEYOND-PLAN subdir: a1-a9 + c_channels + robustness generate results/sensitivity/ablation/
FILE,paper1/code/extra_experiments/a8_models.py,projects/ca_tosg/evaluation/ablations/a8_models.py,MOVE,2,,BEYOND-PLAN subdir: a1-a9 + c_channels + robustness generate results/sensitivity/ablation/
FILE,paper1/code/extra_experiments/a9_hardening.py,projects/ca_tosg/evaluation/ablations/a9_hardening.py,MOVE,2,,BEYOND-PLAN subdir: a1-a9 + c_channels + robustness generate results/sensitivity/ablation/
FILE,paper1/code/extra_experiments/c_channels.py,projects/ca_tosg/evaluation/ablations/c_channels.py,MOVE,2,,BEYOND-PLAN subdir: a1-a9 + c_channels + robustness generate results/sensitivity/ablation/
FILE,paper1/code/extra_experiments/jscc_perframe/build_channel_codec_ap.py,baselines/importance_map_jscc/perframe/build_channel_codec_ap.py,MOVE,2,,per-frame JSCC experiments belong with the ImportanceMapJSCC baseline
FILE,paper1/code/extra_experiments/jscc_perframe/build_two_regime_edge.py,baselines/importance_map_jscc/perframe/build_two_regime_edge.py,MOVE,2,,per-frame JSCC experiments belong with the ImportanceMapJSCC baseline
FILE,paper1/code/extra_experiments/jscc_perframe/build_two_regime_edge_clean.py,baselines/importance_map_jscc/perframe/build_two_regime_edge_clean.py,MOVE,2,,per-frame JSCC experiments belong with the ImportanceMapJSCC baseline
FILE,paper1/code/extra_experiments/jscc_perframe/jscc_selector_compare.py,baselines/importance_map_jscc/perframe/jscc_selector_compare.py,MOVE,2,,per-frame JSCC experiments belong with the ImportanceMapJSCC baseline
FILE,paper1/code/extra_experiments/jscc_perframe/jscc_sweep.py,baselines/importance_map_jscc/perframe/jscc_sweep.py,MOVE,2,,per-frame JSCC experiments belong with the ImportanceMapJSCC baseline
FILE,paper1/code/extra_experiments/jscc_perframe/kfold_two_regime_diag.py,baselines/importance_map_jscc/perframe/kfold_two_regime_diag.py,MOVE,2,,per-frame JSCC experiments belong with the ImportanceMapJSCC baseline
FILE,paper1/code/extra_experiments/jscc_perframe/make_two_regime_figure.py,baselines/importance_map_jscc/perframe/make_two_regime_figure.py,MOVE,2,,per-frame JSCC experiments belong with the ImportanceMapJSCC baseline
FILE,paper1/code/extra_experiments/jscc_perframe/plot_channel_codec_ap.py,baselines/importance_map_jscc/perframe/plot_channel_codec_ap.py,MOVE,2,,per-frame JSCC experiments belong with the ImportanceMapJSCC baseline
FILE,paper1/code/extra_experiments/jscc_perframe/run_jscc_perframe.py,baselines/importance_map_jscc/perframe/run_jscc_perframe.py,MOVE,2,,per-frame JSCC experiments belong with the ImportanceMapJSCC baseline
FILE,paper1/code/extra_experiments/jscc_perframe/score_jscc.py,baselines/importance_map_jscc/perframe/score_jscc.py,MOVE,2,,per-frame JSCC experiments belong with the ImportanceMapJSCC baseline
FILE,paper1/code/extra_experiments/jscc_perframe/score_jscc_perframe.py,baselines/importance_map_jscc/perframe/score_jscc_perframe.py,MOVE,2,,per-frame JSCC experiments belong with the ImportanceMapJSCC baseline
FILE,paper1/code/extra_experiments/out/a2_difficulty_reliable.csv,,DELETE,2,,third byte-identical copy of results/a2_difficulty_reliable.csv (scratch output dir)
FILE,paper1/code/extra_experiments/robustness.py,projects/ca_tosg/evaluation/ablations/robustness.py,MOVE,2,,BEYOND-PLAN subdir: a1-a9 + c_channels + robustness generate results/sensitivity/ablation/
FILE,paper1/code/extra_experiments/v3_eval.py,projects/ca_tosg/evaluation/v3_eval.py,MOVE,2,,the live 200-realisation evaluator imported by every ablation
FILE,paper1/code/extract_claims.py,tests/test_result_consistency.py,MOVE,2,,PLAN tests/test_result_consistency.py (gate G4: CLAIMS.md vs main.tex)
FILE,paper1/code/gt_audit.py,projects/ca_tosg/evaluation/gt_audit.py,MOVE,2,,
FILE,paper1/code/make_dataset.py,projects/ca_tosg/datasets/opv2v.py,MOVE,2,,PLAN datasets/opv2v.py: 3-way oracle labels on the canonical v3 per-frame datasets
FILE,paper1/code/p2_dataprep/_scene_map.py,projects/ca_tosg/datasets/scene_split.py,SPLIT,2,,PLAN datasets/scene_split.py = _scene_map.py + export_scene_manifest.py concatenated (no name clash)
FILE,paper1/code/p2_dataprep/anomaly_check.py,projects/ca_tosg/evaluation/anomaly_check.py,MOVE,2,,
FILE,paper1/code/p2_dataprep/check_leakage.py,tests/test_data_leakage.py,MOVE,2,,PLAN tests/test_data_leakage.py (gate G5)
FILE,paper1/code/p2_dataprep/eval_p2_ap.py,projects/ca_tosg/evaluation/end_to_end_ap.py + tools/evaluate_ap.py,SPLIT,2,,PLAN split
FILE,paper1/code/p2_dataprep/eval_p2_deploy.py,projects/ca_tosg/evaluation/deployment.py + tools/evaluate_selector.py,SPLIT,2,,PLAN split
FILE,paper1/code/p2_dataprep/eval_p3_sensitivity.py,projects/ca_tosg/evaluation/sensitivity.py + tools/run_sensitivity.py,SPLIT,2,,PLAN split
FILE,paper1/code/p2_dataprep/eval_p3c_rician_bracket.py,projects/ca_tosg/evaluation/rician_bracket.py,MOVE,2,,sensitivity item 5c
FILE,paper1/code/p2_dataprep/eval_p4a_deploy.py,baselines/contextual_bandit/evaluate.py,MOVE,2,,PLAN baselines/contextual_bandit/
FILE,paper1/code/p2_dataprep/expand_grid_clean.py,projects/ca_tosg/datasets/grid_builder.py,MOVE,2,,PLAN datasets/grid_builder.py
FILE,paper1/code/p2_dataprep/export_scene_manifest.py,projects/ca_tosg/datasets/scene_split.py,SPLIT,2,,merged into scene_split.py; driven by tools/prepare_data.py
FILE,paper1/code/p2_dataprep/make_r10_report.py,projects/ca_tosg/evaluation/report.py,MOVE,2,,
FILE,paper1/code/p2_dataprep/r10c_diagnostic.py,projects/ca_tosg/evaluation/decision_log.py,MOVE,2,,per-frame decision log + oracle/tau accounting
FILE,paper1/code/p2_dataprep/train_p2_loso.py,projects/ca_tosg/models/selector.py + models/oracle.py + models/feature_encoder.py + tools/train_selector.py,SPLIT,2,,PLAN split. Pure relocation: RF ctor/freeze -> selector; ACTIONS/PAYLOAD/lam_labels -> oracle; EXCLUDE/cue join -> feature_encoder; main() -> tools/train_selector.py
FILE,paper1/code/p2_dataprep/train_p3_variants.py,projects/ca_tosg/evaluation/p3_variants.py,MOVE,2,,item-3 misclassification variants
FILE,paper1/code/p2_dataprep/train_p4a_bandit.py,baselines/contextual_bandit/train.py,MOVE,2,,PLAN baselines/contextual_bandit/
FILE,paper1/code/paper_style.py,projects/ca_tosg/utils/paper_style.py,MOVE,2,,"BEYOND-PLAN utils file: IEEE figure style, imported by every plot_*"
FILE,paper1/code/payload_audit.py,tests/test_payload.py + projects/ca_tosg/communication/payload.py,SPLIT,2,,PLAN tests/test_payload.py (gate G1); the payload derivation itself becomes communication/payload.py
FILE,paper1/code/plot_ap_snr.py,projects/ca_tosg/evaluation/figures/plot_ap_snr.py,MOVE,2,,driven by tools/generate_figures.py
FILE,paper1/code/plot_bler_frame.py,projects/ca_tosg/evaluation/figures/plot_bler_frame.py,MOVE,2,,driven by tools/generate_figures.py
FILE,paper1/code/plot_feature_importance.py,projects/ca_tosg/evaluation/figures/plot_feature_importance.py,MOVE,2,,driven by tools/generate_figures.py
FILE,paper1/code/plot_oracle_action_dist.py,projects/ca_tosg/evaluation/figures/plot_oracle_action_dist.py,MOVE,2,,driven by tools/generate_figures.py
FILE,paper1/code/plot_pareto_payload.py,projects/ca_tosg/evaluation/figures/plot_pareto_payload.py,MOVE,2,,driven by tools/generate_figures.py
FILE,paper1/code/plot_stacked_area.py,projects/ca_tosg/evaluation/figures/plot_stacked_area.py,MOVE,2,,driven by tools/generate_figures.py
FILE,paper1/code/recompute_canonical_f1.py,projects/ca_tosg/evaluation/canonical_f1.py,MOVE,2,,
FILE,paper1/code/recompute_policy_200seed.py,projects/ca_tosg/evaluation/policy_200seed.py,MOVE,2,,"the 200-realisation engine (P1 v3, still cited)"
FILE,paper1/code/regen_ego_only.py,,DELETE,2,,superseded by run_ego_only.py (the DATA_MANIFEST-registered generator)
FILE,paper1/code/regen_preds_with_scores.py,projects/ca_tosg/datasets/regen_preds_with_scores.py,MOVE,2,,"DATA_MANIFEST regen command for gs_rerun/{late,comp}_*.npz -- protected, must not be deleted"
FILE,paper1/code/rf_latency_benchmark.py,projects/ca_tosg/evaluation/latency.py + tools/benchmark_latency.py,SPLIT,2,,PLAN tools/benchmark_latency.py
FILE,paper1/code/run_ego_only.py,projects/ca_tosg/datasets/run_ego_only.py,MOVE,2,,DATA_MANIFEST regen command for gs_rerun/ego_*.npz -- protected
FILE,paper1/code/snr_decision_plot.py,projects/ca_tosg/evaluation/figures/snr_decision_plot.py,MOVE,2,,driven by tools/generate_figures.py
FILE,paper1/code/step4_collab_harm.py,projects/ca_tosg/evaluation/collab_harm.py,MOVE,2,,
FILE,paper1/code/step4_oracle_action_dist.py,projects/ca_tosg/evaluation/action_dist.py,MOVE,2,,
FILE,paper1/code/test_split_pipeline/01_gen_predictions.py,projects/ca_tosg/datasets/test_split/01_gen_predictions.py,MOVE,2,,"BEYOND-PLAN subdir: produces dataset_test.csv, which IS the P2 cue source -- an input producer, not dead"
FILE,paper1/code/test_split_pipeline/02_extract_cues_and_f1.py,projects/ca_tosg/datasets/test_split/02_extract_cues_and_f1.py,MOVE,2,,"BEYOND-PLAN subdir: produces dataset_test.csv, which IS the P2 cue source -- an input producer, not dead"
FILE,paper1/code/test_split_pipeline/03_build_test_dataset.py,projects/ca_tosg/datasets/test_split/03_build_test_dataset.py,MOVE,2,,"BEYOND-PLAN subdir: produces dataset_test.csv, which IS the P2 cue source -- an input producer, not dead"
FILE,paper1/code/test_split_pipeline/04_eval_rf_on_test.py,projects/ca_tosg/datasets/test_split/04_eval_rf_on_test.py,MOVE,2,,"BEYOND-PLAN subdir: produces dataset_test.csv, which IS the P2 cue source -- an input producer, not dead"
FILE,paper1/code/test_split_pipeline/05_true_e2e_ap_on_test.py,projects/ca_tosg/datasets/test_split/05_true_e2e_ap_on_test.py,MOVE,2,,"BEYOND-PLAN subdir: produces dataset_test.csv, which IS the P2 cue source -- an input producer, not dead"
FILE,paper1/code/test_split_pipeline/README.md,projects/ca_tosg/datasets/test_split/README.md,MOVE,2,,"BEYOND-PLAN subdir: produces dataset_test.csv, which IS the P2 cue source -- an input producer, not dead"
FILE,paper1/code/test_split_pipeline/extract_test_data.py,projects/ca_tosg/datasets/test_split/extract_test_data.py,MOVE,2,,"BEYOND-PLAN subdir: produces dataset_test.csv, which IS the P2 cue source -- an input producer, not dead"
FILE,paper1/code/test_split_pipeline/run_all.py,projects/ca_tosg/datasets/test_split/run_all.py,MOVE,2,,"BEYOND-PLAN subdir: produces dataset_test.csv, which IS the P2 cue source -- an input producer, not dead"
FILE,paper1/code/train_rf.py,projects/ca_tosg/models/train_rf_v3.py,KEEP-UNTIL-P5,2,,"P1-v3 selector trainer, superseded by the P2 frozen walk but still the generator of the v3 numbers cited in the P1 tables"
FILE,paper1/code/true_e2e_ap_inference.py,projects/ca_tosg/evaluation/true_e2e_inference.py,MOVE,2,,
FILE,paper1/code/true_e2e_global.py,projects/ca_tosg/evaluation/true_e2e_global.py,MOVE,2,,global-sort true-e2e AP scorer
FILE,paper1/code/v3_eval.py,,DELETE,2,,stale duplicate of code/extra_experiments/v3_eval.py (older: no OFDM concat); every importer resolves to the extra_experiments copy via sys.path
FILE,paper1/code/verify_c256_dominance.py,projects/ca_tosg/evaluation/verifiers/verify_c256_dominance.py,MOVE,2,,"one-shot claim verifiers; outputs are cited, so they move rather than die"
FILE,paper1/code/verify_frontier_payload_invariance.py,projects/ca_tosg/evaluation/verifiers/verify_frontier_payload_invariance.py,MOVE,2,,"one-shot claim verifiers; outputs are cited, so they move rather than die"
FILE,paper1/code/verify_gamma_mechanism.py,projects/ca_tosg/evaluation/verifiers/verify_gamma_mechanism.py,MOVE,2,,"one-shot claim verifiers; outputs are cited, so they move rather than die"
FILE,paper1/code/verify_harm_stratum_structural.py,projects/ca_tosg/evaluation/verifiers/verify_harm_stratum_structural.py,MOVE,2,,"one-shot claim verifiers; outputs are cited, so they move rather than die"
FILE,paper1/code/verify_paragraph_insert.py,tests/test_paragraph_insert.py,MOVE,2,,BEYOND-PLAN 6th test file (gate G2); distinct fixture set from test_result_consistency.py
FILE,paper1/code/where2comm_compare.py,baselines/where2comm/compare.py,MOVE,2,,
FILE,paper1/env_setup/requirements_no_torch_spconv.txt,requirements-no-torch-spconv.txt,MOVE,2,,analysis-only install (no torch/spconv)
FILE,paper1/env_setup/requirements_py310_safe.txt,requirements.txt,MOVE,2,,
FILE,paper1/opencood_modifications/README.md,docs/opencood_modifications.md,MOVE,2,,BEYOND-PLAN: 8th docs file; linked from docs/installation.md (the #self+ edit list)
FILE,paper1/paper/DRAW_OVERVIEW_FIGURE.md,figs/DRAW_OVERVIEW_FIGURE.md,MOVE,2,,"the SVG source lives in figs/, so its drawing instructions do too"
FILE,paper1/paper/README.md,paper/README.md,MOVE,2,,
FILE,paper1/paper/figures/README.md,paper/figures/README.md,MOVE,2,,included by main.tex
FILE,paper1/paper/figures/ca_tosg_method_overview.pdf,paper/figures/ca_tosg_method_overview.pdf,MOVE,2,,export of figs/ca_tosg_overview.svg (marked in figs/README.md)
FILE,paper1/paper/figures/ca_tosg_method_overview.svg,figs/ca_tosg_overview.svg,MOVE,2,,PLAN: figs/ca_tosg_overview.svg -- THE SOURCE; paper/figures/*.pdf is its export
FILE,paper1/paper/figures/ca_tosg_method_overview_ORIG.pdf,,DELETE,2,,superseded pre-redraw original; recoverable from tag pre-bevformer-style-restructure
FILE,paper1/paper/figures/fig_ap50_awgn.pdf,paper/figures/fig_ap50_awgn.pdf,MOVE,2,,included by main.tex
FILE,paper1/paper/figures/fig_ap50_awgn.svg,figs/results/fig_ap50_awgn.svg,MOVE,2,,SVG source of the AP@0.5 panels
FILE,paper1/paper/figures/fig_ap50_rayleigh.pdf,paper/figures/fig_ap50_rayleigh.pdf,MOVE,2,,included by main.tex
FILE,paper1/paper/figures/fig_ap50_rayleigh.svg,figs/results/fig_ap50_rayleigh.svg,MOVE,2,,SVG source of the AP@0.5 panels
FILE,paper1/paper/figures/fig_ap70_awgn.svg,,DELETE,2,,AP@0.7 panels are not \includegraphics-ed by main.tex (checked: 13 includes)
FILE,paper1/paper/figures/fig_ap70_rayleigh.svg,,DELETE,2,,AP@0.7 panels are not \includegraphics-ed by main.tex (checked: 13 includes)
FILE,paper1/paper/figures/fig_channel_bler_frame.pdf,paper/figures/fig_channel_bler_frame.pdf,MOVE,2,,included by main.tex
FILE,paper1/paper/figures/fig_channel_bler_frame.png,figs/results/fig_channel_bler_frame.png,MOVE,2,,PLAN figs/results/: the README display assets
FILE,paper1/paper/figures/fig_decisions_awgn.pdf,paper/figures/fig_decisions_awgn.pdf,MOVE,2,,included by main.tex
FILE,paper1/paper/figures/fig_decisions_rayleigh.pdf,paper/figures/fig_decisions_rayleigh.pdf,MOVE,2,,included by main.tex
FILE,paper1/paper/figures/fig_difficulty.pdf,paper/figures/fig_difficulty.pdf,MOVE,2,,included by main.tex
FILE,paper1/paper/figures/fig_feature_importance.pdf,paper/figures/fig_feature_importance.pdf,MOVE,2,,included by main.tex
FILE,paper1/paper/figures/fig_pareto_culver.pdf,,DELETE,2,,not included by main.tex (only fig_pareto_test.pdf is)
FILE,paper1/paper/figures/fig_pareto_test.pdf,paper/figures/fig_pareto_test.pdf,MOVE,2,,included by main.tex
FILE,paper1/paper/figures/fig_pareto_test.png,figs/results/fig_pareto_test.png,MOVE,2,,PLAN figs/results/: the README display assets
FILE,paper1/paper/figures/fig_pareto_validate.pdf,,DELETE,2,,not included by main.tex (only fig_pareto_test.pdf is)
FILE,paper1/paper/figures/fig_payload_awgn.pdf,paper/figures/fig_payload_awgn.pdf,MOVE,2,,included by main.tex
FILE,paper1/paper/figures/fig_payload_awgn.png,figs/results/fig_payload_awgn.png,MOVE,2,,PLAN figs/results/: the README display assets
FILE,paper1/paper/figures/fig_qualitative_bev.pdf,paper/figures/fig_qualitative_bev.pdf,MOVE,2,,included by main.tex
FILE,paper1/paper/figures/fig_stacked_area.pdf,paper/figures/fig_stacked_area.pdf,MOVE,2,,included by main.tex
FILE,paper1/paper/figures/fig_two_regime.pdf,paper/figures/fig_two_regime.pdf,MOVE,2,,included by main.tex
FILE,paper1/paper/main.tex,paper/main.tex,MOVE,2,,
FILE,paper1/paper/refs.bib,paper/refs.bib,MOVE,2,,
FILE,paper1/results/DATA_MANIFEST.md,docs/data_manifest.md,MOVE,2,,GPU-cache delete-protection list; a delete list must not be able to delete its own guard
FILE,paper1/results/INVARIANCE_NOTE.md,docs/invariance_note.md,MOVE,2,,
FILE,paper1/results/PARAGRAPH_DRAFTS.md,paper/paragraph_drafts.md,MOVE,2,,input to tests/test_paragraph_insert.py; lives beside main.tex
FILE,paper1/results/STALE_FINGERPRINTS.md,tests/stale_fingerprints.md,MOVE,2,,"gate fixture (block-exit grep), not a result"
FILE,paper1/results/a2_difficulty.csv,,DELETE,2,,byte-identical duplicate of results/ablation/a2_difficulty.csv
FILE,paper1/results/a2_difficulty_reliable.csv,,DELETE,2,,byte-identical duplicate of results/ablation/a2_difficulty_reliable.csv
FILE,paper1/results/ablation/a2_difficulty.csv,results/sensitivity/ablation/a2_difficulty.csv,MOVE,2,,
FILE,paper1/results/ablation/a2_difficulty_reliable.csv,results/sensitivity/ablation/a2_difficulty_reliable.csv,MOVE,2,,
FILE,paper1/results/ablation/a7_ablation.csv,results/sensitivity/ablation/a7_ablation.csv,MOVE,2,,
FILE,paper1/results/ablation/a7_cue_value.csv,results/sensitivity/ablation/a7_cue_value.csv,MOVE,2,,
FILE,paper1/results/ablation/a8_models.csv,results/sensitivity/ablation/a8_models.csv,MOVE,2,,
FILE,paper1/results/ablation/robustness_aging.csv,results/sensitivity/ablation/robustness_aging.csv,MOVE,2,,
FILE,paper1/results/ablation/robustness_csi_noise.csv,results/sensitivity/ablation/robustness_csi_noise.csv,MOVE,2,,
FILE,paper1/results/ablation/robustness_staleness.csv,results/sensitivity/ablation/robustness_staleness.csv,MOVE,2,,
FILE,paper1/results/bler_sionna/PROVENANCE.txt,results/provenance/PROVENANCE_bler.txt,MOVE,2,,basename disambiguated: two PROVENANCE.txt collided in results/provenance/
FILE,paper1/results/bler_sionna/PROVENANCE_ofdm.txt,results/provenance/PROVENANCE_ofdm.txt,MOVE,2,,
FILE,paper1/results/bler_sionna/PROVENANCE_rician.txt,results/provenance/PROVENANCE_rician.txt,MOVE,2,,
FILE,paper1/results/bler_sionna/bler_old_vs_new.svg,results/channel/bler_old_vs_new.svg,MOVE,2,,"BEYOND-PLAN 7th bucket: the BLER tables are an INPUT to every command, not one command's output"
FILE,paper1/results/bler_sionna/bler_sionna.csv,results/channel/bler_sionna.csv,MOVE,2,,"BEYOND-PLAN 7th bucket: the BLER tables are an INPUT to every command, not one command's output"
FILE,paper1/results/bler_sionna/bler_sionna_ofdm.csv,results/channel/bler_sionna_ofdm.csv,MOVE,2,,"BEYOND-PLAN 7th bucket: the BLER tables are an INPUT to every command, not one command's output"
FILE,paper1/results/bler_sionna/bler_sionna_rician.csv,results/channel/bler_sionna_rician.csv,MOVE,2,,"BEYOND-PLAN 7th bucket: the BLER tables are an INPUT to every command, not one command's output"
FILE,paper1/results/c256_dominance_verify.csv,results/sensitivity/c256_dominance_verify.csv,MOVE,2,,
FILE,paper1/results/canonical_f1_columns.csv,results/sensitivity/canonical_f1_columns.csv,MOVE,2,,
FILE,paper1/results/canonical_gt_PROVENANCE.txt,results/provenance/canonical_gt_PROVENANCE.txt,MOVE,2,,
FILE,paper1/results/canonical_rescore.csv,results/sensitivity/canonical_rescore.csv,MOVE,2,,
FILE,paper1/results/ego_only_acceptance.csv,results/main/ego_only_acceptance.csv,MOVE,2,,
FILE,paper1/results/f1_ap_decoupling_culver.csv,results/sensitivity/f1_ap_decoupling_culver.csv,MOVE,2,,
FILE,paper1/results/f1_ap_decoupling_culver.md,results/sensitivity/f1_ap_decoupling_culver.md,MOVE,2,,
FILE,paper1/results/feature_importance.csv,results/main/feature_importance.csv,MOVE,2,,
FILE,paper1/results/frontier_payload_invariance.csv,results/sensitivity/frontier_payload_invariance.csv,MOVE,2,,
FILE,paper1/results/gamma_mechanism.csv,results/sensitivity/gamma_mechanism.csv,MOVE,2,,
FILE,paper1/results/gt_audit.csv,results/sensitivity/gt_audit.csv,MOVE,2,,
FILE,paper1/results/gt_object_stats.csv,results/sensitivity/gt_object_stats.csv,MOVE,2,,
FILE,paper1/results/harm_stratum_structural.csv,results/sensitivity/harm_stratum_structural.csv,MOVE,2,,
FILE,paper1/results/jscc/channel_codec_ap_test.csv,results/baselines/importance_map_jscc/channel_codec_ap_test.csv,MOVE,2,,
FILE,paper1/results/jscc/channel_codec_ap_validate.csv,results/baselines/importance_map_jscc/channel_codec_ap_validate.csv,MOVE,2,,
FILE,paper1/results/jscc/interp_probe_mae.csv,results/baselines/importance_map_jscc/interp_probe_mae.csv,MOVE,2,,
FILE,paper1/results/jscc/jscc_ap_f1.csv,results/baselines/importance_map_jscc/jscc_ap_f1.csv,MOVE,2,,
FILE,paper1/results/jscc/two_regime_edge.csv,results/baselines/importance_map_jscc/two_regime_edge.csv,MOVE,2,,
FILE,paper1/results/jscc/two_regime_edge_clean.csv,results/baselines/importance_map_jscc/two_regime_edge_clean.csv,MOVE,2,,
FILE,paper1/results/jscc/two_regime_kfold_diag.csv,results/baselines/importance_map_jscc/two_regime_kfold_diag.csv,MOVE,2,,
FILE,paper1/results/jscc_selector_awgn.csv,results/baselines/importance_map_jscc/jscc_selector_awgn.csv,MOVE,2,,
FILE,paper1/results/jscc_selector_ofdm.csv,results/baselines/importance_map_jscc/jscc_selector_ofdm.csv,MOVE,2,,
FILE,paper1/results/jscc_selector_rayleigh.csv,results/baselines/importance_map_jscc/jscc_selector_rayleigh.csv,MOVE,2,,
FILE,paper1/results/l_channel_reliability.csv,results/sensitivity/l_channel_reliability.csv,MOVE,2,,
FILE,paper1/results/ldpc_qam_bler_table.csv,,DELETE,2,,"DEPRECATED 40-block table (1/40 quantisation floor, codeword BLER consumed as frame BLER); superseded by results/channel/bler_sionna.csv"
FILE,paper1/results/multiseed_hardening.csv,results/sensitivity/multiseed_hardening.csv,MOVE,2,,
FILE,paper1/results/p2_dataprep/FROZEN_MANIFEST.json,results/manifests/FROZEN_MANIFEST.json,MOVE,3,,COMMIT 3: internal relpaths rewritten
FILE,paper1/results/p2_dataprep/PROVENANCE_grid.txt,results/provenance/PROVENANCE_grid.txt,MOVE,2,,
FILE,paper1/results/p2_dataprep/PROVENANCE_grid_culver.txt,results/provenance/PROVENANCE_grid_culver.txt,MOVE,2,,
FILE,paper1/results/p2_dataprep/PROVENANCE_grid_test.txt,results/provenance/PROVENANCE_grid_test.txt,MOVE,2,,
FILE,paper1/results/p2_dataprep/PROVENANCE_train.txt,results/provenance/PROVENANCE_train.txt,MOVE,2,,
FILE,paper1/results/p2_dataprep/candidate_walk_B010.csv,results/manifests/candidate_walk_B010.csv,MOVE,3,,COMMIT 3: sha256-pinned by FROZEN_MANIFEST
FILE,paper1/results/p2_dataprep/candidate_walk_B020.csv,results/manifests/candidate_walk_B020.csv,MOVE,3,,COMMIT 3: sha256-pinned by FROZEN_MANIFEST
FILE,paper1/results/p2_dataprep/candidate_walk_B030.csv,results/manifests/candidate_walk_B030.csv,MOVE,3,,COMMIT 3: sha256-pinned by FROZEN_MANIFEST
FILE,paper1/results/p2_dataprep/scene_manifest_validate.csv,results/manifests/scene_manifest_validate.csv,MOVE,3,,leakage-gate cross-check input
FILE,paper1/results/p2_dataprep/validate_loso_folds.csv,results/manifests/validate_loso_folds.csv,MOVE,3,,COMMIT 3: sha256-pinned by FROZEN_MANIFEST
FILE,paper1/results/p2_deploy/PROVENANCE_ap.txt,results/provenance/PROVENANCE_ap.txt,MOVE,2,,
FILE,paper1/results/p2_deploy/PROVENANCE_deploy.txt,results/provenance/PROVENANCE_deploy.txt,MOVE,2,,
FILE,paper1/results/p2_deploy/PROVENANCE_r10c.txt,results/provenance/PROVENANCE_r10c.txt,MOVE,2,,
FILE,paper1/results/p2_deploy/R10_REPORT.md,results/provenance/R10_REPORT.md,MOVE,2,,
FILE,paper1/results/p2_deploy/anomaly_report.txt,results/provenance/anomaly_report.txt,MOVE,2,,
FILE,paper1/results/p2_deploy/headline_action_dist.csv,results/main/action_distribution.csv,MOVE,2,,PLAN results/main/action_distribution.csv
FILE,paper1/results/p2_deploy/perclass_ELF.csv,results/main/perclass_ELF.csv,MOVE,2,,deployment replay + decision logs
FILE,paper1/results/p2_deploy/r10c_decision_log_culver_B010.csv,results/main/r10c_decision_log_culver_B010.csv,MOVE,2,,deployment replay + decision logs
FILE,paper1/results/p2_deploy/r10c_decision_log_culver_B020.csv,results/main/r10c_decision_log_culver_B020.csv,MOVE,2,,deployment replay + decision logs
FILE,paper1/results/p2_deploy/r10c_decision_log_culver_B030.csv,results/main/r10c_decision_log_culver_B030.csv,MOVE,2,,deployment replay + decision logs
FILE,paper1/results/p2_deploy/r10c_decision_log_test_B010.csv,results/main/r10c_decision_log_test_B010.csv,MOVE,2,,deployment replay + decision logs
FILE,paper1/results/p2_deploy/r10c_decision_log_test_B020.csv,results/main/r10c_decision_log_test_B020.csv,MOVE,2,,deployment replay + decision logs
FILE,paper1/results/p2_deploy/r10c_decision_log_test_B030.csv,results/main/r10c_decision_log_test_B030.csv,MOVE,2,,deployment replay + decision logs
FILE,paper1/results/p2_deploy/r10c_decision_log_validate_B010.csv,results/main/r10c_decision_log_validate_B010.csv,MOVE,2,,deployment replay + decision logs
FILE,paper1/results/p2_deploy/r10c_decision_log_validate_B020.csv,results/main/r10c_decision_log_validate_B020.csv,MOVE,2,,deployment replay + decision logs
FILE,paper1/results/p2_deploy/r10c_decision_log_validate_B030.csv,results/main/r10c_decision_log_validate_B030.csv,MOVE,2,,deployment replay + decision logs
FILE,paper1/results/p2_deploy/r10c_missed_e_cost.csv,results/main/r10c_missed_e_cost.csv,MOVE,2,,deployment replay + decision logs
FILE,paper1/results/p2_deploy/r10c_vs_oracle_account.csv,results/main/r10c_vs_oracle_account.csv,MOVE,2,,deployment replay + decision logs
FILE,paper1/results/p2_deploy/r10c_vs_tau_account.csv,results/main/r10c_vs_tau_account.csv,MOVE,2,,deployment replay + decision logs
FILE,paper1/results/p2_deploy/r9_decision.csv,results/main/r9_decision.csv,MOVE,2,,deployment replay + decision logs
FILE,paper1/results/p2_deploy/r9_result_claims.md,results/provenance/r9_result_claims.md,MOVE,2,,
FILE,paper1/results/p2_deploy/replay_culver_B010.csv,results/main/replay_culver_B010.csv,MOVE,2,,deployment replay + decision logs
FILE,paper1/results/p2_deploy/replay_culver_B020.csv,results/main/replay_culver_B020.csv,MOVE,2,,deployment replay + decision logs
FILE,paper1/results/p2_deploy/replay_culver_B030.csv,results/main/replay_culver_B030.csv,MOVE,2,,deployment replay + decision logs
FILE,paper1/results/p2_deploy/replay_summary.csv,results/main/replay_summary.csv,MOVE,2,,PLAN results/main/replay_summary.csv
FILE,paper1/results/p2_deploy/replay_test_B010.csv,results/main/replay_test_B010.csv,MOVE,2,,deployment replay + decision logs
FILE,paper1/results/p2_deploy/replay_test_B020.csv,results/main/replay_test_B020.csv,MOVE,2,,deployment replay + decision logs
FILE,paper1/results/p2_deploy/replay_test_B030.csv,results/main/replay_test_B030.csv,MOVE,2,,deployment replay + decision logs
FILE,paper1/results/p2_deploy/replay_validate_B010.csv,results/main/replay_validate_B010.csv,MOVE,2,,deployment replay + decision logs
FILE,paper1/results/p2_deploy/replay_validate_B020.csv,results/main/replay_validate_B020.csv,MOVE,2,,deployment replay + decision logs
FILE,paper1/results/p2_deploy/replay_validate_B030.csv,results/main/replay_validate_B030.csv,MOVE,2,,deployment replay + decision logs
FILE,paper1/results/p2_deploy/true_e2e_ap.csv,results/main/true_e2e_ap.csv,MOVE,2,,PLAN results/main/true_e2e_ap.csv
FILE,paper1/results/p2_latency/PROVENANCE_latency.txt,results/provenance/PROVENANCE_latency.txt,MOVE,2,,
FILE,paper1/results/p2_latency/e2e_timing.csv,results/latency/system_timing.csv,MOVE,2,,PLAN name
FILE,paper1/results/p2_latency/latency_frozen.csv,results/latency/selector_latency.csv,MOVE,2,,PLAN name
FILE,paper1/results/p3_sensitivity/PROVENANCE_p3.txt,results/provenance/PROVENANCE_p3.txt,MOVE,2,,
FILE,paper1/results/p3_sensitivity/item1_channel_ratio.csv,results/sensitivity/channel_ratio.csv,MOVE,2,,PLAN name
FILE,paper1/results/p3_sensitivity/item2_nonuniform_snr.csv,results/sensitivity/nonuniform_snr.csv,MOVE,2,,PLAN name
FILE,paper1/results/p3_sensitivity/item3_misclass_flip.csv,results/sensitivity/channel_misclassification.csv,MOVE,2,,PLAN name
FILE,paper1/results/p3_sensitivity/item3_variants.csv,results/sensitivity/item3_variants.csv,MOVE,2,,
FILE,paper1/results/p3_sensitivity/item4_bler_L.csv,results/sensitivity/object_message_bler.csv,MOVE,2,,PLAN name
FILE,paper1/results/p3_sensitivity/item5_rician.csv,results/sensitivity/rician_proxy.csv,MOVE,2,,PLAN name
FILE,paper1/results/p3_sensitivity/item5c_rician_by_snr.csv,results/sensitivity/item5c_rician_by_snr.csv,MOVE,2,,
FILE,paper1/results/p3_sensitivity/item5c_rician_rayleigh0.csv,results/sensitivity/item5c_rician_rayleigh0.csv,MOVE,2,,
FILE,paper1/results/p3_sensitivity/p3_baseline_sanity.csv,results/sensitivity/baseline_sanity.csv,MOVE,2,,MERGE CRITERION 2: its 18 data rows must stay bit-identical across the rename
FILE,paper1/results/p4a/P4A_MANIFEST.json,results/manifests/P4A_MANIFEST.json,MOVE,3,,COMMIT 3: internal relpaths rewritten
FILE,paper1/results/p4a/PROVENANCE_p4a.txt,results/provenance/PROVENANCE_p4a.txt,MOVE,2,,
FILE,paper1/results/p4a/p4a_loso_oof.csv,results/baselines/contextual_bandit_runs/p4a_loso_oof.csv,MOVE,2,,replays in *_runs/ so the PLAN file results/baselines/contextual_bandit.csv is not shadowed by a same-named dir
FILE,paper1/results/p4a/p4a_replay_culver_B010.csv,results/baselines/contextual_bandit_runs/p4a_replay_culver_B010.csv,MOVE,2,,replays in *_runs/ so the PLAN file results/baselines/contextual_bandit.csv is not shadowed by a same-named dir
FILE,paper1/results/p4a/p4a_replay_culver_B020.csv,results/baselines/contextual_bandit_runs/p4a_replay_culver_B020.csv,MOVE,2,,replays in *_runs/ so the PLAN file results/baselines/contextual_bandit.csv is not shadowed by a same-named dir
FILE,paper1/results/p4a/p4a_replay_culver_B030.csv,results/baselines/contextual_bandit_runs/p4a_replay_culver_B030.csv,MOVE,2,,replays in *_runs/ so the PLAN file results/baselines/contextual_bandit.csv is not shadowed by a same-named dir
FILE,paper1/results/p4a/p4a_replay_test_B010.csv,results/baselines/contextual_bandit_runs/p4a_replay_test_B010.csv,MOVE,2,,replays in *_runs/ so the PLAN file results/baselines/contextual_bandit.csv is not shadowed by a same-named dir
FILE,paper1/results/p4a/p4a_replay_test_B020.csv,results/baselines/contextual_bandit_runs/p4a_replay_test_B020.csv,MOVE,2,,replays in *_runs/ so the PLAN file results/baselines/contextual_bandit.csv is not shadowed by a same-named dir
FILE,paper1/results/p4a/p4a_replay_test_B030.csv,results/baselines/contextual_bandit_runs/p4a_replay_test_B030.csv,MOVE,2,,replays in *_runs/ so the PLAN file results/baselines/contextual_bandit.csv is not shadowed by a same-named dir
FILE,paper1/results/p4a/p4a_replay_validate_B010.csv,results/baselines/contextual_bandit_runs/p4a_replay_validate_B010.csv,MOVE,2,,replays in *_runs/ so the PLAN file results/baselines/contextual_bandit.csv is not shadowed by a same-named dir
FILE,paper1/results/p4a/p4a_replay_validate_B020.csv,results/baselines/contextual_bandit_runs/p4a_replay_validate_B020.csv,MOVE,2,,replays in *_runs/ so the PLAN file results/baselines/contextual_bandit.csv is not shadowed by a same-named dir
FILE,paper1/results/p4a/p4a_replay_validate_B030.csv,results/baselines/contextual_bandit_runs/p4a_replay_validate_B030.csv,MOVE,2,,replays in *_runs/ so the PLAN file results/baselines/contextual_bandit.csv is not shadowed by a same-named dir
FILE,paper1/results/p4a/p4a_summary.csv,results/baselines/contextual_bandit.csv,MOVE,2,,PLAN name
FILE,paper1/results/p4a/p4a_walk.csv,results/baselines/contextual_bandit_runs/p4a_walk.csv,MOVE,2,,replays in *_runs/ so the PLAN file results/baselines/contextual_bandit.csv is not shadowed by a same-named dir
FILE,paper1/results/policy/PROVENANCE.txt,results/provenance/PROVENANCE_policy.txt,MOVE,2,,basename disambiguated: two PROVENANCE.txt collided in results/provenance/
FILE,paper1/results/policy/STEP5_NOTES.md,results/provenance/STEP5_NOTES.md,MOVE,2,,
FILE,paper1/results/policy/action_dist_20dB.csv,results/main/action_dist_20dB.csv,MOVE,2,,200-realisation policy frontier
FILE,paper1/results/policy/c256_frontier_band.csv,results/main/c256_frontier_band.csv,MOVE,2,,200-realisation policy frontier
FILE,paper1/results/policy/frontier_culver.csv,results/main/frontier_culver.csv,MOVE,2,,200-realisation policy frontier
FILE,paper1/results/policy/frontier_test.csv,results/main/frontier_test.csv,MOVE,2,,200-realisation policy frontier
FILE,paper1/results/policy/frontier_validate.csv,results/main/frontier_validate.csv,MOVE,2,,200-realisation policy frontier
FILE,paper1/results/policy/generalisation_culver.csv,results/main/generalisation_culver.csv,MOVE,2,,200-realisation policy frontier
FILE,paper1/results/policy/generalisation_test.csv,results/main/generalisation_test.csv,MOVE,2,,200-realisation policy frontier
FILE,paper1/results/policy/generalisation_validate.csv,results/main/generalisation_validate.csv,MOVE,2,,200-realisation policy frontier
FILE,paper1/results/policy/pareto_points.csv,results/main/pareto_points.csv,MOVE,2,,200-realisation policy frontier
FILE,paper1/results/policy/threshold_sweep_culver.csv,results/main/threshold_sweep_culver.csv,MOVE,2,,200-realisation policy frontier
FILE,paper1/results/policy/threshold_sweep_test.csv,results/main/threshold_sweep_test.csv,MOVE,2,,200-realisation policy frontier
FILE,paper1/results/policy/threshold_sweep_validate.csv,results/main/threshold_sweep_validate.csv,MOVE,2,,200-realisation policy frontier
FILE,paper1/results/policy/threshold_vs_rf.csv,results/main/threshold_vs_rf.csv,MOVE,2,,200-realisation policy frontier
FILE,paper1/results/robustness_csi_aging.csv,results/sensitivity/robustness_csi_aging.csv,MOVE,2,,
FILE,paper1/results/robustness_csi_noise.csv,results/sensitivity/robustness_csi_noise.csv,MOVE,2,,
FILE,paper1/results/robustness_request_delay.csv,results/sensitivity/robustness_request_delay.csv,MOVE,2,,
FILE,paper1/results/scene_subsets.csv,results/sensitivity/scene_subsets.csv,MOVE,2,,
FILE,paper1/results/snr_threshold.csv,results/sensitivity/snr_threshold.csv,MOVE,2,,
FILE,paper1/results/step4_PROVENANCE.txt,results/provenance/step4_PROVENANCE.txt,MOVE,2,,
FILE,paper1/results/step4_collaboration_harm.csv,results/main/step4_collaboration_harm.csv,MOVE,2,,
FILE,paper1/results/step4_oracle_action_dist.csv,results/main/step4_oracle_action_dist.csv,MOVE,2,,
FILE,paper1/results/step4_rf_class_report.csv,results/main/step4_rf_class_report.csv,MOVE,2,,
FILE,paper1/results/step4_rf_modes.csv,results/main/step4_rf_modes.csv,MOVE,2,,
FILE,paper1/results/step4_rf_train_meta.json,results/main/step4_rf_train_meta.json,MOVE,2,,
FILE,paper1/results/true_e2e_global_culver.csv,results/main/true_e2e_global_culver.csv,MOVE,2,,
FILE,paper1/results/true_e2e_global_test.csv,results/main/true_e2e_global_test.csv,MOVE,2,,
FILE,paper1/results/true_e2e_global_validate.csv,results/main/true_e2e_global_validate.csv,MOVE,2,,
FILE,paper1/results/where2comm_ap.csv,results/baselines/where2comm.csv,MOVE,2,,PLAN name
FILE,paper1/results/where2comm_ap_PROVENANCE.txt,results/provenance/where2comm_ap_PROVENANCE.txt,MOVE,2,,
FILE,paper1/scomcp_reproduction/README.md,baselines/scomcp/README.md,MOVE,2,,PLAN: scomcp moves wholesale
FILE,paper1/scomcp_reproduction/configs/scomcp_stage1_selector.yaml,baselines/scomcp/configs/scomcp_stage1_selector.yaml,MOVE,2,,
FILE,paper1/scomcp_reproduction/configs/scomcp_stage2_codec.yaml,baselines/scomcp/configs/scomcp_stage2_codec.yaml,MOVE,2,,
FILE,paper1/scomcp_reproduction/configs/scomcp_stage3_joint.yaml,baselines/scomcp/configs/scomcp_stage3_joint.yaml,MOVE,2,,
FILE,paper1/scomcp_reproduction/diagnose_selector.py,baselines/scomcp/diagnose_selector.py,MOVE,2,,PLAN: scomcp moves wholesale
FILE,paper1/scomcp_reproduction/eval_sweep_scomcp.py,baselines/scomcp/eval_sweep_scomcp.py,MOVE,2,,PLAN: scomcp moves wholesale
FILE,paper1/scomcp_reproduction/plot_figures.py,baselines/scomcp/plot_figures.py,MOVE,2,,PLAN: scomcp moves wholesale
FILE,paper1/scomcp_reproduction/run_scomcp.sh,baselines/scomcp/run_scomcp.sh,MOVE,2,,PLAN: scomcp moves wholesale
FILE,paper1/scomcp_reproduction/run_smoke.py,baselines/scomcp/run_smoke.py,MOVE,2,,PLAN: scomcp moves wholesale
FILE,paper1/scomcp_reproduction/smoke_test.py,baselines/scomcp/smoke_test.py,MOVE,2,,PLAN: scomcp moves wholesale
FILE,paper1/scomcp_reproduction/train_scomcp.py,baselines/scomcp/train_scomcp.py,MOVE,2,,PLAN: scomcp moves wholesale
FILE,paper2/README.md,paper2/README.md,UNTOUCHED,0,,outside paper1/ -- untouched this round
FILE,paper3/README.md,paper3/README.md,UNTOUCHED,0,,outside paper1/ -- untouched this round
FILE,,RESTRUCTURE_PLAN.md,NEW,1,,"supervisor plan, verbatim -- the authority for every new_path here"
FILE,,RESTRUCTURE_MAP.csv,NEW,1,,this file
FILE,,RESTRUCTURE_GATE_SWEEP.md,NEW,1,,delete list + KEEP-UNTIL-P5 list; the P5 table is folded into docs/experiment_protocol.md appendix A in commit 2
FILE,,tools/prepare_data.py,NEW,2,,PLAN command 1: grid_builder + scene_split drivers
FILE,,tools/build_bler_table.py,NEW,2,,PLAN command 2
FILE,,tools/train_selector.py,NEW,2,,PLAN command 3
FILE,,tools/evaluate_selector.py,NEW,2,,PLAN command 4
FILE,,tools/evaluate_ap.py,NEW,2,,PLAN command 5
FILE,,tools/generate_figures.py,NEW,2,,PLAN command 6
FILE,,tools/run_sensitivity.py,NEW,2,,PLAN tool (not one of the 6 headline commands)
FILE,,tools/run_baselines.py,NEW,2,,PLAN tool
FILE,,tools/benchmark_latency.py,NEW,2,,PLAN tool
FILE,,tools/verify_results.py,NEW,2,,PLAN tool: runs all six tests/ modules
FILE,,projects/ca_tosg/__init__.py,NEW,2,,package root
FILE,,projects/ca_tosg/utils/manifest.py,NEW,2,,PLAN utils/manifest.py: THE single relpath resolver + sha256 verifier (commit 3 changes this file only)
FILE,,projects/ca_tosg/utils/provenance.py,NEW,2,,PLAN utils/provenance.py
FILE,,projects/ca_tosg/utils/seed.py,NEW,2,,PLAN utils/seed.py
FILE,,projects/ca_tosg/evaluation/metrics.py,NEW,2,,PLAN evaluation/metrics.py
FILE,,projects/ca_tosg/communication/fallback.py,NEW,2,,PLAN communication/fallback.py: ego-only fallback rule
FILE,,configs/catosg_b010.yaml,NEW,2,,"PLAN config, DERIVED from the PROTOCOL candidate block + md5-pinned"
FILE,,configs/catosg_b020.yaml,NEW,2,,"PLAN config, derived + md5-pinned"
FILE,,configs/catosg_b030.yaml,NEW,2,,"PLAN config, derived + md5-pinned"
FILE,,configs/phy_ldpc_qam.yaml,NEW,2,,"PLAN config, derived + md5-pinned"
FILE,,configs/sensitivity.yaml,NEW,2,,"PLAN config, derived + md5-pinned"
FILE,,figs/README.md,NEW,2,,declares figs/ca_tosg_overview.svg the SOURCE and paper/figures/*.pdf its export
FILE,,tests/test_manifest.py,NEW,2,,PLAN tests/test_manifest.py: configs == PROTOCOL block assertion (commit 2); manifest relpath resolution added in commit 3
FILE,,docs/installation.md,NEW,4,,PLAN docs 1/6
FILE,,docs/dataset.md,NEW,4,,PLAN docs 2/6
FILE,,docs/getting_started.md,NEW,4,,PLAN docs 3/6
FILE,,docs/model_zoo.md,NEW,4,,"PLAN docs 5/6: B0.10 / B0.20 / B0.30 with sha256, lambda*, tau*"
FILE,,results/README.md,NEW,4,,PLAN: which command generates which file
FILE,,baselines/where2comm/README.md,NEW,4,,PLAN six elements
FILE,,baselines/scomcp/README.md,NEW,4,,PLAN six elements (overwrites the moved one)
FILE,,baselines/importance_map_jscc/README.md,NEW,4,,PLAN six elements
FILE,,baselines/contextual_bandit/README.md,NEW,4,,PLAN six elements
FILE,,projects/ca_tosg/README.md,NEW,4,,PLAN projects/ca_tosg/README.md
FILE,,environment.yml,NEW,4,,PLAN root file: conda spec for the sionna310 env
FILE,,LICENSE,NOT-CREATED,0,,"PLAN root file NOT created: choosing a licence is the author's legal decision, not a refactor step"
FILE,,figs/selector_pipeline.svg,NOT-CREATED,0,,PLAN figs file NOT created: no source asset exists and inventing a system diagram would misstate the method; needs Josh's draw.io
FILE,,results/baselines/scomcp.csv,NOT-CREATED,0,,PLAN results file NOT created: the SComCP reproduction has not produced a result table yet (baselines/scomcp/ is code-only)
LITERAL,README.md,README.md,REWRITE,4,L5|relpath_local|paper1/,- **paper1/** — CA-TOSG: Channel-Aware Task-Oriented Semantic Granularity Selection. Complete; self-contained (see `pape
LITERAL,README.md,README.md,REWRITE,4,L5|relpath_local|paper1/README.md,- **paper1/** — CA-TOSG: Channel-Aware Task-Oriented Semantic Granularity Selection. Complete; self-contained (see `pape
LITERAL,README.md,README.md,REWRITE,4,L6|relpath_local|paper2/,- **paper2/** — not started yet.
LITERAL,README.md,README.md,REWRITE,4,L7|relpath_local|paper3/,- **paper3/** — not started yet.
LITERAL,paper1/CLAIMS.md,docs/claims.md,REWRITE,2,L3|relpath_local|paper/main.tex,"Every number-bearing sentence in `paper/main.tex`, one row per claim. **Auto-generated by `code/extract_claims.py`** (ID"
LITERAL,paper1/CLAIMS.md,docs/claims.md,REWRITE,2,L3|relpath_local|code/extract_claims.py,"Every number-bearing sentence in `paper/main.tex`, one row per claim. **Auto-generated by `code/extract_claims.py`** (ID"
LITERAL,paper1/CLAIMS.md,docs/claims.md,REWRITE,2,L10|relpath_local|results/true_e2e_global_culver.csv,"| c353df0 | Experiments on the OPV2V dataset (validate, scene-disjoint test, and the Culver-City domain shift) under AWG"
LITERAL,paper1/CLAIMS.md,docs/claims.md,REWRITE,2,L10|relpath_local|code/true_e2e_global.py,"| c353df0 | Experiments on the OPV2V dataset (validate, scene-disjoint test, and the Culver-City domain shift) under AWG"
LITERAL,paper1/CLAIMS.md,docs/claims.md,REWRITE,2,L10|relpath_local|results/p2_deploy/true_e2e_ap.csv,"| c353df0 | Experiments on the OPV2V dataset (validate, scene-disjoint test, and the Culver-City domain shift) under AWG"
LITERAL,paper1/CLAIMS.md,docs/claims.md,REWRITE,2,L11|relpath_local|results/p2_latency/latency_frozen.csv,"| c1c08b6 | The deployed selector incurs 52.8 ms per frame on a single CPU core, fitting the 100 ms budget of a 10 Hz Li"
LITERAL,paper1/CLAIMS.md,docs/claims.md,REWRITE,2,L11|relpath_local|code/rf_latency_benchmark.py,"| c1c08b6 | The deployed selector incurs 52.8 ms per frame on a single CPU core, fitting the 100 ms budget of a 10 Hz Li"
LITERAL,paper1/CLAIMS.md,docs/claims.md,REWRITE,2,L20|relpath_local|code/payload_audit.py,| cd89397 | The two feature-level modes carry the same perception payload of approximately 1.98 Mbit but require differe
LITERAL,paper1/CLAIMS.md,docs/claims.md,REWRITE,2,L21|relpath_local|code/payload_audit.py,"| cf5b914 | Of the two feature-level modes, the 256-QAM variant (C256) halves the per-frame channel use of the 16-QAM fe"
LITERAL,paper1/CLAIMS.md,docs/claims.md,REWRITE,2,L22|relpath_local|results/c256_dominance_verify.csv,| c051f7f | C256 is thus dominated (eff_C256 ≤ eff_C16) on 99.7 / 98.5 / 100.0\% of validation / test / Culver-City fram
LITERAL,paper1/CLAIMS.md,docs/claims.md,REWRITE,2,L22|relpath_local|code/verify_c256_dominance.py,| c051f7f | C256 is thus dominated (eff_C256 ≤ eff_C16) on 99.7 / 98.5 / 100.0\% of validation / test / Culver-City fram
LITERAL,paper1/CLAIMS.md,docs/claims.md,REWRITE,2,L23|relpath_local|results/c256_dominance_verify.csv,"| c957776 | All four come from one run of the dominance-verification procedure, which asserts frac\_dominated=frac(comp "
LITERAL,paper1/CLAIMS.md,docs/claims.md,REWRITE,2,L23|relpath_local|code/verify_c256_dominance.py,"| c957776 | All four come from one run of the dominance-verification procedure, which asserts frac\_dominated=frac(comp "
LITERAL,paper1/CLAIMS.md,docs/claims.md,REWRITE,2,L24|relpath_local|results/bler_sionna/bler_sionna.csv,"| c8583d4 | Physically, 256-QAM right-shifts the AWGN frame-error cliff from 8.0 to 16.5 dB,Es/N0 onset at which the fra"
LITERAL,paper1/CLAIMS.md,docs/claims.md,REWRITE,2,L26|relpath_local|results/c256_dominance_verify.csv,"| cbe428c | The deployed classifier's class set is \L, C16\ -- the imitated oracle labels carry zero C256 at this operat"
LITERAL,paper1/CLAIMS.md,docs/claims.md,REWRITE,2,L26|relpath_local|code/verify_c256_dominance.py,"| cbe428c | The deployed classifier's class set is \L, C16\ -- the imitated oracle labels carry zero C256 at this operat"
LITERAL,paper1/CLAIMS.md,docs/claims.md,REWRITE,2,L29|relpath_local|results/policy/threshold_vs_rf.csv,"| c351473 | We treat the object-level message L as a low-rate robust message in the evaluated SNR range, motivated by it"
LITERAL,paper1/CLAIMS.md,docs/claims.md,REWRITE,2,L29|relpath_local|code/payload_audit.py,"| c351473 | We treat the object-level message L as a low-rate robust message in the evaluated SNR range, motivated by it"
LITERAL,paper1/CLAIMS.md,docs/claims.md,REWRITE,2,L31|relpath_local|code/payload_audit.py,| c38d591 | Communication Cost Let B_s denote the per-frame payload in channel-use-equivalent mega-symbols (Msym) for mo
LITERAL,paper1/CLAIMS.md,docs/claims.md,REWRITE,2,L32|relpath_local|results/policy/threshold_vs_rf.csv,| c43ecae | The object-level message is sent as a protected low-rate message at approximately 1 bit per channel use (rat
LITERAL,paper1/CLAIMS.md,docs/claims.md,REWRITE,2,L32|relpath_local|code/payload_audit.py,| c43ecae | The object-level message is sent as a protected low-rate message at approximately 1 bit per channel use (rat
LITERAL,paper1/CLAIMS.md,docs/claims.md,REWRITE,2,L34|relpath_local|code/payload_audit.py,| c28cf85 | The compressed-feature mode C_q delivers ``rate'' R_C_q = 3.96 / _2 M_q in channel-use megasymbols (Msym)---
LITERAL,paper1/CLAIMS.md,docs/claims.md,REWRITE,2,L38|relpath_local|results/policy/threshold_vs_rf.csv,"| c262629 | Its average payload is approximately B_L = 0.024 Msym/frame, allowing it to be transmitted with strong chann"
LITERAL,paper1/CLAIMS.md,docs/claims.md,REWRITE,2,L38|relpath_local|code/payload_audit.py,"| c262629 | Its average payload is approximately B_L = 0.024 Msym/frame, allowing it to be transmitted with strong chann"
LITERAL,paper1/CLAIMS.md,docs/claims.md,REWRITE,2,L39|relpath_local|code/payload_audit.py,"| c694801 | The C_16 mode is more reliable but less spectrally efficient (channel-use payload B_C_16 ≈ 0.99 Msym/frame),"
LITERAL,paper1/CLAIMS.md,docs/claims.md,REWRITE,2,L40|relpath_local|results/p2_latency/latency_frozen.csv,"| cac0943 | Third, its per-frame inference cost on a single CPU core is 52.8 ± 5.7 ms (P95 = 59.1 ms), measured over 2,0"
LITERAL,paper1/CLAIMS.md,docs/claims.md,REWRITE,2,L40|relpath_local|code/rf_latency_benchmark.py,"| cac0943 | Third, its per-frame inference cost on a single CPU core is 52.8 ± 5.7 ms (P95 = 59.1 ms), measured over 2,0"
LITERAL,paper1/CLAIMS.md,docs/claims.md,REWRITE,2,L43|relpath_local|results/policy/threshold_vs_rf.csv,| c94d26a | The object-level message L carries the collaborator's detected objects; on the OPV2V validate split a frame 
LITERAL,paper1/CLAIMS.md,docs/claims.md,REWRITE,2,L43|relpath_local|code/payload_audit.py,| c94d26a | The object-level message L carries the collaborator's detected objects; on the OPV2V validate split a frame 
LITERAL,paper1/CLAIMS.md,docs/claims.md,REWRITE,2,L44|relpath_local|code/payload_audit.py,| c6dc5e0 | The feature-level message encodes the transmitted BEV feature tensor of size 256 × 48 × 176 ≈ 2.16 × 10^6 el
LITERAL,paper1/CLAIMS.md,docs/claims.md,REWRITE,2,L45|relpath_local|code/payload_audit.py,"| c05116d | We adopt a fixed source budget of B_C ≈ 1.98 Mbit/frame for the feature message, i.e.\ ≈ 0.92 bit per elemen"
LITERAL,paper1/CLAIMS.md,docs/claims.md,REWRITE,2,L46|relpath_local|code/payload_audit.py,| cd0421c | Both feature modes C_16 and C_256 carry this same 1.98 Mbit perception payload but require different numbers
LITERAL,paper1/CLAIMS.md,docs/claims.md,REWRITE,2,L57|relpath_local|results/true_e2e_global_validate.csv,"| ccc975b | AP@0.5 rises by +0.026 (validate) and +0.072 (Culver-City) over the object-level baseline, and AP@0.7 by +0."
LITERAL,paper1/CLAIMS.md,docs/claims.md,REWRITE,2,L57|relpath_local|code/true_e2e_global.py,"| ccc975b | AP@0.5 rises by +0.026 (validate) and +0.072 (Culver-City) over the object-level baseline, and AP@0.7 by +0."
LITERAL,paper1/CLAIMS.md,docs/claims.md,REWRITE,2,L57|relpath_local|results/p2_deploy/true_e2e_ap.csv,"| ccc975b | AP@0.5 rises by +0.026 (validate) and +0.072 (Culver-City) over the object-level baseline, and AP@0.7 by +0."
LITERAL,paper1/CLAIMS.md,docs/claims.md,REWRITE,2,L81|relpath_local|results/policy/threshold_vs_rf.csv,| ced409d | and a -cost RF retrained on _s(F_t^s- B_s) labels lie on the frontier between Fixed L and the oracle: on tes
LITERAL,paper1/CLAIMS.md,docs/claims.md,REWRITE,2,L81|relpath_local|code/recompute_policy_200seed.py,| ced409d | and a -cost RF retrained on _s(F_t^s- B_s) labels lie on the frontier between Fixed L and the oracle: on tes
LITERAL,paper1/CLAIMS.md,docs/claims.md,REWRITE,2,L81|relpath_local|results/p2_deploy/replay_summary.csv,| ced409d | and a -cost RF retrained on _s(F_t^s- B_s) labels lie on the frontier between Fixed L and the oracle: on tes
LITERAL,paper1/CLAIMS.md,docs/claims.md,REWRITE,2,L85|relpath_local|results/policy/threshold_vs_rf.csv,"| cc8a819 | Dropping the range, density, or object-count cue groups changes F1 by <0.001; the channel-averaged payloads "
LITERAL,paper1/CLAIMS.md,docs/claims.md,REWRITE,2,L85|relpath_local|code/recompute_policy_200seed.py,"| cc8a819 | Dropping the range, density, or object-count cue groups changes F1 by <0.001; the channel-averaged payloads "
LITERAL,paper1/CLAIMS.md,docs/claims.md,REWRITE,2,L85|relpath_local|results/p2_deploy/replay_summary.csv,"| cc8a819 | Dropping the range, density, or object-count cue groups changes F1 by <0.001; the channel-averaged payloads "
LITERAL,paper1/CLAIMS.md,docs/claims.md,REWRITE,2,L101|relpath_local|results/p2_latency/latency_frozen.csv,"| c281123 | Finally, the deployed Random Forest runs in 52.8 ± 5.7 ms per frame (P95=59.1 ms) on a single CPU core---wit"
LITERAL,paper1/CLAIMS.md,docs/claims.md,REWRITE,2,L101|relpath_local|code/rf_latency_benchmark.py,"| c281123 | Finally, the deployed Random Forest runs in 52.8 ± 5.7 ms per frame (P95=59.1 ms) on a single CPU core---wit"
LITERAL,paper1/CLAIMS.md,docs/claims.md,REWRITE,2,L103|relpath_local|results/p2_latency/latency_frozen.csv,"| cc99de6 | It runs in 52.8 ± 5.7 ms (P95 = 59.1 ms) per frame on a single CPU core, within the 100 ms budget of a 10 Hz"
LITERAL,paper1/CLAIMS.md,docs/claims.md,REWRITE,2,L103|relpath_local|code/rf_latency_benchmark.py,"| cc99de6 | It runs in 52.8 ± 5.7 ms (P95 = 59.1 ms) per frame on a single CPU core, within the 100 ms budget of a 10 Hz"
LITERAL,paper1/CLAIMS.md,docs/claims.md,REWRITE,2,L104|relpath_local|results/true_e2e_global_culver.csv,"| c931029 | Second, channel-aware semantic granularity selection recovers the feature-level detection gain only when the"
LITERAL,paper1/CLAIMS.md,docs/claims.md,REWRITE,2,L104|relpath_local|code/true_e2e_global.py,"| c931029 | Second, channel-aware semantic granularity selection recovers the feature-level detection gain only when the"
LITERAL,paper1/CLAIMS.md,docs/claims.md,REWRITE,2,L104|relpath_local|results/p2_deploy/true_e2e_ap.csv,"| c931029 | Second, channel-aware semantic granularity selection recovers the feature-level detection gain only when the"
LITERAL,paper1/CLAIMS.md,docs/claims.md,REWRITE,2,L107|relpath_local|paper/main.tex,"_Total: 97 number-bearing claims from `paper/main.tex`. Evidence: 27 filled / 70 pending (P2–P4); 27 preserved, 0 flagge"
LITERAL,paper1/PROTOCOL.md,docs/experiment_protocol.md,REWRITE,2,L6|relpath_local|results/,the rate/modulation chain and cited to its generator. Reported results live in `results/` and
LITERAL,paper1/PROTOCOL.md,docs/experiment_protocol.md,REWRITE,2,L14|relpath_local|code/payload_audit.py,"`code/payload_audit.py`, which re-derives them from first principles and bit-compares against"
LITERAL,paper1/PROTOCOL.md,docs/experiment_protocol.md,REWRITE,2,L22|relpath_local|code/p2_dataprep/check_leakage.py,"breach, not a judgement call, and `code/p2_dataprep/check_leakage.py` is the resident gate that"
LITERAL,paper1/PROTOCOL.md,docs/experiment_protocol.md,REWRITE,2,L47|relpath_local|opv2v_data_dumping/,"(`opv2v_data_dumping/<split>/<scene>/`). All frames of a scene, and later all of its channel"
LITERAL,paper1/PROTOCOL.md,docs/experiment_protocol.md,REWRITE,2,L58|relpath_local|code/p2_dataprep/_scene_map.py,"scene-dir order; reconstructed by `code/p2_dataprep/_scene_map.py`, asserted to sum to the dataset"
LITERAL,paper1/PROTOCOL.md,docs/experiment_protocol.md,REWRITE,2,L69|relpath_local|code/true_e2e_global.py,axis to the BLER table and to `code/true_e2e_global.py`.
LITERAL,paper1/PROTOCOL.md,docs/experiment_protocol.md,REWRITE,2,L72|relpath_local|code/p2_dataprep/expand_grid_clean.py,"(uniform over grid cells), built by `code/p2_dataprep/expand_grid_clean.py`. This is a dense, deterministic"
LITERAL,paper1/PROTOCOL.md,docs/experiment_protocol.md,REWRITE,2,L76|relpath_local|results/bler_sionna/bler_sionna.csv,`results/bler_sionna/bler_sionna.csv` (`bler_frame` column). Rayleigh frame BLER = 1 across
LITERAL,paper1/PROTOCOL.md,docs/experiment_protocol.md,REWRITE,2,L88|relpath_local|code/payload_audit.py,| **L** | object-level message | B_L = 0.024 Msym | BLER_L = 0 (mainline: assumed reliably delivered) | `code/payload_au
LITERAL,paper1/PROTOCOL.md,docs/experiment_protocol.md,REWRITE,2,L89|relpath_local|code/payload_audit.py,"| **F** | feature-level message | B_F = 0.99 Msym | BLER_F(SNR, channel) from the Sionna table | `code/payload_audit.py`"
LITERAL,paper1/PROTOCOL.md,docs/experiment_protocol.md,REWRITE,2,L119|relpath_local|analysis_tools/build_bler_sionna_ofdm.py,"BLER model* (`analysis_tools/build_bler_sionna_ofdm.py`: N_FFT=64, N_SC=52 data subcarriers,"
LITERAL,paper1/PROTOCOL.md,docs/experiment_protocol.md,REWRITE,2,L135|relpath_local|code/p2_dataprep/train_p2_loso.py,**Candidate set — SINGLE SOURCE OF TRUTH.** `code/p2_dataprep/train_p2_loso.py` **parses the JSON
LITERAL,paper1/PROTOCOL.md,docs/experiment_protocol.md,REWRITE,2,L168|relpath_local|results/p2_dataprep/validate_loso_folds.csv,"is written to `results/p2_dataprep/validate_loso_folds.csv`, so both aggregates below are recomputable"
LITERAL,paper1/PROTOCOL.md,docs/experiment_protocol.md,REWRITE,2,L182|relpath_local|results/p2_dataprep/candidate_walk_B0XX.csv,candidate index; (3) write this order to `results/p2_dataprep/candidate_walk_B0XX.csv` **before any
LITERAL,paper1/PROTOCOL.md,docs/experiment_protocol.md,REWRITE,2,L207|relpath_local|code/p2_dataprep/check_leakage.py,`code/p2_dataprep/check_leakage.py` asserts: (1) every budget's `frozen_validate_payload ≤ B_max`;
LITERAL,paper1/PROTOCOL.md,docs/experiment_protocol.md,REWRITE,2,L238|relpath_local|code/payload_audit.py,md5s match the data actually used; payload chain still bit-audits (`code/payload_audit.py`).
LITERAL,paper1/PROTOCOL.md,docs/experiment_protocol.md,REWRITE,2,L277|relpath_local|code/p2_dataprep/check_leakage.py,- `code/p2_dataprep/check_leakage.py` enforces this: with no manifest present it asserts the
LITERAL,paper1/PROTOCOL.md,docs/experiment_protocol.md,REWRITE,2,L448|relpath_local|data/p2/p2_grid_,(`data/p2/p2_grid_{split}.csv`: `eff_E/eff_L/eff_F/bler_F/oracle_ELF`) with the frozen `predict()`; no
LITERAL,paper1/PROTOCOL.md,docs/experiment_protocol.md,REWRITE,2,L477|relpath_local|analysis_tools/build_bler_sionna.py,"pipeline (`analysis_tools/build_bler_sionna.py`, extended with a Rician block-fading branch: per-"
LITERAL,paper1/PROTOCOL.md,docs/experiment_protocol.md,REWRITE,2,L499|relpath_local|code/p2_dataprep/train_p4a_bandit.py,`code/p2_dataprep/train_p4a_bandit.py` **parses** (no values hard-coded elsewhere; IRON RULE — any
LITERAL,paper1/PROTOCOL.md,docs/experiment_protocol.md,REWRITE,2,L509|relpath_local|data/p2/p2_grid_,cached per-frame `eff` (`data/p2/p2_grid_*.csv`; **zero new perception inference**); same three
LITERAL,paper1/PROTOCOL.md,docs/experiment_protocol.md,REWRITE,2,L519|relpath_local|results/p4a/P4A_MANIFEST.json,`results/p4a/P4A_MANIFEST.json` (3 sha256 / hyperparams / seed / per-budget frozen payload check);
LITERAL,paper1/PROTOCOL.md,docs/experiment_protocol.md,REWRITE,2,L520|relpath_local|results/p4a/,"results + PROVENANCE under `results/p4a/`, all labelled **""external baseline, not deployed""**."
LITERAL,paper1/PROTOCOL.md,docs/experiment_protocol.md,REWRITE,2,L547|relpath_local|opencood/hypes_yaml/second_intermediate_fusion.yaml,- **(1) Checkpoint + inference config.** Backbone config `opencood/hypes_yaml/second_intermediate_fusion.yaml`
LITERAL,paper1/PROTOCOL.md,docs/experiment_protocol.md,REWRITE,2,L584|relpath_local|results/p2_dataprep/FROZEN_MANIFEST.json,"`results/p2_dataprep/FROZEN_MANIFEST.json` (schema `catosg-frozen-manifest/1`, freeze"
LITERAL,paper1/PROTOCOL.md,docs/experiment_protocol.md,REWRITE,2,L593|relpath_local|data/p2/selector_B010.pkl,| 0.10 | `data/p2/selector_B010.pkl` | 58 | None | 0.05 | 6 | 0.067887 | 0.9070 | 18.0 |
LITERAL,paper1/PROTOCOL.md,docs/experiment_protocol.md,REWRITE,2,L594|relpath_local|data/p2/selector_B020.pkl,| 0.20 | `data/p2/selector_B020.pkl` | 1 | None | 0.02 | 2 | 0.099231 | 0.9087 | 12.0 |
LITERAL,paper1/PROTOCOL.md,docs/experiment_protocol.md,REWRITE,2,L595|relpath_local|data/p2/selector_B030.pkl,| 0.30 | `data/p2/selector_B030.pkl` | 56 | None | 0.00 | 0 | 0.156962 | 0.9094 | 8.0 |
LITERAL,paper1/PROTOCOL.md,docs/experiment_protocol.md,REWRITE,2,L600|relpath_local|code/payload_audit.py,**Resident gates (all must pass on the committed tree).** `code/payload_audit.py` (17/17 links);
LITERAL,paper1/PROTOCOL.md,docs/experiment_protocol.md,REWRITE,2,L601|relpath_local|code/verify_paragraph_insert.py,`code/verify_paragraph_insert.py 1 2 3` (3/3); `code/extract_claims.py --check` (CLAIMS ≡ main.tex);
LITERAL,paper1/PROTOCOL.md,docs/experiment_protocol.md,REWRITE,2,L601|relpath_local|code/extract_claims.py,`code/verify_paragraph_insert.py 1 2 3` (3/3); `code/extract_claims.py --check` (CLAIMS ≡ main.tex);
LITERAL,paper1/PROTOCOL.md,docs/experiment_protocol.md,REWRITE,2,L602|relpath_local|results/STALE_FINGERPRINTS.md,block-exit grep over `results/STALE_FINGERPRINTS.md` (0 hits); `code/p2_dataprep/check_leakage.py`
LITERAL,paper1/PROTOCOL.md,docs/experiment_protocol.md,REWRITE,2,L602|relpath_local|code/p2_dataprep/check_leakage.py,block-exit grep over `results/STALE_FINGERPRINTS.md` (0 hits); `code/p2_dataprep/check_leakage.py`
LITERAL,paper1/PROTOCOL.md,docs/experiment_protocol.md,REWRITE,2,L605|relpath_local|results/p2_deploy/,**P2 deployment deliverables (all in `results/p2_deploy/` unless noted).**
LITERAL,paper1/PROTOCOL.md,docs/experiment_protocol.md,REWRITE,2,L619|relpath_local|code/rf_latency_benchmark.py,- **P2-C latency (frozen selectors).** `code/rf_latency_benchmark.py` → `results/p2_latency/`
LITERAL,paper1/PROTOCOL.md,docs/experiment_protocol.md,REWRITE,2,L619|relpath_local|results/p2_latency/,- **P2-C latency (frozen selectors).** `code/rf_latency_benchmark.py` → `results/p2_latency/`
LITERAL,paper1/PROTOCOL.md,docs/experiment_protocol.md,REWRITE,2,L628|relpath_local|results/policy/threshold_vs_rf.csv,`results/policy/threshold_vs_rf.csv` via `recompute_policy_200seed.py`; true-e2e-AP figures from
LITERAL,paper1/PROTOCOL.md,docs/experiment_protocol.md,REWRITE,2,L629|relpath_local|results/true_e2e_global_,`results/true_e2e_global_*.csv` via `true_e2e_global.py`). The P2 artifacts above **supersede** these
LITERAL,paper1/PROTOCOL.md,docs/experiment_protocol.md,REWRITE,2,L643|relpath_local|results/p3_sensitivity/,"`results/p3_sensitivity/` (baseline reproduces `replay_summary.csv` exactly, `p3_baseline_sanity.csv`);"
LITERAL,paper1/PROTOCOL.md,docs/experiment_protocol.md,REWRITE,2,L687|relpath_local|results/p4a/P4A_MANIFEST.json,`results/p4a/P4A_MANIFEST.json` (3 bandit sha256 / hyperparams / seed / per-budget frozen payload).
LITERAL,paper1/REPRODUCE.md,docs/reproducibility.md,REWRITE,2,L3|relpath_local|paper/main.tex,Every table and figure in `paper/main.tex` traces to a committed CSV in `results/` and a generator
LITERAL,paper1/REPRODUCE.md,docs/reproducibility.md,REWRITE,2,L3|relpath_local|results/,Every table and figure in `paper/main.tex` traces to a committed CSV in `results/` and a generator
LITERAL,paper1/REPRODUCE.md,docs/reproducibility.md,REWRITE,2,L4|relpath_local|code/,"script in `code/`. This file maps each one to its command, lists the data-prep chain, and states the"
LITERAL,paper1/REPRODUCE.md,docs/reproducibility.md,REWRITE,2,L5|relpath_local|code/payload_audit.py,randomness. All numbers in the paper are read from these CSVs (never hand-typed); `code/payload_audit.py`
LITERAL,paper1/REPRODUCE.md,docs/reproducibility.md,REWRITE,2,L9|relpath_local|OpenCOOD/peiyi_work/paper1/,> `OpenCOOD/peiyi_work/paper1/` (they compute `REPO` = the OpenCOOD root and read the source datasets
LITERAL,paper1/REPRODUCE.md,docs/reproducibility.md,REWRITE,2,L19|relpath_local|peiyi_work/paper1/code/extra_experiments/,`opencood.*` + `peiyi_work/paper1/code/extra_experiments/*`).
LITERAL,paper1/REPRODUCE.md,docs/reproducibility.md,REWRITE,2,L23|relpath_local|paper/main.tex,- LaTeX toolchain (pdflatex/latexmk) is **not** in this env — compile `paper/main.tex` on Overleaf.
LITERAL,paper1/REPRODUCE.md,docs/reproducibility.md,REWRITE,2,L29|relpath_local|data/dataset_,"a. **Per-frame dataset** `data/dataset_{validate,test,culver}_v3.csv` — 21 ego-side cues + per-method"
LITERAL,paper1/REPRODUCE.md,docs/reproducibility.md,REWRITE,2,L30|relpath_local|code/make_dataset.py,"clean F1 (late/comp/ego) + Sionna frame BLER columns. Built by `code/make_dataset.py`, then the"
LITERAL,paper1/REPRODUCE.md,docs/reproducibility.md,REWRITE,2,L31|relpath_local|code/recompute_canonical_f1.py,"canonical F1 columns are (re)written by `code/recompute_canonical_f1.py` (adds `ego_f1`, the v3"
LITERAL,paper1/REPRODUCE.md,docs/reproducibility.md,REWRITE,2,L35|relpath_local|code/regen_preds_with_scores.py,`code/regen_preds_with_scores.py` (one call per model_dir/fusion; see `gs_rerun/reproduce.sh`).
LITERAL,paper1/REPRODUCE.md,docs/reproducibility.md,REWRITE,2,L38|relpath_local|code/extra_experiments/jscc_perframe/jscc_sweep.py,"`code/extra_experiments/jscc_perframe/jscc_sweep.py --mode sweep` (~GPU-hours), then scored to"
LITERAL,paper1/REPRODUCE.md,docs/reproducibility.md,REWRITE,2,L40|relpath_local|data/selector_rf.pkl,"d. **Deployed selector** `data/selector_rf.pkl` — the 400-tree RandomForest, trained once on the full"
LITERAL,paper1/REPRODUCE.md,docs/reproducibility.md,REWRITE,2,L41|relpath_local|code/train_rf.py,`dataset_validate_v3.csv` oracle labels by `code/train_rf.py`. Never retrained for test/culver.
LITERAL,paper1/REPRODUCE.md,docs/reproducibility.md,REWRITE,2,L51|relpath_local|code/true_e2e_global.py,"| tab:headline (true-e2e headline) | `python code/true_e2e_global.py --split {validate,test,culver} …` | `results/true_e"
LITERAL,paper1/REPRODUCE.md,docs/reproducibility.md,REWRITE,2,L51|relpath_local|results/true_e2e_global_,"| tab:headline (true-e2e headline) | `python code/true_e2e_global.py --split {validate,test,culver} …` | `results/true_e"
LITERAL,paper1/REPRODUCE.md,docs/reproducibility.md,REWRITE,2,L52|relpath_local|results/true_e2e_global_,| tab:true_e2e / tab:gen_true_e2e / tab:gen_true_e2e_culver | same as above (per split) | `results/true_e2e_global_{vali
LITERAL,paper1/REPRODUCE.md,docs/reproducibility.md,REWRITE,2,L53|relpath_local|code/recompute_policy_200seed.py,"| tab:headline_agg (RF vs SNR-threshold, 200-real.) | `python code/recompute_policy_200seed.py` | `results/policy/thresh"
LITERAL,paper1/REPRODUCE.md,docs/reproducibility.md,REWRITE,2,L53|relpath_local|results/policy/threshold_vs_rf.csv,"| tab:headline_agg (RF vs SNR-threshold, 200-real.) | `python code/recompute_policy_200seed.py` | `results/policy/thresh"
LITERAL,paper1/REPRODUCE.md,docs/reproducibility.md,REWRITE,2,L54|relpath_local|code/extra_experiments/jscc_perframe/build_two_regime_edge_clean.py,| tab:two_regime (In-dist / Deployed edge) | `python code/extra_experiments/jscc_perframe/build_two_regime_edge_clean.py
LITERAL,paper1/REPRODUCE.md,docs/reproducibility.md,REWRITE,2,L54|relpath_local|results/jscc/two_regime_edge_clean.csv,| tab:two_regime (In-dist / Deployed edge) | `python code/extra_experiments/jscc_perframe/build_two_regime_edge_clean.py
LITERAL,paper1/REPRODUCE.md,docs/reproducibility.md,REWRITE,2,L54|relpath_local|results/jscc/two_regime_kfold_diag.csv,| tab:two_regime (In-dist / Deployed edge) | `python code/extra_experiments/jscc_perframe/build_two_regime_edge_clean.py
LITERAL,paper1/REPRODUCE.md,docs/reproducibility.md,REWRITE,2,L55|relpath_local|code/extra_experiments/a7_ablation.py,| tab:ablation (cue subsets + threshold) | `python code/extra_experiments/a7_ablation.py` | `results/ablation/a7_ablatio
LITERAL,paper1/REPRODUCE.md,docs/reproducibility.md,REWRITE,2,L55|relpath_local|results/ablation/a7_ablation.csv,| tab:ablation (cue subsets + threshold) | `python code/extra_experiments/a7_ablation.py` | `results/ablation/a7_ablatio
LITERAL,paper1/REPRODUCE.md,docs/reproducibility.md,REWRITE,2,L56|relpath_local|results/where2comm_ap_PROVENANCE.txt,| §Where2comm numbers | OpenCOOD global-sort eval of the epoch-50 Where2comm checkpoint (eval yaml in the CSV `source` c
LITERAL,paper1/REPRODUCE.md,docs/reproducibility.md,REWRITE,2,L56|relpath_local|results/where2comm_ap.csv,| §Where2comm numbers | OpenCOOD global-sort eval of the epoch-50 Where2comm checkpoint (eval yaml in the CSV `source` c
LITERAL,paper1/REPRODUCE.md,docs/reproducibility.md,REWRITE,2,L60|relpath_local|paper/figures/,Run each generator in the OpenCOOD runtime (`PYTHONPATH=.`); the PDF lands in `paper/figures/` and is
LITERAL,paper1/REPRODUCE.md,docs/reproducibility.md,REWRITE,2,L65|relpath_local|paper/DRAW_OVERVIEW_FIGURE.md,| fig:overview | `ca_tosg_method_overview.pdf` | **manual** (draw.io; see `paper/DRAW_OVERVIEW_FIGURE.md`) | schematic |
LITERAL,paper1/REPRODUCE.md,docs/reproducibility.md,REWRITE,2,L66|relpath_local|code/plot_bler_frame.py,| fig:bler | `fig_channel_bler_frame.pdf` | `code/plot_bler_frame.py` | `results/bler_sionna/bler_sionna.csv` |
LITERAL,paper1/REPRODUCE.md,docs/reproducibility.md,REWRITE,2,L66|relpath_local|results/bler_sionna/bler_sionna.csv,| fig:bler | `fig_channel_bler_frame.pdf` | `code/plot_bler_frame.py` | `results/bler_sionna/bler_sionna.csv` |
LITERAL,paper1/REPRODUCE.md,docs/reproducibility.md,REWRITE,2,L68|relpath_local|code/plot_ap_snr.py,"| fig:ap_snr | `fig_ap50_{awgn,rayleigh}.pdf` | `code/plot_ap_snr.py` | `results/true_e2e_global_validate.csv` + `result"
LITERAL,paper1/REPRODUCE.md,docs/reproducibility.md,REWRITE,2,L68|relpath_local|results/true_e2e_global_validate.csv,"| fig:ap_snr | `fig_ap50_{awgn,rayleigh}.pdf` | `code/plot_ap_snr.py` | `results/true_e2e_global_validate.csv` + `result"
LITERAL,paper1/REPRODUCE.md,docs/reproducibility.md,REWRITE,2,L68|relpath_local|results/jscc/,"| fig:ap_snr | `fig_ap50_{awgn,rayleigh}.pdf` | `code/plot_ap_snr.py` | `results/true_e2e_global_validate.csv` + `result"
LITERAL,paper1/REPRODUCE.md,docs/reproducibility.md,REWRITE,2,L69|relpath_local|code/plot_pareto_payload.py,| fig:payload_snr | `fig_payload_awgn.pdf` | `code/plot_pareto_payload.py` | `results/true_e2e_global_validate.csv` |
LITERAL,paper1/REPRODUCE.md,docs/reproducibility.md,REWRITE,2,L69|relpath_local|results/true_e2e_global_validate.csv,| fig:payload_snr | `fig_payload_awgn.pdf` | `code/plot_pareto_payload.py` | `results/true_e2e_global_validate.csv` |
LITERAL,paper1/REPRODUCE.md,docs/reproducibility.md,REWRITE,2,L70|relpath_local|code/snr_decision_plot.py,"| fig:decision_ratio | `fig_decisions_{awgn,rayleigh}.pdf` + `fig_stacked_area.pdf` | `code/snr_decision_plot.py`, `code"
LITERAL,paper1/REPRODUCE.md,docs/reproducibility.md,REWRITE,2,L70|relpath_local|code/plot_stacked_area.py,"| fig:decision_ratio | `fig_decisions_{awgn,rayleigh}.pdf` + `fig_stacked_area.pdf` | `code/snr_decision_plot.py`, `code"
LITERAL,paper1/REPRODUCE.md,docs/reproducibility.md,REWRITE,2,L70|relpath_local|results/true_e2e_global_validate.csv,"| fig:decision_ratio | `fig_decisions_{awgn,rayleigh}.pdf` + `fig_stacked_area.pdf` | `code/snr_decision_plot.py`, `code"
LITERAL,paper1/REPRODUCE.md,docs/reproducibility.md,REWRITE,2,L70|relpath_local|results/step4_oracle_action_dist.csv,"| fig:decision_ratio | `fig_decisions_{awgn,rayleigh}.pdf` + `fig_stacked_area.pdf` | `code/snr_decision_plot.py`, `code"
LITERAL,paper1/REPRODUCE.md,docs/reproducibility.md,REWRITE,2,L71|relpath_local|code/plot_feature_importance.py,| fig:feat_imp | `fig_feature_importance.pdf` | `code/plot_feature_importance.py` | `results/feature_importance.csv` (RF
LITERAL,paper1/REPRODUCE.md,docs/reproducibility.md,REWRITE,2,L71|relpath_local|results/feature_importance.csv,| fig:feat_imp | `fig_feature_importance.pdf` | `code/plot_feature_importance.py` | `results/feature_importance.csv` (RF
LITERAL,paper1/REPRODUCE.md,docs/reproducibility.md,REWRITE,2,L72|relpath_local|code/plot_pareto_payload.py,"| fig:pareto | `fig_pareto_test.pdf` | `code/plot_pareto_payload.py` | `results/policy/pareto_points.csv`, `results/true"
LITERAL,paper1/REPRODUCE.md,docs/reproducibility.md,REWRITE,2,L72|relpath_local|results/policy/pareto_points.csv,"| fig:pareto | `fig_pareto_test.pdf` | `code/plot_pareto_payload.py` | `results/policy/pareto_points.csv`, `results/true"
LITERAL,paper1/REPRODUCE.md,docs/reproducibility.md,REWRITE,2,L72|relpath_local|results/true_e2e_global_validate.csv,"| fig:pareto | `fig_pareto_test.pdf` | `code/plot_pareto_payload.py` | `results/policy/pareto_points.csv`, `results/true"
LITERAL,paper1/REPRODUCE.md,docs/reproducibility.md,REWRITE,2,L73|relpath_local|code/extra_experiments/a2_difficulty.py,"| fig:difficulty | `fig_difficulty.pdf` | `code/extra_experiments/a2_difficulty.py` | `results/a2_difficulty.csv`, `resu"
LITERAL,paper1/REPRODUCE.md,docs/reproducibility.md,REWRITE,2,L73|relpath_local|results/a2_difficulty.csv,"| fig:difficulty | `fig_difficulty.pdf` | `code/extra_experiments/a2_difficulty.py` | `results/a2_difficulty.csv`, `resu"
LITERAL,paper1/REPRODUCE.md,docs/reproducibility.md,REWRITE,2,L73|relpath_local|results/a2_difficulty_reliable.csv,"| fig:difficulty | `fig_difficulty.pdf` | `code/extra_experiments/a2_difficulty.py` | `results/a2_difficulty.csv`, `resu"
LITERAL,paper1/REPRODUCE.md,docs/reproducibility.md,REWRITE,2,L74|relpath_local|code/extra_experiments/jscc_perframe/make_two_regime_figure.py,| fig:two_regime | `fig_two_regime.pdf` | `code/extra_experiments/jscc_perframe/make_two_regime_figure.py` | `results/js
LITERAL,paper1/REPRODUCE.md,docs/reproducibility.md,REWRITE,2,L74|relpath_local|results/jscc/two_regime_kfold_diag.csv,| fig:two_regime | `fig_two_regime.pdf` | `code/extra_experiments/jscc_perframe/make_two_regime_figure.py` | `results/js
LITERAL,paper1/REPRODUCE.md,docs/reproducibility.md,REWRITE,2,L76|relpath_local|code/extra_experiments/v3_eval.py,## 4. Randomness / determinism (from `code/extra_experiments/v3_eval.py`)
LITERAL,paper1/REPRODUCE.md,docs/reproducibility.md,REWRITE,2,L93|relpath_local|code/payload_audit.py,python code/payload_audit.py                       # 15/15 links MATCH (payload chain -> tables)
LITERAL,paper1/REPRODUCE.md,docs/reproducibility.md,REWRITE,2,L94|relpath_local|code/verify_paragraph_insert.py,python code/verify_paragraph_insert.py 1 2 3       # GATE PASS (hand-written paragraphs verbatim)
LITERAL,paper1/REPRODUCE.md,docs/reproducibility.md,REWRITE,2,L95|relpath_local|results/STALE_FINGERPRINTS.md,grep -nE -f <(grep '^RX ' results/STALE_FINGERPRINTS.md | cut -c4-) paper/main.tex   # expect 0 (block-exit)
LITERAL,paper1/REPRODUCE.md,docs/reproducibility.md,REWRITE,2,L95|relpath_local|paper/main.tex,grep -nE -f <(grep '^RX ' results/STALE_FINGERPRINTS.md | cut -c4-) paper/main.tex   # expect 0 (block-exit)
LITERAL,paper1/REPRODUCE.md,docs/reproducibility.md,REWRITE,2,L96|relpath_local|code/extract_claims.py,python code/extract_claims.py --check              # CLAIMS.md up to date vs main.tex
LITERAL,paper1/REPRODUCE.md,docs/reproducibility.md,REWRITE,2,L97|relpath_local|code/p2_dataprep/check_leakage.py,"python code/p2_dataprep/check_leakage.py           # LEAKAGE GATE PASS (resident, P2 data prep)"
LITERAL,paper1/REPRODUCE.md,docs/reproducibility.md,REWRITE,2,L100|relpath_local|data/p2/,The leakage gate needs the P2 validate grid + scene manifest + the freeze manifest (data/p2/ is
LITERAL,paper1/REPRODUCE.md,docs/reproducibility.md,REWRITE,2,L101|relpath_local|code/p2_dataprep/expand_grid_clean.py,"git-excluded); build them with `python code/p2_dataprep/expand_grid_clean.py`,"
LITERAL,paper1/REPRODUCE.md,docs/reproducibility.md,REWRITE,2,L102|relpath_local|code/p2_dataprep/export_scene_manifest.py,"`python code/p2_dataprep/export_scene_manifest.py`, then"
LITERAL,paper1/REPRODUCE.md,docs/reproducibility.md,REWRITE,2,L103|relpath_local|code/p2_dataprep/train_p2_loso.py,`python code/p2_dataprep/train_p2_loso.py` (LOSO 9-fold + freeze; writes FROZEN_MANIFEST.json +
LITERAL,paper1/analysis_tools/MAP_REPRODUCTION_CHANGELOG.md,baselines/importance_map_jscc/CHANGELOG.md,REWRITE,2,L3|relpath_local|analysis_tools/,_Status (R9 md cleanup): **KEPT** — changelog + logic record for the ImportanceMap-JSCC reproduction code in `analysis_t
LITERAL,paper1/analysis_tools/MAP_REPRODUCTION_CHANGELOG.md,baselines/importance_map_jscc/CHANGELOG.md,REWRITE,2,L36|relpath_local|opencood/models/fuse_modules/importance_map_jscc_fuse.py,### `opencood/models/fuse_modules/importance_map_jscc_fuse.py` (rewritten)
LITERAL,paper1/analysis_tools/MAP_REPRODUCTION_CHANGELOG.md,baselines/importance_map_jscc/CHANGELOG.md,REWRITE,2,L73|relpath_local|opencood/models/fuse_modules/where2comm_fuse.py,### `opencood/models/fuse_modules/where2comm_fuse.py` (edited)
LITERAL,paper1/analysis_tools/MAP_REPRODUCTION_CHANGELOG.md,baselines/importance_map_jscc/CHANGELOG.md,REWRITE,2,L91|relpath_local|analysis_tools/,"### Training (edited, `analysis_tools/`)"
LITERAL,paper1/analysis_tools/MAP_REPRODUCTION_CHANGELOG.md,baselines/importance_map_jscc/CHANGELOG.md,REWRITE,2,L100|relpath_local|analysis_tools/,"### Evaluation / sweeps / baseline (new, `analysis_tools/`)"
LITERAL,paper1/analysis_tools/MAP_REPRODUCTION_CHANGELOG.md,baselines/importance_map_jscc/CHANGELOG.md,REWRITE,2,L114|relpath_local|analysis_tools/,"### Figures (new, `analysis_tools/`)"
LITERAL,paper1/analysis_tools/build_bler_sionna.py,projects/ca_tosg/communication/ldpc_qam.py + tools/build_bler_table.py,REWRITE,2,L47|relpath_local|results/bler_sionna,"OUT = os.path.join(P1, ""results/bler_sionna"")"
LITERAL,paper1/analysis_tools/build_bler_sionna.py,projects/ca_tosg/communication/ldpc_qam.py + tools/build_bler_table.py,RE-ANCHOR,2,L46|path_anchor|os.path.dirname,HERE = os.path.dirname(os.path.abspath(__file__)); P1 = os.path.dirname(HERE)
LITERAL,paper1/analysis_tools/build_bler_sionna_ofdm.py,projects/ca_tosg/communication/channel.py + tools/build_bler_table.py,REWRITE,2,L26|relpath_local|results/bler_sionna/bler_sionna_ofdm.csv,Output: results/bler_sionna/bler_sionna_ofdm.csv (channel='ofdm'); merged into bler_sionna.csv after review.
LITERAL,paper1/analysis_tools/build_bler_sionna_ofdm.py,projects/ca_tosg/communication/channel.py + tools/build_bler_table.py,REWRITE,2,L50|relpath_local|results/bler_sionna,"OUT = os.path.join(P1, ""results/bler_sionna"")"
LITERAL,paper1/analysis_tools/build_bler_sionna_ofdm.py,projects/ca_tosg/communication/channel.py + tools/build_bler_table.py,RE-ANCHOR,2,L49|path_anchor|os.path.dirname,HERE = os.path.dirname(os.path.abspath(__file__)); P1 = os.path.dirname(HERE)
LITERAL,paper1/analysis_tools/plot_bler_compare.py,projects/ca_tosg/evaluation/figures/plot_bler_compare.py,REWRITE,2,L11|relpath_local|results/ldpc_qam_bler_table.csv,"old = pd.read_csv(os.path.join(P1, 'results/ldpc_qam_bler_table.csv'))     # AWGN codeword, N=40"
LITERAL,paper1/analysis_tools/plot_bler_compare.py,projects/ca_tosg/evaluation/figures/plot_bler_compare.py,REWRITE,2,L12|relpath_local|results/bler_sionna/bler_sionna.csv,"new = pd.read_csv(os.path.join(P1, 'results/bler_sionna/bler_sionna.csv'))"
LITERAL,paper1/analysis_tools/plot_bler_compare.py,projects/ca_tosg/evaluation/figures/plot_bler_compare.py,REWRITE,2,L37|relpath_local|results/bler_sionna/bler_old_vs_new,"fig.savefig(os.path.join(P1, 'results/bler_sionna/bler_old_vs_new.' + ext))"
LITERAL,paper1/analysis_tools/plot_bler_compare.py,projects/ca_tosg/evaluation/figures/plot_bler_compare.py,REWRITE,2,L38|relpath_local|results/bler_sionna/bler_old_vs_new,"print('wrote results/bler_sionna/bler_old_vs_new.{pdf,png,svg}')"
LITERAL,paper1/analysis_tools/plot_bler_compare.py,projects/ca_tosg/evaluation/figures/plot_bler_compare.py,RE-ANCHOR,2,L6|path_anchor|os.path.dirname,"import sys as _s; _s.path.insert(0, os.path.join(os.path.dirname(os.path.dirname(os.path.abspath(__file__))), 'code'))"
LITERAL,paper1/analysis_tools/plot_bler_compare.py,projects/ca_tosg/evaluation/figures/plot_bler_compare.py,REWRITE,2,L7|local_import|paper_style,import paper_style as PS; PS.apply()
LITERAL,paper1/analysis_tools/plot_bler_compare.py,projects/ca_tosg/evaluation/figures/plot_bler_compare.py,RE-ANCHOR,2,L10|path_anchor|os.path.dirname,P1 = os.path.dirname(os.path.dirname(os.path.abspath(__file__)))
LITERAL,paper1/analysis_tools/run_jscc_eval.py,baselines/importance_map_jscc/run_jscc_eval.py,REWRITE,2,L6|relpath_local|analysis_tools/inference_subset.py,"trained checkpoint as net_epoch1.pth, runs analysis_tools/inference_subset.py on"
LITERAL,paper1/analysis_tools/run_jscc_eval.py,baselines/importance_map_jscc/run_jscc_eval.py,REWRITE,2,L63|relpath_local|analysis_tools/inference_subset.py,"cmd = [sys.executable, ""-u"", ""analysis_tools/inference_subset.py"","
LITERAL,paper1/analysis_tools/run_jscc_eval.py,baselines/importance_map_jscc/run_jscc_eval.py,REWRITE,2,L105|relpath_local|opencood/logs/jscc_eval,"p.add_argument(""--model_root"", default=""opencood/logs/jscc_eval"")"
LITERAL,paper1/analysis_tools/run_separate_coding_sweep.py,baselines/importance_map_jscc/run_separate_coding_sweep.py,REWRITE,2,L13|relpath_local|opencood/logs/point_pillar_where2comm_2026_05_20_16_39_22,--w2c_dir opencood/logs/point_pillar_where2comm_2026_05_20_16_39_22 \
LITERAL,paper1/analysis_tools/run_separate_coding_sweep.py,baselines/importance_map_jscc/run_separate_coding_sweep.py,REWRITE,2,L35|relpath_local|results/bler_sionna/bler_sionna.csv,# curves against results/bler_sionna/bler_sionna.csv. NOT repointed to bler_sionna here: incompatible
LITERAL,paper1/analysis_tools/run_separate_coding_sweep.py,baselines/importance_map_jscc/run_separate_coding_sweep.py,REWRITE,2,L67|relpath_local|analysis_tools/inference_subset.py,"cmd = [sys.executable, ""-u"", ""analysis_tools/inference_subset.py"","
LITERAL,paper1/analysis_tools/run_separate_coding_sweep.py,baselines/importance_map_jscc/run_separate_coding_sweep.py,REWRITE,2,L100|relpath_local|opencood/logs/separate_coding_eval,"p.add_argument(""--model_root"", default=""opencood/logs/separate_coding_eval"")"
LITERAL,paper1/analysis_tools/stage1_pretrain_jscc_reconstruction_sttopk.py,baselines/importance_map_jscc/stage1_pretrain_jscc_reconstruction_sttopk.py,REWRITE,2,L56|relpath_local|opencood/hypes_yaml/point_pillar_importance_map_jscc_awgn.yaml,"default=""opencood/hypes_yaml/point_pillar_importance_map_jscc_awgn.yaml"""
LITERAL,paper1/analysis_tools/stage1_pretrain_jscc_reconstruction_sttopk.py,baselines/importance_map_jscc/stage1_pretrain_jscc_reconstruction_sttopk.py,REWRITE,2,L60|relpath_local|opencood/logs/point_pillar_where2comm_2026_05_20_16_39_22/net_epoch50.pth,"default=""opencood/logs/point_pillar_where2comm_2026_05_20_16_39_22/net_epoch50.pth"""
LITERAL,paper1/analysis_tools/stage2_whole_network_map_jscc.py,baselines/importance_map_jscc/stage2_whole_network_map_jscc.py,REWRITE,2,L46|relpath_local|opencood/hypes_yaml/point_pillar_importance_map_jscc_awgn.yaml,"default=""opencood/hypes_yaml/point_pillar_importance_map_jscc_awgn.yaml"""
LITERAL,paper1/code/canonical_rescore.py,projects/ca_tosg/evaluation/canonical_rescore.py,REWRITE,2,L8|relpath_local|results/canonical_rescore.csv,# Prints and writes results/canonical_rescore.csv with BEFORE (own-GT) vs AFTER (canonical).
LITERAL,paper1/code/canonical_rescore.py,projects/ca_tosg/evaluation/canonical_rescore.py,REWRITE,2,L13|relpath_local|peiyi_work/paper1/gs_rerun,"GS = os.path.join(REPO, 'peiyi_work/paper1/gs_rerun')"
LITERAL,paper1/code/canonical_rescore.py,projects/ca_tosg/evaluation/canonical_rescore.py,REWRITE,2,L14|relpath_local|results/canonical_rescore.csv,"OUT = os.path.join(os.path.dirname(os.path.dirname(os.path.abspath(__file__))), 'results/canonical_rescore.csv')"
LITERAL,paper1/code/canonical_rescore.py,projects/ca_tosg/evaluation/canonical_rescore.py,RE-ANCHOR,2,L11|path_anchor|sys.path,"REPO = '/home/josh/cooperative_semantic_perception/OpenCOOD'; sys.path.insert(0, REPO)"
LITERAL,paper1/code/canonical_rescore.py,projects/ca_tosg/evaluation/canonical_rescore.py,RE-ANCHOR,2,L14|path_anchor|os.path.dirname,"OUT = os.path.join(os.path.dirname(os.path.dirname(os.path.abspath(__file__))), 'results/canonical_rescore.csv')"
LITERAL,paper1/code/extra_experiments/README.md,projects/ca_tosg/evaluation/ablations/README.md,REWRITE,2,L1|relpath_local|extra_experiments/,# `extra_experiments/` — 修订实验 A1–A8 + C / Revision experiments
LITERAL,paper1/code/extra_experiments/README.md,projects/ca_tosg/evaluation/ablations/README.md,REWRITE,2,L8|relpath_escaping_repo|../paper/figures/,- 图直接写到 `../paper/figures/`。
LITERAL,paper1/code/extra_experiments/README.md,projects/ca_tosg/evaluation/ablations/README.md,REWRITE,2,L10|relpath_local|extra_experiments/aX_xxx.py,**怎么跑**（在完整 OpenCOOD 目录下）：`PYTHONPATH=. python extra_experiments/aX_xxx.py`
LITERAL,paper1/code/extra_experiments/README.md,projects/ca_tosg/evaluation/ablations/README.md,REWRITE,2,L33|relpath_escaping_repo|../paper/figures/,- Figures are written directly into `../paper/figures/`.
LITERAL,paper1/code/extra_experiments/README.md,projects/ca_tosg/evaluation/ablations/README.md,REWRITE,2,L35|relpath_local|extra_experiments/aX_xxx.py,**Run** (inside the full OpenCOOD tree): `PYTHONPATH=. python extra_experiments/aX_xxx.py`
LITERAL,paper1/code/extra_experiments/_common.py,projects/ca_tosg/evaluation/ablations/_common.py,REWRITE,2,L12|relpath_local|code/,# code/. ROOT is now the paper1 dir (dirname^3 of this file). All experiments read the CANONICAL v3
LITERAL,paper1/code/extra_experiments/_common.py,projects/ca_tosg/evaluation/ablations/_common.py,REWRITE,2,L13|relpath_local|data/dataset_,# datasets (data/dataset_{split}_v3.csv) + the v3-retrained deployed selector (data/selector_rf.pkl).
LITERAL,paper1/code/extra_experiments/_common.py,projects/ca_tosg/evaluation/ablations/_common.py,REWRITE,2,L13|relpath_local|data/selector_rf.pkl,# datasets (data/dataset_{split}_v3.csv) + the v3-retrained deployed selector (data/selector_rf.pkl).
LITERAL,paper1/code/extra_experiments/_common.py,projects/ca_tosg/evaluation/ablations/_common.py,REWRITE,2,L24|relpath_local|data/dataset_validate_v3.csv,"VAL_CSV = os.path.join(ROOT, 'data/dataset_validate_v3.csv')"
LITERAL,paper1/code/extra_experiments/_common.py,projects/ca_tosg/evaluation/ablations/_common.py,REWRITE,2,L25|relpath_local|data/dataset_test_v3.csv,"TEST_CSV = os.path.join(ROOT, 'data/dataset_test_v3.csv')"
LITERAL,paper1/code/extra_experiments/_common.py,projects/ca_tosg/evaluation/ablations/_common.py,REWRITE,2,L26|relpath_local|data/dataset_culver_v3.csv,"CULVER_CSV = os.path.join(ROOT, 'data/dataset_culver_v3.csv')"
LITERAL,paper1/code/extra_experiments/_common.py,projects/ca_tosg/evaluation/ablations/_common.py,REWRITE,2,L27|relpath_local|data/selector_rf.pkl,"RF_PKL = os.path.join(ROOT, 'data/selector_rf.pkl')"
LITERAL,paper1/code/extra_experiments/_common.py,projects/ca_tosg/evaluation/ablations/_common.py,REWRITE,2,L28|relpath_local|code/extra_experiments/out,"OUTDIR = os.path.join(ROOT, 'code/extra_experiments/out')"
LITERAL,paper1/code/extra_experiments/_common.py,projects/ca_tosg/evaluation/ablations/_common.py,REWRITE,2,L29|relpath_local|paper/figures,"FIGDIR = os.path.join(ROOT, 'paper/figures')"
LITERAL,paper1/code/extra_experiments/_common.py,projects/ca_tosg/evaluation/ablations/_common.py,RE-ANCHOR,2,L14|path_anchor|os.path.dirname,ROOT = os.path.dirname(os.path.dirname(os.path.dirname(os.path.abspath(__file__))))  # .../paper1
LITERAL,paper1/code/extra_experiments/_common.py,projects/ca_tosg/evaluation/ablations/_common.py,RE-ANCHOR,2,L15|path_anchor|os.path.dirname,REPO = os.path.dirname(os.path.dirname(ROOT))                                        # .../OpenCOOD
LITERAL,paper1/code/extra_experiments/_common.py,projects/ca_tosg/evaluation/ablations/_common.py,RE-ANCHOR,2,L18|path_anchor|sys.path,"sys.path.insert(0, os.path.join(ROOT, 'code'))"
LITERAL,paper1/code/extra_experiments/_common.py,projects/ca_tosg/evaluation/ablations/_common.py,REWRITE,2,L20|local_import|paper_style,import paper_style as PS
LITERAL,paper1/code/extra_experiments/a1_pareto.py,projects/ca_tosg/evaluation/ablations/a1_pareto.py,REWRITE,2,L6|relpath_local|results/policy/frontier_,"results/policy/frontier_{split}.csv   (lambda, payload, f1, frac_C256/C16/L)"
LITERAL,paper1/code/extra_experiments/a1_pareto.py,projects/ca_tosg/evaluation/ablations/a1_pareto.py,REWRITE,2,L7|relpath_local|results/policy/pareto_points.csv,"results/policy/pareto_points.csv      (Fixed L/C16/C256, oracle, clairvoyant, RF, tau, blind)"
LITERAL,paper1/code/extra_experiments/a1_pareto.py,projects/ca_tosg/evaluation/ablations/a1_pareto.py,REWRITE,2,L8|relpath_local|paper/figures/fig_pareto_,"Outputs paper/figures/fig_pareto_{validate,test,culver}.pdf (+ _preview.png)."
LITERAL,paper1/code/extra_experiments/a1_pareto.py,projects/ca_tosg/evaluation/ablations/a1_pareto.py,REWRITE,2,L16|relpath_local|results/policy,"POL = os.path.join(P1, 'results/policy'); FIGDIR = os.path.join(P1, 'paper/figures')"
LITERAL,paper1/code/extra_experiments/a1_pareto.py,projects/ca_tosg/evaluation/ablations/a1_pareto.py,REWRITE,2,L16|relpath_local|paper/figures,"POL = os.path.join(P1, 'results/policy'); FIGDIR = os.path.join(P1, 'paper/figures')"
LITERAL,paper1/code/extra_experiments/a1_pareto.py,projects/ca_tosg/evaluation/ablations/a1_pareto.py,RE-ANCHOR,2,L15|path_anchor|os.path.dirname,HERE = os.path.dirname(os.path.abspath(__file__)); P1 = os.path.dirname(os.path.dirname(HERE))
LITERAL,paper1/code/extra_experiments/a1_pareto.py,projects/ca_tosg/evaluation/ablations/a1_pareto.py,RE-ANCHOR,2,L19|path_anchor|sys.path,"sys.path.insert(0, os.path.join(P1, 'code')); import paper_style as PS; PS.apply()"
LITERAL,paper1/code/extra_experiments/a2_difficulty.py,projects/ca_tosg/evaluation/ablations/a2_difficulty.py,REWRITE,2,L12|relpath_local|paper/figures/fig_difficulty.pdf,"Outputs: out/a2_difficulty.csv, out/a2_difficulty_reliable.csv, paper/figures/fig_difficulty.pdf"
LITERAL,paper1/code/extra_experiments/a2_difficulty.py,projects/ca_tosg/evaluation/ablations/a2_difficulty.py,REWRITE,2,L19|local_import|_common,import _common as C
LITERAL,paper1/code/extra_experiments/a2_difficulty.py,projects/ca_tosg/evaluation/ablations/a2_difficulty.py,REWRITE,2,L20|local_import|v3_eval,import v3_eval as V
LITERAL,paper1/code/extra_experiments/a3_subsets.py,projects/ca_tosg/evaluation/ablations/a3_subsets.py,REWRITE,2,L19|local_import|_common,import _common as C
LITERAL,paper1/code/extra_experiments/a4_jscc_aware.py,projects/ca_tosg/evaluation/ablations/a4_jscc_aware.py,REWRITE,2,L20|relpath_local|paper/figures/fig_jscc_aware.pdf,Output: paper/figures/fig_jscc_aware.pdf
LITERAL,paper1/code/extra_experiments/a4_jscc_aware.py,projects/ca_tosg/evaluation/ablations/a4_jscc_aware.py,REWRITE,2,L30|relpath_local|peiyi_work/04_experiment_logs/importance_map_jscc/jscc_eval,"JDIR = os.path.join(C.REPO, 'peiyi_work/04_experiment_logs/importance_map_jscc/jscc_eval')"
LITERAL,paper1/code/extra_experiments/a4_jscc_aware.py,projects/ca_tosg/evaluation/ablations/a4_jscc_aware.py,REWRITE,2,L28|local_import|_common,import _common as C
LITERAL,paper1/code/extra_experiments/a5_causality.py,projects/ca_tosg/evaluation/ablations/a5_causality.py,REWRITE,2,L22|local_import|_common,import _common as C
LITERAL,paper1/code/extra_experiments/a6_l_reliability.py,projects/ca_tosg/evaluation/ablations/a6_l_reliability.py,REWRITE,2,L17|local_import|_common,import _common as C
LITERAL,paper1/code/extra_experiments/a7_ablation.py,projects/ca_tosg/evaluation/ablations/a7_ablation.py,REWRITE,2,L15|local_import|_common,import _common as C
LITERAL,paper1/code/extra_experiments/a7_ablation.py,projects/ca_tosg/evaluation/ablations/a7_ablation.py,REWRITE,2,L16|local_import|v3_eval,import v3_eval as V
LITERAL,paper1/code/extra_experiments/a8_models.py,projects/ca_tosg/evaluation/ablations/a8_models.py,REWRITE,2,L23|relpath_local|results/policy/threshold_vs_rf.csv,RETUNED_TAU = 8.5   # engine best-tau on test (results/policy/threshold_vs_rf.csv)
LITERAL,paper1/code/extra_experiments/a8_models.py,projects/ca_tosg/evaluation/ablations/a8_models.py,REWRITE,2,L20|local_import|_common,import _common as C
LITERAL,paper1/code/extra_experiments/a8_models.py,projects/ca_tosg/evaluation/ablations/a8_models.py,REWRITE,2,L21|local_import|v3_eval,import v3_eval as V
LITERAL,paper1/code/extra_experiments/a9_hardening.py,projects/ca_tosg/evaluation/ablations/a9_hardening.py,REWRITE,2,L30|relpath_local|peiyi_work/04_experiment_logs/importance_map_jscc/ldpc_qam_bler_table.csv,'peiyi_work/04_experiment_logs/importance_map_jscc/ldpc_qam_bler_table.csv'))
LITERAL,paper1/code/extra_experiments/a9_hardening.py,projects/ca_tosg/evaluation/ablations/a9_hardening.py,REWRITE,2,L27|local_import|_common,import _common as C
LITERAL,paper1/code/extra_experiments/c_channels.py,projects/ca_tosg/evaluation/ablations/c_channels.py,REWRITE,2,L18|relpath_local|paper/figures/fig_rician.pdf,"Outputs: out/c_rician.csv, out/c_aging.csv, paper/figures/fig_rician.pdf"
LITERAL,paper1/code/extra_experiments/c_channels.py,projects/ca_tosg/evaluation/ablations/c_channels.py,REWRITE,2,L30|relpath_local|results/robustness_rician.csv,# Rician-fading output (results/robustness_rician.csv) was archived then REMOVED in P1.5 as
LITERAL,paper1/code/extra_experiments/c_channels.py,projects/ca_tosg/evaluation/ablations/c_channels.py,REWRITE,2,L34|relpath_local|peiyi_work/04_experiment_logs/importance_map_jscc/ldpc_qam_bler_table.csv,'peiyi_work/04_experiment_logs/importance_map_jscc/ldpc_qam_bler_table.csv'))
LITERAL,paper1/code/extra_experiments/c_channels.py,projects/ca_tosg/evaluation/ablations/c_channels.py,REWRITE,2,L27|local_import|_common,import _common as C
LITERAL,paper1/code/extra_experiments/jscc_perframe/build_channel_codec_ap.py,baselines/importance_map_jscc/perframe/build_channel_codec_ap.py,REWRITE,2,L4|relpath_local|results/jscc/jscc_ap_f1.csv,# results/jscc/jscc_ap_f1.csv (already scored). Reads only frozen inputs (comp/ego npz + v3 GT +
LITERAL,paper1/code/extra_experiments/jscc_perframe/build_channel_codec_ap.py,baselines/importance_map_jscc/perframe/build_channel_codec_ap.py,REWRITE,2,L11|relpath_local|results/jscc/channel_codec_ap.csv,"Output: results/jscc/channel_codec_ap.csv (long form: channel, codec, snr_db, ap50)."
LITERAL,paper1/code/extra_experiments/jscc_perframe/build_channel_codec_ap.py,baselines/importance_map_jscc/perframe/build_channel_codec_ap.py,REWRITE,2,L16|relpath_local|peiyi_work/paper1/code/extra_experiments,"sys.path.insert(0, REPO); sys.path.insert(0, os.path.join(REPO, 'peiyi_work/paper1/code/extra_experiments'))"
LITERAL,paper1/code/extra_experiments/jscc_perframe/build_channel_codec_ap.py,baselines/importance_map_jscc/perframe/build_channel_codec_ap.py,REWRITE,2,L22|relpath_local|peiyi_work/paper1,"P1 = os.path.join(REPO, 'peiyi_work/paper1'); GS = os.path.join(P1, 'gs_rerun'); OUT = os.path.join(P1, 'results/jscc')"
LITERAL,paper1/code/extra_experiments/jscc_perframe/build_channel_codec_ap.py,baselines/importance_map_jscc/perframe/build_channel_codec_ap.py,REWRITE,2,L22|relpath_local|results/jscc,"P1 = os.path.join(REPO, 'peiyi_work/paper1'); GS = os.path.join(P1, 'gs_rerun'); OUT = os.path.join(P1, 'results/jscc')"
LITERAL,paper1/code/extra_experiments/jscc_perframe/build_channel_codec_ap.py,baselines/importance_map_jscc/perframe/build_channel_codec_ap.py,RE-ANCHOR,2,L15|path_anchor|os.path.dirname,"HERE = os.path.dirname(os.path.abspath(__file__)); REPO = os.path.abspath(os.path.join(HERE, *(['..'] * 5)))"
LITERAL,paper1/code/extra_experiments/jscc_perframe/build_channel_codec_ap.py,baselines/importance_map_jscc/perframe/build_channel_codec_ap.py,RE-ANCHOR,2,L16|path_anchor|sys.path,"sys.path.insert(0, REPO); sys.path.insert(0, os.path.join(REPO, 'peiyi_work/paper1/code/extra_experiments'))"
LITERAL,paper1/code/extra_experiments/jscc_perframe/build_channel_codec_ap.py,baselines/importance_map_jscc/perframe/build_channel_codec_ap.py,RE-ANCHOR,2,L17|path_anchor|sys.path,"sys.path.insert(0, HERE)"
LITERAL,paper1/code/extra_experiments/jscc_perframe/build_channel_codec_ap.py,baselines/importance_map_jscc/perframe/build_channel_codec_ap.py,REWRITE,2,L19|local_import|v3_eval,import v3_eval as V
LITERAL,paper1/code/extra_experiments/jscc_perframe/build_channel_codec_ap.py,baselines/importance_map_jscc/perframe/build_channel_codec_ap.py,REWRITE,2,L20|local_import|score_jscc,import score_jscc as SC
LITERAL,paper1/code/extra_experiments/jscc_perframe/build_two_regime_edge.py,baselines/importance_map_jscc/perframe/build_two_regime_edge.py,REWRITE,2,L14|relpath_local|results/jscc/two_regime_edge.csv,"Outputs: results/jscc/two_regime_edge.csv (appends per channel,split,regime)."
LITERAL,paper1/code/extra_experiments/jscc_perframe/build_two_regime_edge.py,baselines/importance_map_jscc/perframe/build_two_regime_edge.py,REWRITE,2,L20|relpath_local|peiyi_work/paper1/code/extra_experiments,"sys.path.insert(0, REPO); sys.path.insert(0, os.path.join(REPO, 'peiyi_work/paper1/code/extra_experiments'))"
LITERAL,paper1/code/extra_experiments/jscc_perframe/build_two_regime_edge.py,baselines/importance_map_jscc/perframe/build_two_regime_edge.py,REWRITE,2,L25|relpath_local|peiyi_work/paper1,"P1 = os.path.join(REPO, 'peiyi_work/paper1'); DATA = os.path.join(P1, 'data')"
LITERAL,paper1/code/extra_experiments/jscc_perframe/build_two_regime_edge.py,baselines/importance_map_jscc/perframe/build_two_regime_edge.py,REWRITE,2,L26|relpath_local|results/jscc,"JSCC_DIR = os.path.join(P1, 'gs_rerun/jscc_v3'); OUT = os.path.join(P1, 'results/jscc')"
LITERAL,paper1/code/extra_experiments/jscc_perframe/build_two_regime_edge.py,baselines/importance_map_jscc/perframe/build_two_regime_edge.py,RE-ANCHOR,2,L19|path_anchor|os.path.dirname,"HERE = os.path.dirname(os.path.abspath(__file__)); REPO = os.path.abspath(os.path.join(HERE, *(['..'] * 5)))"
LITERAL,paper1/code/extra_experiments/jscc_perframe/build_two_regime_edge.py,baselines/importance_map_jscc/perframe/build_two_regime_edge.py,RE-ANCHOR,2,L20|path_anchor|sys.path,"sys.path.insert(0, REPO); sys.path.insert(0, os.path.join(REPO, 'peiyi_work/paper1/code/extra_experiments'))"
LITERAL,paper1/code/extra_experiments/jscc_perframe/build_two_regime_edge.py,baselines/importance_map_jscc/perframe/build_two_regime_edge.py,RE-ANCHOR,2,L21|path_anchor|sys.path,"sys.path.insert(0, HERE)"
LITERAL,paper1/code/extra_experiments/jscc_perframe/build_two_regime_edge.py,baselines/importance_map_jscc/perframe/build_two_regime_edge.py,REWRITE,2,L22|local_import|v3_eval,import v3_eval as V
LITERAL,paper1/code/extra_experiments/jscc_perframe/build_two_regime_edge.py,baselines/importance_map_jscc/perframe/build_two_regime_edge.py,REWRITE,2,L23|local_import|score_jscc,import score_jscc as SC
LITERAL,paper1/code/extra_experiments/jscc_perframe/build_two_regime_edge.py,baselines/importance_map_jscc/perframe/build_two_regime_edge.py,REWRITE,2,L99|local_import|_common,import _common as C
LITERAL,paper1/code/extra_experiments/jscc_perframe/build_two_regime_edge_clean.py,baselines/importance_map_jscc/perframe/build_two_regime_edge_clean.py,REWRITE,2,L18|relpath_local|results/jscc/two_regime_edge_clean.csv,"Output: results/jscc/two_regime_edge_clean.csv (one row per channel,regime,eval_split)."
LITERAL,paper1/code/extra_experiments/jscc_perframe/build_two_regime_edge_clean.py,baselines/importance_map_jscc/perframe/build_two_regime_edge_clean.py,REWRITE,2,L27|relpath_local|peiyi_work/paper1/code/extra_experiments,"sys.path.insert(0, os.path.join(REPO, 'peiyi_work/paper1/code/extra_experiments'))"
LITERAL,paper1/code/extra_experiments/jscc_perframe/build_two_regime_edge_clean.py,baselines/importance_map_jscc/perframe/build_two_regime_edge_clean.py,REWRITE,2,L37|relpath_local|peiyi_work/paper1,"P1 = os.path.join(REPO, 'peiyi_work/paper1'); DATA = os.path.join(P1, 'data')"
LITERAL,paper1/code/extra_experiments/jscc_perframe/build_two_regime_edge_clean.py,baselines/importance_map_jscc/perframe/build_two_regime_edge_clean.py,REWRITE,2,L38|relpath_local|results/jscc,"OUT = os.path.join(P1, 'results/jscc')"
LITERAL,paper1/code/extra_experiments/jscc_perframe/build_two_regime_edge_clean.py,baselines/importance_map_jscc/perframe/build_two_regime_edge_clean.py,RE-ANCHOR,2,L24|path_anchor|os.path.dirname,HERE = os.path.dirname(os.path.abspath(__file__))
LITERAL,paper1/code/extra_experiments/jscc_perframe/build_two_regime_edge_clean.py,baselines/importance_map_jscc/perframe/build_two_regime_edge_clean.py,RE-ANCHOR,2,L26|path_anchor|sys.path,"sys.path.insert(0, REPO)"
LITERAL,paper1/code/extra_experiments/jscc_perframe/build_two_regime_edge_clean.py,baselines/importance_map_jscc/perframe/build_two_regime_edge_clean.py,RE-ANCHOR,2,L27|path_anchor|sys.path,"sys.path.insert(0, os.path.join(REPO, 'peiyi_work/paper1/code/extra_experiments'))"
LITERAL,paper1/code/extra_experiments/jscc_perframe/build_two_regime_edge_clean.py,baselines/importance_map_jscc/perframe/build_two_regime_edge_clean.py,RE-ANCHOR,2,L28|path_anchor|sys.path,"sys.path.insert(0, HERE)"
LITERAL,paper1/code/extra_experiments/jscc_perframe/build_two_regime_edge_clean.py,baselines/importance_map_jscc/perframe/build_two_regime_edge_clean.py,REWRITE,2,L29|local_import|v3_eval,import v3_eval as V
LITERAL,paper1/code/extra_experiments/jscc_perframe/build_two_regime_edge_clean.py,baselines/importance_map_jscc/perframe/build_two_regime_edge_clean.py,REWRITE,2,L30|local_import|score_jscc,import score_jscc as SC
LITERAL,paper1/code/extra_experiments/jscc_perframe/build_two_regime_edge_clean.py,baselines/importance_map_jscc/perframe/build_two_regime_edge_clean.py,REWRITE,2,L34|local_import|build_two_regime_edge,"from build_two_regime_edge import (jscc_grid as _jscc_grid_rescore, eff_C_of, SNR_GRID,"
LITERAL,paper1/code/extra_experiments/jscc_perframe/build_two_regime_edge_clean.py,baselines/importance_map_jscc/perframe/build_two_regime_edge_clean.py,REWRITE,2,L123|local_import|_common,import _common as C
LITERAL,paper1/code/extra_experiments/jscc_perframe/jscc_selector_compare.py,baselines/importance_map_jscc/perframe/jscc_selector_compare.py,RE-ANCHOR,2,L32|path_anchor|os.path.dirname,HERE = os.path.dirname(os.path.abspath(__file__))
LITERAL,paper1/code/extra_experiments/jscc_perframe/jscc_selector_compare.py,baselines/importance_map_jscc/perframe/jscc_selector_compare.py,RE-ANCHOR,2,L34|path_anchor|sys.path,"sys.path.insert(0, os.path.join(ROOT, 'extra_experiments'))"
LITERAL,paper1/code/extra_experiments/jscc_perframe/jscc_selector_compare.py,baselines/importance_map_jscc/perframe/jscc_selector_compare.py,REWRITE,2,L35|local_import|_common,import _common as C  # noqa: E402
LITERAL,paper1/code/extra_experiments/jscc_perframe/jscc_sweep.py,baselines/importance_map_jscc/perframe/jscc_sweep.py,REWRITE,2,L22|relpath_local|peiyi_work/paper1,P1 = REPO / 'peiyi_work/paper1'
LITERAL,paper1/code/extra_experiments/jscc_perframe/jscc_sweep.py,baselines/importance_map_jscc/perframe/jscc_sweep.py,REWRITE,2,L23|relpath_local|code/regen_preds_with_scores.py,REGEN = P1 / 'code/regen_preds_with_scores.py'
LITERAL,paper1/code/extra_experiments/jscc_perframe/jscc_sweep.py,baselines/importance_map_jscc/perframe/jscc_sweep.py,REWRITE,2,L25|relpath_local|opencood/hypes_yaml/point_pillar_importance_map_jscc_,CFG = {c: REPO / f'opencood/hypes_yaml/point_pillar_importance_map_jscc_{c}_learned.yaml'
LITERAL,paper1/code/extra_experiments/jscc_perframe/jscc_sweep.py,baselines/importance_map_jscc/perframe/jscc_sweep.py,REWRITE,2,L29|relpath_local|opencood/,DATA = REPO / 'opencood/../opv2v_data_dumping'           # -> OpenCOOD/opv2v_data_dumping
LITERAL,paper1/code/extra_experiments/jscc_perframe/jscc_sweep.py,baselines/importance_map_jscc/perframe/jscc_sweep.py,REWRITE,2,L29|relpath_local|OpenCOOD/opv2v_data_dumping,DATA = REPO / 'opencood/../opv2v_data_dumping'           # -> OpenCOOD/opv2v_data_dumping
LITERAL,paper1/code/extra_experiments/jscc_perframe/jscc_sweep.py,baselines/importance_map_jscc/perframe/jscc_sweep.py,REWRITE,2,L30|relpath_local|opv2v_data_dumping/validate,"SPLIT_DIR = {'validate': str((REPO / 'opv2v_data_dumping/validate')),"
LITERAL,paper1/code/extra_experiments/jscc_perframe/jscc_sweep.py,baselines/importance_map_jscc/perframe/jscc_sweep.py,REWRITE,2,L31|relpath_local|opv2v_data_dumping/test,"'test': str((REPO / 'opv2v_data_dumping/test')),"
LITERAL,paper1/code/extra_experiments/jscc_perframe/jscc_sweep.py,baselines/importance_map_jscc/perframe/jscc_sweep.py,REWRITE,2,L32|relpath_local|opv2v_data_dumping/test_culver_city,'culver': str((REPO / 'opv2v_data_dumping/test_culver_city'))}
LITERAL,paper1/code/extra_experiments/jscc_perframe/jscc_sweep.py,baselines/importance_map_jscc/perframe/jscc_sweep.py,RE-ANCHOR,2,L20|path_anchor|Path(__file__),HERE = Path(__file__).resolve().parent
LITERAL,paper1/code/extra_experiments/jscc_perframe/jscc_sweep.py,baselines/importance_map_jscc/perframe/jscc_sweep.py,RE-ANCHOR,2,L21|path_anchor|parents[,REPO = HERE.parents[4]                                   # OpenCOOD root
LITERAL,paper1/code/extra_experiments/jscc_perframe/kfold_two_regime_diag.py,baselines/importance_map_jscc/perframe/kfold_two_regime_diag.py,REWRITE,2,L15|relpath_local|peiyi_work/paper1/code/extra_experiments,"sys.path.insert(0, os.path.join(REPO, 'peiyi_work/paper1/code/extra_experiments'))"
LITERAL,paper1/code/extra_experiments/jscc_perframe/kfold_two_regime_diag.py,baselines/importance_map_jscc/perframe/kfold_two_regime_diag.py,RE-ANCHOR,2,L12|path_anchor|os.path.dirname,HERE = os.path.dirname(os.path.abspath(__file__))
LITERAL,paper1/code/extra_experiments/jscc_perframe/kfold_two_regime_diag.py,baselines/importance_map_jscc/perframe/kfold_two_regime_diag.py,RE-ANCHOR,2,L14|path_anchor|sys.path,"sys.path.insert(0, REPO)"
LITERAL,paper1/code/extra_experiments/jscc_perframe/kfold_two_regime_diag.py,baselines/importance_map_jscc/perframe/kfold_two_regime_diag.py,RE-ANCHOR,2,L15|path_anchor|sys.path,"sys.path.insert(0, os.path.join(REPO, 'peiyi_work/paper1/code/extra_experiments'))"
LITERAL,paper1/code/extra_experiments/jscc_perframe/kfold_two_regime_diag.py,baselines/importance_map_jscc/perframe/kfold_two_regime_diag.py,RE-ANCHOR,2,L16|path_anchor|sys.path,"sys.path.insert(0, HERE)"
LITERAL,paper1/code/extra_experiments/jscc_perframe/kfold_two_regime_diag.py,baselines/importance_map_jscc/perframe/kfold_two_regime_diag.py,REWRITE,2,L17|local_import|v3_eval,import v3_eval as V
LITERAL,paper1/code/extra_experiments/jscc_perframe/kfold_two_regime_diag.py,baselines/importance_map_jscc/perframe/kfold_two_regime_diag.py,REWRITE,2,L18|local_import|build_two_regime_edge_clean,"import build_two_regime_edge_clean as B   # _load, _realise, eff_C_of, jscc_grid(cached), TAU_GRID, PAY_*"
LITERAL,paper1/code/extra_experiments/jscc_perframe/kfold_two_regime_diag.py,baselines/importance_map_jscc/perframe/kfold_two_regime_diag.py,REWRITE,2,L19|local_import|_common,import _common as C
LITERAL,paper1/code/extra_experiments/jscc_perframe/make_two_regime_figure.py,baselines/importance_map_jscc/perframe/make_two_regime_figure.py,REWRITE,2,L8|relpath_local|paper/figures/fig_two_regime.pdf,Outputs: paper/figures/fig_two_regime.pdf (+ _preview.png) and
LITERAL,paper1/code/extra_experiments/jscc_perframe/make_two_regime_figure.py,baselines/importance_map_jscc/perframe/make_two_regime_figure.py,RE-ANCHOR,2,L20|path_anchor|os.path.dirname,HERE = os.path.dirname(os.path.abspath(__file__))
LITERAL,paper1/code/extra_experiments/jscc_perframe/make_two_regime_figure.py,baselines/importance_map_jscc/perframe/make_two_regime_figure.py,RE-ANCHOR,2,L22|path_anchor|sys.path,"sys.path.insert(0, os.path.join(ROOT, 'extra_experiments'))"
LITERAL,paper1/code/extra_experiments/jscc_perframe/make_two_regime_figure.py,baselines/importance_map_jscc/perframe/make_two_regime_figure.py,REWRITE,2,L23|local_import|_common,import _common as C  # noqa: E402
LITERAL,paper1/code/extra_experiments/jscc_perframe/make_two_regime_figure.py,baselines/importance_map_jscc/perframe/make_two_regime_figure.py,REWRITE,2,L66|local_import|build_two_regime_edge,import build_two_regime_edge as BE
LITERAL,paper1/code/extra_experiments/jscc_perframe/plot_channel_codec_ap.py,baselines/importance_map_jscc/perframe/plot_channel_codec_ap.py,REWRITE,2,L13|relpath_local|results/jscc,"POL = os.path.join(P1, 'results/jscc'); FIGDIR = os.path.join(P1, 'paper/figures')"
LITERAL,paper1/code/extra_experiments/jscc_perframe/plot_channel_codec_ap.py,baselines/importance_map_jscc/perframe/plot_channel_codec_ap.py,REWRITE,2,L13|relpath_local|paper/figures,"POL = os.path.join(P1, 'results/jscc'); FIGDIR = os.path.join(P1, 'paper/figures')"
LITERAL,paper1/code/extra_experiments/jscc_perframe/plot_channel_codec_ap.py,baselines/importance_map_jscc/perframe/plot_channel_codec_ap.py,RE-ANCHOR,2,L12|path_anchor|os.path.dirname,HERE = os.path.dirname(os.path.abspath(__file__)); P1 = os.path.dirname(os.path.dirname(os.path.dirname(HERE)))
LITERAL,paper1/code/extra_experiments/jscc_perframe/plot_channel_codec_ap.py,baselines/importance_map_jscc/perframe/plot_channel_codec_ap.py,RE-ANCHOR,2,L16|path_anchor|sys.path,"sys.path.insert(0, os.path.join(P1, 'code')); import paper_style as PS; PS.apply()"
LITERAL,paper1/code/extra_experiments/jscc_perframe/run_jscc_perframe.py,baselines/importance_map_jscc/perframe/run_jscc_perframe.py,REWRITE,2,L8|relpath_local|analysis_tools/inference_subset.py,"3. run analysis_tools/inference_subset.py --save_npy (dumps per-frame pred/gt .npy),"
LITERAL,paper1/code/extra_experiments/jscc_perframe/run_jscc_perframe.py,baselines/importance_map_jscc/perframe/run_jscc_perframe.py,REWRITE,2,L15|relpath_local|peiyi_work/01_paper_ca_tosg/extra_experiments/jscc_perframe/run_jscc_perframe.py,peiyi_work/01_paper_ca_tosg/extra_experiments/jscc_perframe/run_jscc_perframe.py \
LITERAL,paper1/code/extra_experiments/jscc_perframe/run_jscc_perframe.py,baselines/importance_map_jscc/perframe/run_jscc_perframe.py,REWRITE,2,L27|relpath_local|code/,"# code/, the repo root is parents[5] (was [4]); inference_subset.py moved to paper1/analysis_tools/;"
LITERAL,paper1/code/extra_experiments/jscc_perframe/run_jscc_perframe.py,baselines/importance_map_jscc/perframe/run_jscc_perframe.py,REWRITE,2,L27|relpath_local|paper1/analysis_tools/,"# code/, the repo root is parents[5] (was [4]); inference_subset.py moved to paper1/analysis_tools/;"
LITERAL,paper1/code/extra_experiments/jscc_perframe/run_jscc_perframe.py,baselines/importance_map_jscc/perframe/run_jscc_perframe.py,REWRITE,2,L28|relpath_local|results/DATA_MANIFEST.md,"# the learned stage2 checkpoints live on the H: drive (registered in results/DATA_MANIFEST.md, md5"
LITERAL,paper1/code/extra_experiments/jscc_perframe/run_jscc_perframe.py,baselines/importance_map_jscc/perframe/run_jscc_perframe.py,REWRITE,2,L31|relpath_local|peiyi_work/paper1/analysis_tools/inference_subset.py,INFER = REPO / 'peiyi_work/paper1/analysis_tools/inference_subset.py'
LITERAL,paper1/code/extra_experiments/jscc_perframe/run_jscc_perframe.py,baselines/importance_map_jscc/perframe/run_jscc_perframe.py,REWRITE,2,L35|relpath_local|opencood/hypes_yaml/point_pillar_importance_map_jscc_awgn_learned.yaml,"'awgn':     REPO / 'opencood/hypes_yaml/point_pillar_importance_map_jscc_awgn_learned.yaml',"
LITERAL,paper1/code/extra_experiments/jscc_perframe/run_jscc_perframe.py,baselines/importance_map_jscc/perframe/run_jscc_perframe.py,REWRITE,2,L36|relpath_local|opencood/hypes_yaml/point_pillar_importance_map_jscc_rayleigh_learned.yaml,"'rayleigh': REPO / 'opencood/hypes_yaml/point_pillar_importance_map_jscc_rayleigh_learned.yaml',"
LITERAL,paper1/code/extra_experiments/jscc_perframe/run_jscc_perframe.py,baselines/importance_map_jscc/perframe/run_jscc_perframe.py,REWRITE,2,L37|relpath_local|opencood/hypes_yaml/point_pillar_importance_map_jscc_ofdm_learned.yaml,"'ofdm':     REPO / 'opencood/hypes_yaml/point_pillar_importance_map_jscc_ofdm_learned.yaml',"
LITERAL,paper1/code/extra_experiments/jscc_perframe/run_jscc_perframe.py,baselines/importance_map_jscc/perframe/run_jscc_perframe.py,RE-ANCHOR,2,L27|path_anchor|parents[,"# code/, the repo root is parents[5] (was [4]); inference_subset.py moved to paper1/analysis_tools/;"
LITERAL,paper1/code/extra_experiments/jscc_perframe/run_jscc_perframe.py,baselines/importance_map_jscc/perframe/run_jscc_perframe.py,RE-ANCHOR,2,L30|path_anchor|Path(__file__),REPO = Path(__file__).resolve().parents[5]          # OpenCOOD repo root
LITERAL,paper1/code/extra_experiments/jscc_perframe/run_jscc_perframe.py,baselines/importance_map_jscc/perframe/run_jscc_perframe.py,RE-ANCHOR,2,L32|path_anchor|Path(__file__),HERE = Path(__file__).resolve().parent
LITERAL,paper1/code/extra_experiments/jscc_perframe/score_jscc.py,baselines/importance_map_jscc/perframe/score_jscc.py,REWRITE,2,L7|relpath_local|results/jscc/jscc_ap_f1.csv,results/jscc/jscc_ap_f1.csv and per-frame F1 npz jscc_perframe_f1_<ch>_<split>.npz.
LITERAL,paper1/code/extra_experiments/jscc_perframe/score_jscc.py,baselines/importance_map_jscc/perframe/score_jscc.py,REWRITE,2,L10|relpath_local|results/jscc/interp_probe_mae.csv,real F1_10. One row -> results/jscc/interp_probe_mae.csv.
LITERAL,paper1/code/extra_experiments/jscc_perframe/score_jscc.py,baselines/importance_map_jscc/perframe/score_jscc.py,REWRITE,2,L17|relpath_local|peiyi_work/paper1,"P1 = os.path.join(REPO, 'peiyi_work/paper1'); GS = os.path.join(P1, 'gs_rerun')"
LITERAL,paper1/code/extra_experiments/jscc_perframe/score_jscc.py,baselines/importance_map_jscc/perframe/score_jscc.py,REWRITE,2,L18|relpath_local|results/jscc,"JSCC_DIR = os.path.join(GS, 'jscc_v3'); OUT = os.path.join(P1, 'results/jscc')"
LITERAL,paper1/code/extra_experiments/jscc_perframe/score_jscc.py,baselines/importance_map_jscc/perframe/score_jscc.py,REWRITE,2,L76|relpath_local|results/jscc/interp_probe_mae.csv,"print('\n[PROBE]', row); print('wrote results/jscc/interp_probe_mae.csv')"
LITERAL,paper1/code/extra_experiments/jscc_perframe/score_jscc.py,baselines/importance_map_jscc/perframe/score_jscc.py,REWRITE,2,L95|relpath_local|results/jscc/jscc_ap_f1.csv,print('wrote results/jscc/jscc_ap_f1.csv')
LITERAL,paper1/code/extra_experiments/jscc_perframe/score_jscc.py,baselines/importance_map_jscc/perframe/score_jscc.py,RE-ANCHOR,2,L14|path_anchor|os.path.dirname,"HERE = os.path.dirname(os.path.abspath(__file__)); REPO = os.path.abspath(os.path.join(HERE, *(['..'] * 5)))"
LITERAL,paper1/code/extra_experiments/jscc_perframe/score_jscc.py,baselines/importance_map_jscc/perframe/score_jscc.py,RE-ANCHOR,2,L15|path_anchor|sys.path,"sys.path.insert(0, REPO)"
LITERAL,paper1/code/extra_experiments/jscc_perframe/score_jscc_perframe.py,baselines/importance_map_jscc/perframe/score_jscc_perframe.py,RE-ANCHOR,2,L19|path_anchor|os.path.dirname,"REPO = os.path.abspath(os.path.join(os.path.dirname(__file__), *(['..'] * 4)))"
LITERAL,paper1/code/extra_experiments/jscc_perframe/score_jscc_perframe.py,baselines/importance_map_jscc/perframe/score_jscc_perframe.py,RE-ANCHOR,2,L20|path_anchor|sys.path,"sys.path.insert(0, REPO)"
LITERAL,paper1/code/extra_experiments/jscc_perframe/score_jscc_perframe.py,baselines/importance_map_jscc/perframe/score_jscc_perframe.py,RE-ANCHOR,2,L23|path_anchor|os.path.dirname,HERE = os.path.dirname(os.path.abspath(__file__))
LITERAL,paper1/code/extra_experiments/jscc_perframe/score_jscc_perframe.py,baselines/importance_map_jscc/perframe/score_jscc_perframe.py,RE-ANCHOR,2,L80|path_anchor|os.path.dirname,"os.makedirs(os.path.dirname(out), exist_ok=True)"
LITERAL,paper1/code/extra_experiments/robustness.py,projects/ca_tosg/evaluation/ablations/robustness.py,REWRITE,2,L19|local_import|_common,import _common as C
LITERAL,paper1/code/extra_experiments/robustness.py,projects/ca_tosg/evaluation/ablations/robustness.py,REWRITE,2,L20|local_import|v3_eval,import v3_eval as V
LITERAL,paper1/code/extra_experiments/v3_eval.py,projects/ca_tosg/evaluation/v3_eval.py,REWRITE,2,L17|relpath_local|results/bler_sionna/bler_sionna.csv,"BLER_CSV = os.path.join(_P1, 'results/bler_sionna/bler_sionna.csv')"
LITERAL,paper1/code/extra_experiments/v3_eval.py,projects/ca_tosg/evaluation/v3_eval.py,RE-ANCHOR,2,L15|path_anchor|os.path.dirname,_HERE = os.path.dirname(os.path.abspath(__file__))
LITERAL,paper1/code/extra_experiments/v3_eval.py,projects/ca_tosg/evaluation/v3_eval.py,RE-ANCHOR,2,L16|path_anchor|os.path.dirname,_P1 = os.path.dirname(os.path.dirname(_HERE))
LITERAL,paper1/code/extra_experiments/v3_eval.py,projects/ca_tosg/evaluation/v3_eval.py,RE-ANCHOR,2,L31|path_anchor|os.path.dirname,"_OFDM = os.path.join(os.path.dirname(BLER_CSV), 'bler_sionna_ofdm.csv')"
LITERAL,paper1/code/extract_claims.py,tests/test_result_consistency.py,REWRITE,2,L5|relpath_local|paper/main.tex,"Pulls every number-bearing sentence out of paper/main.tex and emits paper1/CLAIMS.md, a 9-column"
LITERAL,paper1/code/extract_claims.py,tests/test_result_consistency.py,REWRITE,2,L5|relpath_local|paper1/CLAIMS.md,"Pulls every number-bearing sentence out of paper/main.tex and emits paper1/CLAIMS.md, a 9-column"
LITERAL,paper1/code/extract_claims.py,tests/test_result_consistency.py,REWRITE,2,L26|relpath_local|paper1/code/extract_claims.py,Run:  python paper1/code/extract_claims.py          # writes paper1/CLAIMS.md
LITERAL,paper1/code/extract_claims.py,tests/test_result_consistency.py,REWRITE,2,L26|relpath_local|paper1/CLAIMS.md,Run:  python paper1/code/extract_claims.py          # writes paper1/CLAIMS.md
LITERAL,paper1/code/extract_claims.py,tests/test_result_consistency.py,REWRITE,2,L27|relpath_local|paper1/code/extract_claims.py,python paper1/code/extract_claims.py --check   # exit 1 if CLAIMS.md is stale
LITERAL,paper1/code/extract_claims.py,tests/test_result_consistency.py,REWRITE,2,L36|relpath_local|paper/main.tex,"TEX = os.path.join(P1, 'paper/main.tex')"
LITERAL,paper1/code/extract_claims.py,tests/test_result_consistency.py,REWRITE,2,L145|relpath_local|paper/main.tex,"""Every number-bearing sentence in `paper/main.tex`, one row per claim. **Auto-generated by """
LITERAL,paper1/code/extract_claims.py,tests/test_result_consistency.py,REWRITE,2,L146|relpath_local|code/extract_claims.py,"""`code/extract_claims.py`** (ID + Claim + Exact value). Stable `ID` survives re-runs. The six """
LITERAL,paper1/code/extract_claims.py,tests/test_result_consistency.py,REWRITE,2,L189|relpath_local|paper/main.tex,"lines.append(f""\n_Total: {len(rows)} number-bearing claims from `paper/main.tex`. """
LITERAL,paper1/code/extract_claims.py,tests/test_result_consistency.py,REWRITE,2,L200|relpath_local|code/extract_claims.py,print('CLAIMS.md is STALE vs main.tex -- re-run: python code/extract_claims.py')
LITERAL,paper1/code/extract_claims.py,tests/test_result_consistency.py,RE-ANCHOR,2,L34|path_anchor|os.path.dirname,HERE = os.path.dirname(os.path.abspath(__file__))
LITERAL,paper1/code/extract_claims.py,tests/test_result_consistency.py,RE-ANCHOR,2,L35|path_anchor|os.path.dirname,P1 = os.path.dirname(HERE)
LITERAL,paper1/code/gt_audit.py,projects/ca_tosg/evaluation/gt_audit.py,REWRITE,2,L12|relpath_local|results/gt_audit.csv,# Output: results/gt_audit.csv
LITERAL,paper1/code/gt_audit.py,projects/ca_tosg/evaluation/gt_audit.py,REWRITE,2,L16|relpath_local|peiyi_work/paper1/gs_rerun,"GS = os.path.join(REPO, 'peiyi_work/paper1/gs_rerun')"
LITERAL,paper1/code/gt_audit.py,projects/ca_tosg/evaluation/gt_audit.py,REWRITE,2,L68|relpath_local|results/gt_audit.csv,"df.to_csv(os.path.join(os.path.dirname(os.path.dirname(os.path.abspath(__file__))), 'results/gt_audit.csv'), index=False"
LITERAL,paper1/code/gt_audit.py,projects/ca_tosg/evaluation/gt_audit.py,REWRITE,2,L71|relpath_local|results/gt_audit.csv,"print(""[artifact] results/gt_audit.csv"")"
LITERAL,paper1/code/gt_audit.py,projects/ca_tosg/evaluation/gt_audit.py,RE-ANCHOR,2,L15|path_anchor|sys.path,"REPO = '/home/josh/cooperative_semantic_perception/OpenCOOD'; sys.path.insert(0, REPO)"
LITERAL,paper1/code/gt_audit.py,projects/ca_tosg/evaluation/gt_audit.py,RE-ANCHOR,2,L68|path_anchor|os.path.dirname,"df.to_csv(os.path.join(os.path.dirname(os.path.dirname(os.path.abspath(__file__))), 'results/gt_audit.csv'), index=False"
LITERAL,paper1/code/make_dataset.py,projects/ca_tosg/datasets/opv2v.py,REWRITE,2,L6|relpath_local|data/dataset_,Inputs  : data/dataset_{split}_v3.csv  (from recompute_canonical_f1.py -- carries the canonical
LITERAL,paper1/code/make_dataset.py,projects/ca_tosg/datasets/opv2v.py,REWRITE,2,L14|relpath_local|results/bler_sionna/bler_sionna.csv,"1. BLER SOURCE = Sionna frame-level table results/bler_sionna/bler_sionna.csv, reading the"
LITERAL,paper1/code/make_dataset.py,projects/ca_tosg/datasets/opv2v.py,REWRITE,2,L54|relpath_local|peiyi_work/paper1,"P1 = os.path.join(REPO, 'peiyi_work/paper1')"
LITERAL,paper1/code/make_dataset.py,projects/ca_tosg/datasets/opv2v.py,REWRITE,2,L56|relpath_local|results/bler_sionna/bler_sionna.csv,"BLER_CSV = os.path.join(P1, 'results/bler_sionna/bler_sionna.csv')  # frame-level, Es/N0"
LITERAL,paper1/code/p2_dataprep/anomaly_check.py,projects/ca_tosg/evaluation/anomaly_check.py,REWRITE,2,L5|relpath_local|results/p2_deploy/,"Reads results/p2_deploy/* + FROZEN_MANIFEST.json + the grids, tests every pre-registered sec-8"
LITERAL,paper1/code/p2_dataprep/anomaly_check.py,projects/ca_tosg/evaluation/anomaly_check.py,REWRITE,2,L6|relpath_local|results/p2_deploy/anomaly_report.txt,"expectation, writes results/p2_deploy/anomaly_report.txt, and -- per the binding handling rules --"
LITERAL,paper1/code/p2_dataprep/anomaly_check.py,projects/ca_tosg/evaluation/anomaly_check.py,REWRITE,2,L10|relpath_local|paper1/code/p2_dataprep/anomaly_check.py,Run:  /path/to/env/python paper1/code/p2_dataprep/anomaly_check.py
LITERAL,paper1/code/p2_dataprep/anomaly_check.py,projects/ca_tosg/evaluation/anomaly_check.py,REWRITE,2,L20|relpath_local|results/p2_deploy,"DEPLOY = os.path.join(P1, 'results/p2_deploy')"
LITERAL,paper1/code/p2_dataprep/anomaly_check.py,projects/ca_tosg/evaluation/anomaly_check.py,REWRITE,2,L21|relpath_local|results/p2_dataprep/FROZEN_MANIFEST.json,"MANIFEST = os.path.join(P1, 'results/p2_dataprep/FROZEN_MANIFEST.json')"
LITERAL,paper1/code/p2_dataprep/anomaly_check.py,projects/ca_tosg/evaluation/anomaly_check.py,REWRITE,2,L113|relpath_local|results/p2_deploy/anomaly_report.txt,'(see results/p2_deploy/anomaly_report.txt). Halted per handling rule 1.')
LITERAL,paper1/code/p2_dataprep/anomaly_check.py,projects/ca_tosg/evaluation/anomaly_check.py,RE-ANCHOR,2,L18|path_anchor|os.path.dirname,HERE = os.path.dirname(os.path.abspath(__file__))
LITERAL,paper1/code/p2_dataprep/anomaly_check.py,projects/ca_tosg/evaluation/anomaly_check.py,RE-ANCHOR,2,L19|path_anchor|os.path.dirname,P1 = os.path.dirname(os.path.dirname(HERE))
LITERAL,paper1/code/p2_dataprep/check_leakage.py,tests/test_data_leakage.py,REWRITE,2,L24|relpath_local|data/p2/,"Data-dependent: the validate grid lives in data/p2/ (git-excluded). If absent, the gate FAILS with an"
LITERAL,paper1/code/p2_dataprep/check_leakage.py,tests/test_data_leakage.py,REWRITE,2,L42|relpath_local|peiyi_work/paper1/data,"DATA = os.path.join(OPENCOOD, 'peiyi_work/paper1/data')"
LITERAL,paper1/code/p2_dataprep/check_leakage.py,tests/test_data_leakage.py,REWRITE,2,L43|relpath_local|data/p2,"GRID = os.path.join(P1, 'data/p2')"
LITERAL,paper1/code/p2_dataprep/check_leakage.py,tests/test_data_leakage.py,REWRITE,2,L44|relpath_local|results/p2_dataprep,"PROV = os.path.join(P1, 'results/p2_dataprep')"
LITERAL,paper1/code/p2_dataprep/check_leakage.py,tests/test_data_leakage.py,REWRITE,2,L50|relpath_local|results/bler_sionna/bler_sionna.csv,"BLER_CSV = os.path.join(P1, 'results/bler_sionna/bler_sionna.csv')"
LITERAL,paper1/code/p2_dataprep/check_leakage.py,tests/test_data_leakage.py,REWRITE,2,L179|relpath_escaping_repo|../OpenCOOD/,"fp = os.path.join(P1, meta['file'])                       # check 10: cue relpath (../OpenCOOD/..) resolves"
LITERAL,paper1/code/p2_dataprep/check_leakage.py,tests/test_data_leakage.py,REWRITE,2,L316|relpath_local|results/p2_dataprep/,raise Fail(f'test/Culver tuning artifact present in results/p2_dataprep/: {fn}')
LITERAL,paper1/code/p2_dataprep/check_leakage.py,tests/test_data_leakage.py,RE-ANCHOR,2,L36|path_anchor|sys.path,"sys.path.insert(0, os.path.dirname(os.path.abspath(__file__)))"
LITERAL,paper1/code/p2_dataprep/check_leakage.py,tests/test_data_leakage.py,REWRITE,2,L37|local_import|_scene_map,"from _scene_map import scene_labels, _scene_frame_counts  # noqa: E402"
LITERAL,paper1/code/p2_dataprep/check_leakage.py,tests/test_data_leakage.py,RE-ANCHOR,2,L39|path_anchor|os.path.dirname,HERE = os.path.dirname(os.path.abspath(__file__))
LITERAL,paper1/code/p2_dataprep/check_leakage.py,tests/test_data_leakage.py,RE-ANCHOR,2,L40|path_anchor|os.path.dirname,P1 = os.path.dirname(os.path.dirname(HERE))
LITERAL,paper1/code/p2_dataprep/check_leakage.py,tests/test_data_leakage.py,RE-ANCHOR,2,L41|path_anchor|os.path.dirname,"OPENCOOD = os.path.join(os.path.dirname(os.path.dirname(P1)), 'OpenCOOD')"
LITERAL,paper1/code/p2_dataprep/eval_p2_ap.py,projects/ca_tosg/evaluation/end_to_end_ap.py + tools/evaluate_ap.py,REWRITE,2,L39|relpath_local|results/p2_deploy/,Outputs (results/p2_deploy/):
LITERAL,paper1/code/p2_dataprep/eval_p2_ap.py,projects/ca_tosg/evaluation/end_to_end_ap.py + tools/evaluate_ap.py,REWRITE,2,L44|relpath_local|paper1/code/p2_dataprep/eval_p2_ap.py,Run:  /path/to/env/python paper1/code/p2_dataprep/eval_p2_ap.py
LITERAL,paper1/code/p2_dataprep/eval_p2_ap.py,projects/ca_tosg/evaluation/end_to_end_ap.py + tools/evaluate_ap.py,REWRITE,2,L61|relpath_local|peiyi_work/paper1/gs_rerun,"GS = os.path.join(OPENCOOD, 'peiyi_work/paper1/gs_rerun')   # ego/late/comp_{split}.npz caches"
LITERAL,paper1/code/p2_dataprep/eval_p2_ap.py,projects/ca_tosg/evaluation/end_to_end_ap.py + tools/evaluate_ap.py,REWRITE,2,L196|relpath_local|results/p2_dataprep/FROZEN_MANIFEST.json,"f.write(f'manifest: results/p2_dataprep/FROZEN_MANIFEST.json (schema {man[""schema""]}, freeze {man[""freeze_timestamp""]})\"
LITERAL,paper1/code/p2_dataprep/eval_p2_ap.py,projects/ca_tosg/evaluation/end_to_end_ap.py + tools/evaluate_ap.py,REWRITE,2,L212|relpath_local|results/p2_deploy/true_e2e_ap.csv,"print('\nwrote results/p2_deploy/true_e2e_ap.csv + PROVENANCE_ap.txt', flush=True)"
LITERAL,paper1/code/p2_dataprep/eval_p2_ap.py,projects/ca_tosg/evaluation/end_to_end_ap.py + tools/evaluate_ap.py,RE-ANCHOR,2,L54|path_anchor|os.path.dirname,HERE = os.path.dirname(os.path.abspath(__file__))
LITERAL,paper1/code/p2_dataprep/eval_p2_ap.py,projects/ca_tosg/evaluation/end_to_end_ap.py + tools/evaluate_ap.py,RE-ANCHOR,2,L55|path_anchor|sys.path,"sys.path.insert(0, HERE)"
LITERAL,paper1/code/p2_dataprep/eval_p2_ap.py,projects/ca_tosg/evaluation/end_to_end_ap.py + tools/evaluate_ap.py,REWRITE,2,L56|local_import|eval_p2_deploy,import eval_p2_deploy as D  # bit-identical selector + CSI machinery (single source)
LITERAL,paper1/code/p2_dataprep/eval_p2_ap.py,projects/ca_tosg/evaluation/end_to_end_ap.py + tools/evaluate_ap.py,RE-ANCHOR,2,L60|path_anchor|sys.path,"sys.path.insert(0, OPENCOOD)                                # for `import opencood.utils.eval_utils`"
LITERAL,paper1/code/p2_dataprep/eval_p2_deploy.py,projects/ca_tosg/evaluation/deployment.py + tools/evaluate_selector.py,REWRITE,2,L16|relpath_local|results/p2_deploy/,"Outputs (results/p2_deploy/, all raw + PROVENANCE):"
LITERAL,paper1/code/p2_dataprep/eval_p2_deploy.py,projects/ca_tosg/evaluation/deployment.py + tools/evaluate_selector.py,REWRITE,2,L26|relpath_local|paper1/code/p2_dataprep/eval_p2_deploy.py,Run:  /path/to/env/python paper1/code/p2_dataprep/eval_p2_deploy.py
LITERAL,paper1/code/p2_dataprep/eval_p2_deploy.py,projects/ca_tosg/evaluation/deployment.py + tools/evaluate_selector.py,REWRITE,2,L39|relpath_local|peiyi_work/paper1/data,"DATA = os.path.join(OPENCOOD, 'peiyi_work/paper1/data')"
LITERAL,paper1/code/p2_dataprep/eval_p2_deploy.py,projects/ca_tosg/evaluation/deployment.py + tools/evaluate_selector.py,REWRITE,2,L40|relpath_local|results/p2_dataprep/FROZEN_MANIFEST.json,"MANIFEST = os.path.join(P1, 'results/p2_dataprep/FROZEN_MANIFEST.json')"
LITERAL,paper1/code/p2_dataprep/eval_p2_deploy.py,projects/ca_tosg/evaluation/deployment.py + tools/evaluate_selector.py,REWRITE,2,L41|relpath_local|results/bler_sionna/bler_sionna.csv,"BLER_CSV = os.path.join(P1, 'results/bler_sionna/bler_sionna.csv')"
LITERAL,paper1/code/p2_dataprep/eval_p2_deploy.py,projects/ca_tosg/evaluation/deployment.py + tools/evaluate_selector.py,REWRITE,2,L42|relpath_local|data/p2,"GRID_DIR = os.path.join(P1, 'data/p2')"
LITERAL,paper1/code/p2_dataprep/eval_p2_deploy.py,projects/ca_tosg/evaluation/deployment.py + tools/evaluate_selector.py,REWRITE,2,L43|relpath_local|results/p2_deploy,"OUT = os.path.join(P1, 'results/p2_deploy')"
LITERAL,paper1/code/p2_dataprep/eval_p2_deploy.py,projects/ca_tosg/evaluation/deployment.py + tools/evaluate_selector.py,REWRITE,2,L245|relpath_local|results/p2_dataprep/FROZEN_MANIFEST.json,"f.write(f'manifest: results/p2_dataprep/FROZEN_MANIFEST.json (schema {man[""schema""]}, '"
LITERAL,paper1/code/p2_dataprep/eval_p2_deploy.py,projects/ca_tosg/evaluation/deployment.py + tools/evaluate_selector.py,REWRITE,2,L257|relpath_local|results/p2_deploy/,"print('\nwrote results/p2_deploy/{replay_*,replay_summary,headline_action_dist,perclass_ELF,'"
LITERAL,paper1/code/p2_dataprep/eval_p2_deploy.py,projects/ca_tosg/evaluation/deployment.py + tools/evaluate_selector.py,RE-ANCHOR,2,L36|path_anchor|os.path.dirname,HERE = os.path.dirname(os.path.abspath(__file__))
LITERAL,paper1/code/p2_dataprep/eval_p2_deploy.py,projects/ca_tosg/evaluation/deployment.py + tools/evaluate_selector.py,RE-ANCHOR,2,L37|path_anchor|os.path.dirname,P1 = os.path.dirname(os.path.dirname(HERE))
LITERAL,paper1/code/p2_dataprep/eval_p2_deploy.py,projects/ca_tosg/evaluation/deployment.py + tools/evaluate_selector.py,RE-ANCHOR,2,L38|path_anchor|os.path.dirname,"OPENCOOD = os.path.join(os.path.dirname(os.path.dirname(P1)), 'OpenCOOD')"
LITERAL,paper1/code/p2_dataprep/eval_p3_sensitivity.py,projects/ca_tosg/evaluation/sensitivity.py + tools/run_sensitivity.py,REWRITE,2,L23|relpath_local|results/bler_sionna/bler_sionna_rician.csv,"5. Rician (if table)  : K in {0,3,10} from results/bler_sionna/bler_sionna_rician.csv; selector fed"
LITERAL,paper1/code/p2_dataprep/eval_p3_sensitivity.py,projects/ca_tosg/evaluation/sensitivity.py + tools/run_sensitivity.py,REWRITE,2,L26|relpath_local|results/p3_sensitivity/,Outputs (results/p3_sensitivity/): item{1..5}_*.csv + p3_baseline_sanity.csv + PROVENANCE_p3.txt.
LITERAL,paper1/code/p2_dataprep/eval_p3_sensitivity.py,projects/ca_tosg/evaluation/sensitivity.py + tools/run_sensitivity.py,REWRITE,2,L27|relpath_local|paper1/code/p2_dataprep/eval_p3_sensitivity.py,Run:  /path/to/env/python paper1/code/p2_dataprep/eval_p3_sensitivity.py
LITERAL,paper1/code/p2_dataprep/eval_p3_sensitivity.py,projects/ca_tosg/evaluation/sensitivity.py + tools/run_sensitivity.py,REWRITE,2,L41|relpath_local|results/p3_sensitivity,"OUT = os.path.join(P1, 'results/p3_sensitivity')"
LITERAL,paper1/code/p2_dataprep/eval_p3_sensitivity.py,projects/ca_tosg/evaluation/sensitivity.py + tools/run_sensitivity.py,REWRITE,2,L42|relpath_local|results/bler_sionna/bler_sionna_rician.csv,"RICIAN_TBL = os.path.join(P1, 'results/bler_sionna/bler_sionna_rician.csv')"
LITERAL,paper1/code/p2_dataprep/eval_p3_sensitivity.py,projects/ca_tosg/evaluation/sensitivity.py + tools/run_sensitivity.py,REWRITE,2,L209|relpath_local|results/p2_dataprep/FROZEN_MANIFEST.json,"f.write(f'manifest: results/p2_dataprep/FROZEN_MANIFEST.json ({man[""schema""]}, freeze {man[""freeze_timestamp""]})\n')"
LITERAL,paper1/code/p2_dataprep/eval_p3_sensitivity.py,projects/ca_tosg/evaluation/sensitivity.py + tools/run_sensitivity.py,REWRITE,2,L221|relpath_local|results/p3_sensitivity/,"print(f'wrote results/p3_sensitivity/ item1-4 + sanity{""+item5"" if rician_done else "" (item5 skipped)""} + PROVENANCE_p3."
LITERAL,paper1/code/p2_dataprep/eval_p3_sensitivity.py,projects/ca_tosg/evaluation/sensitivity.py + tools/run_sensitivity.py,RE-ANCHOR,2,L36|path_anchor|os.path.dirname,HERE = os.path.dirname(os.path.abspath(__file__))
LITERAL,paper1/code/p2_dataprep/eval_p3_sensitivity.py,projects/ca_tosg/evaluation/sensitivity.py + tools/run_sensitivity.py,RE-ANCHOR,2,L37|path_anchor|sys.path,"sys.path.insert(0, HERE)"
LITERAL,paper1/code/p2_dataprep/eval_p3_sensitivity.py,projects/ca_tosg/evaluation/sensitivity.py + tools/run_sensitivity.py,REWRITE,2,L38|local_import|eval_p2_deploy,import eval_p2_deploy as D
LITERAL,paper1/code/p2_dataprep/eval_p3c_rician_bracket.py,projects/ca_tosg/evaluation/rician_bracket.py,REWRITE,2,L8|relpath_local|results/bler_sionna/bler_sionna_rician.csv,"the TRUE Rician frame-BLER (results/bler_sionna/bler_sionna_rician.csv, K in {0,3,10}). This is the"
LITERAL,paper1/code/p2_dataprep/eval_p3c_rician_bracket.py,projects/ca_tosg/evaluation/rician_bracket.py,REWRITE,2,L13|relpath_local|results/p3_sensitivity/,Outputs (results/p3_sensitivity/):
LITERAL,paper1/code/p2_dataprep/eval_p3c_rician_bracket.py,projects/ca_tosg/evaluation/rician_bracket.py,REWRITE,2,L19|relpath_local|paper1/code/p2_dataprep/eval_p3c_rician_bracket.py,Run:  /path/to/env/python paper1/code/p2_dataprep/eval_p3c_rician_bracket.py
LITERAL,paper1/code/p2_dataprep/eval_p3c_rician_bracket.py,projects/ca_tosg/evaluation/rician_bracket.py,REWRITE,2,L32|relpath_local|results/p3_sensitivity,"OUT = os.path.join(P1, 'results/p3_sensitivity')"
LITERAL,paper1/code/p2_dataprep/eval_p3c_rician_bracket.py,projects/ca_tosg/evaluation/rician_bracket.py,REWRITE,2,L33|relpath_local|results/bler_sionna/bler_sionna_rician.csv,"RICIAN_TBL = os.path.join(P1, 'results/bler_sionna/bler_sionna_rician.csv')"
LITERAL,paper1/code/p2_dataprep/eval_p3c_rician_bracket.py,projects/ca_tosg/evaluation/rician_bracket.py,REWRITE,2,L123|relpath_local|results/p3_sensitivity/,"print('wrote results/p3_sensitivity/{item5c_rician_rayleigh0.csv, item5c_rician_by_snr.csv} + PROVENANCE note')"
LITERAL,paper1/code/p2_dataprep/eval_p3c_rician_bracket.py,projects/ca_tosg/evaluation/rician_bracket.py,RE-ANCHOR,2,L27|path_anchor|os.path.dirname,HERE = os.path.dirname(os.path.abspath(__file__))
LITERAL,paper1/code/p2_dataprep/eval_p3c_rician_bracket.py,projects/ca_tosg/evaluation/rician_bracket.py,RE-ANCHOR,2,L28|path_anchor|sys.path,"sys.path.insert(0, HERE)"
LITERAL,paper1/code/p2_dataprep/eval_p3c_rician_bracket.py,projects/ca_tosg/evaluation/rician_bracket.py,REWRITE,2,L29|local_import|eval_p2_deploy,import eval_p2_deploy as D
LITERAL,paper1/code/p2_dataprep/eval_p4a_deploy.py,baselines/contextual_bandit/evaluate.py,REWRITE,2,L11|relpath_local|results/p4a/,Outputs (results/p4a/): p4a_replay_{split}_B0XX.csv (200 rows) + p4a_summary.csv + PROVENANCE_p4a.txt.
LITERAL,paper1/code/p2_dataprep/eval_p4a_deploy.py,baselines/contextual_bandit/evaluate.py,REWRITE,2,L12|relpath_local|paper1/code/p2_dataprep/eval_p4a_deploy.py,Run:  /path/to/env/python paper1/code/p2_dataprep/eval_p4a_deploy.py
LITERAL,paper1/code/p2_dataprep/eval_p4a_deploy.py,baselines/contextual_bandit/evaluate.py,REWRITE,2,L29|relpath_local|results/p4a,"OUT = os.path.join(P1, 'results/p4a')"
LITERAL,paper1/code/p2_dataprep/eval_p4a_deploy.py,baselines/contextual_bandit/evaluate.py,REWRITE,2,L126|relpath_local|results/p4a/P4A_MANIFEST.json,"f.write(f'P4A manifest: results/p4a/P4A_MANIFEST.json ({p4man[""schema""]}, algo {p4man[""algorithm""]}, '"
LITERAL,paper1/code/p2_dataprep/eval_p4a_deploy.py,baselines/contextual_bandit/evaluate.py,REWRITE,2,L134|relpath_local|results/p4a/,"print('wrote results/p4a/{p4a_replay_*, p4a_summary.csv, PROVENANCE_p4a.txt}')"
LITERAL,paper1/code/p2_dataprep/eval_p4a_deploy.py,baselines/contextual_bandit/evaluate.py,RE-ANCHOR,2,L23|path_anchor|os.path.dirname,HERE = os.path.dirname(os.path.abspath(__file__))
LITERAL,paper1/code/p2_dataprep/eval_p4a_deploy.py,baselines/contextual_bandit/evaluate.py,RE-ANCHOR,2,L24|path_anchor|sys.path,"sys.path.insert(0, HERE)"
LITERAL,paper1/code/p2_dataprep/eval_p4a_deploy.py,baselines/contextual_bandit/evaluate.py,REWRITE,2,L25|local_import|eval_p2_deploy,import eval_p2_deploy as D
LITERAL,paper1/code/p2_dataprep/eval_p4a_deploy.py,baselines/contextual_bandit/evaluate.py,REWRITE,2,L26|local_import|train_p4a_bandit,import train_p4a_bandit as T
LITERAL,paper1/code/p2_dataprep/expand_grid_clean.py,projects/ca_tosg/datasets/grid_builder.py,REWRITE,2,L21|relpath_local|data/p2/p2_grid_,4. Write data/p2/p2_grid_{split}.csv (git-excluded) + results/p2_dataprep/PROVENANCE_grid[_split].txt.
LITERAL,paper1/code/p2_dataprep/expand_grid_clean.py,projects/ca_tosg/datasets/grid_builder.py,REWRITE,2,L21|relpath_local|results/p2_dataprep/PROVENANCE_grid,4. Write data/p2/p2_grid_{split}.csv (git-excluded) + results/p2_dataprep/PROVENANCE_grid[_split].txt.
LITERAL,paper1/code/p2_dataprep/expand_grid_clean.py,projects/ca_tosg/datasets/grid_builder.py,REWRITE,2,L30|relpath_local|paper1/code/p2_dataprep/expand_grid_clean.py,Run:  /path/to/env/python paper1/code/p2_dataprep/expand_grid_clean.py
LITERAL,paper1/code/p2_dataprep/expand_grid_clean.py,projects/ca_tosg/datasets/grid_builder.py,REWRITE,2,L46|relpath_local|peiyi_work/paper1/data,"DATA = os.path.join(OPENCOOD, 'peiyi_work/paper1/data')           # clean per-frame caches (v3)"
LITERAL,paper1/code/p2_dataprep/expand_grid_clean.py,projects/ca_tosg/datasets/grid_builder.py,REWRITE,2,L47|relpath_local|results/bler_sionna/bler_sionna.csv,"BLER_CSV = os.path.join(P1, 'results/bler_sionna/bler_sionna.csv')  # frame-level, Es/N0"
LITERAL,paper1/code/p2_dataprep/expand_grid_clean.py,projects/ca_tosg/datasets/grid_builder.py,REWRITE,2,L48|relpath_local|data/p2,"OUT_DATA = os.path.join(P1, 'data/p2')                            # git-excluded artifacts"
LITERAL,paper1/code/p2_dataprep/expand_grid_clean.py,projects/ca_tosg/datasets/grid_builder.py,REWRITE,2,L49|relpath_local|results/p2_dataprep,"OUT_PROV = os.path.join(P1, 'results/p2_dataprep')               # tracked provenance"
LITERAL,paper1/code/p2_dataprep/expand_grid_clean.py,projects/ca_tosg/datasets/grid_builder.py,REWRITE,2,L156|relpath_local|data/p2/,"f.write(""Grid artifacts are git-excluded (data/p2/); regenerate with expand_grid_clean.py.\n"")"
LITERAL,paper1/code/p2_dataprep/expand_grid_clean.py,projects/ca_tosg/datasets/grid_builder.py,RE-ANCHOR,2,L40|path_anchor|sys.path,"sys.path.insert(0, os.path.dirname(os.path.abspath(__file__)))"
LITERAL,paper1/code/p2_dataprep/expand_grid_clean.py,projects/ca_tosg/datasets/grid_builder.py,REWRITE,2,L41|local_import|_scene_map,from _scene_map import scene_labels  # noqa: E402
LITERAL,paper1/code/p2_dataprep/expand_grid_clean.py,projects/ca_tosg/datasets/grid_builder.py,RE-ANCHOR,2,L43|path_anchor|os.path.dirname,HERE = os.path.dirname(os.path.abspath(__file__))
LITERAL,paper1/code/p2_dataprep/expand_grid_clean.py,projects/ca_tosg/datasets/grid_builder.py,RE-ANCHOR,2,L44|path_anchor|os.path.dirname,P1 = os.path.dirname(os.path.dirname(HERE))                       # paper1
LITERAL,paper1/code/p2_dataprep/expand_grid_clean.py,projects/ca_tosg/datasets/grid_builder.py,RE-ANCHOR,2,L45|path_anchor|os.path.dirname,"OPENCOOD = os.path.join(os.path.dirname(os.path.dirname(P1)), 'OpenCOOD')"
LITERAL,paper1/code/p2_dataprep/export_scene_manifest.py,projects/ca_tosg/datasets/scene_split.py,REWRITE,2,L19|relpath_local|paper1/code/p2_dataprep/export_scene_manifest.py,Run:  python paper1/code/p2_dataprep/export_scene_manifest.py [--split validate|test|culver]
LITERAL,paper1/code/p2_dataprep/export_scene_manifest.py,projects/ca_tosg/datasets/scene_split.py,REWRITE,2,L30|relpath_local|results/p2_dataprep,"OUT_PROV = os.path.join(P1, 'results/p2_dataprep')"
LITERAL,paper1/code/p2_dataprep/export_scene_manifest.py,projects/ca_tosg/datasets/scene_split.py,RE-ANCHOR,2,L26|path_anchor|os.path.dirname,HERE = os.path.dirname(os.path.abspath(__file__))
LITERAL,paper1/code/p2_dataprep/export_scene_manifest.py,projects/ca_tosg/datasets/scene_split.py,RE-ANCHOR,2,L27|path_anchor|os.path.dirname,P1 = os.path.dirname(os.path.dirname(HERE))
LITERAL,paper1/code/p2_dataprep/export_scene_manifest.py,projects/ca_tosg/datasets/scene_split.py,RE-ANCHOR,2,L28|path_anchor|os.path.dirname,"OPENCOOD = os.path.join(os.path.dirname(os.path.dirname(P1)), 'OpenCOOD')"
LITERAL,paper1/code/p2_dataprep/make_r10_report.py,projects/ca_tosg/evaluation/report.py,REWRITE,2,L4|relpath_local|results/p2_deploy/r10c_missed_e_cost.csv,results/p2_deploy/r10c_missed_e_cost.csv (+ r10c_vs_oracle_account.csv) -- NO hand-written numbers.
LITERAL,paper1/code/p2_dataprep/make_r10_report.py,projects/ca_tosg/evaluation/report.py,REWRITE,2,L10|relpath_local|results/p2_deploy/R10_REPORT.md,results/p2_deploy/R10_REPORT.md and PROVENANCE_r10c.txt. Run after r10c_diagnostic.py.
LITERAL,paper1/code/p2_dataprep/make_r10_report.py,projects/ca_tosg/evaluation/report.py,REWRITE,2,L12|relpath_local|paper1/code/p2_dataprep/make_r10_report.py,Run:  /path/to/env/python paper1/code/p2_dataprep/make_r10_report.py
LITERAL,paper1/code/p2_dataprep/make_r10_report.py,projects/ca_tosg/evaluation/report.py,REWRITE,2,L21|relpath_local|results/p2_deploy,"OUT = os.path.join(P1, 'results/p2_deploy')"
LITERAL,paper1/code/p2_dataprep/make_r10_report.py,projects/ca_tosg/evaluation/report.py,REWRITE,2,L24|relpath_local|results/p2_dataprep/FROZEN_MANIFEST.json,"MANIFEST = os.path.join(P1, 'results/p2_dataprep/FROZEN_MANIFEST.json')"
LITERAL,paper1/code/p2_dataprep/make_r10_report.py,projects/ca_tosg/evaluation/report.py,REWRITE,2,L74|relpath_local|code/p2_dataprep/make_r10_report.py,'_Every number is recomputed by `code/p2_dataprep/make_r10_report.py` from '
LITERAL,paper1/code/p2_dataprep/make_r10_report.py,projects/ca_tosg/evaluation/report.py,RE-ANCHOR,2,L19|path_anchor|os.path.dirname,HERE = os.path.dirname(os.path.abspath(__file__))
LITERAL,paper1/code/p2_dataprep/make_r10_report.py,projects/ca_tosg/evaluation/report.py,RE-ANCHOR,2,L20|path_anchor|os.path.dirname,P1 = os.path.dirname(os.path.dirname(HERE))
LITERAL,paper1/code/p2_dataprep/r10c_diagnostic.py,projects/ca_tosg/evaluation/decision_log.py,REWRITE,2,L32|relpath_local|results/p2_deploy/,"Outputs (results/p2_deploy/): r10c_missed_e_cost.csv, r10c_vs_oracle_account.csv, r10c_vs_tau_account.csv,"
LITERAL,paper1/code/p2_dataprep/r10c_diagnostic.py,projects/ca_tosg/evaluation/decision_log.py,REWRITE,2,L35|relpath_local|paper1/code/p2_dataprep/r10c_diagnostic.py,Run:  /path/to/env/python paper1/code/p2_dataprep/r10c_diagnostic.py
LITERAL,paper1/code/p2_dataprep/r10c_diagnostic.py,projects/ca_tosg/evaluation/decision_log.py,REWRITE,2,L48|relpath_local|peiyi_work/paper1/data,"DATA = os.path.join(OPENCOOD, 'peiyi_work/paper1/data')"
LITERAL,paper1/code/p2_dataprep/r10c_diagnostic.py,projects/ca_tosg/evaluation/decision_log.py,REWRITE,2,L49|relpath_local|results/p2_dataprep/FROZEN_MANIFEST.json,"MANIFEST = os.path.join(P1, 'results/p2_dataprep/FROZEN_MANIFEST.json')"
LITERAL,paper1/code/p2_dataprep/r10c_diagnostic.py,projects/ca_tosg/evaluation/decision_log.py,REWRITE,2,L50|relpath_local|results/bler_sionna/bler_sionna.csv,"BLER_CSV = os.path.join(P1, 'results/bler_sionna/bler_sionna.csv')"
LITERAL,paper1/code/p2_dataprep/r10c_diagnostic.py,projects/ca_tosg/evaluation/decision_log.py,REWRITE,2,L51|relpath_local|results/p2_deploy,"OUT = os.path.join(P1, 'results/p2_deploy')"
LITERAL,paper1/code/p2_dataprep/r10c_diagnostic.py,projects/ca_tosg/evaluation/decision_log.py,REWRITE,2,L217|relpath_local|results/p2_deploy/r10c_,"print('\nR10c/R10d written -> results/p2_deploy/r10c_*.csv (3 class rows, no TOTAL) '"
LITERAL,paper1/code/p2_dataprep/r10c_diagnostic.py,projects/ca_tosg/evaluation/decision_log.py,RE-ANCHOR,2,L45|path_anchor|os.path.dirname,HERE = os.path.dirname(os.path.abspath(__file__))
LITERAL,paper1/code/p2_dataprep/r10c_diagnostic.py,projects/ca_tosg/evaluation/decision_log.py,RE-ANCHOR,2,L46|path_anchor|os.path.dirname,P1 = os.path.dirname(os.path.dirname(HERE))
LITERAL,paper1/code/p2_dataprep/r10c_diagnostic.py,projects/ca_tosg/evaluation/decision_log.py,RE-ANCHOR,2,L47|path_anchor|os.path.dirname,"OPENCOOD = os.path.join(os.path.dirname(os.path.dirname(P1)), 'OpenCOOD')"
LITERAL,paper1/code/p2_dataprep/train_p2_loso.py,projects/ca_tosg/models/selector.py + models/oracle.py + models/feature_encoder.py + tools/train_selector.py,REWRITE,2,L24|relpath_local|paper1/code/p2_dataprep/train_p2_loso.py,/path/to/env/python paper1/code/p2_dataprep/train_p2_loso.py
LITERAL,paper1/code/p2_dataprep/train_p2_loso.py,projects/ca_tosg/models/selector.py + models/oracle.py + models/feature_encoder.py + tools/train_selector.py,REWRITE,2,L45|relpath_local|peiyi_work/paper1/data,"DATA = os.path.join(OPENCOOD, 'peiyi_work/paper1/data')"
LITERAL,paper1/code/p2_dataprep/train_p2_loso.py,projects/ca_tosg/models/selector.py + models/oracle.py + models/feature_encoder.py + tools/train_selector.py,REWRITE,2,L47|relpath_local|data/p2/p2_grid_validate.csv,"GRID_CSV = os.path.join(P1, 'data/p2/p2_grid_validate.csv')"
LITERAL,paper1/code/p2_dataprep/train_p2_loso.py,projects/ca_tosg/models/selector.py + models/oracle.py + models/feature_encoder.py + tools/train_selector.py,REWRITE,2,L48|relpath_local|results/bler_sionna/bler_sionna.csv,"BLER_CSV = os.path.join(P1, 'results/bler_sionna/bler_sionna.csv')"
LITERAL,paper1/code/p2_dataprep/train_p2_loso.py,projects/ca_tosg/models/selector.py + models/oracle.py + models/feature_encoder.py + tools/train_selector.py,REWRITE,2,L50|relpath_local|data/p2,"OUT_MODEL = os.path.join(P1, 'data/p2')"
LITERAL,paper1/code/p2_dataprep/train_p2_loso.py,projects/ca_tosg/models/selector.py + models/oracle.py + models/feature_encoder.py + tools/train_selector.py,REWRITE,2,L51|relpath_local|results/p2_dataprep,"OUT_PROV = os.path.join(P1, 'results/p2_dataprep')"
LITERAL,paper1/code/p2_dataprep/train_p2_loso.py,projects/ca_tosg/models/selector.py + models/oracle.py + models/feature_encoder.py + tools/train_selector.py,REWRITE,2,L379|relpath_local|data/p2/p2_grid_validate.csv,"train_grid=dict(file='data/p2/p2_grid_validate.csv', md5=_md5(GRID_CSV)),"
LITERAL,paper1/code/p2_dataprep/train_p2_loso.py,projects/ca_tosg/models/selector.py + models/oracle.py + models/feature_encoder.py + tools/train_selector.py,REWRITE,2,L382|relpath_local|results/bler_sionna/bler_sionna.csv,"bler_table=dict(file='results/bler_sionna/bler_sionna.csv', md5=_md5(BLER_CSV)),"
LITERAL,paper1/code/p2_dataprep/train_p2_loso.py,projects/ca_tosg/models/selector.py + models/oracle.py + models/feature_encoder.py + tools/train_selector.py,REWRITE,2,L410|relpath_local|data/p2/,f.write('models git-excluded (data/p2/); manifest+folds+walk-tables tracked (results/p2_dataprep/).\n')
LITERAL,paper1/code/p2_dataprep/train_p2_loso.py,projects/ca_tosg/models/selector.py + models/oracle.py + models/feature_encoder.py + tools/train_selector.py,REWRITE,2,L410|relpath_local|results/p2_dataprep/,f.write('models git-excluded (data/p2/); manifest+folds+walk-tables tracked (results/p2_dataprep/).\n')
LITERAL,paper1/code/p2_dataprep/train_p2_loso.py,projects/ca_tosg/models/selector.py + models/oracle.py + models/feature_encoder.py + tools/train_selector.py,RE-ANCHOR,2,L42|path_anchor|os.path.dirname,HERE = os.path.dirname(os.path.abspath(__file__))
LITERAL,paper1/code/p2_dataprep/train_p2_loso.py,projects/ca_tosg/models/selector.py + models/oracle.py + models/feature_encoder.py + tools/train_selector.py,RE-ANCHOR,2,L43|path_anchor|os.path.dirname,P1 = os.path.dirname(os.path.dirname(HERE))
LITERAL,paper1/code/p2_dataprep/train_p2_loso.py,projects/ca_tosg/models/selector.py + models/oracle.py + models/feature_encoder.py + tools/train_selector.py,RE-ANCHOR,2,L44|path_anchor|os.path.dirname,"OPENCOOD = os.path.join(os.path.dirname(os.path.dirname(P1)), 'OpenCOOD')"
LITERAL,paper1/code/p2_dataprep/train_p3_variants.py,projects/ca_tosg/evaluation/p3_variants.py,REWRITE,2,L21|relpath_local|results/p3_sensitivity/item3_variants.csv,Output: results/p3_sensitivity/item3_variants.csv  (+ notes in PROVENANCE_p3.txt).
LITERAL,paper1/code/p2_dataprep/train_p3_variants.py,projects/ca_tosg/evaluation/p3_variants.py,REWRITE,2,L22|relpath_local|paper1/code/p2_dataprep/train_p3_variants.py,Run:  /path/to/env/python paper1/code/p2_dataprep/train_p3_variants.py
LITERAL,paper1/code/p2_dataprep/train_p3_variants.py,projects/ca_tosg/evaluation/p3_variants.py,REWRITE,2,L37|relpath_local|results/p3_sensitivity,"OUT = os.path.join(P1, 'results/p3_sensitivity')"
LITERAL,paper1/code/p2_dataprep/train_p3_variants.py,projects/ca_tosg/evaluation/p3_variants.py,REWRITE,2,L115|relpath_local|results/p3_sensitivity/item3_variants.csv,"print('wrote results/p3_sensitivity/item3_variants.csv (labeled variants, not deployed; validate-only)')"
LITERAL,paper1/code/p2_dataprep/train_p3_variants.py,projects/ca_tosg/evaluation/p3_variants.py,RE-ANCHOR,2,L31|path_anchor|os.path.dirname,HERE = os.path.dirname(os.path.abspath(__file__))
LITERAL,paper1/code/p2_dataprep/train_p3_variants.py,projects/ca_tosg/evaluation/p3_variants.py,RE-ANCHOR,2,L32|path_anchor|sys.path,"sys.path.insert(0, HERE)"
LITERAL,paper1/code/p2_dataprep/train_p3_variants.py,projects/ca_tosg/evaluation/p3_variants.py,REWRITE,2,L33|local_import|eval_p2_deploy,import eval_p2_deploy as D
LITERAL,paper1/code/p2_dataprep/train_p3_variants.py,projects/ca_tosg/evaluation/p3_variants.py,REWRITE,2,L34|local_import|eval_p3_sensitivity,import eval_p3_sensitivity as P3
LITERAL,paper1/code/p2_dataprep/train_p4a_bandit.py,baselines/contextual_bandit/train.py,REWRITE,2,L16|relpath_local|results/p4a/,"atomic-swap), scene-level 9-fold LOSO for lambda selection. Freezes 3 models -> results/p4a/"
LITERAL,paper1/code/p2_dataprep/train_p4a_bandit.py,baselines/contextual_bandit/train.py,REWRITE,2,L17|relpath_local|data/p2/,"P4A_MANIFEST.json (+ models in data/p2/, git-excluded)."
LITERAL,paper1/code/p2_dataprep/train_p4a_bandit.py,baselines/contextual_bandit/train.py,REWRITE,2,L19|relpath_local|paper1/code/p2_dataprep/train_p4a_bandit.py,Run:  /path/to/env/python paper1/code/p2_dataprep/train_p4a_bandit.py
LITERAL,paper1/code/p2_dataprep/train_p4a_bandit.py,baselines/contextual_bandit/train.py,REWRITE,2,L39|relpath_local|data/p2,"MODELDIR = os.path.join(P1, 'data/p2')                 # git-excluded, like the frozen selectors"
LITERAL,paper1/code/p2_dataprep/train_p4a_bandit.py,baselines/contextual_bandit/train.py,REWRITE,2,L40|relpath_local|results/p4a,"OUT = os.path.join(P1, 'results/p4a')"
LITERAL,paper1/code/p2_dataprep/train_p4a_bandit.py,baselines/contextual_bandit/train.py,REWRITE,2,L205|relpath_local|results/p4a/,"print('wrote results/p4a/{P4A_MANIFEST.json, p4a_loso_oof.csv, p4a_walk.csv} + models in data/p2/ (git-excluded)')"
LITERAL,paper1/code/p2_dataprep/train_p4a_bandit.py,baselines/contextual_bandit/train.py,REWRITE,2,L205|relpath_local|data/p2/,"print('wrote results/p4a/{P4A_MANIFEST.json, p4a_loso_oof.csv, p4a_walk.csv} + models in data/p2/ (git-excluded)')"
LITERAL,paper1/code/p2_dataprep/train_p4a_bandit.py,baselines/contextual_bandit/train.py,RE-ANCHOR,2,L32|path_anchor|os.path.dirname,HERE = os.path.dirname(os.path.abspath(__file__))
LITERAL,paper1/code/p2_dataprep/train_p4a_bandit.py,baselines/contextual_bandit/train.py,RE-ANCHOR,2,L33|path_anchor|sys.path,"sys.path.insert(0, HERE)"
LITERAL,paper1/code/p2_dataprep/train_p4a_bandit.py,baselines/contextual_bandit/train.py,REWRITE,2,L34|local_import|eval_p2_deploy,import eval_p2_deploy as D
LITERAL,paper1/code/paper_style.py,projects/ca_tosg/utils/paper_style.py,REWRITE,2,L7|local_import|paper_style,import paper_style as ps; ps.apply()
LITERAL,paper1/code/payload_audit.py,tests/test_payload.py + projects/ca_tosg/communication/payload.py,REWRITE,2,L13|relpath_local|results/policy/threshold_vs_rf.csv,"per-policy deployed mean payload (200-realisation deployment, results/policy/threshold_vs_rf.csv):"
LITERAL,paper1/code/payload_audit.py,tests/test_payload.py + projects/ca_tosg/communication/payload.py,REWRITE,2,L19|relpath_local|paper1/code/payload_audit.py,python paper1/code/payload_audit.py
LITERAL,paper1/code/payload_audit.py,tests/test_payload.py + projects/ca_tosg/communication/payload.py,REWRITE,2,L25|relpath_local|results/policy/threshold_vs_rf.csv,"THRVRF = os.path.join(P1, 'results/policy/threshold_vs_rf.csv')"
LITERAL,paper1/code/payload_audit.py,tests/test_payload.py + projects/ca_tosg/communication/payload.py,REWRITE,2,L26|relpath_local|paper/main.tex,"MAIN = os.path.join(P1, 'paper/main.tex')"
LITERAL,paper1/code/payload_audit.py,tests/test_payload.py + projects/ca_tosg/communication/payload.py,REWRITE,2,L29|relpath_local|opencood/hypes_yaml/point_pillar_importance_map_jscc_awgn_learned.yaml,"JSCC_CFG = os.path.join(OPENCOOD, 'opencood/hypes_yaml/point_pillar_importance_map_jscc_awgn_learned.yaml')"
LITERAL,paper1/code/payload_audit.py,tests/test_payload.py + projects/ca_tosg/communication/payload.py,REWRITE,2,L30|relpath_local|peiyi_work/paper1/data/dataset_validate_v3.csv,"DATASET = os.path.join(OPENCOOD, 'peiyi_work/paper1/data/dataset_validate_v3.csv')"
LITERAL,paper1/code/payload_audit.py,tests/test_payload.py + projects/ca_tosg/communication/payload.py,REWRITE,2,L135|relpath_local|results/policy/threshold_vs_rf.csv,print('=== 3) deployed averages (results/policy/threshold_vs_rf.csv) ===')
LITERAL,paper1/code/payload_audit.py,tests/test_payload.py + projects/ca_tosg/communication/payload.py,RE-ANCHOR,2,L23|path_anchor|os.path.dirname,HERE = os.path.dirname(os.path.abspath(__file__))
LITERAL,paper1/code/payload_audit.py,tests/test_payload.py + projects/ca_tosg/communication/payload.py,RE-ANCHOR,2,L24|path_anchor|os.path.dirname,P1 = os.path.dirname(HERE)                                   # paper1
LITERAL,paper1/code/payload_audit.py,tests/test_payload.py + projects/ca_tosg/communication/payload.py,RE-ANCHOR,2,L28|path_anchor|os.path.dirname,"OPENCOOD = os.path.join(os.path.dirname(os.path.dirname(P1)), 'OpenCOOD')"
LITERAL,paper1/code/plot_ap_snr.py,projects/ca_tosg/evaluation/figures/plot_ap_snr.py,REWRITE,2,L29|relpath_local|paper/figures/fig_ap,"Output: paper/figures/fig_ap{50,70}_{awgn,rayleigh}.{pdf,png,svg}"
LITERAL,paper1/code/plot_ap_snr.py,projects/ca_tosg/evaluation/figures/plot_ap_snr.py,REWRITE,2,L42|relpath_local|paper/figures,"OUT_DIR = os.path.join(P1, 'paper/figures')"
LITERAL,paper1/code/plot_ap_snr.py,projects/ca_tosg/evaluation/figures/plot_ap_snr.py,REWRITE,2,L52|relpath_local|results/,"# Data lives in results/ in the clean ca-tosg repo, and in gs_rerun/ in the OpenCOOD"
LITERAL,paper1/code/plot_ap_snr.py,projects/ca_tosg/evaluation/figures/plot_ap_snr.py,REWRITE,2,L55|relpath_local|results/true_e2e_global_validate.csv,"os.path.join(P1, 'results/true_e2e_global_validate.csv'),  # v3: matches the item-7 section"
LITERAL,paper1/code/plot_ap_snr.py,projects/ca_tosg/evaluation/figures/plot_ap_snr.py,REWRITE,2,L56|relpath_local|results/true_e2e_global_validate.csv,"os.path.join(P1, 'results/true_e2e_global_validate.csv'),"
LITERAL,paper1/code/plot_ap_snr.py,projects/ca_tosg/evaluation/figures/plot_ap_snr.py,REWRITE,2,L61|relpath_local|results/jscc/jscc_ap_f1.csv,"JSCC_V3 = os.path.join(P1, 'results/jscc/jscc_ap_f1.csv')            # JSCC baseline (has ap50 + ap70)"
LITERAL,paper1/code/plot_ap_snr.py,projects/ca_tosg/evaluation/figures/plot_ap_snr.py,REWRITE,2,L62|relpath_local|results/jscc/channel_codec_ap_validate.csv,"CODEC_V3 = os.path.join(P1, 'results/jscc/channel_codec_ap_validate.csv')  # LDPC-16/256 baseline (ap50)"
LITERAL,paper1/code/plot_ap_snr.py,projects/ca_tosg/evaluation/figures/plot_ap_snr.py,RE-ANCHOR,2,L36|path_anchor|sys.path,"_sys.path.insert(0, os.path.dirname(os.path.abspath(__file__)))"
LITERAL,paper1/code/plot_ap_snr.py,projects/ca_tosg/evaluation/figures/plot_ap_snr.py,REWRITE,2,L37|local_import|paper_style,import paper_style as _ps; _ps.apply()
LITERAL,paper1/code/plot_ap_snr.py,projects/ca_tosg/evaluation/figures/plot_ap_snr.py,RE-ANCHOR,2,L40|path_anchor|os.path.dirname,HERE = os.path.dirname(os.path.abspath(__file__))
LITERAL,paper1/code/plot_ap_snr.py,projects/ca_tosg/evaluation/figures/plot_ap_snr.py,RE-ANCHOR,2,L41|path_anchor|os.path.dirname,P1 = os.path.dirname(HERE)
LITERAL,paper1/code/plot_bler_frame.py,projects/ca_tosg/evaluation/figures/plot_bler_frame.py,REWRITE,2,L3|relpath_local|results/bler_sionna/bler_sionna.csv,"""""""Regenerate fig_channel_bler_frame.{pdf,png} from results/bler_sionna/bler_sionna.csv."
LITERAL,paper1/code/plot_bler_frame.py,projects/ca_tosg/evaluation/figures/plot_bler_frame.py,REWRITE,2,L20|relpath_local|results/bler_sionna/bler_sionna.csv,"CSV = os.path.join(P1, 'results/bler_sionna/bler_sionna.csv')"
LITERAL,paper1/code/plot_bler_frame.py,projects/ca_tosg/evaluation/figures/plot_bler_frame.py,REWRITE,2,L21|relpath_local|paper/figures,"FIG = os.path.join(P1, 'paper/figures')"
LITERAL,paper1/code/plot_bler_frame.py,projects/ca_tosg/evaluation/figures/plot_bler_frame.py,RE-ANCHOR,2,L18|path_anchor|os.path.dirname,HERE = os.path.dirname(os.path.abspath(__file__))
LITERAL,paper1/code/plot_bler_frame.py,projects/ca_tosg/evaluation/figures/plot_bler_frame.py,RE-ANCHOR,2,L19|path_anchor|os.path.dirname,P1 = os.path.dirname(HERE)
LITERAL,paper1/code/plot_feature_importance.py,projects/ca_tosg/evaluation/figures/plot_feature_importance.py,REWRITE,2,L20|relpath_local|results/feature_importance.csv,"IN = os.path.join(P1, 'results/feature_importance.csv')      # v3: c_t (channel_is_rayleigh) 0.349 dominant"
LITERAL,paper1/code/plot_feature_importance.py,projects/ca_tosg/evaluation/figures/plot_feature_importance.py,REWRITE,2,L21|relpath_local|paper/figures,"OUT_DIR = os.path.join(P1, 'paper/figures')"
LITERAL,paper1/code/plot_feature_importance.py,projects/ca_tosg/evaluation/figures/plot_feature_importance.py,RE-ANCHOR,2,L15|path_anchor|sys.path,"_sys.path.insert(0, _os.path.dirname(_os.path.abspath(__file__)))"
LITERAL,paper1/code/plot_feature_importance.py,projects/ca_tosg/evaluation/figures/plot_feature_importance.py,REWRITE,2,L16|local_import|paper_style,import paper_style as _ps; _ps.apply()
LITERAL,paper1/code/plot_feature_importance.py,projects/ca_tosg/evaluation/figures/plot_feature_importance.py,RE-ANCHOR,2,L19|path_anchor|os.path.dirname,P1 = os.path.dirname(os.path.dirname(os.path.abspath(__file__)))
LITERAL,paper1/code/plot_oracle_action_dist.py,projects/ca_tosg/evaluation/figures/plot_oracle_action_dist.py,REWRITE,2,L3|relpath_local|results/step4_oracle_action_dist.csv,"""""""Reads results/step4_oracle_action_dist.csv and plots the oracle action mix vs Es/N0 for each"
LITERAL,paper1/code/plot_oracle_action_dist.py,projects/ca_tosg/evaluation/figures/plot_oracle_action_dist.py,REWRITE,2,L5|relpath_local|results/step4_oracle_action_dist,"all-L collapse after the feasibility mask. Outputs results/step4_oracle_action_dist.{pdf,png}."
LITERAL,paper1/code/plot_oracle_action_dist.py,projects/ca_tosg/evaluation/figures/plot_oracle_action_dist.py,RE-ANCHOR,2,L14|path_anchor|os.path.dirname,HERE = os.path.dirname(os.path.abspath(__file__)); P1 = os.path.dirname(HERE)
LITERAL,paper1/code/plot_pareto_payload.py,projects/ca_tosg/evaluation/figures/plot_pareto_payload.py,REWRITE,2,L5|relpath_local|results/policy/pareto_points.csv,"fig_pareto_test.pdf  <- results/policy/pareto_points.csv (test rows, corrected rate-1/2 payloads)"
LITERAL,paper1/code/plot_pareto_payload.py,projects/ca_tosg/evaluation/figures/plot_pareto_payload.py,REWRITE,2,L8|relpath_local|results/policy/PROVENANCE.txt,selector md5 pending P2 re-freeze (see results/policy/PROVENANCE.txt; the old eb9358e9 was v2).
LITERAL,paper1/code/plot_pareto_payload.py,projects/ca_tosg/evaluation/figures/plot_pareto_payload.py,REWRITE,2,L10|relpath_local|results/true_e2e_global_validate.csv,fig_payload_awgn.pdf <- results/true_e2e_global_validate.csv (AWGN CA-TOSG rows; matches the validate AP/payload section
LITERAL,paper1/code/plot_pareto_payload.py,projects/ca_tosg/evaluation/figures/plot_pareto_payload.py,REWRITE,2,L15|relpath_local|paper/figures/README.md,Provenance is recorded in paper/figures/README.md (Figure provenance section).
LITERAL,paper1/code/plot_pareto_payload.py,projects/ca_tosg/evaluation/figures/plot_pareto_payload.py,REWRITE,2,L16|relpath_local|paper/figures/,"Outputs {pdf,svg} into paper/figures/. Pure plotting, no GPU / no inference."
LITERAL,paper1/code/plot_pareto_payload.py,projects/ca_tosg/evaluation/figures/plot_pareto_payload.py,REWRITE,2,L28|relpath_local|paper/figures,"RES = os.path.join(P1, 'results'); FIG = os.path.join(P1, 'paper/figures')"
LITERAL,paper1/code/plot_pareto_payload.py,projects/ca_tosg/evaluation/figures/plot_pareto_payload.py,RE-ANCHOR,2,L23|path_anchor|sys.path,"_sys.path.insert(0, os.path.dirname(os.path.abspath(__file__)))"
LITERAL,paper1/code/plot_pareto_payload.py,projects/ca_tosg/evaluation/figures/plot_pareto_payload.py,REWRITE,2,L24|local_import|paper_style,import paper_style as PS; PS.apply()
LITERAL,paper1/code/plot_pareto_payload.py,projects/ca_tosg/evaluation/figures/plot_pareto_payload.py,RE-ANCHOR,2,L27|path_anchor|os.path.dirname,HERE = os.path.dirname(os.path.abspath(__file__)); P1 = os.path.dirname(HERE)
LITERAL,paper1/code/plot_stacked_area.py,projects/ca_tosg/evaluation/figures/plot_stacked_area.py,REWRITE,2,L19|relpath_local|paper/figures,"OUT_DIR = os.path.join(P1, 'paper/figures')"
LITERAL,paper1/code/plot_stacked_area.py,projects/ca_tosg/evaluation/figures/plot_stacked_area.py,REWRITE,2,L20|relpath_local|results/true_e2e_global_validate.csv,"V3 = os.path.join(P1, 'results/true_e2e_global_validate.csv')  # deployed selector rho_L per SNR"
LITERAL,paper1/code/plot_stacked_area.py,projects/ca_tosg/evaluation/figures/plot_stacked_area.py,RE-ANCHOR,2,L14|path_anchor|sys.path,"_sys.path.insert(0, _os.path.dirname(_os.path.abspath(__file__)))"
LITERAL,paper1/code/plot_stacked_area.py,projects/ca_tosg/evaluation/figures/plot_stacked_area.py,REWRITE,2,L15|local_import|paper_style,import paper_style as _ps; _ps.apply()
LITERAL,paper1/code/plot_stacked_area.py,projects/ca_tosg/evaluation/figures/plot_stacked_area.py,RE-ANCHOR,2,L18|path_anchor|os.path.dirname,P1 = os.path.dirname(os.path.dirname(os.path.abspath(__file__)))
LITERAL,paper1/code/recompute_canonical_f1.py,projects/ca_tosg/evaluation/canonical_f1.py,REWRITE,2,L5|relpath_local|data/dataset_,"# adds ego_f1, into data/dataset_{split}_v3.csv (the cue columns are LiDAR-derived and kept as-is)."
LITERAL,paper1/code/recompute_canonical_f1.py,projects/ca_tosg/evaluation/canonical_f1.py,REWRITE,2,L10|relpath_local|peiyi_work/paper1,"P1=os.path.join(REPO,'peiyi_work/paper1'); GS=os.path.join(P1,'gs_rerun'); D=os.path.join(P1,'data')"
LITERAL,paper1/code/recompute_canonical_f1.py,projects/ca_tosg/evaluation/canonical_f1.py,REWRITE,2,L45|relpath_local|results/canonical_f1_columns.csv,"print(""[artifact] results/canonical_f1_columns.csv ; datasets: data/dataset_{split}_v3.csv"")"
LITERAL,paper1/code/recompute_canonical_f1.py,projects/ca_tosg/evaluation/canonical_f1.py,REWRITE,2,L45|relpath_local|data/dataset_,"print(""[artifact] results/canonical_f1_columns.csv ; datasets: data/dataset_{split}_v3.csv"")"
LITERAL,paper1/code/recompute_canonical_f1.py,projects/ca_tosg/evaluation/canonical_f1.py,RE-ANCHOR,2,L8|path_anchor|sys.path,"REPO='/home/josh/cooperative_semantic_perception/OpenCOOD'; sys.path.insert(0,REPO)"
LITERAL,paper1/code/recompute_policy_200seed.py,projects/ca_tosg/evaluation/policy_200seed.py,REWRITE,2,L6|relpath_local|data/dataset_,* datasets           : data/dataset_{split}_v3.csv (canonical late_f1/compressed_f1/ego_f1).
LITERAL,paper1/code/recompute_policy_200seed.py,projects/ca_tosg/evaluation/policy_200seed.py,REWRITE,2,L7|relpath_local|results/bler_sionna/bler_sionna.csv,* BLER               : Sionna FRAME-level table results/bler_sionna/bler_sionna.csv (bler_frame
LITERAL,paper1/code/recompute_policy_200seed.py,projects/ca_tosg/evaluation/policy_200seed.py,REWRITE,2,L22|relpath_local|data/selector_rf.pkl,"CA-TOSG (RF, deployed)                   -- data/selector_rf.pkl (v3-retrained) on the drawn CSI."
LITERAL,paper1/code/recompute_policy_200seed.py,projects/ca_tosg/evaluation/policy_200seed.py,REWRITE,2,L39|relpath_local|results/bler_sionna/bler_sionna.csv,"BLER_CSV = os.path.join(P1, 'results/bler_sionna/bler_sionna.csv')"
LITERAL,paper1/code/recompute_policy_200seed.py,projects/ca_tosg/evaluation/policy_200seed.py,REWRITE,2,L209|relpath_local|results/policy/threshold_vs_rf.csv,"""generator-of-record for results/policy/threshold_vs_rf.csv, which still backs main.tex """
LITERAL,paper1/code/recompute_policy_200seed.py,projects/ca_tosg/evaluation/policy_200seed.py,REWRITE,2,L320|relpath_local|data/selector_rf.pkl,"f.write(f""rf_checkpoint_md5: {rf_md5}  rf_path: data/selector_rf.pkl (v3-retrained)\n"")"
LITERAL,paper1/code/recompute_policy_200seed.py,projects/ca_tosg/evaluation/policy_200seed.py,REWRITE,2,L324|relpath_local|results/bler_sionna/bler_sionna.csv,"f.write(""BLER: results/bler_sionna/bler_sionna.csv (frame-level bler_frame, Es/N0); """
LITERAL,paper1/code/recompute_policy_200seed.py,projects/ca_tosg/evaluation/policy_200seed.py,RE-ANCHOR,2,L37|path_anchor|os.path.dirname,HERE = os.path.dirname(os.path.abspath(__file__)); P1 = os.path.dirname(HERE)
LITERAL,paper1/code/regen_preds_with_scores.py,projects/ca_tosg/datasets/regen_preds_with_scores.py,RE-ANCHOR,2,L8|path_anchor|os.path.dirname,REPO = os.path.dirname(os.path.dirname(os.path.dirname(os.path.dirname(os.path.abspath(__file__)))))
LITERAL,paper1/code/regen_preds_with_scores.py,projects/ca_tosg/datasets/regen_preds_with_scores.py,RE-ANCHOR,2,L9|path_anchor|sys.path,"sys.path.insert(0, REPO)"
LITERAL,paper1/code/regen_preds_with_scores.py,projects/ca_tosg/datasets/regen_preds_with_scores.py,RE-ANCHOR,2,L57|path_anchor|os.path.dirname,"os.makedirs(os.path.dirname(opt.out) or '.', exist_ok=True)"
LITERAL,paper1/code/rf_latency_benchmark.py,projects/ca_tosg/evaluation/latency.py + tools/benchmark_latency.py,REWRITE,2,L10|relpath_local|extra_experiments/a8_models.py,Latency protocol (same as extra_experiments/a8_models.py -- the batch-1 online 10 Hz operating point):
LITERAL,paper1/code/rf_latency_benchmark.py,projects/ca_tosg/evaluation/latency.py + tools/benchmark_latency.py,REWRITE,2,L25|relpath_local|results/p2_latency/,Outputs (results/p2_latency/):
LITERAL,paper1/code/rf_latency_benchmark.py,projects/ca_tosg/evaluation/latency.py + tools/benchmark_latency.py,REWRITE,2,L31|relpath_local|paper1/code/rf_latency_benchmark.py,Run:  /path/to/env/python paper1/code/rf_latency_benchmark.py
LITERAL,paper1/code/rf_latency_benchmark.py,projects/ca_tosg/evaluation/latency.py + tools/benchmark_latency.py,REWRITE,2,L47|relpath_local|results/p2_latency,"OUT_DIR = os.path.join(P1, 'results/p2_latency')"
LITERAL,paper1/code/rf_latency_benchmark.py,projects/ca_tosg/evaluation/latency.py + tools/benchmark_latency.py,REWRITE,2,L133|relpath_local|results/p2_dataprep/FROZEN_MANIFEST.json,"f.write(f'manifest: results/p2_dataprep/FROZEN_MANIFEST.json (schema {man[""schema""]}, '"
LITERAL,paper1/code/rf_latency_benchmark.py,projects/ca_tosg/evaluation/latency.py + tools/benchmark_latency.py,REWRITE,2,L148|relpath_local|results/p2_latency/,"print('wrote results/p2_latency/{latency_frozen.csv,e2e_timing.csv,PROVENANCE_latency.txt}', flush=True)"
LITERAL,paper1/code/rf_latency_benchmark.py,projects/ca_tosg/evaluation/latency.py + tools/benchmark_latency.py,RE-ANCHOR,2,L42|path_anchor|os.path.dirname,HERE = os.path.dirname(os.path.abspath(__file__))
LITERAL,paper1/code/rf_latency_benchmark.py,projects/ca_tosg/evaluation/latency.py + tools/benchmark_latency.py,RE-ANCHOR,2,L43|path_anchor|sys.path,"sys.path.insert(0, os.path.join(HERE, 'p2_dataprep'))"
LITERAL,paper1/code/rf_latency_benchmark.py,projects/ca_tosg/evaluation/latency.py + tools/benchmark_latency.py,REWRITE,2,L44|local_import|eval_p2_deploy,import eval_p2_deploy as D          # frozen-manifest loader + feature-matrix builder (single source)
LITERAL,paper1/code/run_ego_only.py,projects/ca_tosg/datasets/run_ego_only.py,REWRITE,2,L10|relpath_local|peiyi_work/paper1,"P1 = os.path.join(REPO, 'peiyi_work/paper1')"
LITERAL,paper1/code/run_ego_only.py,projects/ca_tosg/datasets/run_ego_only.py,REWRITE,2,L12|relpath_local|peiyi_work/paper1/pretrained_models,"GS = os.path.join(P1, 'gs_rerun'); MP = 'peiyi_work/paper1/pretrained_models'"
LITERAL,paper1/code/run_ego_only.py,projects/ca_tosg/datasets/run_ego_only.py,REWRITE,2,L50|relpath_local|code/regen_ego_only.py,"subprocess.check_call([PY, os.path.join(P1, 'code/regen_ego_only.py'),"
LITERAL,paper1/code/run_ego_only.py,projects/ca_tosg/datasets/run_ego_only.py,RE-ANCHOR,2,L8|path_anchor|sys.path,"sys.path.insert(0, REPO)"
LITERAL,paper1/code/snr_decision_plot.py,projects/ca_tosg/evaluation/figures/snr_decision_plot.py,REWRITE,2,L26|relpath_local|paper/figures,"OUT_DIR = os.path.join(P1, 'paper/figures')"
LITERAL,paper1/code/snr_decision_plot.py,projects/ca_tosg/evaluation/figures/snr_decision_plot.py,REWRITE,2,L27|relpath_local|results/true_e2e_global_validate.csv,"SEL = os.path.join(P1, 'results/true_e2e_global_validate.csv')  # deployed selector rho_L per SNR"
LITERAL,paper1/code/snr_decision_plot.py,projects/ca_tosg/evaluation/figures/snr_decision_plot.py,REWRITE,2,L28|relpath_local|results/step4_oracle_action_dist.csv,"ORC = os.path.join(P1, 'results/step4_oracle_action_dist.csv')             # oracle frac_{L,C16,C256} per SNR"
LITERAL,paper1/code/snr_decision_plot.py,projects/ca_tosg/evaluation/figures/snr_decision_plot.py,RE-ANCHOR,2,L19|path_anchor|sys.path,"_sys.path.insert(0, _os.path.dirname(_os.path.abspath(__file__)))"
LITERAL,paper1/code/snr_decision_plot.py,projects/ca_tosg/evaluation/figures/snr_decision_plot.py,REWRITE,2,L20|local_import|paper_style,import paper_style as _ps; _ps.apply()
LITERAL,paper1/code/snr_decision_plot.py,projects/ca_tosg/evaluation/figures/snr_decision_plot.py,RE-ANCHOR,2,L25|path_anchor|os.path.dirname,P1 = os.path.dirname(os.path.dirname(os.path.abspath(__file__)))
LITERAL,paper1/code/step4_collab_harm.py,projects/ca_tosg/evaluation/collab_harm.py,REWRITE,2,L9|relpath_local|results/step4_collaboration_harm.csv,free in the 2-bit codebook -- '11' is reserved). Writes results/step4_collaboration_harm.csv.
LITERAL,paper1/code/step4_collab_harm.py,projects/ca_tosg/evaluation/collab_harm.py,REWRITE,2,L35|relpath_local|results/step4_collaboration_harm.csv,print('\nwrote results/step4_collaboration_harm.csv')
LITERAL,paper1/code/step4_oracle_action_dist.py,projects/ca_tosg/evaluation/action_dist.py,REWRITE,2,L6|relpath_local|results/step4_oracle_action_dist.csv,predictions and writes results/step4_oracle_action_dist.csv.
LITERAL,paper1/code/step4_oracle_action_dist.py,projects/ca_tosg/evaluation/action_dist.py,REWRITE,2,L19|relpath_local|peiyi_work/paper1,"P1 = os.path.join(REPO, 'peiyi_work/paper1')"
LITERAL,paper1/code/step4_oracle_action_dist.py,projects/ca_tosg/evaluation/action_dist.py,REWRITE,2,L22|relpath_local|results/bler_sionna/bler_sionna.csv,"BLER_CSV = os.path.join(P1, 'results/bler_sionna/bler_sionna.csv')"
LITERAL,paper1/code/step4_oracle_action_dist.py,projects/ca_tosg/evaluation/action_dist.py,REWRITE,2,L66|relpath_local|results/step4_oracle_action_dist.csv,"print('wrote results/step4_oracle_action_dist.csv', out.shape)"
LITERAL,paper1/code/test_split_pipeline/01_gen_predictions.py,projects/ca_tosg/datasets/test_split/01_gen_predictions.py,REWRITE,2,L8|relpath_local|peiyi_work/05_pretrained_models/,peiyi_work/05_pretrained_models/<model>/npy/. We write the test predictions
LITERAL,paper1/code/test_split_pipeline/01_gen_predictions.py,projects/ca_tosg/datasets/test_split/01_gen_predictions.py,REWRITE,2,L14|relpath_local|peiyi_work/01_paper_ca_tosg/test_split_pipeline/01_gen_predictions.py,peiyi_work/01_paper_ca_tosg/test_split_pipeline/01_gen_predictions.py
LITERAL,paper1/code/test_split_pipeline/01_gen_predictions.py,projects/ca_tosg/datasets/test_split/01_gen_predictions.py,REWRITE,2,L32|relpath_local|peiyi_work/05_pretrained_models/,"'ckpt_dir': os.path.join(REPO, 'peiyi_work/05_pretrained_models/'"
LITERAL,paper1/code/test_split_pipeline/01_gen_predictions.py,projects/ca_tosg/datasets/test_split/01_gen_predictions.py,REWRITE,2,L38|relpath_local|peiyi_work/05_pretrained_models/,"'ckpt_dir': os.path.join(REPO, 'peiyi_work/05_pretrained_models/'"
LITERAL,paper1/code/test_split_pipeline/01_gen_predictions.py,projects/ca_tosg/datasets/test_split/01_gen_predictions.py,REWRITE,2,L46|relpath_local|opv2v_data_dumping/,TEST_PATH = f'opv2v_data_dumping/{SPLIT}'
LITERAL,paper1/code/test_split_pipeline/01_gen_predictions.py,projects/ca_tosg/datasets/test_split/01_gen_predictions.py,REWRITE,2,L66|relpath_local|opencood/hypes_yaml/yaml_utils.py,# own load_yaml (opencood/hypes_yaml/yaml_utils.py).
LITERAL,paper1/code/test_split_pipeline/01_gen_predictions.py,projects/ca_tosg/datasets/test_split/01_gen_predictions.py,REWRITE,2,L96|relpath_local|opencood/tools/inference.py,"PYTHON, '-u', os.path.join(REPO, 'opencood/tools/inference.py'),"
LITERAL,paper1/code/test_split_pipeline/01_gen_predictions.py,projects/ca_tosg/datasets/test_split/01_gen_predictions.py,RE-ANCHOR,2,L24|path_anchor|os.path.dirname,REPO = os.path.dirname(os.path.dirname(os.path.dirname(os.path.dirname(
LITERAL,paper1/code/test_split_pipeline/01_gen_predictions.py,projects/ca_tosg/datasets/test_split/01_gen_predictions.py,RE-ANCHOR,2,L25|path_anchor|__file__,os.path.abspath(__file__)))))
LITERAL,paper1/code/test_split_pipeline/01_gen_predictions.py,projects/ca_tosg/datasets/test_split/01_gen_predictions.py,RE-ANCHOR,2,L56|path_anchor|os.path.dirname,parent = os.path.dirname(original_dir)
LITERAL,paper1/code/test_split_pipeline/02_extract_cues_and_f1.py,projects/ca_tosg/datasets/test_split/02_extract_cues_and_f1.py,REWRITE,2,L1|relpath_local|test_split_pipeline/runs/test_frame_features.csv,#self+ Test-split pipeline 02: extract 21 LiDAR cues + per-frame late/compressed F1 on OPV2V test split; produces test_s
LITERAL,paper1/code/test_split_pipeline/02_extract_cues_and_f1.py,projects/ca_tosg/datasets/test_split/02_extract_cues_and_f1.py,REWRITE,2,L12|relpath_local|peiyi_work/01_paper_ca_tosg/test_split_pipeline/02_extract_cues_and_f1.py,peiyi_work/01_paper_ca_tosg/test_split_pipeline/02_extract_cues_and_f1.py
LITERAL,paper1/code/test_split_pipeline/02_extract_cues_and_f1.py,projects/ca_tosg/datasets/test_split/02_extract_cues_and_f1.py,REWRITE,2,L32|relpath_local|peiyi_work/05_pretrained_models,"PRETRAINED = os.path.join(REPO, 'peiyi_work/05_pretrained_models')"
LITERAL,paper1/code/test_split_pipeline/02_extract_cues_and_f1.py,projects/ca_tosg/datasets/test_split/02_extract_cues_and_f1.py,REWRITE,2,L38|relpath_local|peiyi_work/01_paper_ca_tosg/test_split_pipeline/,"OUT_DIR = os.path.join(REPO, f'peiyi_work/01_paper_ca_tosg/test_split_pipeline/{RUNS}')"
LITERAL,paper1/code/test_split_pipeline/02_extract_cues_and_f1.py,projects/ca_tosg/datasets/test_split/02_extract_cues_and_f1.py,RE-ANCHOR,2,L19|path_anchor|os.path.dirname,REPO = os.path.dirname(os.path.dirname(os.path.dirname(os.path.dirname(
LITERAL,paper1/code/test_split_pipeline/02_extract_cues_and_f1.py,projects/ca_tosg/datasets/test_split/02_extract_cues_and_f1.py,RE-ANCHOR,2,L20|path_anchor|__file__,os.path.abspath(__file__)))))
LITERAL,paper1/code/test_split_pipeline/02_extract_cues_and_f1.py,projects/ca_tosg/datasets/test_split/02_extract_cues_and_f1.py,RE-ANCHOR,2,L21|path_anchor|sys.path,"sys.path.insert(0, REPO)"
LITERAL,paper1/code/test_split_pipeline/03_build_test_dataset.py,projects/ca_tosg/datasets/test_split/03_build_test_dataset.py,REWRITE,2,L18|relpath_local|peiyi_work/01_paper_ca_tosg/test_split_pipeline/,f'peiyi_work/01_paper_ca_tosg/test_split_pipeline/{RUNS}/test_frame_features.csv')
LITERAL,paper1/code/test_split_pipeline/03_build_test_dataset.py,projects/ca_tosg/datasets/test_split/03_build_test_dataset.py,REWRITE,2,L18|absolute_path|/test_frame_features.csv,f'peiyi_work/01_paper_ca_tosg/test_split_pipeline/{RUNS}/test_frame_features.csv')
LITERAL,paper1/code/test_split_pipeline/03_build_test_dataset.py,projects/ca_tosg/datasets/test_split/03_build_test_dataset.py,REWRITE,2,L20|relpath_local|peiyi_work/04_experiment_logs/baseline_csvs/,'peiyi_work/04_experiment_logs/baseline_csvs/'
LITERAL,paper1/code/test_split_pipeline/03_build_test_dataset.py,projects/ca_tosg/datasets/test_split/03_build_test_dataset.py,REWRITE,2,L29|relpath_local|peiyi_work/04_experiment_logs/importance_map_jscc/ldpc_qam_bler_table.csv,'peiyi_work/04_experiment_logs/importance_map_jscc/ldpc_qam_bler_table.csv')
LITERAL,paper1/code/test_split_pipeline/03_build_test_dataset.py,projects/ca_tosg/datasets/test_split/03_build_test_dataset.py,REWRITE,2,L31|relpath_local|peiyi_work/01_paper_ca_tosg/test_split_pipeline/,f'peiyi_work/01_paper_ca_tosg/test_split_pipeline/{RUNS}/test_dataset.csv')
LITERAL,paper1/code/test_split_pipeline/03_build_test_dataset.py,projects/ca_tosg/datasets/test_split/03_build_test_dataset.py,REWRITE,2,L31|absolute_path|/test_dataset.csv,f'peiyi_work/01_paper_ca_tosg/test_split_pipeline/{RUNS}/test_dataset.csv')
LITERAL,paper1/code/test_split_pipeline/03_build_test_dataset.py,projects/ca_tosg/datasets/test_split/03_build_test_dataset.py,RE-ANCHOR,2,L13|path_anchor|os.path.dirname,REPO = os.path.dirname(os.path.dirname(os.path.dirname(os.path.dirname(
LITERAL,paper1/code/test_split_pipeline/03_build_test_dataset.py,projects/ca_tosg/datasets/test_split/03_build_test_dataset.py,RE-ANCHOR,2,L14|path_anchor|__file__,os.path.abspath(__file__)))))
LITERAL,paper1/code/test_split_pipeline/04_eval_rf_on_test.py,projects/ca_tosg/datasets/test_split/04_eval_rf_on_test.py,REWRITE,2,L18|relpath_local|code/extra_experiments/_common.py,# read the channel-use payloads from the single canonical source (code/extra_experiments/_common.py)
LITERAL,paper1/code/test_split_pipeline/04_eval_rf_on_test.py,projects/ca_tosg/datasets/test_split/04_eval_rf_on_test.py,REWRITE,2,L25|relpath_local|peiyi_work/01_paper_ca_tosg/test_split_pipeline/,f'peiyi_work/01_paper_ca_tosg/test_split_pipeline/{RUNS}/test_dataset.csv')
LITERAL,paper1/code/test_split_pipeline/04_eval_rf_on_test.py,projects/ca_tosg/datasets/test_split/04_eval_rf_on_test.py,REWRITE,2,L25|absolute_path|/test_dataset.csv,f'peiyi_work/01_paper_ca_tosg/test_split_pipeline/{RUNS}/test_dataset.csv')
LITERAL,paper1/code/test_split_pipeline/04_eval_rf_on_test.py,projects/ca_tosg/datasets/test_split/04_eval_rf_on_test.py,REWRITE,2,L27|relpath_local|peiyi_work/01_paper_ca_tosg/runs/v2/rf_full.pkl,'peiyi_work/01_paper_ca_tosg/runs/v2/rf_full.pkl')
LITERAL,paper1/code/test_split_pipeline/04_eval_rf_on_test.py,projects/ca_tosg/datasets/test_split/04_eval_rf_on_test.py,REWRITE,2,L34|relpath_local|peiyi_work/04_experiment_logs/importance_map_jscc/ldpc_qam_bler_table.csv,'peiyi_work/04_experiment_logs/importance_map_jscc/ldpc_qam_bler_table.csv')
LITERAL,paper1/code/test_split_pipeline/04_eval_rf_on_test.py,projects/ca_tosg/datasets/test_split/04_eval_rf_on_test.py,REWRITE,2,L36|relpath_local|peiyi_work/01_paper_ca_tosg/test_split_pipeline/,f'peiyi_work/01_paper_ca_tosg/test_split_pipeline/{RUNS}')
LITERAL,paper1/code/test_split_pipeline/04_eval_rf_on_test.py,projects/ca_tosg/datasets/test_split/04_eval_rf_on_test.py,RE-ANCHOR,2,L15|path_anchor|os.path.dirname,REPO = os.path.dirname(os.path.dirname(os.path.dirname(os.path.dirname(
LITERAL,paper1/code/test_split_pipeline/04_eval_rf_on_test.py,projects/ca_tosg/datasets/test_split/04_eval_rf_on_test.py,RE-ANCHOR,2,L16|path_anchor|__file__,os.path.abspath(__file__)))))
LITERAL,paper1/code/test_split_pipeline/04_eval_rf_on_test.py,projects/ca_tosg/datasets/test_split/04_eval_rf_on_test.py,RE-ANCHOR,2,L20|path_anchor|sys.path,"sys.path.insert(0, os.path.join(os.path.dirname(os.path.dirname(os.path.abspath(__file__))),"
LITERAL,paper1/code/test_split_pipeline/04_eval_rf_on_test.py,projects/ca_tosg/datasets/test_split/04_eval_rf_on_test.py,REWRITE,2,L38|local_import|_common,"from _common import PAYLOAD  # {'L':0.024,'C16':0.99,'C256':0.495} -- rate-1/2 coded channel-use (Msym)"
LITERAL,paper1/code/test_split_pipeline/05_true_e2e_ap_on_test.py,projects/ca_tosg/datasets/test_split/05_true_e2e_ap_on_test.py,REWRITE,2,L25|relpath_local|peiyi_work/05_pretrained_models,"PRETRAINED = os.path.join(REPO, 'peiyi_work/05_pretrained_models')"
LITERAL,paper1/code/test_split_pipeline/05_true_e2e_ap_on_test.py,projects/ca_tosg/datasets/test_split/05_true_e2e_ap_on_test.py,REWRITE,2,L30|relpath_local|peiyi_work/01_paper_ca_tosg/test_split_pipeline/,f'peiyi_work/01_paper_ca_tosg/test_split_pipeline/{RUNS}/test_dataset.csv')
LITERAL,paper1/code/test_split_pipeline/05_true_e2e_ap_on_test.py,projects/ca_tosg/datasets/test_split/05_true_e2e_ap_on_test.py,REWRITE,2,L30|absolute_path|/test_dataset.csv,f'peiyi_work/01_paper_ca_tosg/test_split_pipeline/{RUNS}/test_dataset.csv')
LITERAL,paper1/code/test_split_pipeline/05_true_e2e_ap_on_test.py,projects/ca_tosg/datasets/test_split/05_true_e2e_ap_on_test.py,REWRITE,2,L32|relpath_local|peiyi_work/01_paper_ca_tosg/runs/v2/rf_full.pkl,'peiyi_work/01_paper_ca_tosg/runs/v2/rf_full.pkl')
LITERAL,paper1/code/test_split_pipeline/05_true_e2e_ap_on_test.py,projects/ca_tosg/datasets/test_split/05_true_e2e_ap_on_test.py,REWRITE,2,L39|relpath_local|peiyi_work/04_experiment_logs/importance_map_jscc/ldpc_qam_bler_table.csv,'peiyi_work/04_experiment_logs/importance_map_jscc/ldpc_qam_bler_table.csv')
LITERAL,paper1/code/test_split_pipeline/05_true_e2e_ap_on_test.py,projects/ca_tosg/datasets/test_split/05_true_e2e_ap_on_test.py,REWRITE,2,L41|relpath_local|peiyi_work/01_paper_ca_tosg/test_split_pipeline/,f'peiyi_work/01_paper_ca_tosg/test_split_pipeline/{RUNS}')
LITERAL,paper1/code/test_split_pipeline/05_true_e2e_ap_on_test.py,projects/ca_tosg/datasets/test_split/05_true_e2e_ap_on_test.py,RE-ANCHOR,2,L17|path_anchor|os.path.dirname,REPO = os.path.dirname(os.path.dirname(os.path.dirname(os.path.dirname(
LITERAL,paper1/code/test_split_pipeline/05_true_e2e_ap_on_test.py,projects/ca_tosg/datasets/test_split/05_true_e2e_ap_on_test.py,RE-ANCHOR,2,L18|path_anchor|__file__,os.path.abspath(__file__)))))
LITERAL,paper1/code/test_split_pipeline/05_true_e2e_ap_on_test.py,projects/ca_tosg/datasets/test_split/05_true_e2e_ap_on_test.py,RE-ANCHOR,2,L19|path_anchor|sys.path,"sys.path.insert(0, REPO)"
LITERAL,paper1/code/test_split_pipeline/README.md,projects/ca_tosg/datasets/test_split/README.md,REWRITE,2,L1|relpath_local|test_split_pipeline/,# `test_split_pipeline/` — 泛化实验流水线 / Generalisation pipeline
LITERAL,paper1/code/test_split_pipeline/README.md,projects/ca_tosg/datasets/test_split/README.md,REWRITE,2,L5|relpath_escaping_repo|../runs/v2/rf_full.pkl,把**在 validate 上训练好的** selector（`../runs/v2/rf_full.pkl`，不重训）直接应用到 OPV2V **test** 和
LITERAL,paper1/code/test_split_pipeline/README.md,projects/ca_tosg/datasets/test_split/README.md,REWRITE,2,L24|relpath_local|test_split_pipeline/run_all.py,CATOSG_SPLIT=test            PYTHONPATH=. python test_split_pipeline/run_all.py
LITERAL,paper1/code/test_split_pipeline/README.md,projects/ca_tosg/datasets/test_split/README.md,REWRITE,2,L26|relpath_local|test_split_pipeline/run_all.py,CATOSG_SPLIT=test_culver_city PYTHONPATH=. python test_split_pipeline/run_all.py
LITERAL,paper1/code/test_split_pipeline/README.md,projects/ca_tosg/datasets/test_split/README.md,REWRITE,2,L37|relpath_escaping_repo|../runs/v2/rf_full.pkl,"Applies the **validate-trained** selector (`../runs/v2/rf_full.pkl`, not retrained) to the held-out OPV2V"
LITERAL,paper1/code/test_split_pipeline/README.md,projects/ca_tosg/datasets/test_split/README.md,REWRITE,2,L44|relpath_local|test_split_pipeline/run_all.py,CATOSG_SPLIT=test            PYTHONPATH=. python test_split_pipeline/run_all.py   # regular test
LITERAL,paper1/code/test_split_pipeline/README.md,projects/ca_tosg/datasets/test_split/README.md,REWRITE,2,L45|relpath_local|test_split_pipeline/run_all.py,CATOSG_SPLIT=test_culver_city PYTHONPATH=. python test_split_pipeline/run_all.py  # Culver-City
LITERAL,paper1/code/test_split_pipeline/extract_test_data.py,projects/ca_tosg/datasets/test_split/extract_test_data.py,REWRITE,2,L10|relpath_local|opv2v_data_dumping/test/,opv2v_data_dumping/test/<scene_dir>/...              <- from test.zip
LITERAL,paper1/code/test_split_pipeline/extract_test_data.py,projects/ca_tosg/datasets/test_split/extract_test_data.py,REWRITE,2,L11|relpath_local|opv2v_data_dumping/test_culver_city/,opv2v_data_dumping/test_culver_city/<scene_dir>/...  <- from test_culver_city.zip
LITERAL,paper1/code/test_split_pipeline/extract_test_data.py,projects/ca_tosg/datasets/test_split/extract_test_data.py,REWRITE,2,L12|relpath_local|opv2v_data_dumping/test,The pipeline (TEST_PATH='opv2v_data_dumping/test') evaluates the regular test
LITERAL,paper1/code/test_split_pipeline/extract_test_data.py,projects/ca_tosg/datasets/test_split/extract_test_data.py,REWRITE,2,L17|relpath_local|opv2v_data_dumping/DATA_test_archive/,successful extract we relocate it to opv2v_data_dumping/DATA_test_archive/.
LITERAL,paper1/code/test_split_pipeline/extract_test_data.py,projects/ca_tosg/datasets/test_split/extract_test_data.py,REWRITE,2,L97|relpath_local|opv2v_data_dumping/test/,"# regular test -> opv2v_data_dumping/test/  (scenes directly, pipeline reads this)"
LITERAL,paper1/code/test_split_pipeline/extract_test_data.py,projects/ca_tosg/datasets/test_split/extract_test_data.py,REWRITE,2,L100|relpath_local|opv2v_data_dumping/test_culver_city/,"# culver_city -> opv2v_data_dumping/test_culver_city/  (sibling, separate domain)"
LITERAL,paper1/code/test_split_pipeline/run_all.py,projects/ca_tosg/datasets/test_split/run_all.py,REWRITE,2,L8|relpath_local|OpenCOOD/opv2v_data_dumping/test/,OpenCOOD/opv2v_data_dumping/test/
LITERAL,paper1/code/test_split_pipeline/run_all.py,projects/ca_tosg/datasets/test_split/run_all.py,REWRITE,2,L20|relpath_local|peiyi_work/01_paper_ca_tosg/test_split_pipeline/run_all.py,peiyi_work/01_paper_ca_tosg/test_split_pipeline/run_all.py
LITERAL,paper1/code/test_split_pipeline/run_all.py,projects/ca_tosg/datasets/test_split/run_all.py,REWRITE,2,L41|relpath_local|opv2v_data_dumping/,"TEST_DIR = os.path.join(REPO, f'opv2v_data_dumping/{SPLIT}')"
LITERAL,paper1/code/test_split_pipeline/run_all.py,projects/ca_tosg/datasets/test_split/run_all.py,RE-ANCHOR,2,L27|path_anchor|os.path.dirname,REPO = os.path.dirname(os.path.dirname(os.path.dirname(os.path.dirname(
LITERAL,paper1/code/test_split_pipeline/run_all.py,projects/ca_tosg/datasets/test_split/run_all.py,RE-ANCHOR,2,L28|path_anchor|__file__,os.path.abspath(__file__)))))
LITERAL,paper1/code/test_split_pipeline/run_all.py,projects/ca_tosg/datasets/test_split/run_all.py,RE-ANCHOR,2,L29|path_anchor|os.path.dirname,HERE = os.path.dirname(os.path.abspath(__file__))
LITERAL,paper1/code/train_rf.py,projects/ca_tosg/models/train_rf_v3.py,REWRITE,2,L6|relpath_local|data/dataset_validate_v3.csv,Trains the deployed selector on data/dataset_validate_v3.csv (canonical F1 + Sionna frame BLER +
LITERAL,paper1/code/train_rf.py,projects/ca_tosg/models/train_rf_v3.py,REWRITE,2,L12|relpath_local|data/selector_rf_bundle.pkl,"names, and the dataset md5 are serialized in data/selector_rf_bundle.pkl alongside the deployed"
LITERAL,paper1/code/train_rf.py,projects/ca_tosg/models/train_rf_v3.py,REWRITE,2,L13|relpath_local|data/selector_rf.pkl,bare-RF data/selector_rf.pkl. The bundle embeds the deployed RF's own md5 so the two cannot drift.
LITERAL,paper1/code/train_rf.py,projects/ca_tosg/models/train_rf_v3.py,REWRITE,2,L14|relpath_local|data/selector_rf.pkl,data/selector_rf.pkl stays a BARE RandomForest for backward compatibility with the downstream
LITERAL,paper1/code/train_rf.py,projects/ca_tosg/models/train_rf_v3.py,REWRITE,2,L22|relpath_local|data/selector_rf.pkl,Deployed selector -> data/selector_rf.pkl (overwrites; v2 pkl backed up to selector_rf_v2.pkl).
LITERAL,paper1/code/train_rf.py,projects/ca_tosg/models/train_rf_v3.py,REWRITE,2,L23|relpath_local|results/step4_rf_modes.csv,Also retains the base/csi/full ablation comparison in results/step4_rf_modes.csv.
LITERAL,paper1/code/train_rf.py,projects/ca_tosg/models/train_rf_v3.py,REWRITE,2,L37|relpath_local|peiyi_work/paper1,"P1 = os.path.join(REPO, 'peiyi_work/paper1')"
LITERAL,paper1/code/train_rf.py,projects/ca_tosg/models/train_rf_v3.py,REWRITE,2,L95|relpath_local|code/p2_dataprep/train_p2_loso.py,"""code/p2_dataprep/train_p2_loso.py (LOSO 9-fold + budget-matched tau* + one model per """
LITERAL,paper1/code/train_rf.py,projects/ca_tosg/models/train_rf_v3.py,REWRITE,2,L164|relpath_local|data/selector_rf.pkl,print(f'\ndeployed selector -> data/selector_rf.pkl  md5={rf_md5}')
LITERAL,paper1/code/train_rf.py,projects/ca_tosg/models/train_rf_v3.py,REWRITE,2,L165|relpath_local|data/selector_rf_bundle.pkl,print('provenance bundle -> data/selector_rf_bundle.pkl '
LITERAL,paper1/code/train_rf.py,projects/ca_tosg/models/train_rf_v3.py,REWRITE,2,L178|relpath_local|results/step4_rf_class_report.csv,"print('acceptance -> results/step4_rf_class_report.csv, step4_rf_modes.csv, '"
LITERAL,paper1/code/true_e2e_ap_inference.py,projects/ca_tosg/evaluation/true_e2e_inference.py,REWRITE,2,L26|relpath_local|peiyi_work/01_paper_ca_tosg/true_e2e_ap_inference.py,peiyi_work/01_paper_ca_tosg/true_e2e_ap_inference.py
LITERAL,paper1/code/true_e2e_ap_inference.py,projects/ca_tosg/evaluation/true_e2e_inference.py,REWRITE,2,L28|relpath_local|peiyi_work/01_paper_ca_tosg/runs/v4_true_e2e/results.csv,Output: peiyi_work/01_paper_ca_tosg/runs/v4_true_e2e/results.csv
LITERAL,paper1/code/true_e2e_ap_inference.py,projects/ca_tosg/evaluation/true_e2e_inference.py,REWRITE,2,L40|relpath_local|peiyi_work/05_pretrained_models/pointpillar_late_fusion/npy,"LATE_DIR = os.path.join(REPO, 'peiyi_work/05_pretrained_models/pointpillar_late_fusion/npy')"
LITERAL,paper1/code/true_e2e_ap_inference.py,projects/ca_tosg/evaluation/true_e2e_inference.py,REWRITE,2,L42|relpath_local|peiyi_work/05_pretrained_models/pointpillar_attentive_fusion/,'peiyi_work/05_pretrained_models/pointpillar_attentive_fusion/'
LITERAL,paper1/code/true_e2e_ap_inference.py,projects/ca_tosg/evaluation/true_e2e_inference.py,REWRITE,2,L44|relpath_local|peiyi_work/01_paper_ca_tosg/runs/v2/dataset.csv,"DATASET = os.path.join(REPO, 'peiyi_work/01_paper_ca_tosg/runs/v2/dataset.csv')"
LITERAL,paper1/code/true_e2e_ap_inference.py,projects/ca_tosg/evaluation/true_e2e_inference.py,REWRITE,2,L45|relpath_local|peiyi_work/01_paper_ca_tosg/runs/v2/rf_full.pkl,"RF_PATH = os.path.join(REPO, 'peiyi_work/01_paper_ca_tosg/runs/v2/rf_full.pkl')"
LITERAL,paper1/code/true_e2e_ap_inference.py,projects/ca_tosg/evaluation/true_e2e_inference.py,REWRITE,2,L52|relpath_local|peiyi_work/04_experiment_logs/importance_map_jscc/ldpc_qam_bler_table.csv,'peiyi_work/04_experiment_logs/importance_map_jscc/ldpc_qam_bler_table.csv')
LITERAL,paper1/code/true_e2e_ap_inference.py,projects/ca_tosg/evaluation/true_e2e_inference.py,REWRITE,2,L53|relpath_local|peiyi_work/01_paper_ca_tosg/runs/v4_true_e2e,"OUT_DIR = os.path.join(REPO, 'peiyi_work/01_paper_ca_tosg/runs/v4_true_e2e')"
LITERAL,paper1/code/true_e2e_ap_inference.py,projects/ca_tosg/evaluation/true_e2e_inference.py,RE-ANCHOR,2,L35|path_anchor|sys.path,"sys.path.insert(0,"
LITERAL,paper1/code/true_e2e_ap_inference.py,projects/ca_tosg/evaluation/true_e2e_inference.py,RE-ANCHOR,2,L36|path_anchor|os.path.dirname,os.path.dirname(os.path.dirname(os.path.dirname(os.path.abspath(__file__)))))
LITERAL,paper1/code/true_e2e_ap_inference.py,projects/ca_tosg/evaluation/true_e2e_inference.py,RE-ANCHOR,2,L39|path_anchor|os.path.dirname,REPO = os.path.dirname(os.path.dirname(os.path.dirname(os.path.abspath(__file__))))
LITERAL,paper1/code/true_e2e_global.py,projects/ca_tosg/evaluation/true_e2e_global.py,REWRITE,2,L10|relpath_local|results/bler_sionna/bler_sionna.csv,"#   (3) frame-level BLER from the Sionna table (results/bler_sionna/bler_sionna.csv), Es/N0 axis,"
LITERAL,paper1/code/true_e2e_global.py,projects/ca_tosg/evaluation/true_e2e_global.py,REWRITE,2,L18|relpath_local|results/bler_sionna/bler_sionna.csv,"BLER_CSV=os.path.join(P1,'results/bler_sionna/bler_sionna.csv')   # frame-level, Es/N0"
LITERAL,paper1/code/true_e2e_global.py,projects/ca_tosg/evaluation/true_e2e_global.py,REWRITE,2,L19|relpath_local|data/selector_rf.pkl,"RF_PATH=os.path.join(P1,'data/selector_rf.pkl')"
LITERAL,paper1/code/true_e2e_global.py,projects/ca_tosg/evaluation/true_e2e_global.py,RE-ANCHOR,2,L14|path_anchor|os.path.dirname,HERE=os.path.dirname(os.path.abspath(__file__)); P1=os.path.dirname(HERE)
LITERAL,paper1/code/true_e2e_global.py,projects/ca_tosg/evaluation/true_e2e_global.py,RE-ANCHOR,2,L15|path_anchor|os.path.dirname,"REPO=os.path.dirname(os.path.dirname(P1)); sys.path.insert(0,REPO)"
LITERAL,paper1/code/verify_c256_dominance.py,projects/ca_tosg/evaluation/verifiers/verify_c256_dominance.py,REWRITE,2,L14|absolute_path|/selector_rf.pkl,"RF = pickle.load(open(f'{D}/selector_rf.pkl', 'rb'))"
LITERAL,paper1/code/verify_c256_dominance.py,projects/ca_tosg/evaluation/verifiers/verify_c256_dominance.py,REWRITE,2,L49|relpath_local|results/c256_dominance_verify.csv,"out.to_csv(os.path.join(os.path.dirname(D), 'results/c256_dominance_verify.csv'), index=False)"
LITERAL,paper1/code/verify_c256_dominance.py,projects/ca_tosg/evaluation/verifiers/verify_c256_dominance.py,RE-ANCHOR,2,L8|path_anchor|os.path.dirname,"D = os.path.join(os.path.dirname(os.path.dirname(os.path.abspath(__file__))), 'data')"
LITERAL,paper1/code/verify_c256_dominance.py,projects/ca_tosg/evaluation/verifiers/verify_c256_dominance.py,RE-ANCHOR,2,L49|path_anchor|os.path.dirname,"out.to_csv(os.path.join(os.path.dirname(D), 'results/c256_dominance_verify.csv'), index=False)"
LITERAL,paper1/code/verify_frontier_payload_invariance.py,projects/ca_tosg/evaluation/verifiers/verify_frontier_payload_invariance.py,REWRITE,2,L17|relpath_local|results/policy,"R = os.path.join(os.path.dirname(os.path.dirname(os.path.abspath(__file__))), 'results/policy')"
LITERAL,paper1/code/verify_frontier_payload_invariance.py,projects/ca_tosg/evaluation/verifiers/verify_frontier_payload_invariance.py,RE-ANCHOR,2,L17|path_anchor|os.path.dirname,"R = os.path.join(os.path.dirname(os.path.dirname(os.path.abspath(__file__))), 'results/policy')"
LITERAL,paper1/code/verify_frontier_payload_invariance.py,projects/ca_tosg/evaluation/verifiers/verify_frontier_payload_invariance.py,RE-ANCHOR,2,L31|path_anchor|os.path.dirname,"out.to_csv(os.path.join(os.path.dirname(R), 'frontier_payload_invariance.csv'), index=False)"
LITERAL,paper1/code/verify_gamma_mechanism.py,projects/ca_tosg/evaluation/verifiers/verify_gamma_mechanism.py,REWRITE,2,L12|relpath_local|data/dataset_validate_v3.csv,"tr = pd.read_csv(os.path.join(P1, 'data/dataset_validate_v3.csv'))"
LITERAL,paper1/code/verify_gamma_mechanism.py,projects/ca_tosg/evaluation/verifiers/verify_gamma_mechanism.py,REWRITE,2,L40|relpath_local|results/gamma_mechanism.csv,"out.to_csv(os.path.join(P1, 'results/gamma_mechanism.csv'), index=False)"
LITERAL,paper1/code/verify_gamma_mechanism.py,projects/ca_tosg/evaluation/verifiers/verify_gamma_mechanism.py,RE-ANCHOR,2,L7|path_anchor|sys.path,"sys.path.insert(0, os.path.join(os.path.dirname(os.path.abspath(__file__)), 'extra_experiments'))"
LITERAL,paper1/code/verify_gamma_mechanism.py,projects/ca_tosg/evaluation/verifiers/verify_gamma_mechanism.py,REWRITE,2,L8|local_import|_common,"import _common as C, v3_eval as V"
LITERAL,paper1/code/verify_gamma_mechanism.py,projects/ca_tosg/evaluation/verifiers/verify_gamma_mechanism.py,RE-ANCHOR,2,L11|path_anchor|os.path.dirname,P1 = os.path.dirname(os.path.dirname(os.path.abspath(__file__)))
LITERAL,paper1/code/verify_harm_stratum_structural.py,projects/ca_tosg/evaluation/verifiers/verify_harm_stratum_structural.py,REWRITE,2,L9|relpath_local|results/bler_sionna/bler_sionna.csv,"D = os.path.join(P1, 'data'); BLER = os.path.join(P1, 'results/bler_sionna/bler_sionna.csv')"
LITERAL,paper1/code/verify_harm_stratum_structural.py,projects/ca_tosg/evaluation/verifiers/verify_harm_stratum_structural.py,REWRITE,2,L10|absolute_path|/selector_rf.pkl,"RF = pickle.load(open(f'{D}/selector_rf.pkl', 'rb')); FEAT = list(RF.feature_names_in_)"
LITERAL,paper1/code/verify_harm_stratum_structural.py,projects/ca_tosg/evaluation/verifiers/verify_harm_stratum_structural.py,REWRITE,2,L16|absolute_path|/dataset_test_v3.csv,d = pd.read_csv(f'{D}/dataset_test_v3.csv')
LITERAL,paper1/code/verify_harm_stratum_structural.py,projects/ca_tosg/evaluation/verifiers/verify_harm_stratum_structural.py,REWRITE,2,L54|relpath_local|results/harm_stratum_structural.csv,").to_csv(os.path.join(P1, 'results/harm_stratum_structural.csv'), index=False)"
LITERAL,paper1/code/verify_harm_stratum_structural.py,projects/ca_tosg/evaluation/verifiers/verify_harm_stratum_structural.py,RE-ANCHOR,2,L8|path_anchor|os.path.dirname,P1 = os.path.dirname(os.path.dirname(os.path.abspath(__file__)))
LITERAL,paper1/code/verify_paragraph_insert.py,tests/test_paragraph_insert.py,REWRITE,2,L5|relpath_local|paper/main.tex,PURPOSE. Prove that a paragraph inserted into paper/main.tex is the PARAGRAPH_DRAFTS.md
LITERAL,paper1/code/verify_paragraph_insert.py,tests/test_paragraph_insert.py,REWRITE,2,L11|relpath_local|results/,"SOLE SOURCE. The draft is read from results/../results? no -- from PARAGRAPH_DRAFTS.md, the"
LITERAL,paper1/code/verify_paragraph_insert.py,tests/test_paragraph_insert.py,REWRITE,2,L12|relpath_local|paper/main.tex,one approved source. The inserted block is read from paper/main.tex between its \subsection
LITERAL,paper1/code/verify_paragraph_insert.py,tests/test_paragraph_insert.py,REWRITE,2,L52|relpath_local|results/PARAGRAPH_DRAFTS.md,"DRAFTS = os.path.join(P1, 'results/PARAGRAPH_DRAFTS.md')"
LITERAL,paper1/code/verify_paragraph_insert.py,tests/test_paragraph_insert.py,REWRITE,2,L53|relpath_local|paper/main.tex,"TEX = os.path.join(P1, 'paper/main.tex')"
LITERAL,paper1/code/verify_paragraph_insert.py,tests/test_paragraph_insert.py,RE-ANCHOR,2,L50|path_anchor|os.path.dirname,HERE = os.path.dirname(os.path.abspath(__file__))
LITERAL,paper1/code/verify_paragraph_insert.py,tests/test_paragraph_insert.py,RE-ANCHOR,2,L51|path_anchor|os.path.dirname,P1 = os.path.dirname(HERE)
LITERAL,paper1/code/where2comm_compare.py,baselines/where2comm/compare.py,REWRITE,2,L8|relpath_local|results/where2comm_ap.csv,"actually reported in the paper are the epoch-50 global-sort AP in results/where2comm_ap.csv,"
LITERAL,paper1/code/where2comm_compare.py,baselines/where2comm/compare.py,REWRITE,2,L10|relpath_local|results/where2comm_ap_PROVENANCE.txt,see results/where2comm_ap_PROVENANCE.txt. Do not run this script for the paper's Where2comm row;
LITERAL,paper1/code/where2comm_compare.py,baselines/where2comm/compare.py,REWRITE,2,L21|relpath_local|peiyi_work/01_paper_ca_tosg/where2comm_compare.py,peiyi_work/01_paper_ca_tosg/where2comm_compare.py
LITERAL,paper1/code/where2comm_compare.py,baselines/where2comm/compare.py,REWRITE,2,L38|relpath_local|peiyi_work/01_paper_ca_tosg/runs/v4_where2comm,"OUT_DIR = os.path.join(REPO, 'peiyi_work/01_paper_ca_tosg/runs/v4_where2comm')"
LITERAL,paper1/code/where2comm_compare.py,baselines/where2comm/compare.py,REWRITE,2,L41|relpath_local|opencood/logs/point_pillar_where2comm_,'opencood/logs/point_pillar_where2comm_*/net_epoch37.pth')
LITERAL,paper1/code/where2comm_compare.py,baselines/where2comm/compare.py,REWRITE,2,L41|absolute_path|/net_epoch37.pth,'opencood/logs/point_pillar_where2comm_*/net_epoch37.pth')
LITERAL,paper1/code/where2comm_compare.py,baselines/where2comm/compare.py,REWRITE,2,L42|relpath_local|opencood/hypes_yaml/point_pillar_where2comm_local.yaml,"CFG = os.path.join(REPO, 'opencood/hypes_yaml/point_pillar_where2comm_local.yaml')"
LITERAL,paper1/code/where2comm_compare.py,baselines/where2comm/compare.py,RE-ANCHOR,2,L37|path_anchor|os.path.dirname,REPO = os.path.dirname(os.path.dirname(os.path.dirname(os.path.abspath(__file__))))
LITERAL,paper1/opencood_modifications/README.md,docs/opencood_modifications.md,REWRITE,2,L3|relpath_escaping_repo|../opencood/,The upstream OpenCOOD package at `../../opencood/` is mostly untouched. The exceptions are listed below: **9 newly added
LITERAL,paper1/opencood_modifications/README.md,docs/opencood_modifications.md,REWRITE,2,L5|relpath_escaping_repo|../opencood/,"These files **physically live in `../../opencood/`** rather than in this directory, because they participate in the `ope"
LITERAL,paper1/opencood_modifications/README.md,docs/opencood_modifications.md,REWRITE,2,L11|relpath_local|opencood/models/point_pillar_importance_map_jscc.py,| `opencood/models/point_pillar_importance_map_jscc.py` | Top-level perception model wrapper that dispatches to Importan
LITERAL,paper1/opencood_modifications/README.md,docs/opencood_modifications.md,REWRITE,2,L12|relpath_local|opencood/models/fuse_modules/importance_map_jscc_fuse.py,| `opencood/models/fuse_modules/importance_map_jscc_fuse.py` | ImportanceMapJSCC fuse module — importance-mask selector 
LITERAL,paper1/opencood_modifications/README.md,docs/opencood_modifications.md,REWRITE,2,L13|relpath_local|opencood/models/fuse_modules/scomcp_fuse.py,| `opencood/models/fuse_modules/scomcp_fuse.py` | SComCP fuse module — cross-attention selector + Transformer-CA JSCC co
LITERAL,paper1/opencood_modifications/README.md,docs/opencood_modifications.md,REWRITE,2,L14|relpath_local|opencood/hypes_yaml/point_pillar_importance_map_jscc_awgn.yaml,"| `opencood/hypes_yaml/point_pillar_importance_map_jscc_awgn.yaml` | ImportanceMapJSCC config, AWGN channel. |"
LITERAL,paper1/opencood_modifications/README.md,docs/opencood_modifications.md,REWRITE,2,L15|relpath_local|opencood/hypes_yaml/point_pillar_importance_map_jscc_awgn_learned.yaml,"| `opencood/hypes_yaml/point_pillar_importance_map_jscc_awgn_learned.yaml` | Same, with learned importance source. |"
LITERAL,paper1/opencood_modifications/README.md,docs/opencood_modifications.md,REWRITE,2,L16|relpath_local|opencood/hypes_yaml/point_pillar_importance_map_jscc_rayleigh.yaml,"| `opencood/hypes_yaml/point_pillar_importance_map_jscc_rayleigh.yaml` | ImportanceMapJSCC config, Rayleigh. |"
LITERAL,paper1/opencood_modifications/README.md,docs/opencood_modifications.md,REWRITE,2,L17|relpath_local|opencood/hypes_yaml/point_pillar_importance_map_jscc_rayleigh_learned.yaml,"| `opencood/hypes_yaml/point_pillar_importance_map_jscc_rayleigh_learned.yaml` | Same, with learned importance source. |"
LITERAL,paper1/opencood_modifications/README.md,docs/opencood_modifications.md,REWRITE,2,L18|relpath_local|opencood/hypes_yaml/point_pillar_importance_map_jscc_ofdm.yaml,"| `opencood/hypes_yaml/point_pillar_importance_map_jscc_ofdm.yaml` | ImportanceMapJSCC config, OFDM. |"
LITERAL,paper1/opencood_modifications/README.md,docs/opencood_modifications.md,REWRITE,2,L19|relpath_local|opencood/hypes_yaml/point_pillar_importance_map_jscc_ofdm_learned.yaml,"| `opencood/hypes_yaml/point_pillar_importance_map_jscc_ofdm_learned.yaml` | Same, with learned importance source. |"
LITERAL,paper1/opencood_modifications/README.md,docs/opencood_modifications.md,REWRITE,2,L20|relpath_local|opencood/hypes_yaml/point_pillar_where2comm_local.yaml,| `opencood/hypes_yaml/point_pillar_where2comm_local.yaml` | Local Where2comm eval config (OPV2V validate split). |
LITERAL,paper1/opencood_modifications/README.md,docs/opencood_modifications.md,REWRITE,2,L26|relpath_local|opencood/hypes_yaml/visualization.yaml,| `opencood/hypes_yaml/visualization.yaml` | Local OPV2V validate / test path overrides. |
LITERAL,paper1/opencood_modifications/README.md,docs/opencood_modifications.md,REWRITE,2,L27|relpath_local|opencood/models/fuse_modules/where2comm_fuse.py,| `opencood/models/fuse_modules/where2comm_fuse.py` | Extensions for compatibility with the ImportanceMapJSCC / SComCP f
LITERAL,paper1/opencood_modifications/README.md,docs/opencood_modifications.md,REWRITE,2,L28|relpath_local|opencood/utils/eval_utils.py,| `opencood/utils/eval_utils.py` | Added per-frame payload tracking + channel-use-equivalent bandwidth metrics used by P
LITERAL,paper1/opencood_modifications/README.md,docs/opencood_modifications.md,REWRITE,2,L36|relpath_escaping_repo|../opencood/,"If at some point the user wants to fully relocate the namespace-resident code out of `../../opencood/`, the recommended "
LITERAL,paper1/opencood_modifications/README.md,docs/opencood_modifications.md,REWRITE,2,L38|relpath_local|peiyi_work/00_opencood_modifications/,"1. Physically move each file to `peiyi_work/00_opencood_modifications/` under the same relative path (e.g., `models/poin"
LITERAL,paper1/opencood_modifications/README.md,docs/opencood_modifications.md,REWRITE,2,L42|relpath_escaping_repo|../opencood/,"This is documented here for the user's future reference; **at present, the cleaner state is to leave the files in `../.."
LITERAL,paper1/paper/DRAW_OVERVIEW_FIGURE.md,figs/DRAW_OVERVIEW_FIGURE.md,REWRITE,2,L113|relpath_local|paper/figures/,1. 把 `ca_tosg_method_overview.pdf` 放到 `paper/figures/`
LITERAL,paper1/paper/DRAW_OVERVIEW_FIGURE.md,figs/DRAW_OVERVIEW_FIGURE.md,REWRITE,2,L114|relpath_local|paper/main.tex,2. 打开 `paper/main.tex`，找到 line 189 那个红色的 `\todo{Insert overview figure...}`
LITERAL,paper1/paper/README.md,paper/README.md,REWRITE,2,L1|relpath_local|paper/,# `paper/` — 论文源码 / Paper source
LITERAL,paper1/paper/README.md,paper/README.md,REWRITE,2,L8|relpath_local|figures/,- `figures/` —— 所有插图（PDF）。每张图由哪个脚本生成，见 `figures/README.md`。
LITERAL,paper1/paper/README.md,paper/README.md,REWRITE,2,L8|relpath_local|figures/README.md,- `figures/` —— 所有插图（PDF）。每张图由哪个脚本生成，见 `figures/README.md`。
LITERAL,paper1/paper/README.md,paper/README.md,REWRITE,2,L11|relpath_local|figures/,**怎么编译**：把本文件夹（含 `figures/`）传到 Overleaf；或本地装好 texlive 后 `latexmk -pdf main.tex`。
LITERAL,paper1/paper/README.md,paper/README.md,REWRITE,2,L12|relpath_local|figures/,仓库根目录的 `paper_overleaf.zip` 就是 `main.tex + refs.bib + figures/` 打好的包，可直接上传 Overleaf。
LITERAL,paper1/paper/README.md,paper/README.md,REWRITE,2,L19|relpath_local|figures/,- `figures/` — all figures (PDF). See `figures/README.md` for which script produces each one.
LITERAL,paper1/paper/README.md,paper/README.md,REWRITE,2,L19|relpath_local|figures/README.md,- `figures/` — all figures (PDF). See `figures/README.md` for which script produces each one.
LITERAL,paper1/paper/README.md,paper/README.md,REWRITE,2,L22|relpath_local|figures/,"**Build**: upload this folder (with `figures/`) to Overleaf, or locally run `latexmk -pdf main.tex`"
LITERAL,paper1/paper/figures/README.md,paper/figures/README.md,REWRITE,2,L1|relpath_local|paper/figures/,# `paper/figures/` — 插图 + 生成脚本对照 / Figures and the script that makes each
LITERAL,paper1/paper/figures/README.md,paper/figures/README.md,REWRITE,2,L15|relpath_escaping_repo|../DRAW_OVERVIEW_FIGURE.md,| `ca_tosg_method_overview.pdf` | 手工绘制 / hand-made (see `../DRAW_OVERVIEW_FIGURE.md`) | 系统总览 Fig.1 / system overview |
LITERAL,paper1/paper/figures/README.md,paper/figures/README.md,REWRITE,2,L16|relpath_escaping_repo|../../code/plot_ap_snr.py,"| `fig_ap50_*.pdf`, `fig_ap70_*.pdf` | `../../code/plot_ap_snr.py` | AP vs SNR（AWGN/Rayleigh，global-sort）|"
LITERAL,paper1/paper/figures/README.md,paper/figures/README.md,REWRITE,2,L17|relpath_escaping_repo|../../code/snr_decision_plot.py,"| `fig_snr_vs_f1.pdf`, `fig_f1_rayleigh.pdf` | `../../code/snr_decision_plot.py` | 帧级 F1 vs SNR |"
LITERAL,paper1/paper/figures/README.md,paper/figures/README.md,REWRITE,2,L18|relpath_escaping_repo|../../code/plot_pareto_payload.py,| `fig_payload_awgn.pdf` | `../../code/plot_pareto_payload.py` | payload vs SNR（AWGN，data-sourced 2026-07-11）|
LITERAL,paper1/paper/figures/README.md,paper/figures/README.md,REWRITE,2,L19|relpath_escaping_repo|../../code/snr_decision_plot.py,| `fig_payload_rayleigh.pdf` | `../../code/snr_decision_plot.py` | payload vs SNR（Rayleigh）|
LITERAL,paper1/paper/figures/README.md,paper/figures/README.md,REWRITE,2,L20|relpath_escaping_repo|../../code/plot_stacked_area.py,"| `fig_decisions_*.pdf`, `fig_stacked_area.pdf` | `../../code/plot_stacked_area.py` | 决策占比 ρ vs SNR |"
LITERAL,paper1/paper/figures/README.md,paper/figures/README.md,REWRITE,2,L21|relpath_escaping_repo|../../code/plot_feature_importance.py,| `fig_feature_importance.pdf` | `../../code/plot_feature_importance.py` | 特征重要性 |
LITERAL,paper1/paper/figures/README.md,paper/figures/README.md,REWRITE,2,L22|relpath_escaping_repo|../../code/csi_noise_ablation.py,| `fig_csi_noise.pdf` | `../../code/csi_noise_ablation.py` | CSI 噪声鲁棒性 |
LITERAL,paper1/paper/figures/README.md,paper/figures/README.md,REWRITE,2,L25|relpath_escaping_repo|../../code/plot_pareto_payload.py,| `fig_pareto_test.pdf` | `../../code/plot_pareto_payload.py` | payload–F1 帕累托（test，data-sourced 2026-07-11）|
LITERAL,paper1/paper/figures/README.md,paper/figures/README.md,REWRITE,2,L26|relpath_escaping_repo|../../code/extra_experiments/a1_pareto.py,| `fig_pareto_validate.pdf` | `../../code/extra_experiments/a1_pareto.py` | payload–F1 帕累托（validate）|
LITERAL,paper1/paper/figures/README.md,paper/figures/README.md,REWRITE,2,L27|relpath_escaping_repo|../../code/extra_experiments/a2_difficulty.py,| `fig_difficulty.pdf` | `../../code/extra_experiments/a2_difficulty.py` | 难度分层增益（新）|
LITERAL,paper1/paper/figures/README.md,paper/figures/README.md,REWRITE,2,L28|relpath_escaping_repo|../../code/extra_experiments/c_channels.py,| `fig_rician.pdf` | `../../code/extra_experiments/c_channels.py` | Rician 衰落下决策（新）|
LITERAL,paper1/paper/figures/README.md,paper/figures/README.md,REWRITE,2,L29|relpath_escaping_repo|../../code/extra_experiments/a4_jscc_aware.py,| `fig_jscc_aware.pdf` | `../../code/extra_experiments/a4_jscc_aware.py` | JSCC vs LDPC（新）|
LITERAL,paper1/paper/figures/README.md,paper/figures/README.md,REWRITE,2,L36|relpath_escaping_repo|../../code/plot_pareto_payload.py,(generator `../../code/plot_pareto_payload.py`; PDF + SVG both checked in):
LITERAL,paper1/paper/figures/README.md,paper/figures/README.md,REWRITE,2,L40|relpath_escaping_repo|../../results/policy/pareto_points.csv,| `fig_pareto_test.pdf` (+`.svg`) | `../../results/policy/pareto_points.csv` (test rows) | md5/protocol **superseded — p
LITERAL,paper1/paper/figures/README.md,paper/figures/README.md,REWRITE,2,L40|relpath_escaping_repo|../../results/policy/PROVENANCE.txt,| `fig_pareto_test.pdf` (+`.svg`) | `../../results/policy/pareto_points.csv` (test rows) | md5/protocol **superseded — p
LITERAL,paper1/paper/figures/README.md,paper/figures/README.md,REWRITE,2,L41|relpath_escaping_repo|../../results/true_e2e_global_test.csv,| `fig_payload_awgn.pdf` (+`.svg`) | `../../results/true_e2e_global_test.csv` (AWGN CA-TOSG $\rho_L\to$ payload) | `eb93
LITERAL,paper1/paper/figures/README.md,paper/figures/README.md,REWRITE,2,L42|relpath_escaping_repo|../../results/two_regime_bars.csv,"| `fig_two_regime.pdf` | `../../results/two_regime_bars.csv` | — | **data-current** — unchanged, not regenerated 2026-07"
LITERAL,paper1/results/DATA_MANIFEST.md,docs/data_manifest.md,REWRITE,2,L10|relpath_local|code/regen_preds_with_scores.py,"| late-fusion per-frame boxes+scores | `gs_rerun/late_{validate,test,culver}.npz` | 86334f1bb9f3 / 558364852f0a / 052a79"
LITERAL,paper1/results/DATA_MANIFEST.md,docs/data_manifest.md,REWRITE,2,L11|relpath_local|code/regen_preds_with_scores.py,"| compressed per-frame boxes+scores | `gs_rerun/comp_{validate,test,culver}.npz` | 83d5eb8988a3 / f5126baaad88 / 11b61a9"
LITERAL,paper1/results/DATA_MANIFEST.md,docs/data_manifest.md,REWRITE,2,L12|relpath_local|code/run_ego_only.py,"| ego-only per-frame boxes+scores | `gs_rerun/ego_{validate,test,culver}.npz` | fd66abd89e46 / c14cad677e0a / e62b17375a"
LITERAL,paper1/results/DATA_MANIFEST.md,docs/data_manifest.md,REWRITE,2,L14|relpath_local|code/extra_experiments/jscc_perframe/jscc_sweep.py,| **JSCC per-frame decode boxes+scores+gts (36 = 3ch×2split×6SNR)** | `gs_rerun/jscc_v3/jscc_{ch}_{split}_snr{NN}.npz` |
LITERAL,paper1/results/DATA_MANIFEST.md,docs/data_manifest.md,REWRITE,2,L15|relpath_local|results/channel_codec_ap/,| channel_codec_ap JSCC rows | `results/channel_codec_ap/*jscc*` | — | derived from JSCC decode above | — | pending Trac
LITERAL,paper1/results/DATA_MANIFEST.md,docs/data_manifest.md,REWRITE,2,L23|relpath_local|paper1/analysis_tools,paths REPAIRED (REPO parents[4]->[5]; INFER -> paper1/analysis_tools; CKPT -> H:). Smoke test PASSED
LITERAL,paper1/results/INVARIANCE_NOTE.md,docs/invariance_note.md,REWRITE,2,L41|relpath_local|test_split_pipeline/04_eval_rf_on_test.py,"- e2e_inference_verify.py, test_split_pipeline/04_eval_rf_on_test.py: same -- PAYLOAD labels the payload"
LITERAL,paper1/results/PARAGRAPH_DRAFTS.md,paper/paragraph_drafts.md,REWRITE,2,L3|relpath_local|code/verify_paragraph_insert.py,"_Status (R9 md cleanup): **KEPT** — a live gate data source, read by `code/verify_paragraph_insert.py` (the paragraph ga"
LITERAL,paper1/results/PARAGRAPH_DRAFTS.md,paper/paragraph_drafts.md,REWRITE,2,L67|relpath_local|results/,"## ERROR OWNED + REVERSED: my v2 ""provenance catch"" was a FALSE ALARM -- I grepped only results/ and missed"
LITERAL,paper1/results/PARAGRAPH_DRAFTS.md,paper/paragraph_drafts.md,REWRITE,2,L68|relpath_local|code/extra_experiments/out/a2_difficulty_reliable.csv,"## code/extra_experiments/out/a2_difficulty_reliable.csv, then declared ""-0.0147 has no source and no CI""."
LITERAL,paper1/results/PARAGRAPH_DRAFTS.md,paper/paragraph_drafts.md,REWRITE,2,L103|relpath_local|results/c256_dominance_verify.csv,"Word count (body, excl. footnote) ~235. src: results/c256_dominance_verify.csv (frac_comp_lt_ego ="
LITERAL,paper1/results/PARAGRAPH_DRAFTS.md,paper/paragraph_drafts.md,REWRITE,2,L104|relpath_local|results/step4_collaboration_harm.csv,"1.0/5.8/0.9%, same run/commit as the C256 fractions); results/step4_collaboration_harm.csv (frac_ego_gt_"
LITERAL,paper1/results/PARAGRAPH_DRAFTS.md,paper/paragraph_drafts.md,REWRITE,2,L105|relpath_local|code/extra_experiments/out/a2_difficulty_reliable,"late = 0.9/7.4/0.2%, STRICT inequality, ties excluded); code/extra_experiments/out/a2_difficulty_reliable"
LITERAL,paper1/results/PARAGRAPH_DRAFTS.md,paper/paragraph_drafts.md,REWRITE,2,L106|relpath_local|results/harm_stratum_structural.csv,".csv (test Easy -0.0147, CI [-0.0179,-0.0115], n=713); results/harm_stratum_structural.csv (DIRECT count 635/"
LITERAL,paper1/results/PARAGRAPH_DRAFTS.md,paper/paragraph_drafts.md,REWRITE,2,L107|relpath_local|results/gt_object_stats.csv,"713 C16 + verified L-frame frame-identity, structural attribution); results/gt_object_stats.csv (mean"
LITERAL,paper1/results/STALE_FINGERPRINTS.md,tests/stale_fingerprints.md,REWRITE,2,L4|relpath_local|paper/main.tex,#   grep -nE -f <(grep '^RX ' STALE_FINGERPRINTS.md | cut -c4-) paper/main.tex   # expect 0 hits
LITERAL,paper1/results/bler_sionna/PROVENANCE.txt,results/provenance/PROVENANCE.txt,REWRITE,2,L3|relpath_local|analysis_tools/build_bler_sionna.py,"generator: analysis_tools/build_bler_sionna.py  (Sionna 1.1.0, TensorFlow CPU -- no sm_120 kernels)"
LITERAL,paper1/results/bler_sionna/PROVENANCE_ofdm.txt,results/provenance/PROVENANCE_ofdm.txt,REWRITE,2,L2|relpath_local|analysis_tools/build_bler_sionna_ofdm.py,"Generator: analysis_tools/build_bler_sionna_ofdm.py  (Sionna 1.1.0, TensorFlow CPU)."
LITERAL,paper1/results/bler_sionna/PROVENANCE_ofdm.txt,results/provenance/PROVENANCE_ofdm.txt,REWRITE,2,L46|relpath_local|results/bler_sionna/bler_sionna_ofdm.csv,supporting data cell. Output: results/bler_sionna/bler_sionna_ofdm.csv; merged into bler_sionna.csv only
LITERAL,paper1/results/bler_sionna/PROVENANCE_rician.txt,results/provenance/PROVENANCE_rician.txt,REWRITE,2,L3|relpath_local|analysis_tools/build_bler_sionna.py,"generator: analysis_tools/build_bler_sionna.py --rician_K 0,3,10  (Sionna 1.1.0, TensorFlow CPU)"
LITERAL,paper1/results/bler_sionna/PROVENANCE_rician.txt,results/provenance/PROVENANCE_rician.txt,REWRITE,2,L4|relpath_local|results/bler_sionna/bler_sionna_rician.csv,output:    results/bler_sionna/bler_sionna_rician.csv  (SEPARATE from the frozen bler_sionna.csv;
LITERAL,paper1/results/bler_sionna/PROVENANCE_rician.txt,results/provenance/PROVENANCE_rician.txt,REWRITE,2,L16|relpath_local|results/p3_sensitivity/item5_rician.csv,use:       descriptive replay only (results/p3_sensitivity/item5_rician.csv); frozen selector fed
LITERAL,paper1/results/canonical_gt_PROVENANCE.txt,results/provenance/canonical_gt_PROVENANCE.txt,REWRITE,2,L32|relpath_local|code/gt_audit.py,generators       : code/gt_audit.py (diagnosis artifact) ; code/canonical_rescore.py (before/after).
LITERAL,paper1/results/canonical_gt_PROVENANCE.txt,results/provenance/canonical_gt_PROVENANCE.txt,REWRITE,2,L32|relpath_local|code/canonical_rescore.py,generators       : code/gt_audit.py (diagnosis artifact) ; code/canonical_rescore.py (before/after).
LITERAL,paper1/results/canonical_gt_PROVENANCE.txt,results/provenance/canonical_gt_PROVENANCE.txt,REWRITE,2,L35|relpath_local|results/gt_audit.csv,"results/gt_audit.csv : GT_RANGE, late/comp GT near/far + centroid overlap (0.95-0.996 -> the two eval"
LITERAL,paper1/results/canonical_gt_PROVENANCE.txt,results/provenance/canonical_gt_PROVENANCE.txt,REWRITE,2,L57|relpath_local|results/canonical_rescore_v3.csv,"PRE-REGISTERED PREDICTION (confirmed, results/canonical_rescore_v3.csv)"
LITERAL,paper1/results/f1_ap_decoupling_culver.md,results/sensitivity/f1_ap_decoupling_culver.md,REWRITE,2,L50|relpath_local|code/regen_preds_with_scores.py,"from `code/regen_preds_with_scores.py`; late = PointPillar-Late, comp = attentive-compression)."
LITERAL,paper1/results/f1_ap_decoupling_culver.md,results/sensitivity/f1_ap_decoupling_culver.md,REWRITE,2,L53|relpath_local|results/generalisation_,"- Old cache: committed `results/generalisation_{test,culver}.csv` (weeks-old 02-pipeline)."
LITERAL,paper1/results/p2_dataprep/FROZEN_MANIFEST.json,results/manifests/FROZEN_MANIFEST.json,REWRITE,3,L70|relpath_local|data/p2/p2_grid_validate.csv,"""file"": ""data/p2/p2_grid_validate.csv"","
LITERAL,paper1/results/p2_dataprep/FROZEN_MANIFEST.json,results/manifests/FROZEN_MANIFEST.json,REWRITE,3,L74|relpath_escaping_repo|../../OpenCOOD/peiyi_work/paper1/data/dataset_validate.csv,"""file"": ""../../OpenCOOD/peiyi_work/paper1/data/dataset_validate.csv"","
LITERAL,paper1/results/p2_dataprep/FROZEN_MANIFEST.json,results/manifests/FROZEN_MANIFEST.json,REWRITE,3,L79|relpath_local|results/bler_sionna/bler_sionna.csv,"""file"": ""results/bler_sionna/bler_sionna.csv"","
LITERAL,paper1/results/p2_dataprep/FROZEN_MANIFEST.json,results/manifests/FROZEN_MANIFEST.json,REWRITE,3,L83|relpath_local|results/p2_dataprep/validate_loso_folds.csv,"""file"": ""results/p2_dataprep/validate_loso_folds.csv"","
LITERAL,paper1/results/p2_dataprep/FROZEN_MANIFEST.json,results/manifests/FROZEN_MANIFEST.json,REWRITE,3,L87|relpath_local|results/p2_dataprep/candidate_walk_B010.csv,"""file"": ""results/p2_dataprep/candidate_walk_B010.csv"","
LITERAL,paper1/results/p2_dataprep/FROZEN_MANIFEST.json,results/manifests/FROZEN_MANIFEST.json,REWRITE,3,L91|relpath_local|results/p2_dataprep/candidate_walk_B020.csv,"""file"": ""results/p2_dataprep/candidate_walk_B020.csv"","
LITERAL,paper1/results/p2_dataprep/FROZEN_MANIFEST.json,results/manifests/FROZEN_MANIFEST.json,REWRITE,3,L95|relpath_local|results/p2_dataprep/candidate_walk_B030.csv,"""file"": ""results/p2_dataprep/candidate_walk_B030.csv"","
LITERAL,paper1/results/p2_dataprep/FROZEN_MANIFEST.json,results/manifests/FROZEN_MANIFEST.json,REWRITE,3,L119|relpath_local|data/p2/selector_B010.pkl,"""model"": ""data/p2/selector_B010.pkl"","
LITERAL,paper1/results/p2_dataprep/FROZEN_MANIFEST.json,results/manifests/FROZEN_MANIFEST.json,REWRITE,3,L181|relpath_local|data/p2/selector_B020.pkl,"""model"": ""data/p2/selector_B020.pkl"","
LITERAL,paper1/results/p2_dataprep/FROZEN_MANIFEST.json,results/manifests/FROZEN_MANIFEST.json,REWRITE,3,L243|relpath_local|data/p2/selector_B030.pkl,"""model"": ""data/p2/selector_B030.pkl"","
LITERAL,paper1/results/p2_dataprep/FROZEN_MANIFEST.json,results/manifests/FROZEN_MANIFEST.json,REWRITE,3,L0|json_internal_relpath|catosg-frozen-manifest/1,/schema
LITERAL,paper1/results/p2_dataprep/FROZEN_MANIFEST.json,results/manifests/FROZEN_MANIFEST.json,REWRITE,3,L0|json_internal_relpath|data/p2/p2_grid_validate.csv,/inputs/train_grid/file
LITERAL,paper1/results/p2_dataprep/FROZEN_MANIFEST.json,results/manifests/FROZEN_MANIFEST.json,REWRITE,3,L0|json_internal_relpath|../../OpenCOOD/peiyi_work/paper1/data/dataset_validate.csv,/inputs/cue_source/file
LITERAL,paper1/results/p2_dataprep/FROZEN_MANIFEST.json,results/manifests/FROZEN_MANIFEST.json,REWRITE,3,L0|json_internal_relpath|results/bler_sionna/bler_sionna.csv,/inputs/bler_table/file
LITERAL,paper1/results/p2_dataprep/FROZEN_MANIFEST.json,results/manifests/FROZEN_MANIFEST.json,REWRITE,3,L0|json_internal_relpath|results/p2_dataprep/validate_loso_folds.csv,/inputs/folds_csv/file
LITERAL,paper1/results/p2_dataprep/FROZEN_MANIFEST.json,results/manifests/FROZEN_MANIFEST.json,REWRITE,3,L0|json_internal_relpath|results/p2_dataprep/candidate_walk_B010.csv,/inputs/walk_B010/file
LITERAL,paper1/results/p2_dataprep/FROZEN_MANIFEST.json,results/manifests/FROZEN_MANIFEST.json,REWRITE,3,L0|json_internal_relpath|results/p2_dataprep/candidate_walk_B020.csv,/inputs/walk_B020/file
LITERAL,paper1/results/p2_dataprep/FROZEN_MANIFEST.json,results/manifests/FROZEN_MANIFEST.json,REWRITE,3,L0|json_internal_relpath|results/p2_dataprep/candidate_walk_B030.csv,/inputs/walk_B030/file
LITERAL,paper1/results/p2_dataprep/FROZEN_MANIFEST.json,results/manifests/FROZEN_MANIFEST.json,REWRITE,3,L0|json_internal_relpath|data/p2/selector_B010.pkl,/budgets/0.10/model
LITERAL,paper1/results/p2_dataprep/FROZEN_MANIFEST.json,results/manifests/FROZEN_MANIFEST.json,REWRITE,3,L0|json_internal_relpath|data/p2/selector_B020.pkl,/budgets/0.20/model
LITERAL,paper1/results/p2_dataprep/FROZEN_MANIFEST.json,results/manifests/FROZEN_MANIFEST.json,REWRITE,3,L0|json_internal_relpath|data/p2/selector_B030.pkl,/budgets/0.30/model
LITERAL,paper1/results/p2_dataprep/PROVENANCE_grid.txt,results/provenance/PROVENANCE_grid.txt,REWRITE,2,L7|relpath_local|results/bler_sionna/bler_sionna.csv,"BLER source: results/bler_sionna/bler_sionna.csv (frame-level bler_frame, md5 be3f5e1278ddda6efc271281ccbf449e)."
LITERAL,paper1/results/p2_dataprep/PROVENANCE_grid.txt,results/provenance/PROVENANCE_grid.txt,REWRITE,2,L9|relpath_local|data/p2/,Grid artifacts are git-excluded (data/p2/); regenerate with expand_grid_clean.py.
LITERAL,paper1/results/p2_dataprep/PROVENANCE_grid.txt,results/provenance/PROVENANCE_grid.txt,REWRITE,2,L13|relpath_local|data/p2/p2_grid_validate.csv,out=data/p2/p2_grid_validate.csv md5=3314418d4e53ff30d0d246e1594e4bed
LITERAL,paper1/results/p2_dataprep/PROVENANCE_grid_culver.txt,results/provenance/PROVENANCE_grid_culver.txt,REWRITE,2,L7|relpath_local|results/bler_sionna/bler_sionna.csv,"BLER source: results/bler_sionna/bler_sionna.csv (frame-level bler_frame, md5 be3f5e1278ddda6efc271281ccbf449e)."
LITERAL,paper1/results/p2_dataprep/PROVENANCE_grid_culver.txt,results/provenance/PROVENANCE_grid_culver.txt,REWRITE,2,L9|relpath_local|data/p2/,Grid artifacts are git-excluded (data/p2/); regenerate with expand_grid_clean.py.
LITERAL,paper1/results/p2_dataprep/PROVENANCE_grid_culver.txt,results/provenance/PROVENANCE_grid_culver.txt,REWRITE,2,L14|relpath_local|data/p2/p2_grid_culver.csv,out=data/p2/p2_grid_culver.csv md5=c52f92c755201aa2178ad38be1abb963
LITERAL,paper1/results/p2_dataprep/PROVENANCE_grid_test.txt,results/provenance/PROVENANCE_grid_test.txt,REWRITE,2,L7|relpath_local|results/bler_sionna/bler_sionna.csv,"BLER source: results/bler_sionna/bler_sionna.csv (frame-level bler_frame, md5 be3f5e1278ddda6efc271281ccbf449e)."
LITERAL,paper1/results/p2_dataprep/PROVENANCE_grid_test.txt,results/provenance/PROVENANCE_grid_test.txt,REWRITE,2,L9|relpath_local|data/p2/,Grid artifacts are git-excluded (data/p2/); regenerate with expand_grid_clean.py.
LITERAL,paper1/results/p2_dataprep/PROVENANCE_grid_test.txt,results/provenance/PROVENANCE_grid_test.txt,REWRITE,2,L14|relpath_local|data/p2/p2_grid_test.csv,out=data/p2/p2_grid_test.csv md5=6b1490017b19b0f88b835b022d5e0149
LITERAL,paper1/results/p2_dataprep/PROVENANCE_train.txt,results/provenance/PROVENANCE_train.txt,REWRITE,2,L9|relpath_local|data/p2/,models git-excluded (data/p2/); manifest+folds+walk-tables tracked (results/p2_dataprep/).
LITERAL,paper1/results/p2_dataprep/PROVENANCE_train.txt,results/provenance/PROVENANCE_train.txt,REWRITE,2,L9|relpath_local|results/p2_dataprep/,models git-excluded (data/p2/); manifest+folds+walk-tables tracked (results/p2_dataprep/).
LITERAL,paper1/results/p2_deploy/PROVENANCE_ap.txt,results/provenance/PROVENANCE_ap.txt,REWRITE,2,L3|relpath_local|results/p2_dataprep/FROZEN_MANIFEST.json,"manifest: results/p2_dataprep/FROZEN_MANIFEST.json (schema catosg-frozen-manifest/1, freeze 2026-08-09T15:12:53.653192+0"
LITERAL,paper1/results/p2_deploy/PROVENANCE_deploy.txt,results/provenance/PROVENANCE_deploy.txt,REWRITE,2,L3|relpath_local|results/p2_dataprep/FROZEN_MANIFEST.json,"manifest: results/p2_dataprep/FROZEN_MANIFEST.json (schema catosg-frozen-manifest/1, freeze 2026-08-09T15:12:53.653192+0"
LITERAL,paper1/results/p2_deploy/R10_REPORT.md,results/provenance/R10_REPORT.md,REWRITE,2,L3|relpath_local|code/p2_dataprep/make_r10_report.py,_Every number is recomputed by `code/p2_dataprep/make_r10_report.py` from `r10c_missed_e_cost.csv` (3 class rows only) /
LITERAL,paper1/results/p2_deploy/r9_result_claims.md,results/provenance/r9_result_claims.md,REWRITE,2,L7|relpath_local|results/p2_deploy/replay_summary.csv,"`results/p2_deploy/replay_summary.csv` + `replay_test_B020.csv` (paired bootstrap, 10,000 resamples,"
LITERAL,paper1/results/p2_latency/PROVENANCE_latency.txt,results/provenance/PROVENANCE_latency.txt,REWRITE,2,L3|relpath_local|results/p2_dataprep/FROZEN_MANIFEST.json,"manifest: results/p2_dataprep/FROZEN_MANIFEST.json (schema catosg-frozen-manifest/1, freeze 2026-08-09T15:12:53.653192+0"
LITERAL,paper1/results/p3_sensitivity/PROVENANCE_p3.txt,results/provenance/PROVENANCE_p3.txt,REWRITE,2,L3|relpath_local|results/p2_dataprep/FROZEN_MANIFEST.json,"manifest: results/p2_dataprep/FROZEN_MANIFEST.json (catosg-frozen-manifest/1, freeze 2026-08-09T15:12:53.653192+00:00)"
LITERAL,paper1/results/p4a/P4A_MANIFEST.json,results/manifests/P4A_MANIFEST.json,REWRITE,3,L60|relpath_local|data/p2/p4a_bandit_B010,"""model"": ""data/p2/p4a_bandit_B010.pt"","
LITERAL,paper1/results/p4a/P4A_MANIFEST.json,results/manifests/P4A_MANIFEST.json,REWRITE,3,L71|relpath_local|data/p2/p4a_bandit_B020,"""model"": ""data/p2/p4a_bandit_B020.pt"","
LITERAL,paper1/results/p4a/P4A_MANIFEST.json,results/manifests/P4A_MANIFEST.json,REWRITE,3,L82|relpath_local|data/p2/p4a_bandit_B030,"""model"": ""data/p2/p4a_bandit_B030.pt"","
LITERAL,paper1/results/p4a/P4A_MANIFEST.json,results/manifests/P4A_MANIFEST.json,REWRITE,3,L88|relpath_local|data/p2/p2_grid_validate.csv,"""file"": ""data/p2/p2_grid_validate.csv"","
LITERAL,paper1/results/p4a/P4A_MANIFEST.json,results/manifests/P4A_MANIFEST.json,REWRITE,3,L0|json_internal_relpath|catosg-p4a-manifest/1,/schema
LITERAL,paper1/results/p4a/P4A_MANIFEST.json,results/manifests/P4A_MANIFEST.json,REWRITE,3,L0|json_internal_relpath|data/p2/p4a_bandit_B010.pt,/budgets/0.10/model
LITERAL,paper1/results/p4a/P4A_MANIFEST.json,results/manifests/P4A_MANIFEST.json,REWRITE,3,L0|json_internal_relpath|data/p2/p4a_bandit_B020.pt,/budgets/0.20/model
LITERAL,paper1/results/p4a/P4A_MANIFEST.json,results/manifests/P4A_MANIFEST.json,REWRITE,3,L0|json_internal_relpath|data/p2/p4a_bandit_B030.pt,/budgets/0.30/model
LITERAL,paper1/results/p4a/P4A_MANIFEST.json,results/manifests/P4A_MANIFEST.json,REWRITE,3,L0|json_internal_relpath|data/p2/p2_grid_validate.csv,/inputs/grid/file
LITERAL,paper1/results/p4a/PROVENANCE_p4a.txt,results/provenance/PROVENANCE_p4a.txt,REWRITE,2,L3|relpath_local|results/p4a/P4A_MANIFEST.json,"P4A manifest: results/p4a/P4A_MANIFEST.json (catosg-p4a-manifest/1, algo dqn_bandit_single_step_epsilon_greedy, problem_"
LITERAL,paper1/results/p4a/PROVENANCE_p4a.txt,results/provenance/PROVENANCE_p4a.txt,REWRITE,2,L10|relpath_local|data/p2/,"the deployed RF selectors (sklearn, bit-reproducible). Models live in data/p2/ (git-excluded); the"
LITERAL,paper1/results/policy/PROVENANCE.txt,results/provenance/PROVENANCE.txt,REWRITE,2,L2|relpath_local|data/selector_rf.pkl,rf_checkpoint_md5: d5355fd427b3437c94b6770bb6a68ea1  rf_path: data/selector_rf.pkl (v3-retrained)
LITERAL,paper1/results/policy/PROVENANCE.txt,results/provenance/PROVENANCE.txt,REWRITE,2,L7|relpath_local|results/bler_sionna/bler_sionna.csv,"BLER: results/bler_sionna/bler_sionna.csv (frame-level bler_frame, Es/N0); awgn+rayleigh direct table lookup (Rayleigh f"
LITERAL,paper1/results/step4_PROVENANCE.txt,results/provenance/step4_PROVENANCE.txt,REWRITE,2,L11|relpath_local|data/dataset_,"data/dataset_{split}_v3.csv. Cues, canonical F1 (late_f1/compressed_f1/ego_f1), and the FROZEN"
LITERAL,paper1/results/step4_PROVENANCE.txt,results/provenance/step4_PROVENANCE.txt,REWRITE,2,L17|relpath_local|data/selector_rf_bundle.pkl,+ dataset md5 in data/selector_rf_bundle.pkl (new discipline rule).
LITERAL,paper1/results/step4_PROVENANCE.txt,results/provenance/step4_PROVENANCE.txt,REWRITE,2,L49|relpath_local|results/bler_sionna/bler_sionna.csv,"BLER source = Sionna frame-level table results/bler_sionna/bler_sionna.csv, `bler_frame` column, Es/N0."
LITERAL,paper1/results/step4_PROVENANCE.txt,results/provenance/step4_PROVENANCE.txt,REWRITE,2,L50|relpath_local|code/make_dataset.py,Grep evidence (code/make_dataset.py):
LITERAL,paper1/results/step4_PROVENANCE.txt,results/provenance/step4_PROVENANCE.txt,REWRITE,2,L51|relpath_local|results/bler_sionna/bler_sionna.csv,"BLER_CSV = os.path.join(P1, 'results/bler_sionna/bler_sionna.csv')  # frame-level, Es/N0"
LITERAL,paper1/results/step4_PROVENANCE.txt,results/provenance/step4_PROVENANCE.txt,REWRITE,2,L59|relpath_local|results/step4_oracle_action_dist_v3.csv,(i) results/step4_oracle_action_dist_v3.csv  (+ .pdf/.png plot) — oracle action mix by split x channel
LITERAL,paper1/results/step4_PROVENANCE.txt,results/provenance/step4_PROVENANCE.txt,REWRITE,2,L67|relpath_local|results/step4_rf_class_report_v3.csv,"(ii) results/step4_rf_class_report_v3.csv — retrained deployed selector, held-out 30% (594 frames):"
LITERAL,paper1/results/step4_PROVENANCE.txt,results/provenance/step4_PROVENANCE.txt,REWRITE,2,L76|relpath_local|results/step4_collaboration_harm_v3.csv,"(iii) results/step4_collaboration_harm_v3.csv — the phenomenon the mask exposed, kept as a paper"
LITERAL,paper1/results/step4_PROVENANCE.txt,results/provenance/step4_PROVENANCE.txt,REWRITE,2,L86|relpath_local|data/dataset_validate_v3.csv,"data/dataset_validate_v3.csv  md5 = d357b38e802455bf3cabd3f886353991  (1980 rows, 81 cols)"
LITERAL,paper1/results/step4_PROVENANCE.txt,results/provenance/step4_PROVENANCE.txt,REWRITE,2,L87|relpath_local|data/dataset_test_v3.csv,data/dataset_test_v3.csv      md5 = 0946c9f343eed98a337b4bd0229b9b39  (2170 rows)
LITERAL,paper1/results/step4_PROVENANCE.txt,results/provenance/step4_PROVENANCE.txt,REWRITE,2,L88|relpath_local|data/dataset_culver_v3.csv,data/dataset_culver_v3.csv    md5 = 746c35ac187ed3eabecb90b183a6c1b6  (550 rows)
LITERAL,paper1/results/step4_PROVENANCE.txt,results/provenance/step4_PROVENANCE.txt,REWRITE,2,L89|relpath_local|data/selector_rf.pkl,"data/selector_rf.pkl (deployed, bare RF)  md5 = d5355fd427b3437c94b6770bb6a68ea1"
LITERAL,paper1/results/step4_PROVENANCE.txt,results/provenance/step4_PROVENANCE.txt,REWRITE,2,L90|relpath_local|data/selector_rf_bundle.pkl,data/selector_rf_bundle.pkl (rf + train_ids[1386] + seed 0 + test_size 0.30 + feats + dataset md5)
LITERAL,paper1/results/step4_PROVENANCE.txt,results/provenance/step4_PROVENANCE.txt,REWRITE,2,L91|relpath_local|data/selector_rf_v2.pkl,v2 deployed selector backed up to data/selector_rf_v2.pkl.
LITERAL,paper1/results/step4_PROVENANCE.txt,results/provenance/step4_PROVENANCE.txt,REWRITE,2,L112|relpath_local|code/make_dataset.py,"code/make_dataset.py, code/train_rf.py, code/step4_oracle_action_dist.py,"
LITERAL,paper1/results/step4_PROVENANCE.txt,results/provenance/step4_PROVENANCE.txt,REWRITE,2,L112|relpath_local|code/train_rf.py,"code/make_dataset.py, code/train_rf.py, code/step4_oracle_action_dist.py,"
LITERAL,paper1/results/step4_PROVENANCE.txt,results/provenance/step4_PROVENANCE.txt,REWRITE,2,L112|relpath_local|code/step4_oracle_action_dist.py,"code/make_dataset.py, code/train_rf.py, code/step4_oracle_action_dist.py,"
LITERAL,paper1/results/step4_PROVENANCE.txt,results/provenance/step4_PROVENANCE.txt,REWRITE,2,L113|relpath_local|code/plot_oracle_action_dist.py,"code/plot_oracle_action_dist.py, code/step4_collab_harm.py"
LITERAL,paper1/results/step4_PROVENANCE.txt,results/provenance/step4_PROVENANCE.txt,REWRITE,2,L113|relpath_local|code/step4_collab_harm.py,"code/plot_oracle_action_dist.py, code/step4_collab_harm.py"
LITERAL,paper1/results/step4_PROVENANCE.txt,results/provenance/step4_PROVENANCE.txt,REWRITE,2,L114|relpath_local|results/step4_oracle_action_dist_v3,"results/step4_oracle_action_dist_v3.{csv,pdf,png}, results/step4_rf_class_report_v3.csv,"
LITERAL,paper1/results/step4_PROVENANCE.txt,results/provenance/step4_PROVENANCE.txt,REWRITE,2,L114|relpath_local|results/step4_rf_class_report_v3.csv,"results/step4_oracle_action_dist_v3.{csv,pdf,png}, results/step4_rf_class_report_v3.csv,"
LITERAL,paper1/results/step4_PROVENANCE.txt,results/provenance/step4_PROVENANCE.txt,REWRITE,2,L115|relpath_local|results/step4_rf_modes_v3.csv,"results/step4_rf_modes_v3.csv, results/step4_rf_train_meta_v3.json,"
LITERAL,paper1/results/step4_PROVENANCE.txt,results/provenance/step4_PROVENANCE.txt,REWRITE,2,L115|relpath_local|results/step4_rf_train_meta_v3.json,"results/step4_rf_modes_v3.csv, results/step4_rf_train_meta_v3.json,"
LITERAL,paper1/results/step4_PROVENANCE.txt,results/provenance/step4_PROVENANCE.txt,REWRITE,2,L116|relpath_local|results/step4_collaboration_harm_v3.csv,"results/step4_collaboration_harm_v3.csv, results/step4_PROVENANCE.txt,"
LITERAL,paper1/results/step4_PROVENANCE.txt,results/provenance/step4_PROVENANCE.txt,REWRITE,2,L116|relpath_local|results/step4_PROVENANCE.txt,"results/step4_collaboration_harm_v3.csv, results/step4_PROVENANCE.txt,"
LITERAL,paper1/results/step4_PROVENANCE.txt,results/provenance/step4_PROVENANCE.txt,REWRITE,2,L117|relpath_local|results/bler_sionna/bler_sionna.csv,results/bler_sionna/bler_sionna.csv (copied into the OpenCOOD runtime tree for self-containment)
LITERAL,paper1/results/step4_PROVENANCE.txt,results/provenance/step4_PROVENANCE.txt,REWRITE,2,L118|relpath_local|data/dataset_,"data/dataset_{split}_v3.csv (overwritten), data/selector_rf.pkl, data/selector_rf_bundle.pkl"
LITERAL,paper1/results/step4_PROVENANCE.txt,results/provenance/step4_PROVENANCE.txt,REWRITE,2,L118|relpath_local|data/selector_rf.pkl,"data/dataset_{split}_v3.csv (overwritten), data/selector_rf.pkl, data/selector_rf_bundle.pkl"
LITERAL,paper1/results/step4_PROVENANCE.txt,results/provenance/step4_PROVENANCE.txt,REWRITE,2,L118|relpath_local|data/selector_rf_bundle.pkl,"data/dataset_{split}_v3.csv (overwritten), data/selector_rf.pkl, data/selector_rf_bundle.pkl"
LITERAL,paper1/results/where2comm_ap_PROVENANCE.txt,results/provenance/where2comm_ap_PROVENANCE.txt,REWRITE,2,L3|relpath_local|results/where2comm_ap.csv,CSV: results/where2comm_ap.csv
LITERAL,paper1/results/where2comm_ap_PROVENANCE.txt,results/provenance/where2comm_ap_PROVENANCE.txt,REWRITE,2,L13|relpath_local|code/where2comm_compare.py,NOT the generator: code/where2comm_compare.py is DEPRECATED and does NOT produce these numbers.
LITERAL,paper1/scomcp_reproduction/README.md,baselines/scomcp/README.md,REWRITE,2,L11|relpath_local|opencood/models/fuse_modules/importance_map_jscc_fuse.py,Your existing `ImportanceMapJSCC` (`opencood/models/fuse_modules/importance_map_jscc_fuse.py`)
LITERAL,paper1/scomcp_reproduction/README.md,baselines/scomcp/README.md,REWRITE,2,L26|relpath_local|opencood/models/fuse_modules/scomcp_fuse.py,`CrossAttentionSelector` in `opencood/models/fuse_modules/scomcp_fuse.py`
LITERAL,paper1/scomcp_reproduction/README.md,baselines/scomcp/README.md,REWRITE,2,L58|relpath_local|peiyi_work/02_scomcp_reproduction/run_scomcp,bash peiyi_work/02_scomcp_reproduction/run_scomcp.sh
LITERAL,paper1/scomcp_reproduction/README.md,baselines/scomcp/README.md,REWRITE,2,L64|relpath_local|peiyi_work/02_scomcp_reproduction/train_scomcp.py,python peiyi_work/02_scomcp_reproduction/train_scomcp.py --hypes_yaml peiyi_work/02_scomcp_reproduction/configs/scomcp_s
LITERAL,paper1/scomcp_reproduction/README.md,baselines/scomcp/README.md,REWRITE,2,L64|relpath_local|peiyi_work/02_scomcp_reproduction/configs/scomcp_stage1_selector.yaml,python peiyi_work/02_scomcp_reproduction/train_scomcp.py --hypes_yaml peiyi_work/02_scomcp_reproduction/configs/scomcp_s
LITERAL,paper1/scomcp_reproduction/README.md,baselines/scomcp/README.md,REWRITE,2,L65|relpath_local|peiyi_work/02_scomcp_reproduction/train_scomcp.py,python peiyi_work/02_scomcp_reproduction/train_scomcp.py --hypes_yaml peiyi_work/02_scomcp_reproduction/configs/scomcp_s
LITERAL,paper1/scomcp_reproduction/README.md,baselines/scomcp/README.md,REWRITE,2,L65|relpath_local|peiyi_work/02_scomcp_reproduction/configs/scomcp_stage2_codec.yaml,python peiyi_work/02_scomcp_reproduction/train_scomcp.py --hypes_yaml peiyi_work/02_scomcp_reproduction/configs/scomcp_s
LITERAL,paper1/scomcp_reproduction/README.md,baselines/scomcp/README.md,REWRITE,2,L66|relpath_local|peiyi_work/02_scomcp_reproduction/train_scomcp.py,python peiyi_work/02_scomcp_reproduction/train_scomcp.py --hypes_yaml peiyi_work/02_scomcp_reproduction/configs/scomcp_s
LITERAL,paper1/scomcp_reproduction/README.md,baselines/scomcp/README.md,REWRITE,2,L66|relpath_local|peiyi_work/02_scomcp_reproduction/configs/scomcp_stage3_joint.yaml,python peiyi_work/02_scomcp_reproduction/train_scomcp.py --hypes_yaml peiyi_work/02_scomcp_reproduction/configs/scomcp_s
LITERAL,paper1/scomcp_reproduction/README.md,baselines/scomcp/README.md,REWRITE,2,L69|relpath_local|peiyi_work/02_scomcp_reproduction/results/,"Figures land in `peiyi_work/02_scomcp_reproduction/results/` (`fig6_awgn.png`, `fig7_rayleigh.png`)."
LITERAL,paper1/scomcp_reproduction/diagnose_selector.py,baselines/scomcp/diagnose_selector.py,REWRITE,2,L21|relpath_local|peiyi_work/02_scomcp_reproduction/runs/v5k/stage2,CKPT_DIR = 'peiyi_work/02_scomcp_reproduction/runs/v5k/stage2'
LITERAL,paper1/scomcp_reproduction/diagnose_selector.py,baselines/scomcp/diagnose_selector.py,RE-ANCHOR,2,L15|path_anchor|sys.path,"sys.path.insert(0, os.path.dirname(os.path.dirname(os.path.dirname(os.path.abspath(__file__)))))"
LITERAL,paper1/scomcp_reproduction/eval_sweep_scomcp.py,baselines/scomcp/eval_sweep_scomcp.py,REWRITE,2,L14|relpath_local|peiyi_work/02_scomcp_reproduction/eval_sweep_scomcp.py,python peiyi_work/02_scomcp_reproduction/eval_sweep_scomcp.py --model_dir <stage3_run> \
LITERAL,paper1/scomcp_reproduction/eval_sweep_scomcp.py,baselines/scomcp/eval_sweep_scomcp.py,REWRITE,2,L16|relpath_local|peiyi_work/02_scomcp_reproduction/results/scomcp_awgn.csv,--out peiyi_work/02_scomcp_reproduction/results/scomcp_awgn.csv
LITERAL,paper1/scomcp_reproduction/eval_sweep_scomcp.py,baselines/scomcp/eval_sweep_scomcp.py,REWRITE,2,L19|relpath_local|peiyi_work/02_scomcp_reproduction/eval_sweep_scomcp.py,python peiyi_work/02_scomcp_reproduction/eval_sweep_scomcp.py --model_dir <stage3_run> \
LITERAL,paper1/scomcp_reproduction/eval_sweep_scomcp.py,baselines/scomcp/eval_sweep_scomcp.py,REWRITE,2,L21|relpath_local|peiyi_work/02_scomcp_reproduction/results/upper_awgn.csv,--out peiyi_work/02_scomcp_reproduction/results/upper_awgn.csv
LITERAL,paper1/scomcp_reproduction/eval_sweep_scomcp.py,baselines/scomcp/eval_sweep_scomcp.py,REWRITE,2,L65|relpath_local|peiyi_work/04_experiment_logs/importance_map_jscc/ldpc_qam_bler_table.csv,'peiyi_work/04_experiment_logs/importance_map_jscc/ldpc_qam_bler_table.csv')
LITERAL,paper1/scomcp_reproduction/eval_sweep_scomcp.py,baselines/scomcp/eval_sweep_scomcp.py,REWRITE,2,L92|absolute_path|/config.yaml,"# load_yaml(None, opt) reads <model_dir>/config.yaml"
LITERAL,paper1/scomcp_reproduction/plot_figures.py,baselines/scomcp/plot_figures.py,REWRITE,2,L3|relpath_local|results/,Plot SComCP Fig. 6 (AWGN) and Fig. 7 (Rayleigh) from the sweep CSVs in results/.
LITERAL,paper1/scomcp_reproduction/plot_figures.py,baselines/scomcp/plot_figures.py,RE-ANCHOR,2,L13|path_anchor|os.path.dirname,"R = os.path.join(os.path.dirname(__file__), 'results')"
LITERAL,paper1/scomcp_reproduction/run_smoke.py,baselines/scomcp/run_smoke.py,REWRITE,2,L6|relpath_local|peiyi_work/02_scomcp_reproduction/runs/smoke_v1/,`peiyi_work/02_scomcp_reproduction/runs/smoke_v1/` to keep new outputs isolated from existing
LITERAL,paper1/scomcp_reproduction/run_smoke.py,baselines/scomcp/run_smoke.py,REWRITE,2,L7|relpath_local|opencood/logs/,`opencood/logs/` and `experiment_logs/`.
LITERAL,paper1/scomcp_reproduction/run_smoke.py,baselines/scomcp/run_smoke.py,REWRITE,2,L11|relpath_local|peiyi_work/02_scomcp_reproduction/run_smoke.py,peiyi_work/02_scomcp_reproduction/run_smoke.py [--steps 1000] [--eval_snr 10] [--eval_channel awgn]
LITERAL,paper1/scomcp_reproduction/run_smoke.py,baselines/scomcp/run_smoke.py,REWRITE,2,L36|relpath_local|peiyi_work/02_scomcp_reproduction/configs/scomcp_stage1_selector.yaml,"cfg=os.path.join(REPO, 'peiyi_work/02_scomcp_reproduction/configs/scomcp_stage1_selector.yaml'),"
LITERAL,paper1/scomcp_reproduction/run_smoke.py,baselines/scomcp/run_smoke.py,REWRITE,2,L39|relpath_local|peiyi_work/02_scomcp_reproduction/configs/scomcp_stage2_codec.yaml,"cfg=os.path.join(REPO, 'peiyi_work/02_scomcp_reproduction/configs/scomcp_stage2_codec.yaml'),"
LITERAL,paper1/scomcp_reproduction/run_smoke.py,baselines/scomcp/run_smoke.py,REWRITE,2,L42|relpath_local|peiyi_work/02_scomcp_reproduction/configs/scomcp_stage3_joint.yaml,"cfg=os.path.join(REPO, 'peiyi_work/02_scomcp_reproduction/configs/scomcp_stage3_joint.yaml'),"
LITERAL,paper1/scomcp_reproduction/run_smoke.py,baselines/scomcp/run_smoke.py,REWRITE,2,L157|absolute_path|/config.yaml,"# load_yaml(None, opt) reads <model_dir>/config.yaml (matches eval_sweep)."
LITERAL,paper1/scomcp_reproduction/run_smoke.py,baselines/scomcp/run_smoke.py,REWRITE,2,L229|relpath_local|peiyi_work/02_scomcp_reproduction/runs/,help='Run dir under peiyi_work/02_scomcp_reproduction/runs/. New runs MUST use a fresh name to keep prior runs untouched
LITERAL,paper1/scomcp_reproduction/run_smoke.py,baselines/scomcp/run_smoke.py,RE-ANCHOR,2,L30|path_anchor|os.path.dirname,REPO = os.path.dirname(os.path.dirname(os.path.dirname(os.path.abspath(__file__))))
LITERAL,paper1/scomcp_reproduction/smoke_test.py,baselines/scomcp/smoke_test.py,REWRITE,2,L18|relpath_local|peiyi_work/02_scomcp_reproduction/configs/scomcp_stage1_selector.yaml,"p.add_argument('--hypes_yaml', default='peiyi_work/02_scomcp_reproduction/configs/scomcp_stage1_selector.yaml')"
LITERAL,paper1/scomcp_reproduction/smoke_test.py,baselines/scomcp/smoke_test.py,REWRITE,2,L19|relpath_local|peiyi_work/05_pretrained_models/pointpillar_attentive_fusion/pointpillar_attentive_fusion/latest.pth,"p.add_argument('--warm_start', default='peiyi_work/05_pretrained_models/pointpillar_attentive_fusion/pointpillar_attenti"
LITERAL,paper1/scomcp_reproduction/train_scomcp.py,baselines/scomcp/train_scomcp.py,REWRITE,2,L5|relpath_local|opencood/tools/train.py,Differences vs opencood/tools/train.py:
LITERAL,paper1/scomcp_reproduction/train_scomcp.py,baselines/scomcp/train_scomcp.py,REWRITE,2,L15|relpath_local|peiyi_work/02_scomcp_reproduction/train_scomcp.py,python peiyi_work/02_scomcp_reproduction/train_scomcp.py \
LITERAL,paper1/scomcp_reproduction/train_scomcp.py,baselines/scomcp/train_scomcp.py,REWRITE,2,L16|relpath_local|peiyi_work/02_scomcp_reproduction/configs/scomcp_stage2_codec.yaml,--hypes_yaml peiyi_work/02_scomcp_reproduction/configs/scomcp_stage2_codec.yaml \
LITERAL,paper1/scomcp_reproduction/train_scomcp.py,baselines/scomcp/train_scomcp.py,REWRITE,2,L17|relpath_local|opencood/logs/scomcp_stage1_selector_xxx/net_epoch30.pth,--warm_start opencood/logs/scomcp_stage1_selector_xxx/net_epoch30.pth
LITERAL,paper2/README.md,paper2/README.md,REWRITE,0,L1|relpath_local|code/data/results,# paper2 — not started yet. Put its code/data/results here when it begins.
LITERAL,paper3/README.md,paper3/README.md,REWRITE,0,L26|relpath_local|code/data/results,_No code/data/results yet — to be added when the work begins._
FILE,,projects/ca_tosg/utils/configs.py,NEW,2,,the ONLY generator of configs/; parses docs/experiment_protocol.md and emits the five yaml views
FILE,,results/baselines/contextual_bandit_runs/,NEW,2,,P4-A replays; kept out of results/baselines/contextual_bandit.csv name space
FILE,,results/channel/,NEW,2,,BEYOND-PLAN 7th results bucket: BLER tables are an input to every command
FILE,,results/logs/,NEW,2,,untracked run logs relocated out of results/ root (gitignored)
