split,budget,channel,snr_db,policy,f1,payload_msym,n_frames,bler_F,lambda_star,rho_E,rho_L,rho_F
validate,0.1,awgn,0.0,fixed_L,0.855384348989899,0.024000000000000004,1980,1.0,0.05,,,
validate,0.1,awgn,0.0,fixed_F,0.7358345641414141,0.9900000000000001,1980,1.0,0.05,,,
validate,0.1,awgn,0.0,feature_ceiling,0.8842759977560152,0.9900000000000001,1980,1.0,0.05,,,
validate,0.1,awgn,0.0,oracle_masked,0.8558609717171717,0.023612121212121213,1980,1.0,0.05,0.01616161616161616,0.9838383838383838,0.0
validate,0.1,awgn,0.0,oracle_lambda,0.855860807070707,0.0236,1980,1.0,0.05,0.016666666666666666,0.9833333333333333,0.0
validate,0.1,awgn,0.0,catosg,0.8558080656565655,0.023721212121212122,1980,1.0,0.05,0.011616161616161616,0.9883838383838384,0.0
validate,0.1,awgn,2.0,fixed_L,0.855384348989899,0.024000000000000004,1980,1.0,0.05,,,
validate,0.1,awgn,2.0,fixed_F,0.7358345641414141,0.9900000000000001,1980,1.0,0.05,,,
validate,0.1,awgn,2.0,feature_ceiling,0.8842759977560152,0.9900000000000001,1980,1.0,0.05,,,
validate,0.1,awgn,2.0,oracle_masked,0.8558609717171717,0.023612121212121213,1980,1.0,0.05,0.01616161616161616,0.9838383838383838,0.0
validate,0.1,awgn,2.0,oracle_lambda,0.855860807070707,0.0236,1980,1.0,0.05,0.016666666666666666,0.9833333333333333,0.0
validate,0.1,awgn,2.0,catosg,0.8558080656565655,0.023721212121212122,1980,1.0,0.05,0.011616161616161616,0.9883838383838384,0.0
validate,0.1,awgn,4.0,fixed_L,0.855384348989899,0.024000000000000004,1980,1.0,0.05,,,
validate,0.1,awgn,4.0,fixed_F,0.7358345641414141,0.9900000000000001,1980,1.0,0.05,,,
validate,0.1,awgn,4.0,feature_ceiling,0.8842759977560152,0.9900000000000001,1980,1.0,0.05,,,
validate,0.1,awgn,4.0,oracle_masked,0.8558609717171717,0.023612121212121213,1980,1.0,0.05,0.01616161616161616,0.9838383838383838,0.0
validate,0.1,awgn,4.0,oracle_lambda,0.855860807070707,0.0236,1980,1.0,0.05,0.016666666666666666,0.9833333333333333,0.0
validate,0.1,awgn,4.0,catosg,0.8558080656565655,0.023721212121212122,1980,1.0,0.05,0.011616161616161616,0.9883838383838384,0.0
validate,0.1,awgn,6.0,fixed_L,0.855384348989899,0.024000000000000004,1980,1.0,0.05,,,
validate,0.1,awgn,6.0,fixed_F,0.7358345641414141,0.9900000000000001,1980,1.0,0.05,,,
validate,0.1,awgn,6.0,feature_ceiling,0.8842759977560152,0.9900000000000001,1980,1.0,0.05,,,
validate,0.1,awgn,6.0,oracle_masked,0.8558609717171717,0.023612121212121213,1980,1.0,0.05,0.01616161616161616,0.9838383838383838,0.0
validate,0.1,awgn,6.0,oracle_lambda,0.855860807070707,0.0236,1980,1.0,0.05,0.016666666666666666,0.9833333333333333,0.0
validate,0.1,awgn,6.0,catosg,0.8558080656565655,0.023721212121212122,1980,1.0,0.05,0.011616161616161616,0.9883838383838384,0.0
validate,0.1,awgn,8.0,fixed_L,0.855384348989899,0.024000000000000004,1980,0.4024,0.05,,,
validate,0.1,awgn,8.0,fixed_F,0.7888468126359596,0.9900000000000001,1980,0.4024,0.05,,,
validate,0.1,awgn,8.0,feature_ceiling,0.8842759977560152,0.9900000000000001,1980,0.4024,0.05,,,
validate,0.1,awgn,8.0,oracle_masked,0.8571035937430302,0.10246363636363637,1980,0.4024,0.05,0.0035353535353535356,0.9151515151515152,0.08131313131313131
validate,0.1,awgn,8.0,oracle_lambda,0.8558917029907072,0.024100000000000003,1980,0.4024,0.05,0.01616161616161616,0.9833333333333333,0.000505050505050505
validate,0.1,awgn,8.0,catosg,0.8558080656565655,0.023721212121212122,1980,0.4024,0.05,0.011616161616161616,0.9883838383838384,0.0
validate,0.1,awgn,10.0,fixed_L,0.855384348989899,0.024000000000000004,1980,0.0,0.05,,,
validate,0.1,awgn,10.0,fixed_F,0.8842759984848485,0.9900000000000001,1980,0.0,0.05,,,
validate,0.1,awgn,10.0,feature_ceiling,0.8842759977560152,0.9900000000000001,1980,0.0,0.05,,,
validate,0.1,awgn,10.0,oracle_masked,0.8926514813131312,0.634739393939394,1980,0.0,0.05,0.0035353535353535356,0.36414141414141415,0.6323232323232323
validate,0.1,awgn,10.0,oracle_lambda,0.8846861146464647,0.35113636363636364,1980,0.0,0.05,0.009595959595959595,0.6515151515151515,0.3388888888888889
validate,0.1,awgn,10.0,catosg,0.8751115439393939,0.23265454545454547,1980,0.0,0.05,0.0065656565656565654,0.7772727272727272,0.21616161616161617
validate,0.1,awgn,12.0,fixed_L,0.855384348989899,0.024000000000000004,1980,0.0,0.05,,,
validate,0.1,awgn,12.0,fixed_F,0.8842759984848485,0.9900000000000001,1980,0.0,0.05,,,
validate,0.1,awgn,12.0,feature_ceiling,0.8842759977560152,0.9900000000000001,1980,0.0,0.05,,,
validate,0.1,awgn,12.0,oracle_masked,0.8926514813131312,0.634739393939394,1980,0.0,0.05,0.0035353535353535356,0.36414141414141415,0.6323232323232323
validate,0.1,awgn,12.0,oracle_lambda,0.8846861146464647,0.35113636363636364,1980,0.0,0.05,0.009595959595959595,0.6515151515151515,0.3388888888888889
validate,0.1,awgn,12.0,catosg,0.8751519479797981,0.23314242424242426,1980,0.0,0.05,0.0065656565656565654,0.7767676767676768,0.21666666666666667
validate,0.1,awgn,14.0,fixed_L,0.855384348989899,0.024000000000000004,1980,0.0,0.05,,,
validate,0.1,awgn,14.0,fixed_F,0.8842759984848485,0.9900000000000001,1980,0.0,0.05,,,
validate,0.1,awgn,14.0,feature_ceiling,0.8842759977560152,0.9900000000000001,1980,0.0,0.05,,,
validate,0.1,awgn,14.0,oracle_masked,0.8926514813131312,0.634739393939394,1980,0.0,0.05,0.0035353535353535356,0.36414141414141415,0.6323232323232323
validate,0.1,awgn,14.0,oracle_lambda,0.8846861146464647,0.35113636363636364,1980,0.0,0.05,0.009595959595959595,0.6515151515151515,0.3388888888888889
validate,0.1,awgn,14.0,catosg,0.8751115439393939,0.23265454545454547,1980,0.0,0.05,0.0065656565656565654,0.7772727272727272,0.21616161616161617
validate,0.1,awgn,16.0,fixed_L,0.855384348989899,0.024000000000000004,1980,0.0,0.05,,,
validate,0.1,awgn,16.0,fixed_F,0.8842759984848485,0.9900000000000001,1980,0.0,0.05,,,
validate,0.1,awgn,16.0,feature_ceiling,0.8842759977560152,0.9900000000000001,1980,0.0,0.05,,,
validate,0.1,awgn,16.0,oracle_masked,0.8926514813131312,0.634739393939394,1980,0.0,0.05,0.0035353535353535356,0.36414141414141415,0.6323232323232323
validate,0.1,awgn,16.0,oracle_lambda,0.8846861146464647,0.35113636363636364,1980,0.0,0.05,0.009595959595959595,0.6515151515151515,0.3388888888888889
validate,0.1,awgn,16.0,catosg,0.8751519479797981,0.23314242424242426,1980,0.0,0.05,0.0065656565656565654,0.7767676767676768,0.21666666666666667
validate,0.1,awgn,18.0,fixed_L,0.855384348989899,0.024000000000000004,1980,0.0,0.05,,,
validate,0.1,awgn,18.0,fixed_F,0.8842759984848485,0.9900000000000001,1980,0.0,0.05,,,
validate,0.1,awgn,18.0,feature_ceiling,0.8842759977560152,0.9900000000000001,1980,0.0,0.05,,,
validate,0.1,awgn,18.0,oracle_masked,0.8926514813131312,0.634739393939394,1980,0.0,0.05,0.0035353535353535356,0.36414141414141415,0.6323232323232323
validate,0.1,awgn,18.0,oracle_lambda,0.8846861146464647,0.35113636363636364,1980,0.0,0.05,0.009595959595959595,0.6515151515151515,0.3388888888888889
validate,0.1,awgn,18.0,catosg,0.8751519479797981,0.23314242424242426,1980,0.0,0.05,0.0065656565656565654,0.7767676767676768,0.21666666666666667
validate,0.1,awgn,20.0,fixed_L,0.855384348989899,0.024000000000000004,1980,0.0,0.05,,,
validate,0.1,awgn,20.0,fixed_F,0.8842759984848485,0.9900000000000001,1980,0.0,0.05,,,
validate,0.1,awgn,20.0,feature_ceiling,0.8842759977560152,0.9900000000000001,1980,0.0,0.05,,,
validate,0.1,awgn,20.0,oracle_masked,0.8926514813131312,0.634739393939394,1980,0.0,0.05,0.0035353535353535356,0.36414141414141415,0.6323232323232323
validate,0.1,awgn,20.0,oracle_lambda,0.8846861146464647,0.35113636363636364,1980,0.0,0.05,0.009595959595959595,0.6515151515151515,0.3388888888888889
validate,0.1,awgn,20.0,catosg,0.8751895914141414,0.23363030303030305,1980,0.0,0.05,0.0065656565656565654,0.7762626262626262,0.21717171717171718
validate,0.1,rayleigh,0.0,fixed_L,0.855384348989899,0.024000000000000004,1980,1.0,0.05,,,
validate,0.1,rayleigh,0.0,fixed_F,0.7358345641414141,0.9900000000000001,1980,1.0,0.05,,,
validate,0.1,rayleigh,0.0,feature_ceiling,0.8842759977560152,0.9900000000000001,1980,1.0,0.05,,,
validate,0.1,rayleigh,0.0,oracle_masked,0.8558609717171717,0.023612121212121213,1980,1.0,0.05,0.01616161616161616,0.9838383838383838,0.0
validate,0.1,rayleigh,0.0,oracle_lambda,0.855860807070707,0.0236,1980,1.0,0.05,0.016666666666666666,0.9833333333333333,0.0
validate,0.1,rayleigh,0.0,catosg,0.8558361323232323,0.023672727272727272,1980,1.0,0.05,0.013636363636363636,0.9863636363636363,0.0
validate,0.1,rayleigh,2.0,fixed_L,0.855384348989899,0.024000000000000004,1980,1.0,0.05,,,
validate,0.1,rayleigh,2.0,fixed_F,0.7358345641414141,0.9900000000000001,1980,1.0,0.05,,,
validate,0.1,rayleigh,2.0,feature_ceiling,0.8842759977560152,0.9900000000000001,1980,1.0,0.05,,,
validate,0.1,rayleigh,2.0,oracle_masked,0.8558609717171717,0.023612121212121213,1980,1.0,0.05,0.01616161616161616,0.9838383838383838,0.0
validate,0.1,rayleigh,2.0,oracle_lambda,0.855860807070707,0.0236,1980,1.0,0.05,0.016666666666666666,0.9833333333333333,0.0
validate,0.1,rayleigh,2.0,catosg,0.8558361323232323,0.023672727272727272,1980,1.0,0.05,0.013636363636363636,0.9863636363636363,0.0
validate,0.1,rayleigh,4.0,fixed_L,0.855384348989899,0.024000000000000004,1980,1.0,0.05,,,
validate,0.1,rayleigh,4.0,fixed_F,0.7358345641414141,0.9900000000000001,1980,1.0,0.05,,,
validate,0.1,rayleigh,4.0,feature_ceiling,0.8842759977560152,0.9900000000000001,1980,1.0,0.05,,,
validate,0.1,rayleigh,4.0,oracle_masked,0.8558609717171717,0.023612121212121213,1980,1.0,0.05,0.01616161616161616,0.9838383838383838,0.0
validate,0.1,rayleigh,4.0,oracle_lambda,0.855860807070707,0.0236,1980,1.0,0.05,0.016666666666666666,0.9833333333333333,0.0
validate,0.1,rayleigh,4.0,catosg,0.8558361323232323,0.023672727272727272,1980,1.0,0.05,0.013636363636363636,0.9863636363636363,0.0
validate,0.1,rayleigh,6.0,fixed_L,0.855384348989899,0.024000000000000004,1980,1.0,0.05,,,
validate,0.1,rayleigh,6.0,fixed_F,0.7358345641414141,0.9900000000000001,1980,1.0,0.05,,,
validate,0.1,rayleigh,6.0,feature_ceiling,0.8842759977560152,0.9900000000000001,1980,1.0,0.05,,,
validate,0.1,rayleigh,6.0,oracle_masked,0.8558609717171717,0.023612121212121213,1980,1.0,0.05,0.01616161616161616,0.9838383838383838,0.0
validate,0.1,rayleigh,6.0,oracle_lambda,0.855860807070707,0.0236,1980,1.0,0.05,0.016666666666666666,0.9833333333333333,0.0
validate,0.1,rayleigh,6.0,catosg,0.8558361323232323,0.023672727272727272,1980,1.0,0.05,0.013636363636363636,0.9863636363636363,0.0
validate,0.1,rayleigh,8.0,fixed_L,0.855384348989899,0.024000000000000004,1980,1.0,0.05,,,
validate,0.1,rayleigh,8.0,fixed_F,0.7358345641414141,0.9900000000000001,1980,1.0,0.05,,,
validate,0.1,rayleigh,8.0,feature_ceiling,0.8842759977560152,0.9900000000000001,1980,1.0,0.05,,,
validate,0.1,rayleigh,8.0,oracle_masked,0.8558609717171717,0.023612121212121213,1980,1.0,0.05,0.01616161616161616,0.9838383838383838,0.0
validate,0.1,rayleigh,8.0,oracle_lambda,0.855860807070707,0.0236,1980,1.0,0.05,0.016666666666666666,0.9833333333333333,0.0
validate,0.1,rayleigh,8.0,catosg,0.8558312525252526,0.023684848484848486,1980,1.0,0.05,0.013131313131313131,0.9868686868686869,0.0
validate,0.1,rayleigh,10.0,fixed_L,0.855384348989899,0.024000000000000004,1980,1.0,0.05,,,
validate,0.1,rayleigh,10.0,fixed_F,0.7358345641414141,0.9900000000000001,1980,1.0,0.05,,,
validate,0.1,rayleigh,10.0,feature_ceiling,0.8842759977560152,0.9900000000000001,1980,1.0,0.05,,,
validate,0.1,rayleigh,10.0,oracle_masked,0.8558609717171717,0.023612121212121213,1980,1.0,0.05,0.01616161616161616,0.9838383838383838,0.0
validate,0.1,rayleigh,10.0,oracle_lambda,0.855860807070707,0.0236,1980,1.0,0.05,0.016666666666666666,0.9833333333333333,0.0
validate,0.1,rayleigh,10.0,catosg,0.8558080656565655,0.023721212121212122,1980,1.0,0.05,0.011616161616161616,0.9883838383838384,0.0
validate,0.1,rayleigh,12.0,fixed_L,0.855384348989899,0.024000000000000004,1980,1.0,0.05,,,
validate,0.1,rayleigh,12.0,fixed_F,0.7358345641414141,0.9900000000000001,1980,1.0,0.05,,,
validate,0.1,rayleigh,12.0,feature_ceiling,0.8842759977560152,0.9900000000000001,1980,1.0,0.05,,,
validate,0.1,rayleigh,12.0,oracle_masked,0.8558609717171717,0.023612121212121213,1980,1.0,0.05,0.01616161616161616,0.9838383838383838,0.0
validate,0.1,rayleigh,12.0,oracle_lambda,0.855860807070707,0.0236,1980,1.0,0.05,0.016666666666666666,0.9833333333333333,0.0
validate,0.1,rayleigh,12.0,catosg,0.8558080656565655,0.023721212121212122,1980,1.0,0.05,0.011616161616161616,0.9883838383838384,0.0
validate,0.1,rayleigh,14.0,fixed_L,0.855384348989899,0.024000000000000004,1980,1.0,0.05,,,
validate,0.1,rayleigh,14.0,fixed_F,0.7358345641414141,0.9900000000000001,1980,1.0,0.05,,,
validate,0.1,rayleigh,14.0,feature_ceiling,0.8842759977560152,0.9900000000000001,1980,1.0,0.05,,,
validate,0.1,rayleigh,14.0,oracle_masked,0.8558609717171717,0.023612121212121213,1980,1.0,0.05,0.01616161616161616,0.9838383838383838,0.0
validate,0.1,rayleigh,14.0,oracle_lambda,0.855860807070707,0.0236,1980,1.0,0.05,0.016666666666666666,0.9833333333333333,0.0
validate,0.1,rayleigh,14.0,catosg,0.8558080656565655,0.023721212121212122,1980,1.0,0.05,0.011616161616161616,0.9883838383838384,0.0
validate,0.1,rayleigh,16.0,fixed_L,0.855384348989899,0.024000000000000004,1980,1.0,0.05,,,
validate,0.1,rayleigh,16.0,fixed_F,0.7358345641414141,0.9900000000000001,1980,1.0,0.05,,,
validate,0.1,rayleigh,16.0,feature_ceiling,0.8842759977560152,0.9900000000000001,1980,1.0,0.05,,,
validate,0.1,rayleigh,16.0,oracle_masked,0.8558609717171717,0.023612121212121213,1980,1.0,0.05,0.01616161616161616,0.9838383838383838,0.0
validate,0.1,rayleigh,16.0,oracle_lambda,0.855860807070707,0.0236,1980,1.0,0.05,0.016666666666666666,0.9833333333333333,0.0
validate,0.1,rayleigh,16.0,catosg,0.8558080656565655,0.023721212121212122,1980,1.0,0.05,0.011616161616161616,0.9883838383838384,0.0
validate,0.1,rayleigh,18.0,fixed_L,0.855384348989899,0.024000000000000004,1980,1.0,0.05,,,
validate,0.1,rayleigh,18.0,fixed_F,0.7358345641414141,0.9900000000000001,1980,1.0,0.05,,,
validate,0.1,rayleigh,18.0,feature_ceiling,0.8842759977560152,0.9900000000000001,1980,1.0,0.05,,,
validate,0.1,rayleigh,18.0,oracle_masked,0.8558609717171717,0.023612121212121213,1980,1.0,0.05,0.01616161616161616,0.9838383838383838,0.0
validate,0.1,rayleigh,18.0,oracle_lambda,0.855860807070707,0.0236,1980,1.0,0.05,0.016666666666666666,0.9833333333333333,0.0
validate,0.1,rayleigh,18.0,catosg,0.8558080656565655,0.023721212121212122,1980,1.0,0.05,0.011616161616161616,0.9883838383838384,0.0
validate,0.1,rayleigh,20.0,fixed_L,0.855384348989899,0.024000000000000004,1980,1.0,0.05,,,
validate,0.1,rayleigh,20.0,fixed_F,0.7358345641414141,0.9900000000000001,1980,1.0,0.05,,,
validate,0.1,rayleigh,20.0,feature_ceiling,0.8842759977560152,0.9900000000000001,1980,1.0,0.05,,,
validate,0.1,rayleigh,20.0,oracle_masked,0.8558609717171717,0.023612121212121213,1980,1.0,0.05,0.01616161616161616,0.9838383838383838,0.0
validate,0.1,rayleigh,20.0,oracle_lambda,0.855860807070707,0.0236,1980,1.0,0.05,0.016666666666666666,0.9833333333333333,0.0
validate,0.1,rayleigh,20.0,catosg,0.8558080656565655,0.023721212121212122,1980,1.0,0.05,0.011616161616161616,0.9883838383838384,0.0
validate,0.2,awgn,0.0,fixed_L,0.855384348989899,0.024000000000000004,1980,1.0,0.02,,,
validate,0.2,awgn,0.0,fixed_F,0.7358345641414141,0.9900000000000001,1980,1.0,0.02,,,
validate,0.2,awgn,0.0,feature_ceiling,0.8842759977560152,0.9900000000000001,1980,1.0,0.02,,,
validate,0.2,awgn,0.0,oracle_masked,0.8558609717171717,0.023612121212121213,1980,1.0,0.02,0.01616161616161616,0.9838383838383838,0.0
validate,0.2,awgn,0.0,oracle_lambda,0.855860807070707,0.0236,1980,1.0,0.02,0.016666666666666666,0.9833333333333333,0.0
validate,0.2,awgn,0.0,catosg,0.8558080656565655,0.023721212121212122,1980,1.0,0.02,0.011616161616161616,0.9883838383838384,0.0
validate,0.2,awgn,2.0,fixed_L,0.855384348989899,0.024000000000000004,1980,1.0,0.02,,,
validate,0.2,awgn,2.0,fixed_F,0.7358345641414141,0.9900000000000001,1980,1.0,0.02,,,
validate,0.2,awgn,2.0,feature_ceiling,0.8842759977560152,0.9900000000000001,1980,1.0,0.02,,,
validate,0.2,awgn,2.0,oracle_masked,0.8558609717171717,0.023612121212121213,1980,1.0,0.02,0.01616161616161616,0.9838383838383838,0.0
validate,0.2,awgn,2.0,oracle_lambda,0.855860807070707,0.0236,1980,1.0,0.02,0.016666666666666666,0.9833333333333333,0.0
validate,0.2,awgn,2.0,catosg,0.8558080656565655,0.023721212121212122,1980,1.0,0.02,0.011616161616161616,0.9883838383838384,0.0
validate,0.2,awgn,4.0,fixed_L,0.855384348989899,0.024000000000000004,1980,1.0,0.02,,,
validate,0.2,awgn,4.0,fixed_F,0.7358345641414141,0.9900000000000001,1980,1.0,0.02,,,
validate,0.2,awgn,4.0,feature_ceiling,0.8842759977560152,0.9900000000000001,1980,1.0,0.02,,,
validate,0.2,awgn,4.0,oracle_masked,0.8558609717171717,0.023612121212121213,1980,1.0,0.02,0.01616161616161616,0.9838383838383838,0.0
validate,0.2,awgn,4.0,oracle_lambda,0.855860807070707,0.0236,1980,1.0,0.02,0.016666666666666666,0.9833333333333333,0.0
validate,0.2,awgn,4.0,catosg,0.8558080656565655,0.023721212121212122,1980,1.0,0.02,0.011616161616161616,0.9883838383838384,0.0
validate,0.2,awgn,6.0,fixed_L,0.855384348989899,0.024000000000000004,1980,1.0,0.02,,,
validate,0.2,awgn,6.0,fixed_F,0.7358345641414141,0.9900000000000001,1980,1.0,0.02,,,
validate,0.2,awgn,6.0,feature_ceiling,0.8842759977560152,0.9900000000000001,1980,1.0,0.02,,,
validate,0.2,awgn,6.0,oracle_masked,0.8558609717171717,0.023612121212121213,1980,1.0,0.02,0.01616161616161616,0.9838383838383838,0.0
validate,0.2,awgn,6.0,oracle_lambda,0.855860807070707,0.0236,1980,1.0,0.02,0.016666666666666666,0.9833333333333333,0.0
validate,0.2,awgn,6.0,catosg,0.8558080656565655,0.023721212121212122,1980,1.0,0.02,0.011616161616161616,0.9883838383838384,0.0
validate,0.2,awgn,8.0,fixed_L,0.855384348989899,0.024000000000000004,1980,0.4024,0.02,,,
validate,0.2,awgn,8.0,fixed_F,0.7888468126359596,0.9900000000000001,1980,0.4024,0.02,,,
validate,0.2,awgn,8.0,feature_ceiling,0.8842759977560152,0.9900000000000001,1980,0.4024,0.02,,,
validate,0.2,awgn,8.0,oracle_masked,0.8571035937430302,0.10246363636363637,1980,0.4024,0.02,0.0035353535353535356,0.9151515151515152,0.08131313131313131
validate,0.2,awgn,8.0,oracle_lambda,0.8565450797305051,0.04621212121212121,1980,0.4024,0.02,0.009595959595959595,0.9671717171717171,0.023232323232323233
validate,0.2,awgn,8.0,catosg,0.8559462302783839,0.05012727272727273,1980,0.4024,0.02,0.00909090909090909,0.9636363636363636,0.02727272727272727
validate,0.2,awgn,10.0,fixed_L,0.855384348989899,0.024000000000000004,1980,0.0,0.02,,,
validate,0.2,awgn,10.0,fixed_F,0.8842759984848485,0.9900000000000001,1980,0.0,0.02,,,
validate,0.2,awgn,10.0,feature_ceiling,0.8842759977560152,0.9900000000000001,1980,0.0,0.02,,,
validate,0.2,awgn,10.0,oracle_masked,0.8926514813131312,0.634739393939394,1980,0.0,0.02,0.0035353535353535356,0.36414141414141415,0.6323232323232323
validate,0.2,awgn,10.0,oracle_lambda,0.8917447353535353,0.5507272727272727,1980,0.0,0.02,0.007575757575757576,0.44696969696969696,0.5454545454545454
validate,0.2,awgn,10.0,catosg,0.887522452020202,0.4795212121212122,1980,0.0,0.02,0.0065656565656565654,0.5217171717171717,0.4717171717171717
validate,0.2,awgn,12.0,fixed_L,0.855384348989899,0.024000000000000004,1980,0.0,0.02,,,
validate,0.2,awgn,12.0,fixed_F,0.8842759984848485,0.9900000000000001,1980,0.0,0.02,,,
validate,0.2,awgn,12.0,feature_ceiling,0.8842759977560152,0.9900000000000001,1980,0.0,0.02,,,
validate,0.2,awgn,12.0,oracle_masked,0.8926514813131312,0.634739393939394,1980,0.0,0.02,0.0035353535353535356,0.36414141414141415,0.6323232323232323
validate,0.2,awgn,12.0,oracle_lambda,0.8917447353535353,0.5507272727272727,1980,0.0,0.02,0.007575757575757576,0.44696969696969696,0.5454545454545454
validate,0.2,awgn,12.0,catosg,0.8877383474747474,0.48391212121212124,1980,0.0,0.02,0.0065656565656565654,0.5171717171717172,0.4762626262626263
validate,0.2,awgn,14.0,fixed_L,0.855384348989899,0.024000000000000004,1980,0.0,0.02,,,
validate,0.2,awgn,14.0,fixed_F,0.8842759984848485,0.9900000000000001,1980,0.0,0.02,,,
validate,0.2,awgn,14.0,feature_ceiling,0.8842759977560152,0.9900000000000001,1980,0.0,0.02,,,
validate,0.2,awgn,14.0,oracle_masked,0.8926514813131312,0.634739393939394,1980,0.0,0.02,0.0035353535353535356,0.36414141414141415,0.6323232323232323
validate,0.2,awgn,14.0,oracle_lambda,0.8917447353535353,0.5507272727272727,1980,0.0,0.02,0.007575757575757576,0.44696969696969696,0.5454545454545454
validate,0.2,awgn,14.0,catosg,0.8877720176767677,0.48440000000000005,1980,0.0,0.02,0.0065656565656565654,0.5166666666666667,0.4767676767676768
validate,0.2,awgn,16.0,fixed_L,0.855384348989899,0.024000000000000004,1980,0.0,0.02,,,
validate,0.2,awgn,16.0,fixed_F,0.8842759984848485,0.9900000000000001,1980,0.0,0.02,,,
validate,0.2,awgn,16.0,feature_ceiling,0.8842759977560152,0.9900000000000001,1980,0.0,0.02,,,
validate,0.2,awgn,16.0,oracle_masked,0.8926514813131312,0.634739393939394,1980,0.0,0.02,0.0035353535353535356,0.36414141414141415,0.6323232323232323
validate,0.2,awgn,16.0,oracle_lambda,0.8917447353535353,0.5507272727272727,1980,0.0,0.02,0.007575757575757576,0.44696969696969696,0.5454545454545454
validate,0.2,awgn,16.0,catosg,0.8876955227272727,0.4834242424242425,1980,0.0,0.02,0.0065656565656565654,0.5176767676767676,0.47575757575757577
validate,0.2,awgn,18.0,fixed_L,0.855384348989899,0.024000000000000004,1980,0.0,0.02,,,
validate,0.2,awgn,18.0,fixed_F,0.8842759984848485,0.9900000000000001,1980,0.0,0.02,,,
validate,0.2,awgn,18.0,feature_ceiling,0.8842759977560152,0.9900000000000001,1980,0.0,0.02,,,
validate,0.2,awgn,18.0,oracle_masked,0.8926514813131312,0.634739393939394,1980,0.0,0.02,0.0035353535353535356,0.36414141414141415,0.6323232323232323
validate,0.2,awgn,18.0,oracle_lambda,0.8917447353535353,0.5507272727272727,1980,0.0,0.02,0.007575757575757576,0.44696969696969696,0.5454545454545454
validate,0.2,awgn,18.0,catosg,0.8876955227272727,0.4834242424242425,1980,0.0,0.02,0.0065656565656565654,0.5176767676767676,0.47575757575757577
validate,0.2,awgn,20.0,fixed_L,0.855384348989899,0.024000000000000004,1980,0.0,0.02,,,
validate,0.2,awgn,20.0,fixed_F,0.8842759984848485,0.9900000000000001,1980,0.0,0.02,,,
validate,0.2,awgn,20.0,feature_ceiling,0.8842759977560152,0.9900000000000001,1980,0.0,0.02,,,
validate,0.2,awgn,20.0,oracle_masked,0.8926514813131312,0.634739393939394,1980,0.0,0.02,0.0035353535353535356,0.36414141414141415,0.6323232323232323
validate,0.2,awgn,20.0,oracle_lambda,0.8917447353535353,0.5507272727272727,1980,0.0,0.02,0.007575757575757576,0.44696969696969696,0.5454545454545454
validate,0.2,awgn,20.0,catosg,0.8876945676767677,0.4834242424242425,1980,0.0,0.02,0.0065656565656565654,0.5176767676767676,0.47575757575757577
validate,0.2,rayleigh,0.0,fixed_L,0.855384348989899,0.024000000000000004,1980,1.0,0.02,,,
validate,0.2,rayleigh,0.0,fixed_F,0.7358345641414141,0.9900000000000001,1980,1.0,0.02,,,
validate,0.2,rayleigh,0.0,feature_ceiling,0.8842759977560152,0.9900000000000001,1980,1.0,0.02,,,
validate,0.2,rayleigh,0.0,oracle_masked,0.8558609717171717,0.023612121212121213,1980,1.0,0.02,0.01616161616161616,0.9838383838383838,0.0
validate,0.2,rayleigh,0.0,oracle_lambda,0.855860807070707,0.0236,1980,1.0,0.02,0.016666666666666666,0.9833333333333333,0.0
validate,0.2,rayleigh,0.0,catosg,0.8558411828282828,0.023660606060606063,1980,1.0,0.02,0.014141414141414142,0.9858585858585859,0.0
validate,0.2,rayleigh,2.0,fixed_L,0.855384348989899,0.024000000000000004,1980,1.0,0.02,,,
validate,0.2,rayleigh,2.0,fixed_F,0.7358345641414141,0.9900000000000001,1980,1.0,0.02,,,
validate,0.2,rayleigh,2.0,feature_ceiling,0.8842759977560152,0.9900000000000001,1980,1.0,0.02,,,
validate,0.2,rayleigh,2.0,oracle_masked,0.8558609717171717,0.023612121212121213,1980,1.0,0.02,0.01616161616161616,0.9838383838383838,0.0
validate,0.2,rayleigh,2.0,oracle_lambda,0.855860807070707,0.0236,1980,1.0,0.02,0.016666666666666666,0.9833333333333333,0.0
validate,0.2,rayleigh,2.0,catosg,0.8558411828282828,0.023660606060606063,1980,1.0,0.02,0.014141414141414142,0.9858585858585859,0.0
validate,0.2,rayleigh,4.0,fixed_L,0.855384348989899,0.024000000000000004,1980,1.0,0.02,,,
validate,0.2,rayleigh,4.0,fixed_F,0.7358345641414141,0.9900000000000001,1980,1.0,0.02,,,
validate,0.2,rayleigh,4.0,feature_ceiling,0.8842759977560152,0.9900000000000001,1980,1.0,0.02,,,
validate,0.2,rayleigh,4.0,oracle_masked,0.8558609717171717,0.023612121212121213,1980,1.0,0.02,0.01616161616161616,0.9838383838383838,0.0
validate,0.2,rayleigh,4.0,oracle_lambda,0.855860807070707,0.0236,1980,1.0,0.02,0.016666666666666666,0.9833333333333333,0.0
validate,0.2,rayleigh,4.0,catosg,0.8558411828282828,0.023660606060606063,1980,1.0,0.02,0.014141414141414142,0.9858585858585859,0.0
validate,0.2,rayleigh,6.0,fixed_L,0.855384348989899,0.024000000000000004,1980,1.0,0.02,,,
validate,0.2,rayleigh,6.0,fixed_F,0.7358345641414141,0.9900000000000001,1980,1.0,0.02,,,
validate,0.2,rayleigh,6.0,feature_ceiling,0.8842759977560152,0.9900000000000001,1980,1.0,0.02,,,
validate,0.2,rayleigh,6.0,oracle_masked,0.8558609717171717,0.023612121212121213,1980,1.0,0.02,0.01616161616161616,0.9838383838383838,0.0
validate,0.2,rayleigh,6.0,oracle_lambda,0.855860807070707,0.0236,1980,1.0,0.02,0.016666666666666666,0.9833333333333333,0.0
validate,0.2,rayleigh,6.0,catosg,0.8558411828282828,0.023660606060606063,1980,1.0,0.02,0.014141414141414142,0.9858585858585859,0.0
validate,0.2,rayleigh,8.0,fixed_L,0.855384348989899,0.024000000000000004,1980,1.0,0.02,,,
validate,0.2,rayleigh,8.0,fixed_F,0.7358345641414141,0.9900000000000001,1980,1.0,0.02,,,
validate,0.2,rayleigh,8.0,feature_ceiling,0.8842759977560152,0.9900000000000001,1980,1.0,0.02,,,
validate,0.2,rayleigh,8.0,oracle_masked,0.8558609717171717,0.023612121212121213,1980,1.0,0.02,0.01616161616161616,0.9838383838383838,0.0
validate,0.2,rayleigh,8.0,oracle_lambda,0.855860807070707,0.0236,1980,1.0,0.02,0.016666666666666666,0.9833333333333333,0.0
validate,0.2,rayleigh,8.0,catosg,0.855836303030303,0.023672727272727272,1980,1.0,0.02,0.013636363636363636,0.9863636363636363,0.0
validate,0.2,rayleigh,10.0,fixed_L,0.855384348989899,0.024000000000000004,1980,1.0,0.02,,,
validate,0.2,rayleigh,10.0,fixed_F,0.7358345641414141,0.9900000000000001,1980,1.0,0.02,,,
validate,0.2,rayleigh,10.0,feature_ceiling,0.8842759977560152,0.9900000000000001,1980,1.0,0.02,,,
validate,0.2,rayleigh,10.0,oracle_masked,0.8558609717171717,0.023612121212121213,1980,1.0,0.02,0.01616161616161616,0.9838383838383838,0.0
validate,0.2,rayleigh,10.0,oracle_lambda,0.855860807070707,0.0236,1980,1.0,0.02,0.016666666666666666,0.9833333333333333,0.0
validate,0.2,rayleigh,10.0,catosg,0.855836303030303,0.023672727272727272,1980,1.0,0.02,0.013636363636363636,0.9863636363636363,0.0
validate,0.2,rayleigh,12.0,fixed_L,0.855384348989899,0.024000000000000004,1980,1.0,0.02,,,
validate,0.2,rayleigh,12.0,fixed_F,0.7358345641414141,0.9900000000000001,1980,1.0,0.02,,,
validate,0.2,rayleigh,12.0,feature_ceiling,0.8842759977560152,0.9900000000000001,1980,1.0,0.02,,,
validate,0.2,rayleigh,12.0,oracle_masked,0.8558609717171717,0.023612121212121213,1980,1.0,0.02,0.01616161616161616,0.9838383838383838,0.0
validate,0.2,rayleigh,12.0,oracle_lambda,0.855860807070707,0.0236,1980,1.0,0.02,0.016666666666666666,0.9833333333333333,0.0
validate,0.2,rayleigh,12.0,catosg,0.855836303030303,0.023672727272727272,1980,1.0,0.02,0.013636363636363636,0.9863636363636363,0.0
validate,0.2,rayleigh,14.0,fixed_L,0.855384348989899,0.024000000000000004,1980,1.0,0.02,,,
validate,0.2,rayleigh,14.0,fixed_F,0.7358345641414141,0.9900000000000001,1980,1.0,0.02,,,
validate,0.2,rayleigh,14.0,feature_ceiling,0.8842759977560152,0.9900000000000001,1980,1.0,0.02,,,
validate,0.2,rayleigh,14.0,oracle_masked,0.8558609717171717,0.023612121212121213,1980,1.0,0.02,0.01616161616161616,0.9838383838383838,0.0
validate,0.2,rayleigh,14.0,oracle_lambda,0.855860807070707,0.0236,1980,1.0,0.02,0.016666666666666666,0.9833333333333333,0.0
validate,0.2,rayleigh,14.0,catosg,0.855836303030303,0.023672727272727272,1980,1.0,0.02,0.013636363636363636,0.9863636363636363,0.0
validate,0.2,rayleigh,16.0,fixed_L,0.855384348989899,0.024000000000000004,1980,1.0,0.02,,,
validate,0.2,rayleigh,16.0,fixed_F,0.7358345641414141,0.9900000000000001,1980,1.0,0.02,,,
validate,0.2,rayleigh,16.0,feature_ceiling,0.8842759977560152,0.9900000000000001,1980,1.0,0.02,,,
validate,0.2,rayleigh,16.0,oracle_masked,0.8558609717171717,0.023612121212121213,1980,1.0,0.02,0.01616161616161616,0.9838383838383838,0.0
validate,0.2,rayleigh,16.0,oracle_lambda,0.855860807070707,0.0236,1980,1.0,0.02,0.016666666666666666,0.9833333333333333,0.0
validate,0.2,rayleigh,16.0,catosg,0.855836303030303,0.023672727272727272,1980,1.0,0.02,0.013636363636363636,0.9863636363636363,0.0
validate,0.2,rayleigh,18.0,fixed_L,0.855384348989899,0.024000000000000004,1980,1.0,0.02,,,
validate,0.2,rayleigh,18.0,fixed_F,0.7358345641414141,0.9900000000000001,1980,1.0,0.02,,,
validate,0.2,rayleigh,18.0,feature_ceiling,0.8842759977560152,0.9900000000000001,1980,1.0,0.02,,,
validate,0.2,rayleigh,18.0,oracle_masked,0.8558609717171717,0.023612121212121213,1980,1.0,0.02,0.01616161616161616,0.9838383838383838,0.0
validate,0.2,rayleigh,18.0,oracle_lambda,0.855860807070707,0.0236,1980,1.0,0.02,0.016666666666666666,0.9833333333333333,0.0
validate,0.2,rayleigh,18.0,catosg,0.855836303030303,0.023672727272727272,1980,1.0,0.02,0.013636363636363636,0.9863636363636363,0.0
validate,0.2,rayleigh,20.0,fixed_L,0.855384348989899,0.024000000000000004,1980,1.0,0.02,,,
validate,0.2,rayleigh,20.0,fixed_F,0.7358345641414141,0.9900000000000001,1980,1.0,0.02,,,
validate,0.2,rayleigh,20.0,feature_ceiling,0.8842759977560152,0.9900000000000001,1980,1.0,0.02,,,
validate,0.2,rayleigh,20.0,oracle_masked,0.8558609717171717,0.023612121212121213,1980,1.0,0.02,0.01616161616161616,0.9838383838383838,0.0
validate,0.2,rayleigh,20.0,oracle_lambda,0.855860807070707,0.0236,1980,1.0,0.02,0.016666666666666666,0.9833333333333333,0.0
validate,0.2,rayleigh,20.0,catosg,0.855836303030303,0.023672727272727272,1980,1.0,0.02,0.013636363636363636,0.9863636363636363,0.0
validate,0.3,awgn,0.0,fixed_L,0.855384348989899,0.024000000000000004,1980,1.0,0.0,,,
validate,0.3,awgn,0.0,fixed_F,0.7358345641414141,0.9900000000000001,1980,1.0,0.0,,,
validate,0.3,awgn,0.0,feature_ceiling,0.8842759977560152,0.9900000000000001,1980,1.0,0.0,,,
validate,0.3,awgn,0.0,oracle_masked,0.8558609717171717,0.023612121212121213,1980,1.0,0.0,0.01616161616161616,0.9838383838383838,0.0
validate,0.3,awgn,0.0,oracle_lambda,0.8558609717171717,0.023612121212121213,1980,1.0,0.0,0.01616161616161616,0.9838383838383838,0.0
validate,0.3,awgn,0.0,catosg,0.8558609717171717,0.023612121212121213,1980,1.0,0.0,0.01616161616161616,0.9838383838383838,0.0
validate,0.3,awgn,2.0,fixed_L,0.855384348989899,0.024000000000000004,1980,1.0,0.0,,,
validate,0.3,awgn,2.0,fixed_F,0.7358345641414141,0.9900000000000001,1980,1.0,0.0,,,
validate,0.3,awgn,2.0,feature_ceiling,0.8842759977560152,0.9900000000000001,1980,1.0,0.0,,,
validate,0.3,awgn,2.0,oracle_masked,0.8558609717171717,0.023612121212121213,1980,1.0,0.0,0.01616161616161616,0.9838383838383838,0.0
validate,0.3,awgn,2.0,oracle_lambda,0.8558609717171717,0.023612121212121213,1980,1.0,0.0,0.01616161616161616,0.9838383838383838,0.0
validate,0.3,awgn,2.0,catosg,0.8558609717171717,0.023612121212121213,1980,1.0,0.0,0.01616161616161616,0.9838383838383838,0.0
validate,0.3,awgn,4.0,fixed_L,0.855384348989899,0.024000000000000004,1980,1.0,0.0,,,
validate,0.3,awgn,4.0,fixed_F,0.7358345641414141,0.9900000000000001,1980,1.0,0.0,,,
validate,0.3,awgn,4.0,feature_ceiling,0.8842759977560152,0.9900000000000001,1980,1.0,0.0,,,
validate,0.3,awgn,4.0,oracle_masked,0.8558609717171717,0.023612121212121213,1980,1.0,0.0,0.01616161616161616,0.9838383838383838,0.0
validate,0.3,awgn,4.0,oracle_lambda,0.8558609717171717,0.023612121212121213,1980,1.0,0.0,0.01616161616161616,0.9838383838383838,0.0
validate,0.3,awgn,4.0,catosg,0.8558609717171717,0.023612121212121213,1980,1.0,0.0,0.01616161616161616,0.9838383838383838,0.0
validate,0.3,awgn,6.0,fixed_L,0.855384348989899,0.024000000000000004,1980,1.0,0.0,,,
validate,0.3,awgn,6.0,fixed_F,0.7358345641414141,0.9900000000000001,1980,1.0,0.0,,,
validate,0.3,awgn,6.0,feature_ceiling,0.8842759977560152,0.9900000000000001,1980,1.0,0.0,,,
validate,0.3,awgn,6.0,oracle_masked,0.8558609717171717,0.023612121212121213,1980,1.0,0.0,0.01616161616161616,0.9838383838383838,0.0
validate,0.3,awgn,6.0,oracle_lambda,0.8558609717171717,0.023612121212121213,1980,1.0,0.0,0.01616161616161616,0.9838383838383838,0.0
validate,0.3,awgn,6.0,catosg,0.8558609717171717,0.023612121212121213,1980,1.0,0.0,0.01616161616161616,0.9838383838383838,0.0
validate,0.3,awgn,8.0,fixed_L,0.855384348989899,0.024000000000000004,1980,0.4024,0.0,,,
validate,0.3,awgn,8.0,fixed_F,0.7888468126359596,0.9900000000000001,1980,0.4024,0.0,,,
validate,0.3,awgn,8.0,feature_ceiling,0.8842759977560152,0.9900000000000001,1980,0.4024,0.0,,,
validate,0.3,awgn,8.0,oracle_masked,0.8571035937430302,0.10246363636363637,1980,0.4024,0.0,0.0035353535353535356,0.9151515151515152,0.08131313131313131
validate,0.3,awgn,8.0,oracle_lambda,0.8571035937430302,0.10246363636363637,1980,0.4024,0.0,0.0035353535353535356,0.9151515151515152,0.08131313131313131
validate,0.3,awgn,8.0,catosg,0.8533593688177779,0.2727333333333333,1980,0.4024,0.0,0.0035353535353535356,0.7388888888888889,0.25757575757575757
validate,0.3,awgn,10.0,fixed_L,0.855384348989899,0.024000000000000004,1980,0.0,0.0,,,
validate,0.3,awgn,10.0,fixed_F,0.8842759984848485,0.9900000000000001,1980,0.0,0.0,,,
validate,0.3,awgn,10.0,feature_ceiling,0.8842759977560152,0.9900000000000001,1980,0.0,0.0,,,
validate,0.3,awgn,10.0,oracle_masked,0.8926514813131312,0.634739393939394,1980,0.0,0.0,0.0035353535353535356,0.36414141414141415,0.6323232323232323
validate,0.3,awgn,10.0,oracle_lambda,0.8926514813131312,0.634739393939394,1980,0.0,0.0,0.0035353535353535356,0.36414141414141415,0.6323232323232323
validate,0.3,awgn,10.0,catosg,0.8926514813131312,0.634739393939394,1980,0.0,0.0,0.0035353535353535356,0.36414141414141415,0.6323232323232323
validate,0.3,awgn,12.0,fixed_L,0.855384348989899,0.024000000000000004,1980,0.0,0.0,,,
validate,0.3,awgn,12.0,fixed_F,0.8842759984848485,0.9900000000000001,1980,0.0,0.0,,,
validate,0.3,awgn,12.0,feature_ceiling,0.8842759977560152,0.9900000000000001,1980,0.0,0.0,,,
validate,0.3,awgn,12.0,oracle_masked,0.8926514813131312,0.634739393939394,1980,0.0,0.0,0.0035353535353535356,0.36414141414141415,0.6323232323232323
validate,0.3,awgn,12.0,oracle_lambda,0.8926514813131312,0.634739393939394,1980,0.0,0.0,0.0035353535353535356,0.36414141414141415,0.6323232323232323
validate,0.3,awgn,12.0,catosg,0.8926514813131312,0.634739393939394,1980,0.0,0.0,0.0035353535353535356,0.36414141414141415,0.6323232323232323
validate,0.3,awgn,14.0,fixed_L,0.855384348989899,0.024000000000000004,1980,0.0,0.0,,,
validate,0.3,awgn,14.0,fixed_F,0.8842759984848485,0.9900000000000001,1980,0.0,0.0,,,
validate,0.3,awgn,14.0,feature_ceiling,0.8842759977560152,0.9900000000000001,1980,0.0,0.0,,,
validate,0.3,awgn,14.0,oracle_masked,0.8926514813131312,0.634739393939394,1980,0.0,0.0,0.0035353535353535356,0.36414141414141415,0.6323232323232323
validate,0.3,awgn,14.0,oracle_lambda,0.8926514813131312,0.634739393939394,1980,0.0,0.0,0.0035353535353535356,0.36414141414141415,0.6323232323232323
validate,0.3,awgn,14.0,catosg,0.8926514813131312,0.634739393939394,1980,0.0,0.0,0.0035353535353535356,0.36414141414141415,0.6323232323232323
validate,0.3,awgn,16.0,fixed_L,0.855384348989899,0.024000000000000004,1980,0.0,0.0,,,
validate,0.3,awgn,16.0,fixed_F,0.8842759984848485,0.9900000000000001,1980,0.0,0.0,,,
validate,0.3,awgn,16.0,feature_ceiling,0.8842759977560152,0.9900000000000001,1980,0.0,0.0,,,
validate,0.3,awgn,16.0,oracle_masked,0.8926514813131312,0.634739393939394,1980,0.0,0.0,0.0035353535353535356,0.36414141414141415,0.6323232323232323
validate,0.3,awgn,16.0,oracle_lambda,0.8926514813131312,0.634739393939394,1980,0.0,0.0,0.0035353535353535356,0.36414141414141415,0.6323232323232323
validate,0.3,awgn,16.0,catosg,0.8926514813131312,0.634739393939394,1980,0.0,0.0,0.0035353535353535356,0.36414141414141415,0.6323232323232323
validate,0.3,awgn,18.0,fixed_L,0.855384348989899,0.024000000000000004,1980,0.0,0.0,,,
validate,0.3,awgn,18.0,fixed_F,0.8842759984848485,0.9900000000000001,1980,0.0,0.0,,,
validate,0.3,awgn,18.0,feature_ceiling,0.8842759977560152,0.9900000000000001,1980,0.0,0.0,,,
validate,0.3,awgn,18.0,oracle_masked,0.8926514813131312,0.634739393939394,1980,0.0,0.0,0.0035353535353535356,0.36414141414141415,0.6323232323232323
validate,0.3,awgn,18.0,oracle_lambda,0.8926514813131312,0.634739393939394,1980,0.0,0.0,0.0035353535353535356,0.36414141414141415,0.6323232323232323
validate,0.3,awgn,18.0,catosg,0.8926514813131312,0.634739393939394,1980,0.0,0.0,0.0035353535353535356,0.36414141414141415,0.6323232323232323
validate,0.3,awgn,20.0,fixed_L,0.855384348989899,0.024000000000000004,1980,0.0,0.0,,,
validate,0.3,awgn,20.0,fixed_F,0.8842759984848485,0.9900000000000001,1980,0.0,0.0,,,
validate,0.3,awgn,20.0,feature_ceiling,0.8842759977560152,0.9900000000000001,1980,0.0,0.0,,,
validate,0.3,awgn,20.0,oracle_masked,0.8926514813131312,0.634739393939394,1980,0.0,0.0,0.0035353535353535356,0.36414141414141415,0.6323232323232323
validate,0.3,awgn,20.0,oracle_lambda,0.8926514813131312,0.634739393939394,1980,0.0,0.0,0.0035353535353535356,0.36414141414141415,0.6323232323232323
validate,0.3,awgn,20.0,catosg,0.8926514813131312,0.634739393939394,1980,0.0,0.0,0.0035353535353535356,0.36414141414141415,0.6323232323232323
validate,0.3,rayleigh,0.0,fixed_L,0.855384348989899,0.024000000000000004,1980,1.0,0.0,,,
validate,0.3,rayleigh,0.0,fixed_F,0.7358345641414141,0.9900000000000001,1980,1.0,0.0,,,
validate,0.3,rayleigh,0.0,feature_ceiling,0.8842759977560152,0.9900000000000001,1980,1.0,0.0,,,
validate,0.3,rayleigh,0.0,oracle_masked,0.8558609717171717,0.023612121212121213,1980,1.0,0.0,0.01616161616161616,0.9838383838383838,0.0
validate,0.3,rayleigh,0.0,oracle_lambda,0.8558609717171717,0.023612121212121213,1980,1.0,0.0,0.01616161616161616,0.9838383838383838,0.0
validate,0.3,rayleigh,0.0,catosg,0.8558609717171717,0.023612121212121213,1980,1.0,0.0,0.01616161616161616,0.9838383838383838,0.0
validate,0.3,rayleigh,2.0,fixed_L,0.855384348989899,0.024000000000000004,1980,1.0,0.0,,,
validate,0.3,rayleigh,2.0,fixed_F,0.7358345641414141,0.9900000000000001,1980,1.0,0.0,,,
validate,0.3,rayleigh,2.0,feature_ceiling,0.8842759977560152,0.9900000000000001,1980,1.0,0.0,,,
validate,0.3,rayleigh,2.0,oracle_masked,0.8558609717171717,0.023612121212121213,1980,1.0,0.0,0.01616161616161616,0.9838383838383838,0.0
validate,0.3,rayleigh,2.0,oracle_lambda,0.8558609717171717,0.023612121212121213,1980,1.0,0.0,0.01616161616161616,0.9838383838383838,0.0
validate,0.3,rayleigh,2.0,catosg,0.8558609717171717,0.023612121212121213,1980,1.0,0.0,0.01616161616161616,0.9838383838383838,0.0
validate,0.3,rayleigh,4.0,fixed_L,0.855384348989899,0.024000000000000004,1980,1.0,0.0,,,
validate,0.3,rayleigh,4.0,fixed_F,0.7358345641414141,0.9900000000000001,1980,1.0,0.0,,,
validate,0.3,rayleigh,4.0,feature_ceiling,0.8842759977560152,0.9900000000000001,1980,1.0,0.0,,,
validate,0.3,rayleigh,4.0,oracle_masked,0.8558609717171717,0.023612121212121213,1980,1.0,0.0,0.01616161616161616,0.9838383838383838,0.0
validate,0.3,rayleigh,4.0,oracle_lambda,0.8558609717171717,0.023612121212121213,1980,1.0,0.0,0.01616161616161616,0.9838383838383838,0.0
validate,0.3,rayleigh,4.0,catosg,0.8558609717171717,0.023612121212121213,1980,1.0,0.0,0.01616161616161616,0.9838383838383838,0.0
validate,0.3,rayleigh,6.0,fixed_L,0.855384348989899,0.024000000000000004,1980,1.0,0.0,,,
validate,0.3,rayleigh,6.0,fixed_F,0.7358345641414141,0.9900000000000001,1980,1.0,0.0,,,
validate,0.3,rayleigh,6.0,feature_ceiling,0.8842759977560152,0.9900000000000001,1980,1.0,0.0,,,
validate,0.3,rayleigh,6.0,oracle_masked,0.8558609717171717,0.023612121212121213,1980,1.0,0.0,0.01616161616161616,0.9838383838383838,0.0
validate,0.3,rayleigh,6.0,oracle_lambda,0.8558609717171717,0.023612121212121213,1980,1.0,0.0,0.01616161616161616,0.9838383838383838,0.0
validate,0.3,rayleigh,6.0,catosg,0.8558609717171717,0.023612121212121213,1980,1.0,0.0,0.01616161616161616,0.9838383838383838,0.0
validate,0.3,rayleigh,8.0,fixed_L,0.855384348989899,0.024000000000000004,1980,1.0,0.0,,,
validate,0.3,rayleigh,8.0,fixed_F,0.7358345641414141,0.9900000000000001,1980,1.0,0.0,,,
validate,0.3,rayleigh,8.0,feature_ceiling,0.8842759977560152,0.9900000000000001,1980,1.0,0.0,,,
validate,0.3,rayleigh,8.0,oracle_masked,0.8558609717171717,0.023612121212121213,1980,1.0,0.0,0.01616161616161616,0.9838383838383838,0.0
validate,0.3,rayleigh,8.0,oracle_lambda,0.8558609717171717,0.023612121212121213,1980,1.0,0.0,0.01616161616161616,0.9838383838383838,0.0
validate,0.3,rayleigh,8.0,catosg,0.8558609717171717,0.023612121212121213,1980,1.0,0.0,0.01616161616161616,0.9838383838383838,0.0
validate,0.3,rayleigh,10.0,fixed_L,0.855384348989899,0.024000000000000004,1980,1.0,0.0,,,
validate,0.3,rayleigh,10.0,fixed_F,0.7358345641414141,0.9900000000000001,1980,1.0,0.0,,,
validate,0.3,rayleigh,10.0,feature_ceiling,0.8842759977560152,0.9900000000000001,1980,1.0,0.0,,,
validate,0.3,rayleigh,10.0,oracle_masked,0.8558609717171717,0.023612121212121213,1980,1.0,0.0,0.01616161616161616,0.9838383838383838,0.0
validate,0.3,rayleigh,10.0,oracle_lambda,0.8558609717171717,0.023612121212121213,1980,1.0,0.0,0.01616161616161616,0.9838383838383838,0.0
validate,0.3,rayleigh,10.0,catosg,0.8558609717171717,0.023612121212121213,1980,1.0,0.0,0.01616161616161616,0.9838383838383838,0.0
validate,0.3,rayleigh,12.0,fixed_L,0.855384348989899,0.024000000000000004,1980,1.0,0.0,,,
validate,0.3,rayleigh,12.0,fixed_F,0.7358345641414141,0.9900000000000001,1980,1.0,0.0,,,
validate,0.3,rayleigh,12.0,feature_ceiling,0.8842759977560152,0.9900000000000001,1980,1.0,0.0,,,
validate,0.3,rayleigh,12.0,oracle_masked,0.8558609717171717,0.023612121212121213,1980,1.0,0.0,0.01616161616161616,0.9838383838383838,0.0
validate,0.3,rayleigh,12.0,oracle_lambda,0.8558609717171717,0.023612121212121213,1980,1.0,0.0,0.01616161616161616,0.9838383838383838,0.0
validate,0.3,rayleigh,12.0,catosg,0.8558609717171717,0.023612121212121213,1980,1.0,0.0,0.01616161616161616,0.9838383838383838,0.0
validate,0.3,rayleigh,14.0,fixed_L,0.855384348989899,0.024000000000000004,1980,1.0,0.0,,,
validate,0.3,rayleigh,14.0,fixed_F,0.7358345641414141,0.9900000000000001,1980,1.0,0.0,,,
validate,0.3,rayleigh,14.0,feature_ceiling,0.8842759977560152,0.9900000000000001,1980,1.0,0.0,,,
validate,0.3,rayleigh,14.0,oracle_masked,0.8558609717171717,0.023612121212121213,1980,1.0,0.0,0.01616161616161616,0.9838383838383838,0.0
validate,0.3,rayleigh,14.0,oracle_lambda,0.8558609717171717,0.023612121212121213,1980,1.0,0.0,0.01616161616161616,0.9838383838383838,0.0
validate,0.3,rayleigh,14.0,catosg,0.8558609717171717,0.023612121212121213,1980,1.0,0.0,0.01616161616161616,0.9838383838383838,0.0
validate,0.3,rayleigh,16.0,fixed_L,0.855384348989899,0.024000000000000004,1980,1.0,0.0,,,
validate,0.3,rayleigh,16.0,fixed_F,0.7358345641414141,0.9900000000000001,1980,1.0,0.0,,,
validate,0.3,rayleigh,16.0,feature_ceiling,0.8842759977560152,0.9900000000000001,1980,1.0,0.0,,,
validate,0.3,rayleigh,16.0,oracle_masked,0.8558609717171717,0.023612121212121213,1980,1.0,0.0,0.01616161616161616,0.9838383838383838,0.0
validate,0.3,rayleigh,16.0,oracle_lambda,0.8558609717171717,0.023612121212121213,1980,1.0,0.0,0.01616161616161616,0.9838383838383838,0.0
validate,0.3,rayleigh,16.0,catosg,0.8558609717171717,0.023612121212121213,1980,1.0,0.0,0.01616161616161616,0.9838383838383838,0.0
validate,0.3,rayleigh,18.0,fixed_L,0.855384348989899,0.024000000000000004,1980,1.0,0.0,,,
validate,0.3,rayleigh,18.0,fixed_F,0.7358345641414141,0.9900000000000001,1980,1.0,0.0,,,
validate,0.3,rayleigh,18.0,feature_ceiling,0.8842759977560152,0.9900000000000001,1980,1.0,0.0,,,
validate,0.3,rayleigh,18.0,oracle_masked,0.8558609717171717,0.023612121212121213,1980,1.0,0.0,0.01616161616161616,0.9838383838383838,0.0
validate,0.3,rayleigh,18.0,oracle_lambda,0.8558609717171717,0.023612121212121213,1980,1.0,0.0,0.01616161616161616,0.9838383838383838,0.0
validate,0.3,rayleigh,18.0,catosg,0.8558609717171717,0.023612121212121213,1980,1.0,0.0,0.01616161616161616,0.9838383838383838,0.0
validate,0.3,rayleigh,20.0,fixed_L,0.855384348989899,0.024000000000000004,1980,1.0,0.0,,,
validate,0.3,rayleigh,20.0,fixed_F,0.7358345641414141,0.9900000000000001,1980,1.0,0.0,,,
validate,0.3,rayleigh,20.0,feature_ceiling,0.8842759977560152,0.9900000000000001,1980,1.0,0.0,,,
validate,0.3,rayleigh,20.0,oracle_masked,0.8558609717171717,0.023612121212121213,1980,1.0,0.0,0.01616161616161616,0.9838383838383838,0.0
validate,0.3,rayleigh,20.0,oracle_lambda,0.8558609717171717,0.023612121212121213,1980,1.0,0.0,0.01616161616161616,0.9838383838383838,0.0
validate,0.3,rayleigh,20.0,catosg,0.8558609717171717,0.023612121212121213,1980,1.0,0.0,0.01616161616161616,0.9838383838383838,0.0
test,0.1,awgn,0.0,fixed_L,0.8909505705069125,0.023999999999999997,2170,1.0,0.05,,,
test,0.1,awgn,0.0,fixed_F,0.8175723198156682,0.9900000000000001,2170,1.0,0.05,,,
test,0.1,awgn,0.0,feature_ceiling,0.9213677717703261,0.9900000000000001,2170,1.0,0.05,,,
test,0.1,awgn,0.0,oracle_masked,0.8935123792626728,0.020228571428571426,2170,1.0,0.05,0.15714285714285714,0.8428571428571429,0.0
test,0.1,awgn,0.0,oracle_lambda,0.8935123792626728,0.020228571428571426,2170,1.0,0.05,0.15714285714285714,0.8428571428571429,0.0
test,0.1,awgn,0.0,catosg,0.8909505705069125,0.023988940092165893,2170,1.0,0.05,0.0004608294930875576,0.9995391705069124,0.0
test,0.1,awgn,2.0,fixed_L,0.8909505705069125,0.023999999999999997,2170,1.0,0.05,,,
test,0.1,awgn,2.0,fixed_F,0.8175723198156682,0.9900000000000001,2170,1.0,0.05,,,
test,0.1,awgn,2.0,feature_ceiling,0.9213677717703261,0.9900000000000001,2170,1.0,0.05,,,
test,0.1,awgn,2.0,oracle_masked,0.8935123792626728,0.020228571428571426,2170,1.0,0.05,0.15714285714285714,0.8428571428571429,0.0
test,0.1,awgn,2.0,oracle_lambda,0.8935123792626728,0.020228571428571426,2170,1.0,0.05,0.15714285714285714,0.8428571428571429,0.0
test,0.1,awgn,2.0,catosg,0.8909505705069125,0.023988940092165893,2170,1.0,0.05,0.0004608294930875576,0.9995391705069124,0.0
test,0.1,awgn,4.0,fixed_L,0.8909505705069125,0.023999999999999997,2170,1.0,0.05,,,
test,0.1,awgn,4.0,fixed_F,0.8175723198156682,0.9900000000000001,2170,1.0,0.05,,,
test,0.1,awgn,4.0,feature_ceiling,0.9213677717703261,0.9900000000000001,2170,1.0,0.05,,,
test,0.1,awgn,4.0,oracle_masked,0.8935123792626728,0.020228571428571426,2170,1.0,0.05,0.15714285714285714,0.8428571428571429,0.0
test,0.1,awgn,4.0,oracle_lambda,0.8935123792626728,0.020228571428571426,2170,1.0,0.05,0.15714285714285714,0.8428571428571429,0.0
test,0.1,awgn,4.0,catosg,0.8909505705069125,0.023988940092165893,2170,1.0,0.05,0.0004608294930875576,0.9995391705069124,0.0
test,0.1,awgn,6.0,fixed_L,0.8909505705069125,0.023999999999999997,2170,1.0,0.05,,,
test,0.1,awgn,6.0,fixed_F,0.8175723198156682,0.9900000000000001,2170,1.0,0.05,,,
test,0.1,awgn,6.0,feature_ceiling,0.9213677717703261,0.9900000000000001,2170,1.0,0.05,,,
test,0.1,awgn,6.0,oracle_masked,0.8935123792626728,0.020228571428571426,2170,1.0,0.05,0.15714285714285714,0.8428571428571429,0.0
test,0.1,awgn,6.0,oracle_lambda,0.8935123792626728,0.020228571428571426,2170,1.0,0.05,0.15714285714285714,0.8428571428571429,0.0
test,0.1,awgn,6.0,catosg,0.8909505705069125,0.023988940092165893,2170,1.0,0.05,0.0004608294930875576,0.9995391705069124,0.0
test,0.1,awgn,8.0,fixed_L,0.8909505705069125,0.023999999999999997,2170,0.4024,0.05,,,
test,0.1,awgn,8.0,fixed_F,0.8546403233913363,0.9900000000000001,2170,0.4024,0.05,,,
test,0.1,awgn,8.0,feature_ceiling,0.9213677717703261,0.9900000000000001,2170,0.4024,0.05,,,
test,0.1,awgn,8.0,oracle_masked,0.9004516908364978,0.24296958525345624,2170,0.4024,0.05,0.03917050691244239,0.7331797235023041,0.22764976958525346
test,0.1,awgn,8.0,oracle_lambda,0.8966585742186175,0.06426082949308755,2170,0.4024,0.05,0.12165898617511521,0.8336405529953917,0.04470046082949309
test,0.1,awgn,8.0,catosg,0.8909505705069125,0.023988940092165893,2170,0.4024,0.05,0.0004608294930875576,0.9995391705069124,0.0
test,0.1,awgn,10.0,fixed_L,0.8909505705069125,0.023999999999999997,2170,0.0,0.05,,,
test,0.1,awgn,10.0,fixed_F,0.9213677603686636,0.9900000000000001,2170,0.0,0.05,,,
test,0.1,awgn,10.0,feature_ceiling,0.9213677717703261,0.9900000000000001,2170,0.0,0.05,,,
test,0.1,awgn,10.0,oracle_masked,0.935664331797235,0.5314230414746545,2170,0.0,0.05,0.03963133640552995,0.43410138248847924,0.5262672811059907
test,0.1,awgn,10.0,oracle_lambda,0.9304047207373272,0.34610599078341014,2170,0.0,0.05,0.06359447004608294,0.6013824884792627,0.3350230414746544
test,0.1,awgn,10.0,catosg,0.8923972870967742,0.06005806451612903,2170,0.0,0.05,0.0,0.9626728110599079,0.03732718894009217
test,0.1,awgn,12.0,fixed_L,0.8909505705069125,0.023999999999999997,2170,0.0,0.05,,,
test,0.1,awgn,12.0,fixed_F,0.9213677603686636,0.9900000000000001,2170,0.0,0.05,,,
test,0.1,awgn,12.0,feature_ceiling,0.9213677717703261,0.9900000000000001,2170,0.0,0.05,,,
test,0.1,awgn,12.0,oracle_masked,0.935664331797235,0.5314230414746545,2170,0.0,0.05,0.03963133640552995,0.43410138248847924,0.5262672811059907
test,0.1,awgn,12.0,oracle_lambda,0.9304047207373272,0.34610599078341014,2170,0.0,0.05,0.06359447004608294,0.6013824884792627,0.3350230414746544
test,0.1,awgn,12.0,catosg,0.8929063898617512,0.06985161290322581,2170,0.0,0.05,0.0,0.9525345622119815,0.047465437788018434
test,0.1,awgn,14.0,fixed_L,0.8909505705069125,0.023999999999999997,2170,0.0,0.05,,,
test,0.1,awgn,14.0,fixed_F,0.9213677603686636,0.9900000000000001,2170,0.0,0.05,,,
test,0.1,awgn,14.0,feature_ceiling,0.9213677717703261,0.9900000000000001,2170,0.0,0.05,,,
test,0.1,awgn,14.0,oracle_masked,0.935664331797235,0.5314230414746545,2170,0.0,0.05,0.03963133640552995,0.43410138248847924,0.5262672811059907
test,0.1,awgn,14.0,oracle_lambda,0.9304047207373272,0.34610599078341014,2170,0.0,0.05,0.06359447004608294,0.6013824884792627,0.3350230414746544
test,0.1,awgn,14.0,catosg,0.8930310069124424,0.07252258064516129,2170,0.0,0.05,0.0,0.9497695852534562,0.05023041474654378
test,0.1,awgn,16.0,fixed_L,0.8909505705069125,0.023999999999999997,2170,0.0,0.05,,,
test,0.1,awgn,16.0,fixed_F,0.9213677603686636,0.9900000000000001,2170,0.0,0.05,,,
test,0.1,awgn,16.0,feature_ceiling,0.9213677717703261,0.9900000000000001,2170,0.0,0.05,,,
test,0.1,awgn,16.0,oracle_masked,0.935664331797235,0.5314230414746545,2170,0.0,0.05,0.03963133640552995,0.43410138248847924,0.5262672811059907
test,0.1,awgn,16.0,oracle_lambda,0.9304047207373272,0.34610599078341014,2170,0.0,0.05,0.06359447004608294,0.6013824884792627,0.3350230414746544
test,0.1,awgn,16.0,catosg,0.8930310069124424,0.07252258064516129,2170,0.0,0.05,0.0,0.9497695852534562,0.05023041474654378
test,0.1,awgn,18.0,fixed_L,0.8909505705069125,0.023999999999999997,2170,0.0,0.05,,,
test,0.1,awgn,18.0,fixed_F,0.9213677603686636,0.9900000000000001,2170,0.0,0.05,,,
test,0.1,awgn,18.0,feature_ceiling,0.9213677717703261,0.9900000000000001,2170,0.0,0.05,,,
test,0.1,awgn,18.0,oracle_masked,0.935664331797235,0.5314230414746545,2170,0.0,0.05,0.03963133640552995,0.43410138248847924,0.5262672811059907
test,0.1,awgn,18.0,oracle_lambda,0.9304047207373272,0.34610599078341014,2170,0.0,0.05,0.06359447004608294,0.6013824884792627,0.3350230414746544
test,0.1,awgn,18.0,catosg,0.8929798036866359,0.0720774193548387,2170,0.0,0.05,0.0,0.9502304147465438,0.04976958525345622
test,0.1,awgn,20.0,fixed_L,0.8909505705069125,0.023999999999999997,2170,0.0,0.05,,,
test,0.1,awgn,20.0,fixed_F,0.9213677603686636,0.9900000000000001,2170,0.0,0.05,,,
test,0.1,awgn,20.0,feature_ceiling,0.9213677717703261,0.9900000000000001,2170,0.0,0.05,,,
test,0.1,awgn,20.0,oracle_masked,0.935664331797235,0.5314230414746545,2170,0.0,0.05,0.03963133640552995,0.43410138248847924,0.5262672811059907
test,0.1,awgn,20.0,oracle_lambda,0.9304047207373272,0.34610599078341014,2170,0.0,0.05,0.06359447004608294,0.6013824884792627,0.3350230414746544
test,0.1,awgn,20.0,catosg,0.8930031986175115,0.07252258064516129,2170,0.0,0.05,0.0,0.9497695852534562,0.05023041474654378
test,0.1,rayleigh,0.0,fixed_L,0.8909505705069125,0.023999999999999997,2170,1.0,0.05,,,
test,0.1,rayleigh,0.0,fixed_F,0.8175723198156682,0.9900000000000001,2170,1.0,0.05,,,
test,0.1,rayleigh,0.0,feature_ceiling,0.9213677717703261,0.9900000000000001,2170,1.0,0.05,,,
test,0.1,rayleigh,0.0,oracle_masked,0.8935123792626728,0.020228571428571426,2170,1.0,0.05,0.15714285714285714,0.8428571428571429,0.0
test,0.1,rayleigh,0.0,oracle_lambda,0.8935123792626728,0.020228571428571426,2170,1.0,0.05,0.15714285714285714,0.8428571428571429,0.0
test,0.1,rayleigh,0.0,catosg,0.8909505705069125,0.023988940092165893,2170,1.0,0.05,0.0004608294930875576,0.9995391705069124,0.0
test,0.1,rayleigh,2.0,fixed_L,0.8909505705069125,0.023999999999999997,2170,1.0,0.05,,,
test,0.1,rayleigh,2.0,fixed_F,0.8175723198156682,0.9900000000000001,2170,1.0,0.05,,,
test,0.1,rayleigh,2.0,feature_ceiling,0.9213677717703261,0.9900000000000001,2170,1.0,0.05,,,
test,0.1,rayleigh,2.0,oracle_masked,0.8935123792626728,0.020228571428571426,2170,1.0,0.05,0.15714285714285714,0.8428571428571429,0.0
test,0.1,rayleigh,2.0,oracle_lambda,0.8935123792626728,0.020228571428571426,2170,1.0,0.05,0.15714285714285714,0.8428571428571429,0.0
test,0.1,rayleigh,2.0,catosg,0.8909505705069125,0.023988940092165893,2170,1.0,0.05,0.0004608294930875576,0.9995391705069124,0.0
test,0.1,rayleigh,4.0,fixed_L,0.8909505705069125,0.023999999999999997,2170,1.0,0.05,,,
test,0.1,rayleigh,4.0,fixed_F,0.8175723198156682,0.9900000000000001,2170,1.0,0.05,,,
test,0.1,rayleigh,4.0,feature_ceiling,0.9213677717703261,0.9900000000000001,2170,1.0,0.05,,,
test,0.1,rayleigh,4.0,oracle_masked,0.8935123792626728,0.020228571428571426,2170,1.0,0.05,0.15714285714285714,0.8428571428571429,0.0
test,0.1,rayleigh,4.0,oracle_lambda,0.8935123792626728,0.020228571428571426,2170,1.0,0.05,0.15714285714285714,0.8428571428571429,0.0
test,0.1,rayleigh,4.0,catosg,0.8909505705069125,0.023988940092165893,2170,1.0,0.05,0.0004608294930875576,0.9995391705069124,0.0
test,0.1,rayleigh,6.0,fixed_L,0.8909505705069125,0.023999999999999997,2170,1.0,0.05,,,
test,0.1,rayleigh,6.0,fixed_F,0.8175723198156682,0.9900000000000001,2170,1.0,0.05,,,
test,0.1,rayleigh,6.0,feature_ceiling,0.9213677717703261,0.9900000000000001,2170,1.0,0.05,,,
test,0.1,rayleigh,6.0,oracle_masked,0.8935123792626728,0.020228571428571426,2170,1.0,0.05,0.15714285714285714,0.8428571428571429,0.0
test,0.1,rayleigh,6.0,oracle_lambda,0.8935123792626728,0.020228571428571426,2170,1.0,0.05,0.15714285714285714,0.8428571428571429,0.0
test,0.1,rayleigh,6.0,catosg,0.8909505705069125,0.023988940092165893,2170,1.0,0.05,0.0004608294930875576,0.9995391705069124,0.0
test,0.1,rayleigh,8.0,fixed_L,0.8909505705069125,0.023999999999999997,2170,1.0,0.05,,,
test,0.1,rayleigh,8.0,fixed_F,0.8175723198156682,0.9900000000000001,2170,1.0,0.05,,,
test,0.1,rayleigh,8.0,feature_ceiling,0.9213677717703261,0.9900000000000001,2170,1.0,0.05,,,
test,0.1,rayleigh,8.0,oracle_masked,0.8935123792626728,0.020228571428571426,2170,1.0,0.05,0.15714285714285714,0.8428571428571429,0.0
test,0.1,rayleigh,8.0,oracle_lambda,0.8935123792626728,0.020228571428571426,2170,1.0,0.05,0.15714285714285714,0.8428571428571429,0.0
test,0.1,rayleigh,8.0,catosg,0.8909505705069125,0.023988940092165893,2170,1.0,0.05,0.0004608294930875576,0.9995391705069124,0.0
test,0.1,rayleigh,10.0,fixed_L,0.8909505705069125,0.023999999999999997,2170,1.0,0.05,,,
test,0.1,rayleigh,10.0,fixed_F,0.8175723198156682,0.9900000000000001,2170,1.0,0.05,,,
test,0.1,rayleigh,10.0,feature_ceiling,0.9213677717703261,0.9900000000000001,2170,1.0,0.05,,,
test,0.1,rayleigh,10.0,oracle_masked,0.8935123792626728,0.020228571428571426,2170,1.0,0.05,0.15714285714285714,0.8428571428571429,0.0
test,0.1,rayleigh,10.0,oracle_lambda,0.8935123792626728,0.020228571428571426,2170,1.0,0.05,0.15714285714285714,0.8428571428571429,0.0
test,0.1,rayleigh,10.0,catosg,0.8909505705069125,0.023977880184331796,2170,1.0,0.05,0.0009216589861751152,0.9990783410138249,0.0
test,0.1,rayleigh,12.0,fixed_L,0.8909505705069125,0.023999999999999997,2170,1.0,0.05,,,
test,0.1,rayleigh,12.0,fixed_F,0.8175723198156682,0.9900000000000001,2170,1.0,0.05,,,
test,0.1,rayleigh,12.0,feature_ceiling,0.9213677717703261,0.9900000000000001,2170,1.0,0.05,,,
test,0.1,rayleigh,12.0,oracle_masked,0.8935123792626728,0.020228571428571426,2170,1.0,0.05,0.15714285714285714,0.8428571428571429,0.0
test,0.1,rayleigh,12.0,oracle_lambda,0.8935123792626728,0.020228571428571426,2170,1.0,0.05,0.15714285714285714,0.8428571428571429,0.0
test,0.1,rayleigh,12.0,catosg,0.8909505705069125,0.023977880184331796,2170,1.0,0.05,0.0009216589861751152,0.9990783410138249,0.0
test,0.1,rayleigh,14.0,fixed_L,0.8909505705069125,0.023999999999999997,2170,1.0,0.05,,,
test,0.1,rayleigh,14.0,fixed_F,0.8175723198156682,0.9900000000000001,2170,1.0,0.05,,,
test,0.1,rayleigh,14.0,feature_ceiling,0.9213677717703261,0.9900000000000001,2170,1.0,0.05,,,
test,0.1,rayleigh,14.0,oracle_masked,0.8935123792626728,0.020228571428571426,2170,1.0,0.05,0.15714285714285714,0.8428571428571429,0.0
test,0.1,rayleigh,14.0,oracle_lambda,0.8935123792626728,0.020228571428571426,2170,1.0,0.05,0.15714285714285714,0.8428571428571429,0.0
test,0.1,rayleigh,14.0,catosg,0.8909505705069125,0.023977880184331796,2170,1.0,0.05,0.0009216589861751152,0.9990783410138249,0.0
test,0.1,rayleigh,16.0,fixed_L,0.8909505705069125,0.023999999999999997,2170,1.0,0.05,,,
test,0.1,rayleigh,16.0,fixed_F,0.8175723198156682,0.9900000000000001,2170,1.0,0.05,,,
test,0.1,rayleigh,16.0,feature_ceiling,0.9213677717703261,0.9900000000000001,2170,1.0,0.05,,,
test,0.1,rayleigh,16.0,oracle_masked,0.8935123792626728,0.020228571428571426,2170,1.0,0.05,0.15714285714285714,0.8428571428571429,0.0
test,0.1,rayleigh,16.0,oracle_lambda,0.8935123792626728,0.020228571428571426,2170,1.0,0.05,0.15714285714285714,0.8428571428571429,0.0
test,0.1,rayleigh,16.0,catosg,0.8909505705069125,0.023977880184331796,2170,1.0,0.05,0.0009216589861751152,0.9990783410138249,0.0
test,0.1,rayleigh,18.0,fixed_L,0.8909505705069125,0.023999999999999997,2170,1.0,0.05,,,
test,0.1,rayleigh,18.0,fixed_F,0.8175723198156682,0.9900000000000001,2170,1.0,0.05,,,
test,0.1,rayleigh,18.0,feature_ceiling,0.9213677717703261,0.9900000000000001,2170,1.0,0.05,,,
test,0.1,rayleigh,18.0,oracle_masked,0.8935123792626728,0.020228571428571426,2170,1.0,0.05,0.15714285714285714,0.8428571428571429,0.0
test,0.1,rayleigh,18.0,oracle_lambda,0.8935123792626728,0.020228571428571426,2170,1.0,0.05,0.15714285714285714,0.8428571428571429,0.0
test,0.1,rayleigh,18.0,catosg,0.8909505705069125,0.023977880184331796,2170,1.0,0.05,0.0009216589861751152,0.9990783410138249,0.0
test,0.1,rayleigh,20.0,fixed_L,0.8909505705069125,0.023999999999999997,2170,1.0,0.05,,,
test,0.1,rayleigh,20.0,fixed_F,0.8175723198156682,0.9900000000000001,2170,1.0,0.05,,,
test,0.1,rayleigh,20.0,feature_ceiling,0.9213677717703261,0.9900000000000001,2170,1.0,0.05,,,
test,0.1,rayleigh,20.0,oracle_masked,0.8935123792626728,0.020228571428571426,2170,1.0,0.05,0.15714285714285714,0.8428571428571429,0.0
test,0.1,rayleigh,20.0,oracle_lambda,0.8935123792626728,0.020228571428571426,2170,1.0,0.05,0.15714285714285714,0.8428571428571429,0.0
test,0.1,rayleigh,20.0,catosg,0.8909505705069125,0.023977880184331796,2170,1.0,0.05,0.0009216589861751152,0.9990783410138249,0.0
test,0.2,awgn,0.0,fixed_L,0.8909505705069125,0.023999999999999997,2170,1.0,0.02,,,
test,0.2,awgn,0.0,fixed_F,0.8175723198156682,0.9900000000000001,2170,1.0,0.02,,,
test,0.2,awgn,0.0,feature_ceiling,0.9213677717703261,0.9900000000000001,2170,1.0,0.02,,,
test,0.2,awgn,0.0,oracle_masked,0.8935123792626728,0.020228571428571426,2170,1.0,0.02,0.15714285714285714,0.8428571428571429,0.0
test,0.2,awgn,0.0,oracle_lambda,0.8935123792626728,0.020228571428571426,2170,1.0,0.02,0.15714285714285714,0.8428571428571429,0.0
test,0.2,awgn,0.0,catosg,0.8909505705069125,0.023955760368663592,2170,1.0,0.02,0.0018433179723502304,0.9981566820276497,0.0
test,0.2,awgn,2.0,fixed_L,0.8909505705069125,0.023999999999999997,2170,1.0,0.02,,,
test,0.2,awgn,2.0,fixed_F,0.8175723198156682,0.9900000000000001,2170,1.0,0.02,,,
test,0.2,awgn,2.0,feature_ceiling,0.9213677717703261,0.9900000000000001,2170,1.0,0.02,,,
test,0.2,awgn,2.0,oracle_masked,0.8935123792626728,0.020228571428571426,2170,1.0,0.02,0.15714285714285714,0.8428571428571429,0.0
test,0.2,awgn,2.0,oracle_lambda,0.8935123792626728,0.020228571428571426,2170,1.0,0.02,0.15714285714285714,0.8428571428571429,0.0
test,0.2,awgn,2.0,catosg,0.8909505705069125,0.023955760368663592,2170,1.0,0.02,0.0018433179723502304,0.9981566820276497,0.0
test,0.2,awgn,4.0,fixed_L,0.8909505705069125,0.023999999999999997,2170,1.0,0.02,,,
test,0.2,awgn,4.0,fixed_F,0.8175723198156682,0.9900000000000001,2170,1.0,0.02,,,
test,0.2,awgn,4.0,feature_ceiling,0.9213677717703261,0.9900000000000001,2170,1.0,0.02,,,
test,0.2,awgn,4.0,oracle_masked,0.8935123792626728,0.020228571428571426,2170,1.0,0.02,0.15714285714285714,0.8428571428571429,0.0
test,0.2,awgn,4.0,oracle_lambda,0.8935123792626728,0.020228571428571426,2170,1.0,0.02,0.15714285714285714,0.8428571428571429,0.0
test,0.2,awgn,4.0,catosg,0.8909505705069125,0.023955760368663592,2170,1.0,0.02,0.0018433179723502304,0.9981566820276497,0.0
test,0.2,awgn,6.0,fixed_L,0.8909505705069125,0.023999999999999997,2170,1.0,0.02,,,
test,0.2,awgn,6.0,fixed_F,0.8175723198156682,0.9900000000000001,2170,1.0,0.02,,,
test,0.2,awgn,6.0,feature_ceiling,0.9213677717703261,0.9900000000000001,2170,1.0,0.02,,,
test,0.2,awgn,6.0,oracle_masked,0.8935123792626728,0.020228571428571426,2170,1.0,0.02,0.15714285714285714,0.8428571428571429,0.0
test,0.2,awgn,6.0,oracle_lambda,0.8935123792626728,0.020228571428571426,2170,1.0,0.02,0.15714285714285714,0.8428571428571429,0.0
test,0.2,awgn,6.0,catosg,0.8909505705069125,0.023966820276497693,2170,1.0,0.02,0.0013824884792626728,0.9986175115207373,0.0
test,0.2,awgn,8.0,fixed_L,0.8909505705069125,0.023999999999999997,2170,0.4024,0.02,,,
test,0.2,awgn,8.0,fixed_F,0.8546403233913363,0.9900000000000001,2170,0.4024,0.02,,,
test,0.2,awgn,8.0,feature_ceiling,0.9213677717703261,0.9900000000000001,2170,0.4024,0.02,,,
test,0.2,awgn,8.0,oracle_masked,0.9004516908364978,0.24296958525345624,2170,0.4024,0.02,0.03917050691244239,0.7331797235023041,0.22764976958525346
test,0.2,awgn,8.0,oracle_lambda,0.8995118401434102,0.15238341013824885,2170,0.4024,0.02,0.06682027649769585,0.7986175115207373,0.13456221198156681
test,0.2,awgn,8.0,catosg,0.8909505705069125,0.023999999999999997,2170,0.4024,0.02,0.0,1.0,0.0
test,0.2,awgn,10.0,fixed_L,0.8909505705069125,0.023999999999999997,2170,0.0,0.02,,,
test,0.2,awgn,10.0,fixed_F,0.9213677603686636,0.9900000000000001,2170,0.0,0.02,,,
test,0.2,awgn,10.0,feature_ceiling,0.9213677717703261,0.9900000000000001,2170,0.0,0.02,,,
test,0.2,awgn,10.0,oracle_masked,0.935664331797235,0.5314230414746545,2170,0.0,0.02,0.03963133640552995,0.43410138248847924,0.5262672811059907
test,0.2,awgn,10.0,oracle_lambda,0.9350924023041475,0.48003041474654373,2170,0.0,0.02,0.047926267281105994,0.4788018433179724,0.4732718894009217
test,0.2,awgn,10.0,catosg,0.9132873903225808,0.44200645161290325,2170,0.0,0.02,0.0,0.5672811059907834,0.4327188940092166
test,0.2,awgn,12.0,fixed_L,0.8909505705069125,0.023999999999999997,2170,0.0,0.02,,,
test,0.2,awgn,12.0,fixed_F,0.9213677603686636,0.9900000000000001,2170,0.0,0.02,,,
test,0.2,awgn,12.0,feature_ceiling,0.9213677717703261,0.9900000000000001,2170,0.0,0.02,,,
test,0.2,awgn,12.0,oracle_masked,0.935664331797235,0.5314230414746545,2170,0.0,0.02,0.03963133640552995,0.43410138248847924,0.5262672811059907
test,0.2,awgn,12.0,oracle_lambda,0.9350924023041475,0.48003041474654373,2170,0.0,0.02,0.047926267281105994,0.4788018433179724,0.4732718894009217
test,0.2,awgn,12.0,catosg,0.9133977059907834,0.4535806451612904,2170,0.0,0.02,0.0,0.5552995391705069,0.4447004608294931
test,0.2,awgn,14.0,fixed_L,0.8909505705069125,0.023999999999999997,2170,0.0,0.02,,,
test,0.2,awgn,14.0,fixed_F,0.9213677603686636,0.9900000000000001,2170,0.0,0.02,,,
test,0.2,awgn,14.0,feature_ceiling,0.9213677717703261,0.9900000000000001,2170,0.0,0.02,,,
test,0.2,awgn,14.0,oracle_masked,0.935664331797235,0.5314230414746545,2170,0.0,0.02,0.03963133640552995,0.43410138248847924,0.5262672811059907
test,0.2,awgn,14.0,oracle_lambda,0.9350924023041475,0.48003041474654373,2170,0.0,0.02,0.047926267281105994,0.4788018433179724,0.4732718894009217
test,0.2,awgn,14.0,catosg,0.9133117235023042,0.45536129032258066,2170,0.0,0.02,0.0,0.5534562211981566,0.4465437788018433
test,0.2,awgn,16.0,fixed_L,0.8909505705069125,0.023999999999999997,2170,0.0,0.02,,,
test,0.2,awgn,16.0,fixed_F,0.9213677603686636,0.9900000000000001,2170,0.0,0.02,,,
test,0.2,awgn,16.0,feature_ceiling,0.9213677717703261,0.9900000000000001,2170,0.0,0.02,,,
test,0.2,awgn,16.0,oracle_masked,0.935664331797235,0.5314230414746545,2170,0.0,0.02,0.03963133640552995,0.43410138248847924,0.5262672811059907
test,0.2,awgn,16.0,oracle_lambda,0.9350924023041475,0.48003041474654373,2170,0.0,0.02,0.047926267281105994,0.4788018433179724,0.4732718894009217
test,0.2,awgn,16.0,catosg,0.9134109709677419,0.45447096774193546,2170,0.0,0.02,0.0,0.5543778801843318,0.4456221198156682
test,0.2,awgn,18.0,fixed_L,0.8909505705069125,0.023999999999999997,2170,0.0,0.02,,,
test,0.2,awgn,18.0,fixed_F,0.9213677603686636,0.9900000000000001,2170,0.0,0.02,,,
test,0.2,awgn,18.0,feature_ceiling,0.9213677717703261,0.9900000000000001,2170,0.0,0.02,,,
test,0.2,awgn,18.0,oracle_masked,0.935664331797235,0.5314230414746545,2170,0.0,0.02,0.03963133640552995,0.43410138248847924,0.5262672811059907
test,0.2,awgn,18.0,oracle_lambda,0.9350924023041475,0.48003041474654373,2170,0.0,0.02,0.047926267281105994,0.4788018433179724,0.4732718894009217
test,0.2,awgn,18.0,catosg,0.9132447930875576,0.45491612903225814,2170,0.0,0.02,0.0,0.5539170506912442,0.44608294930875575
test,0.2,awgn,20.0,fixed_L,0.8909505705069125,0.023999999999999997,2170,0.0,0.02,,,
test,0.2,awgn,20.0,fixed_F,0.9213677603686636,0.9900000000000001,2170,0.0,0.02,,,
test,0.2,awgn,20.0,feature_ceiling,0.9213677717703261,0.9900000000000001,2170,0.0,0.02,,,
test,0.2,awgn,20.0,oracle_masked,0.935664331797235,0.5314230414746545,2170,0.0,0.02,0.03963133640552995,0.43410138248847924,0.5262672811059907
test,0.2,awgn,20.0,oracle_lambda,0.9350924023041475,0.48003041474654373,2170,0.0,0.02,0.047926267281105994,0.4788018433179724,0.4732718894009217
test,0.2,awgn,20.0,catosg,0.9133430889400921,0.45536129032258066,2170,0.0,0.02,0.0,0.5534562211981566,0.4465437788018433
test,0.2,rayleigh,0.0,fixed_L,0.8909505705069125,0.023999999999999997,2170,1.0,0.02,,,
test,0.2,rayleigh,0.0,fixed_F,0.8175723198156682,0.9900000000000001,2170,1.0,0.02,,,
test,0.2,rayleigh,0.0,feature_ceiling,0.9213677717703261,0.9900000000000001,2170,1.0,0.02,,,
test,0.2,rayleigh,0.0,oracle_masked,0.8935123792626728,0.020228571428571426,2170,1.0,0.02,0.15714285714285714,0.8428571428571429,0.0
test,0.2,rayleigh,0.0,oracle_lambda,0.8935123792626728,0.020228571428571426,2170,1.0,0.02,0.15714285714285714,0.8428571428571429,0.0
test,0.2,rayleigh,0.0,catosg,0.8909505705069125,0.023955760368663592,2170,1.0,0.02,0.0018433179723502304,0.9981566820276497,0.0
test,0.2,rayleigh,2.0,fixed_L,0.8909505705069125,0.023999999999999997,2170,1.0,0.02,,,
test,0.2,rayleigh,2.0,fixed_F,0.8175723198156682,0.9900000000000001,2170,1.0,0.02,,,
test,0.2,rayleigh,2.0,feature_ceiling,0.9213677717703261,0.9900000000000001,2170,1.0,0.02,,,
test,0.2,rayleigh,2.0,oracle_masked,0.8935123792626728,0.020228571428571426,2170,1.0,0.02,0.15714285714285714,0.8428571428571429,0.0
test,0.2,rayleigh,2.0,oracle_lambda,0.8935123792626728,0.020228571428571426,2170,1.0,0.02,0.15714285714285714,0.8428571428571429,0.0
test,0.2,rayleigh,2.0,catosg,0.8909505705069125,0.023955760368663592,2170,1.0,0.02,0.0018433179723502304,0.9981566820276497,0.0
test,0.2,rayleigh,4.0,fixed_L,0.8909505705069125,0.023999999999999997,2170,1.0,0.02,,,
test,0.2,rayleigh,4.0,fixed_F,0.8175723198156682,0.9900000000000001,2170,1.0,0.02,,,
test,0.2,rayleigh,4.0,feature_ceiling,0.9213677717703261,0.9900000000000001,2170,1.0,0.02,,,
test,0.2,rayleigh,4.0,oracle_masked,0.8935123792626728,0.020228571428571426,2170,1.0,0.02,0.15714285714285714,0.8428571428571429,0.0
test,0.2,rayleigh,4.0,oracle_lambda,0.8935123792626728,0.020228571428571426,2170,1.0,0.02,0.15714285714285714,0.8428571428571429,0.0
test,0.2,rayleigh,4.0,catosg,0.8909505705069125,0.023955760368663592,2170,1.0,0.02,0.0018433179723502304,0.9981566820276497,0.0
test,0.2,rayleigh,6.0,fixed_L,0.8909505705069125,0.023999999999999997,2170,1.0,0.02,,,
test,0.2,rayleigh,6.0,fixed_F,0.8175723198156682,0.9900000000000001,2170,1.0,0.02,,,
test,0.2,rayleigh,6.0,feature_ceiling,0.9213677717703261,0.9900000000000001,2170,1.0,0.02,,,
test,0.2,rayleigh,6.0,oracle_masked,0.8935123792626728,0.020228571428571426,2170,1.0,0.02,0.15714285714285714,0.8428571428571429,0.0
test,0.2,rayleigh,6.0,oracle_lambda,0.8935123792626728,0.020228571428571426,2170,1.0,0.02,0.15714285714285714,0.8428571428571429,0.0
test,0.2,rayleigh,6.0,catosg,0.8909505705069125,0.023955760368663592,2170,1.0,0.02,0.0018433179723502304,0.9981566820276497,0.0
test,0.2,rayleigh,8.0,fixed_L,0.8909505705069125,0.023999999999999997,2170,1.0,0.02,,,
test,0.2,rayleigh,8.0,fixed_F,0.8175723198156682,0.9900000000000001,2170,1.0,0.02,,,
test,0.2,rayleigh,8.0,feature_ceiling,0.9213677717703261,0.9900000000000001,2170,1.0,0.02,,,
test,0.2,rayleigh,8.0,oracle_masked,0.8935123792626728,0.020228571428571426,2170,1.0,0.02,0.15714285714285714,0.8428571428571429,0.0
test,0.2,rayleigh,8.0,oracle_lambda,0.8935123792626728,0.020228571428571426,2170,1.0,0.02,0.15714285714285714,0.8428571428571429,0.0
test,0.2,rayleigh,8.0,catosg,0.8909505705069125,0.023966820276497693,2170,1.0,0.02,0.0013824884792626728,0.9986175115207373,0.0
test,0.2,rayleigh,10.0,fixed_L,0.8909505705069125,0.023999999999999997,2170,1.0,0.02,,,
test,0.2,rayleigh,10.0,fixed_F,0.8175723198156682,0.9900000000000001,2170,1.0,0.02,,,
test,0.2,rayleigh,10.0,feature_ceiling,0.9213677717703261,0.9900000000000001,2170,1.0,0.02,,,
test,0.2,rayleigh,10.0,oracle_masked,0.8935123792626728,0.020228571428571426,2170,1.0,0.02,0.15714285714285714,0.8428571428571429,0.0
test,0.2,rayleigh,10.0,oracle_lambda,0.8935123792626728,0.020228571428571426,2170,1.0,0.02,0.15714285714285714,0.8428571428571429,0.0
test,0.2,rayleigh,10.0,catosg,0.8909505705069125,0.023955760368663592,2170,1.0,0.02,0.0018433179723502304,0.9981566820276497,0.0
test,0.2,rayleigh,12.0,fixed_L,0.8909505705069125,0.023999999999999997,2170,1.0,0.02,,,
test,0.2,rayleigh,12.0,fixed_F,0.8175723198156682,0.9900000000000001,2170,1.0,0.02,,,
test,0.2,rayleigh,12.0,feature_ceiling,0.9213677717703261,0.9900000000000001,2170,1.0,0.02,,,
test,0.2,rayleigh,12.0,oracle_masked,0.8935123792626728,0.020228571428571426,2170,1.0,0.02,0.15714285714285714,0.8428571428571429,0.0
test,0.2,rayleigh,12.0,oracle_lambda,0.8935123792626728,0.020228571428571426,2170,1.0,0.02,0.15714285714285714,0.8428571428571429,0.0
test,0.2,rayleigh,12.0,catosg,0.8909505705069125,0.023955760368663592,2170,1.0,0.02,0.0018433179723502304,0.9981566820276497,0.0
test,0.2,rayleigh,14.0,fixed_L,0.8909505705069125,0.023999999999999997,2170,1.0,0.02,,,
test,0.2,rayleigh,14.0,fixed_F,0.8175723198156682,0.9900000000000001,2170,1.0,0.02,,,
test,0.2,rayleigh,14.0,feature_ceiling,0.9213677717703261,0.9900000000000001,2170,1.0,0.02,,,
test,0.2,rayleigh,14.0,oracle_masked,0.8935123792626728,0.020228571428571426,2170,1.0,0.02,0.15714285714285714,0.8428571428571429,0.0
test,0.2,rayleigh,14.0,oracle_lambda,0.8935123792626728,0.020228571428571426,2170,1.0,0.02,0.15714285714285714,0.8428571428571429,0.0
test,0.2,rayleigh,14.0,catosg,0.8909505705069125,0.023955760368663592,2170,1.0,0.02,0.0018433179723502304,0.9981566820276497,0.0
test,0.2,rayleigh,16.0,fixed_L,0.8909505705069125,0.023999999999999997,2170,1.0,0.02,,,
test,0.2,rayleigh,16.0,fixed_F,0.8175723198156682,0.9900000000000001,2170,1.0,0.02,,,
test,0.2,rayleigh,16.0,feature_ceiling,0.9213677717703261,0.9900000000000001,2170,1.0,0.02,,,
test,0.2,rayleigh,16.0,oracle_masked,0.8935123792626728,0.020228571428571426,2170,1.0,0.02,0.15714285714285714,0.8428571428571429,0.0
test,0.2,rayleigh,16.0,oracle_lambda,0.8935123792626728,0.020228571428571426,2170,1.0,0.02,0.15714285714285714,0.8428571428571429,0.0
test,0.2,rayleigh,16.0,catosg,0.8909505705069125,0.023955760368663592,2170,1.0,0.02,0.0018433179723502304,0.9981566820276497,0.0
test,0.2,rayleigh,18.0,fixed_L,0.8909505705069125,0.023999999999999997,2170,1.0,0.02,,,
test,0.2,rayleigh,18.0,fixed_F,0.8175723198156682,0.9900000000000001,2170,1.0,0.02,,,
test,0.2,rayleigh,18.0,feature_ceiling,0.9213677717703261,0.9900000000000001,2170,1.0,0.02,,,
test,0.2,rayleigh,18.0,oracle_masked,0.8935123792626728,0.020228571428571426,2170,1.0,0.02,0.15714285714285714,0.8428571428571429,0.0
test,0.2,rayleigh,18.0,oracle_lambda,0.8935123792626728,0.020228571428571426,2170,1.0,0.02,0.15714285714285714,0.8428571428571429,0.0
test,0.2,rayleigh,18.0,catosg,0.8909505705069125,0.023955760368663592,2170,1.0,0.02,0.0018433179723502304,0.9981566820276497,0.0
test,0.2,rayleigh,20.0,fixed_L,0.8909505705069125,0.023999999999999997,2170,1.0,0.02,,,
test,0.2,rayleigh,20.0,fixed_F,0.8175723198156682,0.9900000000000001,2170,1.0,0.02,,,
test,0.2,rayleigh,20.0,feature_ceiling,0.9213677717703261,0.9900000000000001,2170,1.0,0.02,,,
test,0.2,rayleigh,20.0,oracle_masked,0.8935123792626728,0.020228571428571426,2170,1.0,0.02,0.15714285714285714,0.8428571428571429,0.0
test,0.2,rayleigh,20.0,oracle_lambda,0.8935123792626728,0.020228571428571426,2170,1.0,0.02,0.15714285714285714,0.8428571428571429,0.0
test,0.2,rayleigh,20.0,catosg,0.8909505705069125,0.023955760368663592,2170,1.0,0.02,0.0018433179723502304,0.9981566820276497,0.0
test,0.3,awgn,0.0,fixed_L,0.8909505705069125,0.023999999999999997,2170,1.0,0.0,,,
test,0.3,awgn,0.0,fixed_F,0.8175723198156682,0.9900000000000001,2170,1.0,0.0,,,
test,0.3,awgn,0.0,feature_ceiling,0.9213677717703261,0.9900000000000001,2170,1.0,0.0,,,
test,0.3,awgn,0.0,oracle_masked,0.8935123792626728,0.020228571428571426,2170,1.0,0.0,0.15714285714285714,0.8428571428571429,0.0
test,0.3,awgn,0.0,oracle_lambda,0.8935123792626728,0.020228571428571426,2170,1.0,0.0,0.15714285714285714,0.8428571428571429,0.0
test,0.3,awgn,0.0,catosg,0.8909505705069125,0.023977880184331796,2170,1.0,0.0,0.0009216589861751152,0.9990783410138249,0.0
test,0.3,awgn,2.0,fixed_L,0.8909505705069125,0.023999999999999997,2170,1.0,0.0,,,
test,0.3,awgn,2.0,fixed_F,0.8175723198156682,0.9900000000000001,2170,1.0,0.0,,,
test,0.3,awgn,2.0,feature_ceiling,0.9213677717703261,0.9900000000000001,2170,1.0,0.0,,,
test,0.3,awgn,2.0,oracle_masked,0.8935123792626728,0.020228571428571426,2170,1.0,0.0,0.15714285714285714,0.8428571428571429,0.0
test,0.3,awgn,2.0,oracle_lambda,0.8935123792626728,0.020228571428571426,2170,1.0,0.0,0.15714285714285714,0.8428571428571429,0.0
test,0.3,awgn,2.0,catosg,0.8909505705069125,0.023977880184331796,2170,1.0,0.0,0.0009216589861751152,0.9990783410138249,0.0
test,0.3,awgn,4.0,fixed_L,0.8909505705069125,0.023999999999999997,2170,1.0,0.0,,,
test,0.3,awgn,4.0,fixed_F,0.8175723198156682,0.9900000000000001,2170,1.0,0.0,,,
test,0.3,awgn,4.0,feature_ceiling,0.9213677717703261,0.9900000000000001,2170,1.0,0.0,,,
test,0.3,awgn,4.0,oracle_masked,0.8935123792626728,0.020228571428571426,2170,1.0,0.0,0.15714285714285714,0.8428571428571429,0.0
test,0.3,awgn,4.0,oracle_lambda,0.8935123792626728,0.020228571428571426,2170,1.0,0.0,0.15714285714285714,0.8428571428571429,0.0
test,0.3,awgn,4.0,catosg,0.8909505705069125,0.023977880184331796,2170,1.0,0.0,0.0009216589861751152,0.9990783410138249,0.0
test,0.3,awgn,6.0,fixed_L,0.8909505705069125,0.023999999999999997,2170,1.0,0.0,,,
test,0.3,awgn,6.0,fixed_F,0.8175723198156682,0.9900000000000001,2170,1.0,0.0,,,
test,0.3,awgn,6.0,feature_ceiling,0.9213677717703261,0.9900000000000001,2170,1.0,0.0,,,
test,0.3,awgn,6.0,oracle_masked,0.8935123792626728,0.020228571428571426,2170,1.0,0.0,0.15714285714285714,0.8428571428571429,0.0
test,0.3,awgn,6.0,oracle_lambda,0.8935123792626728,0.020228571428571426,2170,1.0,0.0,0.15714285714285714,0.8428571428571429,0.0
test,0.3,awgn,6.0,catosg,0.8909505705069125,0.023966820276497693,2170,1.0,0.0,0.0013824884792626728,0.9986175115207373,0.0
test,0.3,awgn,8.0,fixed_L,0.8909505705069125,0.023999999999999997,2170,0.4024,0.0,,,
test,0.3,awgn,8.0,fixed_F,0.8546403233913363,0.9900000000000001,2170,0.4024,0.0,,,
test,0.3,awgn,8.0,feature_ceiling,0.9213677717703261,0.9900000000000001,2170,0.4024,0.0,,,
test,0.3,awgn,8.0,oracle_masked,0.9004516908364978,0.24296958525345624,2170,0.4024,0.0,0.03917050691244239,0.7331797235023041,0.22764976958525346
test,0.3,awgn,8.0,oracle_lambda,0.9004516908364978,0.24296958525345624,2170,0.4024,0.0,0.03917050691244239,0.7331797235023041,0.22764976958525346
test,0.3,awgn,8.0,catosg,0.8890606524534562,0.0956709677419355,2170,0.4024,0.0,0.0,0.9258064516129032,0.07419354838709677
test,0.3,awgn,10.0,fixed_L,0.8909505705069125,0.023999999999999997,2170,0.0,0.0,,,
test,0.3,awgn,10.0,fixed_F,0.9213677603686636,0.9900000000000001,2170,0.0,0.0,,,
test,0.3,awgn,10.0,feature_ceiling,0.9213677717703261,0.9900000000000001,2170,0.0,0.0,,,
test,0.3,awgn,10.0,oracle_masked,0.935664331797235,0.5314230414746545,2170,0.0,0.0,0.03963133640552995,0.43410138248847924,0.5262672811059907
test,0.3,awgn,10.0,oracle_lambda,0.935664331797235,0.5314230414746545,2170,0.0,0.0,0.03963133640552995,0.43410138248847924,0.5262672811059907
test,0.3,awgn,10.0,catosg,0.9158814465437788,0.6601354838709678,2170,0.0,0.0,0.0,0.34147465437788016,0.6585253456221198
test,0.3,awgn,12.0,fixed_L,0.8909505705069125,0.023999999999999997,2170,0.0,0.0,,,
test,0.3,awgn,12.0,fixed_F,0.9213677603686636,0.9900000000000001,2170,0.0,0.0,,,
test,0.3,awgn,12.0,feature_ceiling,0.9213677717703261,0.9900000000000001,2170,0.0,0.0,,,
test,0.3,awgn,12.0,oracle_masked,0.935664331797235,0.5314230414746545,2170,0.0,0.0,0.03963133640552995,0.43410138248847924,0.5262672811059907
test,0.3,awgn,12.0,oracle_lambda,0.935664331797235,0.5314230414746545,2170,0.0,0.0,0.03963133640552995,0.43410138248847924,0.5262672811059907
test,0.3,awgn,12.0,catosg,0.9168294069124423,0.6917419354838711,2170,0.0,0.0,0.0,0.3087557603686636,0.6912442396313364
test,0.3,awgn,14.0,fixed_L,0.8909505705069125,0.023999999999999997,2170,0.0,0.0,,,
test,0.3,awgn,14.0,fixed_F,0.9213677603686636,0.9900000000000001,2170,0.0,0.0,,,
test,0.3,awgn,14.0,feature_ceiling,0.9213677717703261,0.9900000000000001,2170,0.0,0.0,,,
test,0.3,awgn,14.0,oracle_masked,0.935664331797235,0.5314230414746545,2170,0.0,0.0,0.03963133640552995,0.43410138248847924,0.5262672811059907
test,0.3,awgn,14.0,oracle_lambda,0.935664331797235,0.5314230414746545,2170,0.0,0.0,0.03963133640552995,0.43410138248847924,0.5262672811059907
test,0.3,awgn,14.0,catosg,0.9168902059907833,0.702425806451613,2170,0.0,0.0,0.0,0.2976958525345622,0.7023041474654378
test,0.3,awgn,16.0,fixed_L,0.8909505705069125,0.023999999999999997,2170,0.0,0.0,,,
test,0.3,awgn,16.0,fixed_F,0.9213677603686636,0.9900000000000001,2170,0.0,0.0,,,
test,0.3,awgn,16.0,feature_ceiling,0.9213677717703261,0.9900000000000001,2170,0.0,0.0,,,
test,0.3,awgn,16.0,oracle_masked,0.935664331797235,0.5314230414746545,2170,0.0,0.0,0.03963133640552995,0.43410138248847924,0.5262672811059907
test,0.3,awgn,16.0,oracle_lambda,0.935664331797235,0.5314230414746545,2170,0.0,0.0,0.03963133640552995,0.43410138248847924,0.5262672811059907
test,0.3,awgn,16.0,catosg,0.9168996248847926,0.703316129032258,2170,0.0,0.0,0.0,0.2967741935483871,0.7032258064516129
test,0.3,awgn,18.0,fixed_L,0.8909505705069125,0.023999999999999997,2170,0.0,0.0,,,
test,0.3,awgn,18.0,fixed_F,0.9213677603686636,0.9900000000000001,2170,0.0,0.0,,,
test,0.3,awgn,18.0,feature_ceiling,0.9213677717703261,0.9900000000000001,2170,0.0,0.0,,,
test,0.3,awgn,18.0,oracle_masked,0.935664331797235,0.5314230414746545,2170,0.0,0.0,0.03963133640552995,0.43410138248847924,0.5262672811059907
test,0.3,awgn,18.0,oracle_lambda,0.935664331797235,0.5314230414746545,2170,0.0,0.0,0.03963133640552995,0.43410138248847924,0.5262672811059907
test,0.3,awgn,18.0,catosg,0.9170227995391705,0.702425806451613,2170,0.0,0.0,0.0,0.2976958525345622,0.7023041474654378
test,0.3,awgn,20.0,fixed_L,0.8909505705069125,0.023999999999999997,2170,0.0,0.0,,,
test,0.3,awgn,20.0,fixed_F,0.9213677603686636,0.9900000000000001,2170,0.0,0.0,,,
test,0.3,awgn,20.0,feature_ceiling,0.9213677717703261,0.9900000000000001,2170,0.0,0.0,,,
test,0.3,awgn,20.0,oracle_masked,0.935664331797235,0.5314230414746545,2170,0.0,0.0,0.03963133640552995,0.43410138248847924,0.5262672811059907
test,0.3,awgn,20.0,oracle_lambda,0.935664331797235,0.5314230414746545,2170,0.0,0.0,0.03963133640552995,0.43410138248847924,0.5262672811059907
test,0.3,awgn,20.0,catosg,0.917034895391705,0.7002,2170,0.0,0.0,0.0,0.3,0.7
test,0.3,rayleigh,0.0,fixed_L,0.8909505705069125,0.023999999999999997,2170,1.0,0.0,,,
test,0.3,rayleigh,0.0,fixed_F,0.8175723198156682,0.9900000000000001,2170,1.0,0.0,,,
test,0.3,rayleigh,0.0,feature_ceiling,0.9213677717703261,0.9900000000000001,2170,1.0,0.0,,,
test,0.3,rayleigh,0.0,oracle_masked,0.8935123792626728,0.020228571428571426,2170,1.0,0.0,0.15714285714285714,0.8428571428571429,0.0
test,0.3,rayleigh,0.0,oracle_lambda,0.8935123792626728,0.020228571428571426,2170,1.0,0.0,0.15714285714285714,0.8428571428571429,0.0
test,0.3,rayleigh,0.0,catosg,0.8909505705069125,0.023944700460829492,2170,1.0,0.0,0.002304147465437788,0.9976958525345622,0.0
test,0.3,rayleigh,2.0,fixed_L,0.8909505705069125,0.023999999999999997,2170,1.0,0.0,,,
test,0.3,rayleigh,2.0,fixed_F,0.8175723198156682,0.9900000000000001,2170,1.0,0.0,,,
test,0.3,rayleigh,2.0,feature_ceiling,0.9213677717703261,0.9900000000000001,2170,1.0,0.0,,,
test,0.3,rayleigh,2.0,oracle_masked,0.8935123792626728,0.020228571428571426,2170,1.0,0.0,0.15714285714285714,0.8428571428571429,0.0
test,0.3,rayleigh,2.0,oracle_lambda,0.8935123792626728,0.020228571428571426,2170,1.0,0.0,0.15714285714285714,0.8428571428571429,0.0
test,0.3,rayleigh,2.0,catosg,0.8909505705069125,0.023944700460829492,2170,1.0,0.0,0.002304147465437788,0.9976958525345622,0.0
test,0.3,rayleigh,4.0,fixed_L,0.8909505705069125,0.023999999999999997,2170,1.0,0.0,,,
test,0.3,rayleigh,4.0,fixed_F,0.8175723198156682,0.9900000000000001,2170,1.0,0.0,,,
test,0.3,rayleigh,4.0,feature_ceiling,0.9213677717703261,0.9900000000000001,2170,1.0,0.0,,,
test,0.3,rayleigh,4.0,oracle_masked,0.8935123792626728,0.020228571428571426,2170,1.0,0.0,0.15714285714285714,0.8428571428571429,0.0
test,0.3,rayleigh,4.0,oracle_lambda,0.8935123792626728,0.020228571428571426,2170,1.0,0.0,0.15714285714285714,0.8428571428571429,0.0
test,0.3,rayleigh,4.0,catosg,0.8909505705069125,0.023944700460829492,2170,1.0,0.0,0.002304147465437788,0.9976958525345622,0.0
test,0.3,rayleigh,6.0,fixed_L,0.8909505705069125,0.023999999999999997,2170,1.0,0.0,,,
test,0.3,rayleigh,6.0,fixed_F,0.8175723198156682,0.9900000000000001,2170,1.0,0.0,,,
test,0.3,rayleigh,6.0,feature_ceiling,0.9213677717703261,0.9900000000000001,2170,1.0,0.0,,,
test,0.3,rayleigh,6.0,oracle_masked,0.8935123792626728,0.020228571428571426,2170,1.0,0.0,0.15714285714285714,0.8428571428571429,0.0
test,0.3,rayleigh,6.0,oracle_lambda,0.8935123792626728,0.020228571428571426,2170,1.0,0.0,0.15714285714285714,0.8428571428571429,0.0
test,0.3,rayleigh,6.0,catosg,0.8909505705069125,0.023944700460829492,2170,1.0,0.0,0.002304147465437788,0.9976958525345622,0.0
test,0.3,rayleigh,8.0,fixed_L,0.8909505705069125,0.023999999999999997,2170,1.0,0.0,,,
test,0.3,rayleigh,8.0,fixed_F,0.8175723198156682,0.9900000000000001,2170,1.0,0.0,,,
test,0.3,rayleigh,8.0,feature_ceiling,0.9213677717703261,0.9900000000000001,2170,1.0,0.0,,,
test,0.3,rayleigh,8.0,oracle_masked,0.8935123792626728,0.020228571428571426,2170,1.0,0.0,0.15714285714285714,0.8428571428571429,0.0
test,0.3,rayleigh,8.0,oracle_lambda,0.8935123792626728,0.020228571428571426,2170,1.0,0.0,0.15714285714285714,0.8428571428571429,0.0
test,0.3,rayleigh,8.0,catosg,0.8909505705069125,0.023966820276497693,2170,1.0,0.0,0.0013824884792626728,0.9986175115207373,0.0
test,0.3,rayleigh,10.0,fixed_L,0.8909505705069125,0.023999999999999997,2170,1.0,0.0,,,
test,0.3,rayleigh,10.0,fixed_F,0.8175723198156682,0.9900000000000001,2170,1.0,0.0,,,
test,0.3,rayleigh,10.0,feature_ceiling,0.9213677717703261,0.9900000000000001,2170,1.0,0.0,,,
test,0.3,rayleigh,10.0,oracle_masked,0.8935123792626728,0.020228571428571426,2170,1.0,0.0,0.15714285714285714,0.8428571428571429,0.0
test,0.3,rayleigh,10.0,oracle_lambda,0.8935123792626728,0.020228571428571426,2170,1.0,0.0,0.15714285714285714,0.8428571428571429,0.0
test,0.3,rayleigh,10.0,catosg,0.8909505705069125,0.023966820276497693,2170,1.0,0.0,0.0013824884792626728,0.9986175115207373,0.0
test,0.3,rayleigh,12.0,fixed_L,0.8909505705069125,0.023999999999999997,2170,1.0,0.0,,,
test,0.3,rayleigh,12.0,fixed_F,0.8175723198156682,0.9900000000000001,2170,1.0,0.0,,,
test,0.3,rayleigh,12.0,feature_ceiling,0.9213677717703261,0.9900000000000001,2170,1.0,0.0,,,
test,0.3,rayleigh,12.0,oracle_masked,0.8935123792626728,0.020228571428571426,2170,1.0,0.0,0.15714285714285714,0.8428571428571429,0.0
test,0.3,rayleigh,12.0,oracle_lambda,0.8935123792626728,0.020228571428571426,2170,1.0,0.0,0.15714285714285714,0.8428571428571429,0.0
test,0.3,rayleigh,12.0,catosg,0.8909505705069125,0.023966820276497693,2170,1.0,0.0,0.0013824884792626728,0.9986175115207373,0.0
test,0.3,rayleigh,14.0,fixed_L,0.8909505705069125,0.023999999999999997,2170,1.0,0.0,,,
test,0.3,rayleigh,14.0,fixed_F,0.8175723198156682,0.9900000000000001,2170,1.0,0.0,,,
test,0.3,rayleigh,14.0,feature_ceiling,0.9213677717703261,0.9900000000000001,2170,1.0,0.0,,,
test,0.3,rayleigh,14.0,oracle_masked,0.8935123792626728,0.020228571428571426,2170,1.0,0.0,0.15714285714285714,0.8428571428571429,0.0
test,0.3,rayleigh,14.0,oracle_lambda,0.8935123792626728,0.020228571428571426,2170,1.0,0.0,0.15714285714285714,0.8428571428571429,0.0
test,0.3,rayleigh,14.0,catosg,0.8909505705069125,0.023966820276497693,2170,1.0,0.0,0.0013824884792626728,0.9986175115207373,0.0
test,0.3,rayleigh,16.0,fixed_L,0.8909505705069125,0.023999999999999997,2170,1.0,0.0,,,
test,0.3,rayleigh,16.0,fixed_F,0.8175723198156682,0.9900000000000001,2170,1.0,0.0,,,
test,0.3,rayleigh,16.0,feature_ceiling,0.9213677717703261,0.9900000000000001,2170,1.0,0.0,,,
test,0.3,rayleigh,16.0,oracle_masked,0.8935123792626728,0.020228571428571426,2170,1.0,0.0,0.15714285714285714,0.8428571428571429,0.0
test,0.3,rayleigh,16.0,oracle_lambda,0.8935123792626728,0.020228571428571426,2170,1.0,0.0,0.15714285714285714,0.8428571428571429,0.0
test,0.3,rayleigh,16.0,catosg,0.8909505705069125,0.023966820276497693,2170,1.0,0.0,0.0013824884792626728,0.9986175115207373,0.0
test,0.3,rayleigh,18.0,fixed_L,0.8909505705069125,0.023999999999999997,2170,1.0,0.0,,,
test,0.3,rayleigh,18.0,fixed_F,0.8175723198156682,0.9900000000000001,2170,1.0,0.0,,,
test,0.3,rayleigh,18.0,feature_ceiling,0.9213677717703261,0.9900000000000001,2170,1.0,0.0,,,
test,0.3,rayleigh,18.0,oracle_masked,0.8935123792626728,0.020228571428571426,2170,1.0,0.0,0.15714285714285714,0.8428571428571429,0.0
test,0.3,rayleigh,18.0,oracle_lambda,0.8935123792626728,0.020228571428571426,2170,1.0,0.0,0.15714285714285714,0.8428571428571429,0.0
test,0.3,rayleigh,18.0,catosg,0.8909505705069125,0.023966820276497693,2170,1.0,0.0,0.0013824884792626728,0.9986175115207373,0.0
test,0.3,rayleigh,20.0,fixed_L,0.8909505705069125,0.023999999999999997,2170,1.0,0.0,,,
test,0.3,rayleigh,20.0,fixed_F,0.8175723198156682,0.9900000000000001,2170,1.0,0.0,,,
test,0.3,rayleigh,20.0,feature_ceiling,0.9213677717703261,0.9900000000000001,2170,1.0,0.0,,,
test,0.3,rayleigh,20.0,oracle_masked,0.8935123792626728,0.020228571428571426,2170,1.0,0.0,0.15714285714285714,0.8428571428571429,0.0
test,0.3,rayleigh,20.0,oracle_lambda,0.8935123792626728,0.020228571428571426,2170,1.0,0.0,0.15714285714285714,0.8428571428571429,0.0
test,0.3,rayleigh,20.0,catosg,0.8909505705069125,0.023966820276497693,2170,1.0,0.0,0.0013824884792626728,0.9986175115207373,0.0
culver,0.1,awgn,0.0,fixed_L,0.8466425654545454,0.023999999999999997,550,1.0,0.05,,,
culver,0.1,awgn,0.0,fixed_F,0.7690167563636363,0.99,550,1.0,0.05,,,
culver,0.1,awgn,0.0,feature_ceiling,0.9059019533667091,0.99,550,1.0,0.05,,,
culver,0.1,awgn,0.0,oracle_masked,0.8466811327272727,0.020814545454545454,550,1.0,0.05,0.13272727272727272,0.8672727272727273,0.0
culver,0.1,awgn,0.0,oracle_lambda,0.8466811327272727,0.020814545454545454,550,1.0,0.05,0.13272727272727272,0.8672727272727273,0.0
culver,0.1,awgn,0.0,catosg,0.8466425654545454,0.023999999999999997,550,1.0,0.05,0.0,1.0,0.0
culver,0.1,awgn,2.0,fixed_L,0.8466425654545454,0.023999999999999997,550,1.0,0.05,,,
culver,0.1,awgn,2.0,fixed_F,0.7690167563636363,0.99,550,1.0,0.05,,,
culver,0.1,awgn,2.0,feature_ceiling,0.9059019533667091,0.99,550,1.0,0.05,,,
culver,0.1,awgn,2.0,oracle_masked,0.8466811327272727,0.020814545454545454,550,1.0,0.05,0.13272727272727272,0.8672727272727273,0.0
culver,0.1,awgn,2.0,oracle_lambda,0.8466811327272727,0.020814545454545454,550,1.0,0.05,0.13272727272727272,0.8672727272727273,0.0
culver,0.1,awgn,2.0,catosg,0.8466425654545454,0.023999999999999997,550,1.0,0.05,0.0,1.0,0.0
culver,0.1,awgn,4.0,fixed_L,0.8466425654545454,0.023999999999999997,550,1.0,0.05,,,
culver,0.1,awgn,4.0,fixed_F,0.7690167563636363,0.99,550,1.0,0.05,,,
culver,0.1,awgn,4.0,feature_ceiling,0.9059019533667091,0.99,550,1.0,0.05,,,
culver,0.1,awgn,4.0,oracle_masked,0.8466811327272727,0.020814545454545454,550,1.0,0.05,0.13272727272727272,0.8672727272727273,0.0
culver,0.1,awgn,4.0,oracle_lambda,0.8466811327272727,0.020814545454545454,550,1.0,0.05,0.13272727272727272,0.8672727272727273,0.0
culver,0.1,awgn,4.0,catosg,0.8466425654545454,0.023999999999999997,550,1.0,0.05,0.0,1.0,0.0
culver,0.1,awgn,6.0,fixed_L,0.8466425654545454,0.023999999999999997,550,1.0,0.05,,,
culver,0.1,awgn,6.0,fixed_F,0.7690167563636363,0.99,550,1.0,0.05,,,
culver,0.1,awgn,6.0,feature_ceiling,0.9059019533667091,0.99,550,1.0,0.05,,,
culver,0.1,awgn,6.0,oracle_masked,0.8466811327272727,0.020814545454545454,550,1.0,0.05,0.13272727272727272,0.8672727272727273,0.0
culver,0.1,awgn,6.0,oracle_lambda,0.8466811327272727,0.020814545454545454,550,1.0,0.05,0.13272727272727272,0.8672727272727273,0.0
culver,0.1,awgn,6.0,catosg,0.8466425654545454,0.023999999999999997,550,1.0,0.05,0.0,1.0,0.0
culver,0.1,awgn,8.0,fixed_L,0.8466425654545454,0.023999999999999997,550,0.4024,0.05,,,
culver,0.1,awgn,8.0,fixed_F,0.8179019836043636,0.99,550,0.4024,0.05,,,
culver,0.1,awgn,8.0,feature_ceiling,0.9059019533667091,0.99,550,0.4024,0.05,,,
culver,0.1,awgn,8.0,oracle_masked,0.8526393657309091,0.2804290909090909,550,0.4024,0.05,0.0,0.7345454545454545,0.26545454545454544
culver,0.1,awgn,8.0,oracle_lambda,0.8474759081309091,0.03521454545454545,550,0.4024,0.05,0.11818181818181818,0.8672727272727273,0.014545454545454545
culver,0.1,awgn,8.0,catosg,0.8466425654545454,0.023999999999999997,550,0.4024,0.05,0.0,1.0,0.0
culver,0.1,awgn,10.0,fixed_L,0.8466425654545454,0.023999999999999997,550,0.0,0.05,,,
culver,0.1,awgn,10.0,fixed_F,0.9059019545454545,0.99,550,0.0,0.05,,,
culver,0.1,awgn,10.0,feature_ceiling,0.9059019533667091,0.99,550,0.0,0.05,,,
culver,0.1,awgn,10.0,oracle_masked,0.908434829090909,0.8336836363636364,550,0.0,0.05,0.0,0.1618181818181818,0.8381818181818181
culver,0.1,awgn,10.0,oracle_lambda,0.8989494945454546,0.511789090909091,550,0.0,0.05,0.02,0.47454545454545455,0.5054545454545455
culver,0.1,awgn,10.0,catosg,0.8466425654545454,0.023999999999999997,550,0.0,0.05,0.0,1.0,0.0
culver,0.1,awgn,12.0,fixed_L,0.8466425654545454,0.023999999999999997,550,0.0,0.05,,,
culver,0.1,awgn,12.0,fixed_F,0.9059019545454545,0.99,550,0.0,0.05,,,
culver,0.1,awgn,12.0,feature_ceiling,0.9059019533667091,0.99,550,0.0,0.05,,,
culver,0.1,awgn,12.0,oracle_masked,0.908434829090909,0.8336836363636364,550,0.0,0.05,0.0,0.1618181818181818,0.8381818181818181
culver,0.1,awgn,12.0,oracle_lambda,0.8989494945454546,0.511789090909091,550,0.0,0.05,0.02,0.47454545454545455,0.5054545454545455
culver,0.1,awgn,12.0,catosg,0.8466425654545454,0.023999999999999997,550,0.0,0.05,0.0,1.0,0.0
culver,0.1,awgn,14.0,fixed_L,0.8466425654545454,0.023999999999999997,550,0.0,0.05,,,
culver,0.1,awgn,14.0,fixed_F,0.9059019545454545,0.99,550,0.0,0.05,,,
culver,0.1,awgn,14.0,feature_ceiling,0.9059019533667091,0.99,550,0.0,0.05,,,
culver,0.1,awgn,14.0,oracle_masked,0.908434829090909,0.8336836363636364,550,0.0,0.05,0.0,0.1618181818181818,0.8381818181818181
culver,0.1,awgn,14.0,oracle_lambda,0.8989494945454546,0.511789090909091,550,0.0,0.05,0.02,0.47454545454545455,0.5054545454545455
culver,0.1,awgn,14.0,catosg,0.8466425654545454,0.023999999999999997,550,0.0,0.05,0.0,1.0,0.0
culver,0.1,awgn,16.0,fixed_L,0.8466425654545454,0.023999999999999997,550,0.0,0.05,,,
culver,0.1,awgn,16.0,fixed_F,0.9059019545454545,0.99,550,0.0,0.05,,,
culver,0.1,awgn,16.0,feature_ceiling,0.9059019533667091,0.99,550,0.0,0.05,,,
culver,0.1,awgn,16.0,oracle_masked,0.908434829090909,0.8336836363636364,550,0.0,0.05,0.0,0.1618181818181818,0.8381818181818181
culver,0.1,awgn,16.0,oracle_lambda,0.8989494945454546,0.511789090909091,550,0.0,0.05,0.02,0.47454545454545455,0.5054545454545455
culver,0.1,awgn,16.0,catosg,0.8468728036363636,0.02751272727272727,550,0.0,0.05,0.0,0.9963636363636363,0.0036363636363636364
culver,0.1,awgn,18.0,fixed_L,0.8466425654545454,0.023999999999999997,550,0.0,0.05,,,
culver,0.1,awgn,18.0,fixed_F,0.9059019545454545,0.99,550,0.0,0.05,,,
culver,0.1,awgn,18.0,feature_ceiling,0.9059019533667091,0.99,550,0.0,0.05,,,
culver,0.1,awgn,18.0,oracle_masked,0.908434829090909,0.8336836363636364,550,0.0,0.05,0.0,0.1618181818181818,0.8381818181818181
culver,0.1,awgn,18.0,oracle_lambda,0.8989494945454546,0.511789090909091,550,0.0,0.05,0.02,0.47454545454545455,0.5054545454545455
culver,0.1,awgn,18.0,catosg,0.8468728036363636,0.02751272727272727,550,0.0,0.05,0.0,0.9963636363636363,0.0036363636363636364
culver,0.1,awgn,20.0,fixed_L,0.8466425654545454,0.023999999999999997,550,0.0,0.05,,,
culver,0.1,awgn,20.0,fixed_F,0.9059019545454545,0.99,550,0.0,0.05,,,
culver,0.1,awgn,20.0,feature_ceiling,0.9059019533667091,0.99,550,0.0,0.05,,,
culver,0.1,awgn,20.0,oracle_masked,0.908434829090909,0.8336836363636364,550,0.0,0.05,0.0,0.1618181818181818,0.8381818181818181
culver,0.1,awgn,20.0,oracle_lambda,0.8989494945454546,0.511789090909091,550,0.0,0.05,0.02,0.47454545454545455,0.5054545454545455
culver,0.1,awgn,20.0,catosg,0.8468728036363636,0.02751272727272727,550,0.0,0.05,0.0,0.9963636363636363,0.0036363636363636364
culver,0.1,rayleigh,0.0,fixed_L,0.8466425654545454,0.023999999999999997,550,1.0,0.05,,,
culver,0.1,rayleigh,0.0,fixed_F,0.7690167563636363,0.99,550,1.0,0.05,,,
culver,0.1,rayleigh,0.0,feature_ceiling,0.9059019533667091,0.99,550,1.0,0.05,,,
culver,0.1,rayleigh,0.0,oracle_masked,0.8466811327272727,0.020814545454545454,550,1.0,0.05,0.13272727272727272,0.8672727272727273,0.0
culver,0.1,rayleigh,0.0,oracle_lambda,0.8466811327272727,0.020814545454545454,550,1.0,0.05,0.13272727272727272,0.8672727272727273,0.0
culver,0.1,rayleigh,0.0,catosg,0.8466425654545454,0.023999999999999997,550,1.0,0.05,0.0,1.0,0.0
culver,0.1,rayleigh,2.0,fixed_L,0.8466425654545454,0.023999999999999997,550,1.0,0.05,,,
culver,0.1,rayleigh,2.0,fixed_F,0.7690167563636363,0.99,550,1.0,0.05,,,
culver,0.1,rayleigh,2.0,feature_ceiling,0.9059019533667091,0.99,550,1.0,0.05,,,
culver,0.1,rayleigh,2.0,oracle_masked,0.8466811327272727,0.020814545454545454,550,1.0,0.05,0.13272727272727272,0.8672727272727273,0.0
culver,0.1,rayleigh,2.0,oracle_lambda,0.8466811327272727,0.020814545454545454,550,1.0,0.05,0.13272727272727272,0.8672727272727273,0.0
culver,0.1,rayleigh,2.0,catosg,0.8466425654545454,0.023999999999999997,550,1.0,0.05,0.0,1.0,0.0
culver,0.1,rayleigh,4.0,fixed_L,0.8466425654545454,0.023999999999999997,550,1.0,0.05,,,
culver,0.1,rayleigh,4.0,fixed_F,0.7690167563636363,0.99,550,1.0,0.05,,,
culver,0.1,rayleigh,4.0,feature_ceiling,0.9059019533667091,0.99,550,1.0,0.05,,,
culver,0.1,rayleigh,4.0,oracle_masked,0.8466811327272727,0.020814545454545454,550,1.0,0.05,0.13272727272727272,0.8672727272727273,0.0
culver,0.1,rayleigh,4.0,oracle_lambda,0.8466811327272727,0.020814545454545454,550,1.0,0.05,0.13272727272727272,0.8672727272727273,0.0
culver,0.1,rayleigh,4.0,catosg,0.8466425654545454,0.023999999999999997,550,1.0,0.05,0.0,1.0,0.0
culver,0.1,rayleigh,6.0,fixed_L,0.8466425654545454,0.023999999999999997,550,1.0,0.05,,,
culver,0.1,rayleigh,6.0,fixed_F,0.7690167563636363,0.99,550,1.0,0.05,,,
culver,0.1,rayleigh,6.0,feature_ceiling,0.9059019533667091,0.99,550,1.0,0.05,,,
culver,0.1,rayleigh,6.0,oracle_masked,0.8466811327272727,0.020814545454545454,550,1.0,0.05,0.13272727272727272,0.8672727272727273,0.0
culver,0.1,rayleigh,6.0,oracle_lambda,0.8466811327272727,0.020814545454545454,550,1.0,0.05,0.13272727272727272,0.8672727272727273,0.0
culver,0.1,rayleigh,6.0,catosg,0.8466425654545454,0.023999999999999997,550,1.0,0.05,0.0,1.0,0.0
culver,0.1,rayleigh,8.0,fixed_L,0.8466425654545454,0.023999999999999997,550,1.0,0.05,,,
culver,0.1,rayleigh,8.0,fixed_F,0.7690167563636363,0.99,550,1.0,0.05,,,
culver,0.1,rayleigh,8.0,feature_ceiling,0.9059019533667091,0.99,550,1.0,0.05,,,
culver,0.1,rayleigh,8.0,oracle_masked,0.8466811327272727,0.020814545454545454,550,1.0,0.05,0.13272727272727272,0.8672727272727273,0.0
culver,0.1,rayleigh,8.0,oracle_lambda,0.8466811327272727,0.020814545454545454,550,1.0,0.05,0.13272727272727272,0.8672727272727273,0.0
culver,0.1,rayleigh,8.0,catosg,0.8466425654545454,0.023999999999999997,550,1.0,0.05,0.0,1.0,0.0
culver,0.1,rayleigh,10.0,fixed_L,0.8466425654545454,0.023999999999999997,550,1.0,0.05,,,
culver,0.1,rayleigh,10.0,fixed_F,0.7690167563636363,0.99,550,1.0,0.05,,,
culver,0.1,rayleigh,10.0,feature_ceiling,0.9059019533667091,0.99,550,1.0,0.05,,,
culver,0.1,rayleigh,10.0,oracle_masked,0.8466811327272727,0.020814545454545454,550,1.0,0.05,0.13272727272727272,0.8672727272727273,0.0
culver,0.1,rayleigh,10.0,oracle_lambda,0.8466811327272727,0.020814545454545454,550,1.0,0.05,0.13272727272727272,0.8672727272727273,0.0
culver,0.1,rayleigh,10.0,catosg,0.8466425654545454,0.023999999999999997,550,1.0,0.05,0.0,1.0,0.0
culver,0.1,rayleigh,12.0,fixed_L,0.8466425654545454,0.023999999999999997,550,1.0,0.05,,,
culver,0.1,rayleigh,12.0,fixed_F,0.7690167563636363,0.99,550,1.0,0.05,,,
culver,0.1,rayleigh,12.0,feature_ceiling,0.9059019533667091,0.99,550,1.0,0.05,,,
culver,0.1,rayleigh,12.0,oracle_masked,0.8466811327272727,0.020814545454545454,550,1.0,0.05,0.13272727272727272,0.8672727272727273,0.0
culver,0.1,rayleigh,12.0,oracle_lambda,0.8466811327272727,0.020814545454545454,550,1.0,0.05,0.13272727272727272,0.8672727272727273,0.0
culver,0.1,rayleigh,12.0,catosg,0.8466425654545454,0.023999999999999997,550,1.0,0.05,0.0,1.0,0.0
culver,0.1,rayleigh,14.0,fixed_L,0.8466425654545454,0.023999999999999997,550,1.0,0.05,,,
culver,0.1,rayleigh,14.0,fixed_F,0.7690167563636363,0.99,550,1.0,0.05,,,
culver,0.1,rayleigh,14.0,feature_ceiling,0.9059019533667091,0.99,550,1.0,0.05,,,
culver,0.1,rayleigh,14.0,oracle_masked,0.8466811327272727,0.020814545454545454,550,1.0,0.05,0.13272727272727272,0.8672727272727273,0.0
culver,0.1,rayleigh,14.0,oracle_lambda,0.8466811327272727,0.020814545454545454,550,1.0,0.05,0.13272727272727272,0.8672727272727273,0.0
culver,0.1,rayleigh,14.0,catosg,0.8466425654545454,0.023999999999999997,550,1.0,0.05,0.0,1.0,0.0
culver,0.1,rayleigh,16.0,fixed_L,0.8466425654545454,0.023999999999999997,550,1.0,0.05,,,
culver,0.1,rayleigh,16.0,fixed_F,0.7690167563636363,0.99,550,1.0,0.05,,,
culver,0.1,rayleigh,16.0,feature_ceiling,0.9059019533667091,0.99,550,1.0,0.05,,,
culver,0.1,rayleigh,16.0,oracle_masked,0.8466811327272727,0.020814545454545454,550,1.0,0.05,0.13272727272727272,0.8672727272727273,0.0
culver,0.1,rayleigh,16.0,oracle_lambda,0.8466811327272727,0.020814545454545454,550,1.0,0.05,0.13272727272727272,0.8672727272727273,0.0
culver,0.1,rayleigh,16.0,catosg,0.8466425654545454,0.023999999999999997,550,1.0,0.05,0.0,1.0,0.0
culver,0.1,rayleigh,18.0,fixed_L,0.8466425654545454,0.023999999999999997,550,1.0,0.05,,,
culver,0.1,rayleigh,18.0,fixed_F,0.7690167563636363,0.99,550,1.0,0.05,,,
culver,0.1,rayleigh,18.0,feature_ceiling,0.9059019533667091,0.99,550,1.0,0.05,,,
culver,0.1,rayleigh,18.0,oracle_masked,0.8466811327272727,0.020814545454545454,550,1.0,0.05,0.13272727272727272,0.8672727272727273,0.0
culver,0.1,rayleigh,18.0,oracle_lambda,0.8466811327272727,0.020814545454545454,550,1.0,0.05,0.13272727272727272,0.8672727272727273,0.0
culver,0.1,rayleigh,18.0,catosg,0.8466425654545454,0.023999999999999997,550,1.0,0.05,0.0,1.0,0.0
culver,0.1,rayleigh,20.0,fixed_L,0.8466425654545454,0.023999999999999997,550,1.0,0.05,,,
culver,0.1,rayleigh,20.0,fixed_F,0.7690167563636363,0.99,550,1.0,0.05,,,
culver,0.1,rayleigh,20.0,feature_ceiling,0.9059019533667091,0.99,550,1.0,0.05,,,
culver,0.1,rayleigh,20.0,oracle_masked,0.8466811327272727,0.020814545454545454,550,1.0,0.05,0.13272727272727272,0.8672727272727273,0.0
culver,0.1,rayleigh,20.0,oracle_lambda,0.8466811327272727,0.020814545454545454,550,1.0,0.05,0.13272727272727272,0.8672727272727273,0.0
culver,0.1,rayleigh,20.0,catosg,0.8466425654545454,0.023999999999999997,550,1.0,0.05,0.0,1.0,0.0
culver,0.2,awgn,0.0,fixed_L,0.8466425654545454,0.023999999999999997,550,1.0,0.02,,,
culver,0.2,awgn,0.0,fixed_F,0.7690167563636363,0.99,550,1.0,0.02,,,
culver,0.2,awgn,0.0,feature_ceiling,0.9059019533667091,0.99,550,1.0,0.02,,,
culver,0.2,awgn,0.0,oracle_masked,0.8466811327272727,0.020814545454545454,550,1.0,0.02,0.13272727272727272,0.8672727272727273,0.0
culver,0.2,awgn,0.0,oracle_lambda,0.8466811327272727,0.020814545454545454,550,1.0,0.02,0.13272727272727272,0.8672727272727273,0.0
culver,0.2,awgn,0.0,catosg,0.8466425654545454,0.023999999999999997,550,1.0,0.02,0.0,1.0,0.0
culver,0.2,awgn,2.0,fixed_L,0.8466425654545454,0.023999999999999997,550,1.0,0.02,,,
culver,0.2,awgn,2.0,fixed_F,0.7690167563636363,0.99,550,1.0,0.02,,,
culver,0.2,awgn,2.0,feature_ceiling,0.9059019533667091,0.99,550,1.0,0.02,,,
culver,0.2,awgn,2.0,oracle_masked,0.8466811327272727,0.020814545454545454,550,1.0,0.02,0.13272727272727272,0.8672727272727273,0.0
culver,0.2,awgn,2.0,oracle_lambda,0.8466811327272727,0.020814545454545454,550,1.0,0.02,0.13272727272727272,0.8672727272727273,0.0
culver,0.2,awgn,2.0,catosg,0.8466425654545454,0.023999999999999997,550,1.0,0.02,0.0,1.0,0.0
culver,0.2,awgn,4.0,fixed_L,0.8466425654545454,0.023999999999999997,550,1.0,0.02,,,
culver,0.2,awgn,4.0,fixed_F,0.7690167563636363,0.99,550,1.0,0.02,,,
culver,0.2,awgn,4.0,feature_ceiling,0.9059019533667091,0.99,550,1.0,0.02,,,
culver,0.2,awgn,4.0,oracle_masked,0.8466811327272727,0.020814545454545454,550,1.0,0.02,0.13272727272727272,0.8672727272727273,0.0
culver,0.2,awgn,4.0,oracle_lambda,0.8466811327272727,0.020814545454545454,550,1.0,0.02,0.13272727272727272,0.8672727272727273,0.0
culver,0.2,awgn,4.0,catosg,0.8466425654545454,0.023999999999999997,550,1.0,0.02,0.0,1.0,0.0
culver,0.2,awgn,6.0,fixed_L,0.8466425654545454,0.023999999999999997,550,1.0,0.02,,,
culver,0.2,awgn,6.0,fixed_F,0.7690167563636363,0.99,550,1.0,0.02,,,
culver,0.2,awgn,6.0,feature_ceiling,0.9059019533667091,0.99,550,1.0,0.02,,,
culver,0.2,awgn,6.0,oracle_masked,0.8466811327272727,0.020814545454545454,550,1.0,0.02,0.13272727272727272,0.8672727272727273,0.0
culver,0.2,awgn,6.0,oracle_lambda,0.8466811327272727,0.020814545454545454,550,1.0,0.02,0.13272727272727272,0.8672727272727273,0.0
culver,0.2,awgn,6.0,catosg,0.8466425654545454,0.023999999999999997,550,1.0,0.02,0.0,1.0,0.0
culver,0.2,awgn,8.0,fixed_L,0.8466425654545454,0.023999999999999997,550,0.4024,0.02,,,
culver,0.2,awgn,8.0,fixed_F,0.8179019836043636,0.99,550,0.4024,0.02,,,
culver,0.2,awgn,8.0,feature_ceiling,0.9059019533667091,0.99,550,0.4024,0.02,,,
culver,0.2,awgn,8.0,oracle_masked,0.8526393657309091,0.2804290909090909,550,0.4024,0.02,0.0,0.7345454545454545,0.26545454545454544
culver,0.2,awgn,8.0,oracle_lambda,0.8514274038152726,0.15511636363636364,550,0.4024,0.02,0.025454545454545455,0.8381818181818181,0.13636363636363635
culver,0.2,awgn,8.0,catosg,0.8466425654545454,0.023999999999999997,550,0.4024,0.02,0.0,1.0,0.0
culver,0.2,awgn,10.0,fixed_L,0.8466425654545454,0.023999999999999997,550,0.0,0.02,,,
culver,0.2,awgn,10.0,fixed_F,0.9059019545454545,0.99,550,0.0,0.02,,,
culver,0.2,awgn,10.0,feature_ceiling,0.9059019533667091,0.99,550,0.0,0.02,,,
culver,0.2,awgn,10.0,oracle_masked,0.908434829090909,0.8336836363636364,550,0.0,0.02,0.0,0.1618181818181818,0.8381818181818181
culver,0.2,awgn,10.0,oracle_lambda,0.9076116327272726,0.7598290909090909,550,0.0,0.02,0.0036363636363636364,0.23454545454545456,0.7618181818181818
culver,0.2,awgn,10.0,catosg,0.8579955036363636,0.17856000000000002,550,0.0,0.02,0.0,0.84,0.16
culver,0.2,awgn,12.0,fixed_L,0.8466425654545454,0.023999999999999997,550,0.0,0.02,,,
culver,0.2,awgn,12.0,fixed_F,0.9059019545454545,0.99,550,0.0,0.02,,,
culver,0.2,awgn,12.0,feature_ceiling,0.9059019533667091,0.99,550,0.0,0.02,,,
culver,0.2,awgn,12.0,oracle_masked,0.908434829090909,0.8336836363636364,550,0.0,0.02,0.0,0.1618181818181818,0.8381818181818181
culver,0.2,awgn,12.0,oracle_lambda,0.9076116327272726,0.7598290909090909,550,0.0,0.02,0.0036363636363636364,0.23454545454545456,0.7618181818181818
culver,0.2,awgn,12.0,catosg,0.8580898654545455,0.18207272727272727,550,0.0,0.02,0.0,0.8363636363636363,0.16363636363636364
culver,0.2,awgn,14.0,fixed_L,0.8466425654545454,0.023999999999999997,550,0.0,0.02,,,
culver,0.2,awgn,14.0,fixed_F,0.9059019545454545,0.99,550,0.0,0.02,,,
culver,0.2,awgn,14.0,feature_ceiling,0.9059019533667091,0.99,550,0.0,0.02,,,
culver,0.2,awgn,14.0,oracle_masked,0.908434829090909,0.8336836363636364,550,0.0,0.02,0.0,0.1618181818181818,0.8381818181818181
culver,0.2,awgn,14.0,oracle_lambda,0.9076116327272726,0.7598290909090909,550,0.0,0.02,0.0036363636363636364,0.23454545454545456,0.7618181818181818
culver,0.2,awgn,14.0,catosg,0.8580898654545455,0.18207272727272727,550,0.0,0.02,0.0,0.8363636363636363,0.16363636363636364
culver,0.2,awgn,16.0,fixed_L,0.8466425654545454,0.023999999999999997,550,0.0,0.02,,,
culver,0.2,awgn,16.0,fixed_F,0.9059019545454545,0.99,550,0.0,0.02,,,
culver,0.2,awgn,16.0,feature_ceiling,0.9059019533667091,0.99,550,0.0,0.02,,,
culver,0.2,awgn,16.0,oracle_masked,0.908434829090909,0.8336836363636364,550,0.0,0.02,0.0,0.1618181818181818,0.8381818181818181
culver,0.2,awgn,16.0,oracle_lambda,0.9076116327272726,0.7598290909090909,550,0.0,0.02,0.0036363636363636364,0.23454545454545456,0.7618181818181818
culver,0.2,awgn,16.0,catosg,0.8580898654545455,0.18207272727272727,550,0.0,0.02,0.0,0.8363636363636363,0.16363636363636364
culver,0.2,awgn,18.0,fixed_L,0.8466425654545454,0.023999999999999997,550,0.0,0.02,,,
culver,0.2,awgn,18.0,fixed_F,0.9059019545454545,0.99,550,0.0,0.02,,,
culver,0.2,awgn,18.0,feature_ceiling,0.9059019533667091,0.99,550,0.0,0.02,,,
culver,0.2,awgn,18.0,oracle_masked,0.908434829090909,0.8336836363636364,550,0.0,0.02,0.0,0.1618181818181818,0.8381818181818181
culver,0.2,awgn,18.0,oracle_lambda,0.9076116327272726,0.7598290909090909,550,0.0,0.02,0.0036363636363636364,0.23454545454545456,0.7618181818181818
culver,0.2,awgn,18.0,catosg,0.8579388272727273,0.17856000000000002,550,0.0,0.02,0.0,0.84,0.16
culver,0.2,awgn,20.0,fixed_L,0.8466425654545454,0.023999999999999997,550,0.0,0.02,,,
culver,0.2,awgn,20.0,fixed_F,0.9059019545454545,0.99,550,0.0,0.02,,,
culver,0.2,awgn,20.0,feature_ceiling,0.9059019533667091,0.99,550,0.0,0.02,,,
culver,0.2,awgn,20.0,oracle_masked,0.908434829090909,0.8336836363636364,550,0.0,0.02,0.0,0.1618181818181818,0.8381818181818181
culver,0.2,awgn,20.0,oracle_lambda,0.9076116327272726,0.7598290909090909,550,0.0,0.02,0.0036363636363636364,0.23454545454545456,0.7618181818181818
culver,0.2,awgn,20.0,catosg,0.8579388272727273,0.17856000000000002,550,0.0,0.02,0.0,0.84,0.16
culver,0.2,rayleigh,0.0,fixed_L,0.8466425654545454,0.023999999999999997,550,1.0,0.02,,,
culver,0.2,rayleigh,0.0,fixed_F,0.7690167563636363,0.99,550,1.0,0.02,,,
culver,0.2,rayleigh,0.0,feature_ceiling,0.9059019533667091,0.99,550,1.0,0.02,,,
culver,0.2,rayleigh,0.0,oracle_masked,0.8466811327272727,0.020814545454545454,550,1.0,0.02,0.13272727272727272,0.8672727272727273,0.0
culver,0.2,rayleigh,0.0,oracle_lambda,0.8466811327272727,0.020814545454545454,550,1.0,0.02,0.13272727272727272,0.8672727272727273,0.0
culver,0.2,rayleigh,0.0,catosg,0.8466425654545454,0.023999999999999997,550,1.0,0.02,0.0,1.0,0.0
culver,0.2,rayleigh,2.0,fixed_L,0.8466425654545454,0.023999999999999997,550,1.0,0.02,,,
culver,0.2,rayleigh,2.0,fixed_F,0.7690167563636363,0.99,550,1.0,0.02,,,
culver,0.2,rayleigh,2.0,feature_ceiling,0.9059019533667091,0.99,550,1.0,0.02,,,
culver,0.2,rayleigh,2.0,oracle_masked,0.8466811327272727,0.020814545454545454,550,1.0,0.02,0.13272727272727272,0.8672727272727273,0.0
culver,0.2,rayleigh,2.0,oracle_lambda,0.8466811327272727,0.020814545454545454,550,1.0,0.02,0.13272727272727272,0.8672727272727273,0.0
culver,0.2,rayleigh,2.0,catosg,0.8466425654545454,0.023999999999999997,550,1.0,0.02,0.0,1.0,0.0
culver,0.2,rayleigh,4.0,fixed_L,0.8466425654545454,0.023999999999999997,550,1.0,0.02,,,
culver,0.2,rayleigh,4.0,fixed_F,0.7690167563636363,0.99,550,1.0,0.02,,,
culver,0.2,rayleigh,4.0,feature_ceiling,0.9059019533667091,0.99,550,1.0,0.02,,,
culver,0.2,rayleigh,4.0,oracle_masked,0.8466811327272727,0.020814545454545454,550,1.0,0.02,0.13272727272727272,0.8672727272727273,0.0
culver,0.2,rayleigh,4.0,oracle_lambda,0.8466811327272727,0.020814545454545454,550,1.0,0.02,0.13272727272727272,0.8672727272727273,0.0
culver,0.2,rayleigh,4.0,catosg,0.8466425654545454,0.023999999999999997,550,1.0,0.02,0.0,1.0,0.0
culver,0.2,rayleigh,6.0,fixed_L,0.8466425654545454,0.023999999999999997,550,1.0,0.02,,,
culver,0.2,rayleigh,6.0,fixed_F,0.7690167563636363,0.99,550,1.0,0.02,,,
culver,0.2,rayleigh,6.0,feature_ceiling,0.9059019533667091,0.99,550,1.0,0.02,,,
culver,0.2,rayleigh,6.0,oracle_masked,0.8466811327272727,0.020814545454545454,550,1.0,0.02,0.13272727272727272,0.8672727272727273,0.0
culver,0.2,rayleigh,6.0,oracle_lambda,0.8466811327272727,0.020814545454545454,550,1.0,0.02,0.13272727272727272,0.8672727272727273,0.0
culver,0.2,rayleigh,6.0,catosg,0.8466425654545454,0.023999999999999997,550,1.0,0.02,0.0,1.0,0.0
culver,0.2,rayleigh,8.0,fixed_L,0.8466425654545454,0.023999999999999997,550,1.0,0.02,,,
culver,0.2,rayleigh,8.0,fixed_F,0.7690167563636363,0.99,550,1.0,0.02,,,
culver,0.2,rayleigh,8.0,feature_ceiling,0.9059019533667091,0.99,550,1.0,0.02,,,
culver,0.2,rayleigh,8.0,oracle_masked,0.8466811327272727,0.020814545454545454,550,1.0,0.02,0.13272727272727272,0.8672727272727273,0.0
culver,0.2,rayleigh,8.0,oracle_lambda,0.8466811327272727,0.020814545454545454,550,1.0,0.02,0.13272727272727272,0.8672727272727273,0.0
culver,0.2,rayleigh,8.0,catosg,0.8466425654545454,0.023999999999999997,550,1.0,0.02,0.0,1.0,0.0
culver,0.2,rayleigh,10.0,fixed_L,0.8466425654545454,0.023999999999999997,550,1.0,0.02,,,
culver,0.2,rayleigh,10.0,fixed_F,0.7690167563636363,0.99,550,1.0,0.02,,,
culver,0.2,rayleigh,10.0,feature_ceiling,0.9059019533667091,0.99,550,1.0,0.02,,,
culver,0.2,rayleigh,10.0,oracle_masked,0.8466811327272727,0.020814545454545454,550,1.0,0.02,0.13272727272727272,0.8672727272727273,0.0
culver,0.2,rayleigh,10.0,oracle_lambda,0.8466811327272727,0.020814545454545454,550,1.0,0.02,0.13272727272727272,0.8672727272727273,0.0
culver,0.2,rayleigh,10.0,catosg,0.8466425654545454,0.023999999999999997,550,1.0,0.02,0.0,1.0,0.0
culver,0.2,rayleigh,12.0,fixed_L,0.8466425654545454,0.023999999999999997,550,1.0,0.02,,,
culver,0.2,rayleigh,12.0,fixed_F,0.7690167563636363,0.99,550,1.0,0.02,,,
culver,0.2,rayleigh,12.0,feature_ceiling,0.9059019533667091,0.99,550,1.0,0.02,,,
culver,0.2,rayleigh,12.0,oracle_masked,0.8466811327272727,0.020814545454545454,550,1.0,0.02,0.13272727272727272,0.8672727272727273,0.0
culver,0.2,rayleigh,12.0,oracle_lambda,0.8466811327272727,0.020814545454545454,550,1.0,0.02,0.13272727272727272,0.8672727272727273,0.0
culver,0.2,rayleigh,12.0,catosg,0.8466425654545454,0.023999999999999997,550,1.0,0.02,0.0,1.0,0.0
culver,0.2,rayleigh,14.0,fixed_L,0.8466425654545454,0.023999999999999997,550,1.0,0.02,,,
culver,0.2,rayleigh,14.0,fixed_F,0.7690167563636363,0.99,550,1.0,0.02,,,
culver,0.2,rayleigh,14.0,feature_ceiling,0.9059019533667091,0.99,550,1.0,0.02,,,
culver,0.2,rayleigh,14.0,oracle_masked,0.8466811327272727,0.020814545454545454,550,1.0,0.02,0.13272727272727272,0.8672727272727273,0.0
culver,0.2,rayleigh,14.0,oracle_lambda,0.8466811327272727,0.020814545454545454,550,1.0,0.02,0.13272727272727272,0.8672727272727273,0.0
culver,0.2,rayleigh,14.0,catosg,0.8466425654545454,0.023999999999999997,550,1.0,0.02,0.0,1.0,0.0
culver,0.2,rayleigh,16.0,fixed_L,0.8466425654545454,0.023999999999999997,550,1.0,0.02,,,
culver,0.2,rayleigh,16.0,fixed_F,0.7690167563636363,0.99,550,1.0,0.02,,,
culver,0.2,rayleigh,16.0,feature_ceiling,0.9059019533667091,0.99,550,1.0,0.02,,,
culver,0.2,rayleigh,16.0,oracle_masked,0.8466811327272727,0.020814545454545454,550,1.0,0.02,0.13272727272727272,0.8672727272727273,0.0
culver,0.2,rayleigh,16.0,oracle_lambda,0.8466811327272727,0.020814545454545454,550,1.0,0.02,0.13272727272727272,0.8672727272727273,0.0
culver,0.2,rayleigh,16.0,catosg,0.8466425654545454,0.023999999999999997,550,1.0,0.02,0.0,1.0,0.0
culver,0.2,rayleigh,18.0,fixed_L,0.8466425654545454,0.023999999999999997,550,1.0,0.02,,,
culver,0.2,rayleigh,18.0,fixed_F,0.7690167563636363,0.99,550,1.0,0.02,,,
culver,0.2,rayleigh,18.0,feature_ceiling,0.9059019533667091,0.99,550,1.0,0.02,,,
culver,0.2,rayleigh,18.0,oracle_masked,0.8466811327272727,0.020814545454545454,550,1.0,0.02,0.13272727272727272,0.8672727272727273,0.0
culver,0.2,rayleigh,18.0,oracle_lambda,0.8466811327272727,0.020814545454545454,550,1.0,0.02,0.13272727272727272,0.8672727272727273,0.0
culver,0.2,rayleigh,18.0,catosg,0.8466425654545454,0.023999999999999997,550,1.0,0.02,0.0,1.0,0.0
culver,0.2,rayleigh,20.0,fixed_L,0.8466425654545454,0.023999999999999997,550,1.0,0.02,,,
culver,0.2,rayleigh,20.0,fixed_F,0.7690167563636363,0.99,550,1.0,0.02,,,
culver,0.2,rayleigh,20.0,feature_ceiling,0.9059019533667091,0.99,550,1.0,0.02,,,
culver,0.2,rayleigh,20.0,oracle_masked,0.8466811327272727,0.020814545454545454,550,1.0,0.02,0.13272727272727272,0.8672727272727273,0.0
culver,0.2,rayleigh,20.0,oracle_lambda,0.8466811327272727,0.020814545454545454,550,1.0,0.02,0.13272727272727272,0.8672727272727273,0.0
culver,0.2,rayleigh,20.0,catosg,0.8466425654545454,0.023999999999999997,550,1.0,0.02,0.0,1.0,0.0
culver,0.3,awgn,0.0,fixed_L,0.8466425654545454,0.023999999999999997,550,1.0,0.0,,,
culver,0.3,awgn,0.0,fixed_F,0.7690167563636363,0.99,550,1.0,0.0,,,
culver,0.3,awgn,0.0,feature_ceiling,0.9059019533667091,0.99,550,1.0,0.0,,,
culver,0.3,awgn,0.0,oracle_masked,0.8466811327272727,0.020814545454545454,550,1.0,0.0,0.13272727272727272,0.8672727272727273,0.0
culver,0.3,awgn,0.0,oracle_lambda,0.8466811327272727,0.020814545454545454,550,1.0,0.0,0.13272727272727272,0.8672727272727273,0.0
culver,0.3,awgn,0.0,catosg,0.8466425654545454,0.023999999999999997,550,1.0,0.0,0.0,1.0,0.0
culver,0.3,awgn,2.0,fixed_L,0.8466425654545454,0.023999999999999997,550,1.0,0.0,,,
culver,0.3,awgn,2.0,fixed_F,0.7690167563636363,0.99,550,1.0,0.0,,,
culver,0.3,awgn,2.0,feature_ceiling,0.9059019533667091,0.99,550,1.0,0.0,,,
culver,0.3,awgn,2.0,oracle_masked,0.8466811327272727,0.020814545454545454,550,1.0,0.0,0.13272727272727272,0.8672727272727273,0.0
culver,0.3,awgn,2.0,oracle_lambda,0.8466811327272727,0.020814545454545454,550,1.0,0.0,0.13272727272727272,0.8672727272727273,0.0
culver,0.3,awgn,2.0,catosg,0.8466425654545454,0.023999999999999997,550,1.0,0.0,0.0,1.0,0.0
culver,0.3,awgn,4.0,fixed_L,0.8466425654545454,0.023999999999999997,550,1.0,0.0,,,
culver,0.3,awgn,4.0,fixed_F,0.7690167563636363,0.99,550,1.0,0.0,,,
culver,0.3,awgn,4.0,feature_ceiling,0.9059019533667091,0.99,550,1.0,0.0,,,
culver,0.3,awgn,4.0,oracle_masked,0.8466811327272727,0.020814545454545454,550,1.0,0.0,0.13272727272727272,0.8672727272727273,0.0
culver,0.3,awgn,4.0,oracle_lambda,0.8466811327272727,0.020814545454545454,550,1.0,0.0,0.13272727272727272,0.8672727272727273,0.0
culver,0.3,awgn,4.0,catosg,0.8466425654545454,0.023999999999999997,550,1.0,0.0,0.0,1.0,0.0
culver,0.3,awgn,6.0,fixed_L,0.8466425654545454,0.023999999999999997,550,1.0,0.0,,,
culver,0.3,awgn,6.0,fixed_F,0.7690167563636363,0.99,550,1.0,0.0,,,
culver,0.3,awgn,6.0,feature_ceiling,0.9059019533667091,0.99,550,1.0,0.0,,,
culver,0.3,awgn,6.0,oracle_masked,0.8466811327272727,0.020814545454545454,550,1.0,0.0,0.13272727272727272,0.8672727272727273,0.0
culver,0.3,awgn,6.0,oracle_lambda,0.8466811327272727,0.020814545454545454,550,1.0,0.0,0.13272727272727272,0.8672727272727273,0.0
culver,0.3,awgn,6.0,catosg,0.8466425654545454,0.023999999999999997,550,1.0,0.0,0.0,1.0,0.0
culver,0.3,awgn,8.0,fixed_L,0.8466425654545454,0.023999999999999997,550,0.4024,0.0,,,
culver,0.3,awgn,8.0,fixed_F,0.8179019836043636,0.99,550,0.4024,0.0,,,
culver,0.3,awgn,8.0,feature_ceiling,0.9059019533667091,0.99,550,0.4024,0.0,,,
culver,0.3,awgn,8.0,oracle_masked,0.8526393657309091,0.2804290909090909,550,0.4024,0.0,0.0,0.7345454545454545,0.26545454545454544
culver,0.3,awgn,8.0,oracle_lambda,0.8526393657309091,0.2804290909090909,550,0.4024,0.0,0.0,0.7345454545454545,0.26545454545454544
culver,0.3,awgn,8.0,catosg,0.8464040583476363,0.039807272727272726,550,0.4024,0.0,0.0,0.9836363636363636,0.016363636363636365
culver,0.3,awgn,10.0,fixed_L,0.8466425654545454,0.023999999999999997,550,0.0,0.0,,,
culver,0.3,awgn,10.0,fixed_F,0.9059019545454545,0.99,550,0.0,0.0,,,
culver,0.3,awgn,10.0,feature_ceiling,0.9059019533667091,0.99,550,0.0,0.0,,,
culver,0.3,awgn,10.0,oracle_masked,0.908434829090909,0.8336836363636364,550,0.0,0.0,0.0,0.1618181818181818,0.8381818181818181
culver,0.3,awgn,10.0,oracle_lambda,0.908434829090909,0.8336836363636364,550,0.0,0.0,0.0,0.1618181818181818,0.8381818181818181
culver,0.3,awgn,10.0,catosg,0.8922679272727273,0.5754981818181818,550,0.0,0.0,0.0,0.4290909090909091,0.5709090909090909
culver,0.3,awgn,12.0,fixed_L,0.8466425654545454,0.023999999999999997,550,0.0,0.0,,,
culver,0.3,awgn,12.0,fixed_F,0.9059019545454545,0.99,550,0.0,0.0,,,
culver,0.3,awgn,12.0,feature_ceiling,0.9059019533667091,0.99,550,0.0,0.0,,,
culver,0.3,awgn,12.0,oracle_masked,0.908434829090909,0.8336836363636364,550,0.0,0.0,0.0,0.1618181818181818,0.8381818181818181
culver,0.3,awgn,12.0,oracle_lambda,0.908434829090909,0.8336836363636364,550,0.0,0.0,0.0,0.1618181818181818,0.8381818181818181
culver,0.3,awgn,12.0,catosg,0.8926790454545455,0.5860363636363636,550,0.0,0.0,0.0,0.41818181818181815,0.5818181818181818
culver,0.3,awgn,14.0,fixed_L,0.8466425654545454,0.023999999999999997,550,0.0,0.0,,,
culver,0.3,awgn,14.0,fixed_F,0.9059019545454545,0.99,550,0.0,0.0,,,
culver,0.3,awgn,14.0,feature_ceiling,0.9059019533667091,0.99,550,0.0,0.0,,,
culver,0.3,awgn,14.0,oracle_masked,0.908434829090909,0.8336836363636364,550,0.0,0.0,0.0,0.1618181818181818,0.8381818181818181
culver,0.3,awgn,14.0,oracle_lambda,0.908434829090909,0.8336836363636364,550,0.0,0.0,0.0,0.1618181818181818,0.8381818181818181
culver,0.3,awgn,14.0,catosg,0.8933776836363636,0.6000872727272727,550,0.0,0.0,0.0,0.4036363636363636,0.5963636363636363
culver,0.3,awgn,16.0,fixed_L,0.8466425654545454,0.023999999999999997,550,0.0,0.0,,,
culver,0.3,awgn,16.0,fixed_F,0.9059019545454545,0.99,550,0.0,0.0,,,
culver,0.3,awgn,16.0,feature_ceiling,0.9059019533667091,0.99,550,0.0,0.0,,,
culver,0.3,awgn,16.0,oracle_masked,0.908434829090909,0.8336836363636364,550,0.0,0.0,0.0,0.1618181818181818,0.8381818181818181
culver,0.3,awgn,16.0,oracle_lambda,0.908434829090909,0.8336836363636364,550,0.0,0.0,0.0,0.1618181818181818,0.8381818181818181
culver,0.3,awgn,16.0,catosg,0.8934969254545454,0.6035999999999999,550,0.0,0.0,0.0,0.4,0.6
culver,0.3,awgn,18.0,fixed_L,0.8466425654545454,0.023999999999999997,550,0.0,0.0,,,
culver,0.3,awgn,18.0,fixed_F,0.9059019545454545,0.99,550,0.0,0.0,,,
culver,0.3,awgn,18.0,feature_ceiling,0.9059019533667091,0.99,550,0.0,0.0,,,
culver,0.3,awgn,18.0,oracle_masked,0.908434829090909,0.8336836363636364,550,0.0,0.0,0.0,0.1618181818181818,0.8381818181818181
culver,0.3,awgn,18.0,oracle_lambda,0.908434829090909,0.8336836363636364,550,0.0,0.0,0.0,0.1618181818181818,0.8381818181818181
culver,0.3,awgn,18.0,catosg,0.89359086,0.6053563636363636,550,0.0,0.0,0.0,0.3981818181818182,0.6018181818181818
culver,0.3,awgn,20.0,fixed_L,0.8466425654545454,0.023999999999999997,550,0.0,0.0,,,
culver,0.3,awgn,20.0,fixed_F,0.9059019545454545,0.99,550,0.0,0.0,,,
culver,0.3,awgn,20.0,feature_ceiling,0.9059019533667091,0.99,550,0.0,0.0,,,
culver,0.3,awgn,20.0,oracle_masked,0.908434829090909,0.8336836363636364,550,0.0,0.0,0.0,0.1618181818181818,0.8381818181818181
culver,0.3,awgn,20.0,oracle_lambda,0.908434829090909,0.8336836363636364,550,0.0,0.0,0.0,0.1618181818181818,0.8381818181818181
culver,0.3,awgn,20.0,catosg,0.8935127181818181,0.6018436363636364,550,0.0,0.0,0.0,0.4018181818181818,0.5981818181818181
culver,0.3,rayleigh,0.0,fixed_L,0.8466425654545454,0.023999999999999997,550,1.0,0.0,,,
culver,0.3,rayleigh,0.0,fixed_F,0.7690167563636363,0.99,550,1.0,0.0,,,
culver,0.3,rayleigh,0.0,feature_ceiling,0.9059019533667091,0.99,550,1.0,0.0,,,
culver,0.3,rayleigh,0.0,oracle_masked,0.8466811327272727,0.020814545454545454,550,1.0,0.0,0.13272727272727272,0.8672727272727273,0.0
culver,0.3,rayleigh,0.0,oracle_lambda,0.8466811327272727,0.020814545454545454,550,1.0,0.0,0.13272727272727272,0.8672727272727273,0.0
culver,0.3,rayleigh,0.0,catosg,0.8466425654545454,0.023999999999999997,550,1.0,0.0,0.0,1.0,0.0
culver,0.3,rayleigh,2.0,fixed_L,0.8466425654545454,0.023999999999999997,550,1.0,0.0,,,
culver,0.3,rayleigh,2.0,fixed_F,0.7690167563636363,0.99,550,1.0,0.0,,,
culver,0.3,rayleigh,2.0,feature_ceiling,0.9059019533667091,0.99,550,1.0,0.0,,,
culver,0.3,rayleigh,2.0,oracle_masked,0.8466811327272727,0.020814545454545454,550,1.0,0.0,0.13272727272727272,0.8672727272727273,0.0
culver,0.3,rayleigh,2.0,oracle_lambda,0.8466811327272727,0.020814545454545454,550,1.0,0.0,0.13272727272727272,0.8672727272727273,0.0
culver,0.3,rayleigh,2.0,catosg,0.8466425654545454,0.023999999999999997,550,1.0,0.0,0.0,1.0,0.0
culver,0.3,rayleigh,4.0,fixed_L,0.8466425654545454,0.023999999999999997,550,1.0,0.0,,,
culver,0.3,rayleigh,4.0,fixed_F,0.7690167563636363,0.99,550,1.0,0.0,,,
culver,0.3,rayleigh,4.0,feature_ceiling,0.9059019533667091,0.99,550,1.0,0.0,,,
culver,0.3,rayleigh,4.0,oracle_masked,0.8466811327272727,0.020814545454545454,550,1.0,0.0,0.13272727272727272,0.8672727272727273,0.0
culver,0.3,rayleigh,4.0,oracle_lambda,0.8466811327272727,0.020814545454545454,550,1.0,0.0,0.13272727272727272,0.8672727272727273,0.0
culver,0.3,rayleigh,4.0,catosg,0.8466425654545454,0.023999999999999997,550,1.0,0.0,0.0,1.0,0.0
culver,0.3,rayleigh,6.0,fixed_L,0.8466425654545454,0.023999999999999997,550,1.0,0.0,,,
culver,0.3,rayleigh,6.0,fixed_F,0.7690167563636363,0.99,550,1.0,0.0,,,
culver,0.3,rayleigh,6.0,feature_ceiling,0.9059019533667091,0.99,550,1.0,0.0,,,
culver,0.3,rayleigh,6.0,oracle_masked,0.8466811327272727,0.020814545454545454,550,1.0,0.0,0.13272727272727272,0.8672727272727273,0.0
culver,0.3,rayleigh,6.0,oracle_lambda,0.8466811327272727,0.020814545454545454,550,1.0,0.0,0.13272727272727272,0.8672727272727273,0.0
culver,0.3,rayleigh,6.0,catosg,0.8466425654545454,0.023999999999999997,550,1.0,0.0,0.0,1.0,0.0
culver,0.3,rayleigh,8.0,fixed_L,0.8466425654545454,0.023999999999999997,550,1.0,0.0,,,
culver,0.3,rayleigh,8.0,fixed_F,0.7690167563636363,0.99,550,1.0,0.0,,,
culver,0.3,rayleigh,8.0,feature_ceiling,0.9059019533667091,0.99,550,1.0,0.0,,,
culver,0.3,rayleigh,8.0,oracle_masked,0.8466811327272727,0.020814545454545454,550,1.0,0.0,0.13272727272727272,0.8672727272727273,0.0
culver,0.3,rayleigh,8.0,oracle_lambda,0.8466811327272727,0.020814545454545454,550,1.0,0.0,0.13272727272727272,0.8672727272727273,0.0
culver,0.3,rayleigh,8.0,catosg,0.8466425654545454,0.023999999999999997,550,1.0,0.0,0.0,1.0,0.0
culver,0.3,rayleigh,10.0,fixed_L,0.8466425654545454,0.023999999999999997,550,1.0,0.0,,,
culver,0.3,rayleigh,10.0,fixed_F,0.7690167563636363,0.99,550,1.0,0.0,,,
culver,0.3,rayleigh,10.0,feature_ceiling,0.9059019533667091,0.99,550,1.0,0.0,,,
culver,0.3,rayleigh,10.0,oracle_masked,0.8466811327272727,0.020814545454545454,550,1.0,0.0,0.13272727272727272,0.8672727272727273,0.0
culver,0.3,rayleigh,10.0,oracle_lambda,0.8466811327272727,0.020814545454545454,550,1.0,0.0,0.13272727272727272,0.8672727272727273,0.0
culver,0.3,rayleigh,10.0,catosg,0.8466425654545454,0.023999999999999997,550,1.0,0.0,0.0,1.0,0.0
culver,0.3,rayleigh,12.0,fixed_L,0.8466425654545454,0.023999999999999997,550,1.0,0.0,,,
culver,0.3,rayleigh,12.0,fixed_F,0.7690167563636363,0.99,550,1.0,0.0,,,
culver,0.3,rayleigh,12.0,feature_ceiling,0.9059019533667091,0.99,550,1.0,0.0,,,
culver,0.3,rayleigh,12.0,oracle_masked,0.8466811327272727,0.020814545454545454,550,1.0,0.0,0.13272727272727272,0.8672727272727273,0.0
culver,0.3,rayleigh,12.0,oracle_lambda,0.8466811327272727,0.020814545454545454,550,1.0,0.0,0.13272727272727272,0.8672727272727273,0.0
culver,0.3,rayleigh,12.0,catosg,0.8466425654545454,0.023999999999999997,550,1.0,0.0,0.0,1.0,0.0
culver,0.3,rayleigh,14.0,fixed_L,0.8466425654545454,0.023999999999999997,550,1.0,0.0,,,
culver,0.3,rayleigh,14.0,fixed_F,0.7690167563636363,0.99,550,1.0,0.0,,,
culver,0.3,rayleigh,14.0,feature_ceiling,0.9059019533667091,0.99,550,1.0,0.0,,,
culver,0.3,rayleigh,14.0,oracle_masked,0.8466811327272727,0.020814545454545454,550,1.0,0.0,0.13272727272727272,0.8672727272727273,0.0
culver,0.3,rayleigh,14.0,oracle_lambda,0.8466811327272727,0.020814545454545454,550,1.0,0.0,0.13272727272727272,0.8672727272727273,0.0
culver,0.3,rayleigh,14.0,catosg,0.8466425654545454,0.023999999999999997,550,1.0,0.0,0.0,1.0,0.0
culver,0.3,rayleigh,16.0,fixed_L,0.8466425654545454,0.023999999999999997,550,1.0,0.0,,,
culver,0.3,rayleigh,16.0,fixed_F,0.7690167563636363,0.99,550,1.0,0.0,,,
culver,0.3,rayleigh,16.0,feature_ceiling,0.9059019533667091,0.99,550,1.0,0.0,,,
culver,0.3,rayleigh,16.0,oracle_masked,0.8466811327272727,0.020814545454545454,550,1.0,0.0,0.13272727272727272,0.8672727272727273,0.0
culver,0.3,rayleigh,16.0,oracle_lambda,0.8466811327272727,0.020814545454545454,550,1.0,0.0,0.13272727272727272,0.8672727272727273,0.0
culver,0.3,rayleigh,16.0,catosg,0.8466425654545454,0.023999999999999997,550,1.0,0.0,0.0,1.0,0.0
culver,0.3,rayleigh,18.0,fixed_L,0.8466425654545454,0.023999999999999997,550,1.0,0.0,,,
culver,0.3,rayleigh,18.0,fixed_F,0.7690167563636363,0.99,550,1.0,0.0,,,
culver,0.3,rayleigh,18.0,feature_ceiling,0.9059019533667091,0.99,550,1.0,0.0,,,
culver,0.3,rayleigh,18.0,oracle_masked,0.8466811327272727,0.020814545454545454,550,1.0,0.0,0.13272727272727272,0.8672727272727273,0.0
culver,0.3,rayleigh,18.0,oracle_lambda,0.8466811327272727,0.020814545454545454,550,1.0,0.0,0.13272727272727272,0.8672727272727273,0.0
culver,0.3,rayleigh,18.0,catosg,0.8466425654545454,0.023999999999999997,550,1.0,0.0,0.0,1.0,0.0
culver,0.3,rayleigh,20.0,fixed_L,0.8466425654545454,0.023999999999999997,550,1.0,0.0,,,
culver,0.3,rayleigh,20.0,fixed_F,0.7690167563636363,0.99,550,1.0,0.0,,,
culver,0.3,rayleigh,20.0,feature_ceiling,0.9059019533667091,0.99,550,1.0,0.0,,,
culver,0.3,rayleigh,20.0,oracle_masked,0.8466811327272727,0.020814545454545454,550,1.0,0.0,0.13272727272727272,0.8672727272727273,0.0
culver,0.3,rayleigh,20.0,oracle_lambda,0.8466811327272727,0.020814545454545454,550,1.0,0.0,0.13272727272727272,0.8672727272727273,0.0
culver,0.3,rayleigh,20.0,catosg,0.8466425654545454,0.023999999999999997,550,1.0,0.0,0.0,1.0,0.0
