metric,mean,std
accuracy,0.9171717171717171,0.01540197038583523
mean_payload,0.08854444444444445,0.011137763832358325
mean_f1,0.8648606741084531,0.006623285212687558
