batch_size,n_trials,total_ms_mean,total_ms_std,total_ms_p50,total_ms_p95,total_ms_p99,per_sample_us_mean,per_sample_us_std,per_sample_us_p50,per_sample_us_p95,per_sample_us_p99
1,2000,52.79363102618663,5.654226538764492,54.70424151280895,59.06207314692438,69.49431604443816,52793.63102618663,5654.226538764492,54704.24151280895,59062.07314692438,69494.31604443816
10,2000,51.04556384838361,5.484622616334573,48.09189200750552,58.36439801059896,68.25117873755516,5104.556384838361,548.4622616334573,4809.189200750552,5836.439801059896,6825.117873755516
100,2000,47.285578928902396,2.825019202301752,46.91259151150007,49.816763926355634,62.63965351594379,472.85578928902396,28.25019202301752,469.1259151150007,498.16763926355634,626.3965351594379
