frame,n_cav,n_box_clean,f1_clean,f1_ideal_p0.001_r0,cw_ideal_p0.001_r0,f1_packet_p0.001_r0,cw_packet_p0.001_r0,f1_ideal_p0.001_r1,cw_ideal_p0.001_r1,f1_packet_p0.001_r1,cw_packet_p0.001_r1,f1_ideal_p0.001_r2,cw_ideal_p0.001_r2,f1_packet_p0.001_r2,cw_packet_p0.001_r2,f1_ideal_p0.001_r3,cw_ideal_p0.001_r3,f1_packet_p0.001_r3,cw_packet_p0.001_r3,f1_ideal_p0.01_r0,cw_ideal_p0.01_r0,f1_packet_p0.01_r0,cw_packet_p0.01_r0,f1_ideal_p0.01_r1,cw_ideal_p0.01_r1,f1_packet_p0.01_r1,cw_packet_p0.01_r1,f1_ideal_p0.01_r2,cw_ideal_p0.01_r2,f1_packet_p0.01_r2,cw_packet_p0.01_r2,f1_ideal_p0.01_r3,cw_ideal_p0.01_r3,f1_packet_p0.01_r3,cw_packet_p0.01_r3,f1_ideal_p0.05_r0,cw_ideal_p0.05_r0,f1_packet_p0.05_r0,cw_packet_p0.05_r0,f1_ideal_p0.05_r1,cw_ideal_p0.05_r1,f1_packet_p0.05_r1,cw_packet_p0.05_r1,f1_ideal_p0.05_r2,cw_ideal_p0.05_r2,f1_packet_p0.05_r2,cw_packet_p0.05_r2,f1_ideal_p0.05_r3,cw_ideal_p0.05_r3,f1_packet_p0.05_r3,cw_packet_p0.05_r3,f1_ideal_p0.1_r0,cw_ideal_p0.1_r0,f1_packet_p0.1_r0,cw_packet_p0.1_r0,f1_ideal_p0.1_r1,cw_ideal_p0.1_r1,f1_packet_p0.1_r1,cw_packet_p0.1_r1,f1_ideal_p0.1_r2,cw_ideal_p0.1_r2,f1_packet_p0.1_r2,cw_packet_p0.1_r2,f1_ideal_p0.1_r3,cw_ideal_p0.1_r3,f1_packet_p0.1_r3,cw_packet_p0.1_r3,f1_ideal_p0.25_r0,cw_ideal_p0.25_r0,f1_packet_p0.25_r0,cw_packet_p0.25_r0,f1_ideal_p0.25_r1,cw_ideal_p0.25_r1,f1_packet_p0.25_r1,cw_packet_p0.25_r1,f1_ideal_p0.25_r2,cw_ideal_p0.25_r2,f1_packet_p0.25_r2,cw_packet_p0.25_r2,f1_ideal_p0.25_r3,cw_ideal_p0.25_r3,f1_packet_p0.25_r3,cw_packet_p0.25_r3,f1_ideal_p0.5_r0,cw_ideal_p0.5_r0,f1_packet_p0.5_r0,cw_packet_p0.5_r0,f1_ideal_p0.5_r1,cw_ideal_p0.5_r1,f1_packet_p0.5_r1,cw_packet_p0.5_r1,f1_ideal_p0.5_r2,cw_ideal_p0.5_r2,f1_packet_p0.5_r2,cw_packet_p0.5_r2,f1_ideal_p0.5_r3,cw_ideal_p0.5_r3,f1_packet_p0.5_r3,cw_packet_p0.5_r3,f1_ideal_p0.75_r0,cw_ideal_p0.75_r0,f1_packet_p0.75_r0,cw_packet_p0.75_r0,f1_ideal_p0.75_r1,cw_ideal_p0.75_r1,f1_packet_p0.75_r1,cw_packet_p0.75_r1,f1_ideal_p0.75_r2,cw_ideal_p0.75_r2,f1_packet_p0.75_r2,cw_packet_p0.75_r2,f1_ideal_p0.75_r3,cw_ideal_p0.75_r3,f1_packet_p0.75_r3,cw_packet_p0.75_r3,f1_ideal_p0.9_r0,cw_ideal_p0.9_r0,f1_packet_p0.9_r0,cw_packet_p0.9_r0,f1_ideal_p0.9_r1,cw_ideal_p0.9_r1,f1_packet_p0.9_r1,cw_packet_p0.9_r1,f1_ideal_p0.9_r2,cw_ideal_p0.9_r2,f1_packet_p0.9_r2,cw_packet_p0.9_r2,f1_ideal_p0.9_r3,cw_ideal_p0.9_r3,f1_packet_p0.9_r3,cw_packet_p0.9_r3,f1_p1.0,n_box_p1.0,f1_ego
0,2,23,0.9787234042553191,0.9787234042553191,12,0.9787234042553191,28,0.9787234042553191,14,0.9787234042553191,14,0.9787234042553191,10,0.9787234042553191,10,0.9787234042553191,5,0.9787234042553191,5,0.9787234042553191,107,0.9787234042553191,278,0.9787234042553191,133,0.9787234042553191,243,0.9787234042553191,127,0.9787234042553191,267,0.9787234042553191,135,0.9787234042553191,225,0.9787234042553191,680,0.9787234042553191,1231,0.9787234042553191,674,0.9787234042553191,1342,1.0,624,0.9583333333333334,1312,0.9787234042553191,606,0.888888888888889,1112,0.9787234042553191,1265,0.9583333333333334,2292,0.9787234042553191,1237,0.9787234042553191,2108,1.0,1250,0.9787234042553191,2152,0.9787234042553191,1259,0.9130434782608695,2355,0.9565217391304348,3129,0.9565217391304348,5358,0.9090909090909091,3148,0.9333333333333333,5359,0.8936170212765957,3110,0.9361702127659574,5337,0.9166666666666666,3187,0.9787234042553191,5308,0.9130434782608695,6271,0.9333333333333333,9129,0.9333333333333333,6337,0.9333333333333333,9239,0.9333333333333333,6278,0.9333333333333333,9307,0.9333333333333333,6161,0.9090909090909091,9253,0.9333333333333333,9383,0.9333333333333333,11578,0.9333333333333333,9438,0.9333333333333333,11578,0.9333333333333333,9407,0.9333333333333333,11724,0.9333333333333333,9363,0.9333333333333333,11590,0.9333333333333333,11351,0.9333333333333333,12366,0.9333333333333333,11271,0.9333333333333333,12367,0.9090909090909091,11338,0.9333333333333333,12380,0.9333333333333333,11285,0.9333333333333333,12347,0.9333333333333333,21,0.9333333333333333
1,2,23,0.9787234042553191,0.9787234042553191,8,0.9787234042553191,8,0.9787234042553191,13,0.9787234042553191,13,0.9787234042553191,7,0.9787234042553191,7,0.9787234042553191,10,0.9787234042553191,10,0.9787234042553191,124,0.9787234042553191,251,0.9787234042553191,133,0.9787234042553191,275,0.9787234042553191,144,0.9787234042553191,237,0.9787234042553191,134,0.9787234042553191,246,0.9787234042553191,640,0.9787234042553191,1205,0.9787234042553191,609,0.9787234042553191,1166,0.9565217391304348,592,0.9565217391304348,1274,0.9787234042553191,571,1.0,1000,0.9787234042553191,1267,0.9787234042553191,2417,0.9787234042553191,1249,0.9787234042553191,2379,0.9787234042553191,1241,0.9787234042553191,2167,0.9787234042553191,1267,0.9565217391304348,2394,0.9787234042553191,3189,0.9565217391304348,5643,1.0,3135,0.9565217391304348,5543,0.9565217391304348,3168,0.9787234042553191,5041,0.9361702127659574,3224,0.9787234042553191,5658,0.9130434782608695,6237,0.8695652173913043,9333,0.9565217391304348,6285,0.851063829787234,9138,0.9565217391304348,6306,0.888888888888889,9287,0.9565217391304348,6316,0.9333333333333333,9164,0.9333333333333333,9408,0.8695652173913043,11608,0.888888888888889,9448,0.8695652173913043,11695,0.888888888888889,9339,0.888888888888889,11571,0.9361702127659574,9377,0.9130434782608695,11795,0.9130434782608695,11336,0.8695652173913043,12432,0.8695652173913043,11257,0.8695652173913043,12337,0.8695652173913043,11287,0.8695652173913043,12377,0.8695652173913043,11299,0.8695652173913043,12378,0.8695652173913043,22,0.8695652173913043
2,2,24,1.0,1.0,12,1.0,12,1.0,9,1.0,9,1.0,11,1.0,11,1.0,11,1.0,27,1.0,116,1.0,258,1.0,117,1.0,228,1.0,137,1.0,264,1.0,113,1.0,224,1.0,615,1.0,1257,1.0,618,1.0,1196,1.0,624,1.0,1114,1.0,629,1.0,1202,1.0,1268,1.0,2276,1.0,1185,1.0,2114,1.0,1298,0.9583333333333334,2420,0.9565217391304348,1200,0.9361702127659574,2272,0.9787234042553191,3138,0.9166666666666666,5412,1.0,3116,0.9583333333333334,5121,1.0,3126,0.9583333333333334,5564,0.9583333333333334,3159,0.888888888888889,5519,0.9565217391304348,6315,0.888888888888889,9358,0.9361702127659574,6354,0.9333333333333333,9238,0.9787234042553191,6256,0.9787234042553191,9394,0.9565217391304348,6241,0.9361702127659574,9009,0.9361702127659574,9344,0.9361702127659574,11690,0.9565217391304348,9398,0.9361702127659574,11644,0.9333333333333333,9387,0.9361702127659574,11605,0.9130434782608695,9455,0.9565217391304348,11679,0.9333333333333333,11299,0.9361702127659574,12337,0.9565217391304348,11331,0.9361702127659574,12362,0.9333333333333333,11336,0.9361702127659574,12358,0.9565217391304348,11294,0.9361702127659574,12361,0.9361702127659574,23,0.9565217391304348
3,2,24,1.0,1.0,10,1.0,10,1.0,19,1.0,35,1.0,4,1.0,4,1.0,15,1.0,47,1.0,121,1.0,232,1.0,118,1.0,260,1.0,122,1.0,186,1.0,123,1.0,330,1.0,625,0.9787234042553191,1234,0.9787234042553191,640,0.9787234042553191,1221,1.0,579,1.0,952,1.0,641,1.0,1190,0.9583333333333334,1256,0.9787234042553191,2438,1.0,1301,0.9787234042553191,2358,1.0,1226,0.9361702127659574,2074,0.9787234042553191,1292,0.9565217391304348,2368,0.9787234042553191,3064,0.9361702127659574,5416,0.9787234042553191,3114,0.9565217391304348,5365,0.9787234042553191,3187,0.9361702127659574,5751,0.9361702127659574,3146,0.8936170212765957,5495,0.9130434782608695,6342,0.9130434782608695,9080,0.9130434782608695,6295,0.8936170212765957,9224,0.9361702127659574,6286,0.8936170212765957,9207,0.9361702127659574,6317,0.9361702127659574,8907,0.9130434782608695,9479,0.9130434782608695,11733,0.9130434782608695,9461,0.9130434782608695,11761,0.9361702127659574,9390,0.9130434782608695,11555,0.9361702127659574,9454,0.9130434782608695,11752,0.9130434782608695,11309,0.9130434782608695,12376,0.9130434782608695,11326,0.9130434782608695,12391,0.8936170212765957,11308,0.9130434782608695,12365,0.9130434782608695,11344,0.9130434782608695,12401,0.9130434782608695,22,0.9130434782608695
4,2,24,0.9583333333333334,0.9583333333333334,8,0.9583333333333334,24,0.9583333333333334,9,0.9583333333333334,25,0.9583333333333334,9,0.9583333333333334,25,0.9583333333333334,12,0.9583333333333334,12,0.9583333333333334,126,0.9583333333333334,206,0.9583333333333334,132,0.9583333333333334,212,0.9583333333333334,119,0.9166666666666666,213,0.9583333333333334,130,0.9583333333333334,334,0.9583333333333334,651,0.9583333333333334,1337,0.9361702127659574,580,0.9361702127659574,1054,0.9583333333333334,628,0.9583333333333334,1249,0.9565217391304348,638,0.9333333333333333,1291,0.9166666666666666,1222,0.9583333333333334,2146,0.9787234042553191,1247,0.9565217391304348,2233,0.9166666666666666,1227,0.9166666666666666,2233,0.9583333333333334,1247,0.9787234042553191,2243,0.9787234042553191,3156,0.9130434782608695,5285,0.9130434782608695,3078,0.888888888888889,5060,0.9130434782608695,3149,0.9565217391304348,5467,0.9130434782608695,3220,0.9361702127659574,5302,0.9583333333333334,6249,0.9333333333333333,9248,0.888888888888889,6252,0.9333333333333333,9163,0.9565217391304348,6281,0.9090909090909091,9238,0.9787234042553191,6337,0.9090909090909091,9347,0.9130434782608695,9448,0.888888888888889,11668,0.9090909090909091,9295,0.888888888888889,11611,0.888888888888889,9460,0.888888888888889,11656,0.9130434782608695,9357,0.888888888888889,11666,0.888888888888889,11370,0.888888888888889,12382,0.9130434782608695,11270,0.888888888888889,12336,0.888888888888889,11306,0.888888888888889,12395,0.888888888888889,11362,0.888888888888889,12361,0.888888888888889,21,0.9090909090909091
5,2,24,1.0,1.0,9,1.0,25,1.0,18,1.0,66,1.0,10,1.0,26,1.0,8,1.0,8,1.0,152,1.0,355,1.0,108,1.0,219,1.0,113,1.0,176,1.0,128,1.0,271,0.9583333333333334,638,0.9583333333333334,1142,0.9787234042553191,571,1.0,1059,1.0,628,1.0,1285,1.0,624,1.0,1030,1.0,1353,0.9361702127659574,2583,1.0,1284,1.0,2545,1.0,1244,1.0,2297,0.9583333333333334,1198,0.9583333333333334,2171,0.9565217391304348,3023,0.9130434782608695,5005,0.9787234042553191,3119,0.9787234042553191,5092,0.9361702127659574,3126,0.9361702127659574,5221,1.0,3119,0.9787234042553191,5315,0.9583333333333334,6354,0.9130434782608695,9352,0.9361702127659574,6323,0.9361702127659574,9175,0.9361702127659574,6252,0.9361702127659574,9109,0.8936170212765957,6207,0.9361702127659574,9149,0.9130434782608695,9491,0.9130434782608695,11602,0.9130434782608695,9421,0.9130434782608695,11629,0.9130434782608695,9407,0.9130434782608695,11597,0.8695652173913043,9431,0.8695652173913043,11624,0.9130434782608695,11289,0.9130434782608695,12410,0.9130434782608695,11235,0.9130434782608695,12334,0.9130434782608695,11300,0.9130434782608695,12385,0.9130434782608695,11298,0.9130434782608695,12389,0.9130434782608695,22,0.9130434782608695
6,2,24,1.0,1.0,19,1.0,19,1.0,8,1.0,8,1.0,10,1.0,26,1.0,8,1.0,24,1.0,140,1.0,314,1.0,110,1.0,284,1.0,151,1.0,327,1.0,127,1.0,239,1.0,644,1.0,1273,0.9361702127659574,587,0.9130434782608695,1051,0.9787234042553191,610,0.9787234042553191,1106,0.9787234042553191,624,0.9787234042553191,1157,1.0,1311,1.0,2356,0.9787234042553191,1318,0.9787234042553191,2616,0.9787234042553191,1210,1.0,2174,1.0,1269,1.0,2197,0.9565217391304348,3147,0.9565217391304348,5470,0.9787234042553191,3193,0.9787234042553191,5345,0.9361702127659574,3218,0.9565217391304348,5530,0.9787234042553191,3088,0.9787234042553191,5523,0.9565217391304348,6232,0.9090909090909091,9205,0.9565217391304348,6283,0.9333333333333333,9364,0.9333333333333333,6300,0.9333333333333333,9337,0.8636363636363635,6323,0.9090909090909091,9123,0.9090909090909091,9375,0.9090909090909091,11637,0.9565217391304348,9331,0.9090909090909091,11561,0.9565217391304348,9422,0.9090909090909091,11568,0.9333333333333333,9442,0.9090909090909091,11702,0.9090909090909091,11365,0.9090909090909091,12379,0.9333333333333333,11293,0.9333333333333333,12383,0.9090909090909091,11301,0.9090909090909091,12362,0.9090909090909091,11311,0.9090909090909091,12377,0.9090909090909091,20,0.9090909090909091
7,2,24,1.0,1.0,8,1.0,24,1.0,12,1.0,12,1.0,19,1.0,51,1.0,14,1.0,46,1.0,123,1.0,267,1.0,124,1.0,268,1.0,102,1.0,213,1.0,131,1.0,210,1.0,640,1.0,1293,1.0,644,1.0,1228,0.9787234042553191,626,0.9787234042553191,1213,1.0,654,1.0,1287,1.0,1277,1.0,2365,1.0,1281,1.0,2224,0.9787234042553191,1255,0.9787234042553191,2406,0.9795918367346939,1244,0.9583333333333334,2144,1.0,3048,0.9787234042553191,5191,1.0,3186,0.9787234042553191,5225,0.9565217391304348,3194,0.9565217391304348,5789,0.9565217391304348,3109,0.9333333333333333,5457,0.9787234042553191,6315,0.9333333333333333,9294,0.9333333333333333,6256,0.9333333333333333,9011,0.9565217391304348,6289,0.9565217391304348,9308,0.9565217391304348,6361,0.9333333333333333,9357,0.9565217391304348,9465,0.9333333333333333,11589,0.9333333333333333,9448,0.9333333333333333,11715,0.9333333333333333,9393,0.9333333333333333,11617,0.9361702127659574,9408,0.9333333333333333,11747,0.9333333333333333,11321,0.9333333333333333,12378,0.9333333333333333,11365,0.9333333333333333,12388,0.9333333333333333,11307,0.9333333333333333,12413,0.9333333333333333,11269,0.9333333333333333,12377,0.9333333333333333,21,0.9333333333333333
8,2,23,0.9787234042553191,0.9787234042553191,9,0.9787234042553191,9,0.9787234042553191,12,0.9787234042553191,28,0.9787234042553191,21,0.9787234042553191,53,0.9787234042553191,17,0.9787234042553191,17,0.9787234042553191,129,0.9787234042553191,316,0.9583333333333334,118,0.9583333333333334,261,0.9787234042553191,133,0.9787234042553191,293,0.9787234042553191,131,0.9787234042553191,257,0.9787234042553191,618,0.9787234042553191,1088,0.9787234042553191,654,0.9787234042553191,1252,0.9583333333333334,649,1.0,1224,0.9565217391304348,645,0.9565217391304348,1106,0.9787234042553191,1264,0.9565217391304348,2233,0.9787234042553191,1216,0.9787234042553191,2319,0.9787234042553191,1249,0.9787234042553191,2025,1.0,1266,0.9787234042553191,2264,0.9090909090909091,3195,0.9090909090909091,5430,0.9583333333333334,3197,0.888888888888889,5622,0.9565217391304348,3088,0.9333333333333333,5274,0.9333333333333333,3210,0.9333333333333333,5448,0.9361702127659574,6346,0.8181818181818182,9303,0.9333333333333333,6295,0.8837209302325582,9156,0.9333333333333333,6304,0.8636363636363635,9064,0.888888888888889,6186,0.888888888888889,9125,0.8636363636363635,9421,0.9090909090909091,11550,0.9090909090909091,9322,0.9090909090909091,11616,0.9333333333333333,9406,0.9090909090909091,11699,0.8837209302325582,9359,0.9090909090909091,11617,0.9090909090909091,11313,0.9090909090909091,12371,0.8636363636363635,11380,0.9090909090909091,12428,0.9090909090909091,11280,0.9090909090909091,12397,0.9090909090909091,11285,0.9090909090909091,12332,0.9090909090909091,20,0.888888888888889
9,2,23,0.9787234042553191,0.9787234042553191,11,0.9787234042553191,11,0.9787234042553191,13,0.9787234042553191,13,0.9787234042553191,13,0.9787234042553191,13,0.9787234042553191,9,0.9787234042553191,9,0.9787234042553191,144,0.9787234042553191,283,0.9787234042553191,109,0.9787234042553191,253,0.9787234042553191,152,0.9787234042553191,294,0.9787234042553191,124,0.9787234042553191,268,0.9787234042553191,658,0.9787234042553191,1282,0.9361702127659574,647,0.9361702127659574,1265,0.9787234042553191,630,0.8636363636363635,1192,0.9787234042553191,664,0.9787234042553191,1131,0.9787234042553191,1297,0.9787234042553191,2167,0.9787234042553191,1282,0.9787234042553191,2255,0.9787234042553191,1293,0.9565217391304348,2400,0.9787234042553191,1249,0.9787234042553191,2511,0.9130434782608695,3136,0.9130434782608695,5354,0.9787234042553191,3052,0.9565217391304348,4993,0.9565217391304348,3086,0.8372093023255814,5282,0.9787234042553191,3082,0.9787234042553191,5180,0.9130434782608695,6205,0.888888888888889,9079,0.9130434782608695,6306,0.8695652173913043,9200,0.8636363636363635,6252,0.888888888888889,8952,0.9090909090909091,6420,0.888888888888889,9438,0.8936170212765957,9468,0.888888888888889,11712,0.888888888888889,9456,0.888888888888889,11697,0.9130434782608695,9398,0.888888888888889,11666,0.8636363636363635,9378,0.888888888888889,11631,0.888888888888889,11310,0.888888888888889,12354,0.9565217391304348,11289,0.888888888888889,12377,0.888888888888889,11272,0.888888888888889,12345,0.888888888888889,11324,0.888888888888889,12417,0.888888888888889,21,0.888888888888889
10,2,24,1.0,1.0,15,1.0,31,1.0,8,1.0,24,1.0,14,1.0,14,1.0,18,1.0,50,1.0,143,1.0,254,1.0,120,1.0,215,0.9787234042553191,120,0.9787234042553191,264,1.0,120,1.0,306,0.9787234042553191,624,0.9787234042553191,1188,1.0,673,0.9787234042553191,1266,0.9787234042553191,610,0.9787234042553191,1168,1.0,645,1.0,1175,0.9787234042553191,1265,0.9787234042553191,2474,1.0,1264,1.0,2389,1.0,1296,0.9787234042553191,2576,1.0,1215,0.9130434782608695,2349,1.0,3151,1.0,5451,1.0,3202,1.0,5510,1.0,3142,0.9583333333333334,5166,0.9565217391304348,3152,0.9333333333333333,5492,0.9130434782608695,6320,0.888888888888889,9069,0.9130434782608695,6373,0.8695652173913043,9155,0.9565217391304348,6236,0.8636363636363635,9289,0.8695652173913043,6204,0.8444444444444444,9074,0.9130434782608695,9458,0.9130434782608695,11584,0.9565217391304348,9464,0.8444444444444444,11701,0.8444444444444444,9375,0.8444444444444444,11617,0.9130434782608695,9505,0.8444444444444444,11711,0.8444444444444444,11279,0.8444444444444444,12382,0.8444444444444444,11362,0.8444444444444444,12383,0.8444444444444444,11316,0.8444444444444444,12330,0.888888888888889,11342,0.8444444444444444,12392,0.8444444444444444,21,0.8444444444444444
11,2,23,0.9787234042553191,0.9787234042553191,11,0.9787234042553191,11,0.9787234042553191,16,0.9787234042553191,32,0.9787234042553191,12,0.9787234042553191,44,0.9787234042553191,7,0.9787234042553191,23,0.9787234042553191,124,0.9787234042553191,251,0.9787234042553191,122,0.9787234042553191,298,0.9787234042553191,118,0.9787234042553191,181,0.9787234042553191,119,0.9787234042553191,215,0.9565217391304348,610,0.9565217391304348,1085,0.9787234042553191,610,0.9787234042553191,901,0.9787234042553191,593,0.9787234042553191,1180,0.9787234042553191,627,0.9565217391304348,1329,0.8695652173913043,1217,0.9361702127659574,2248,0.9565217391304348,1208,0.9090909090909091,2359,0.9361702127659574,1231,0.9361702127659574,2365,0.9333333333333333,1229,0.9333333333333333,2417,0.9565217391304348,3164,0.9565217391304348,5397,0.9130434782608695,3118,0.9130434782608695,5388,0.9565217391304348,3098,0.9333333333333333,5220,0.9333333333333333,3108,0.9130434782608695,5386,0.9130434782608695,6318,0.9090909090909091,9450,0.9130434782608695,6238,0.9333333333333333,9321,0.9090909090909091,6274,0.9090909090909091,9371,0.9565217391304348,6434,0.9333333333333333,9358,0.9333333333333333,9454,0.9090909090909091,11695,0.9090909090909091,9446,0.9090909090909091,11675,0.888888888888889,9420,0.9090909090909091,11738,0.888888888888889,9456,0.9090909090909091,11609,0.9090909090909091,11270,0.9090909090909091,12363,0.9090909090909091,11337,0.9090909090909091,12400,0.9090909090909091,11245,0.9090909090909091,12366,0.9090909090909091,11315,0.9090909090909091,12362,0.9090909090909091,20,0.9090909090909091
12,2,24,1.0,1.0,10,1.0,26,1.0,6,1.0,6,1.0,10,1.0,10,1.0,7,1.0,7,0.9787234042553191,136,0.9787234042553191,214,1.0,132,1.0,244,0.9787234042553191,135,0.9787234042553191,294,1.0,127,1.0,207,0.9787234042553191,594,0.9787234042553191,1090,0.9787234042553191,613,0.9787234042553191,1293,1.0,615,1.0,1149,0.9787234042553191,636,0.9787234042553191,1125,0.9787234042553191,1304,0.9333333333333333,2172,0.9787234042553191,1248,0.9787234042553191,2239,0.9787234042553191,1273,0.9787234042553191,2440,0.9787234042553191,1278,0.9565217391304348,2348,0.9565217391304348,3189,0.9565217391304348,5817,0.9565217391304348,3097,0.9565217391304348,5386,1.0,3139,0.9565217391304348,5370,0.9565217391304348,3225,0.9333333333333333,5225,0.9787234042553191,6348,0.8837209302325582,9313,0.888888888888889,6202,0.8837209302325582,9324,0.9565217391304348,6210,0.9090909090909091,9228,0.9130434782608695,6277,0.9090909090909091,9398,0.9333333333333333,9605,0.8837209302325582,11607,0.9333333333333333,9377,0.8837209302325582,11627,0.8837209302325582,9413,0.9090909090909091,11624,0.8837209302325582,9389,0.8837209302325582,11677,0.9090909090909091,11285,0.8837209302325582,12334,0.8837209302325582,11336,0.8837209302325582,12395,0.9090909090909091,11337,0.8837209302325582,12392,0.8837209302325582,11255,0.8837209302325582,12376,0.8837209302325582,19,0.8837209302325582
13,2,22,0.9565217391304348,0.9565217391304348,12,0.9565217391304348,12,0.9565217391304348,10,0.9565217391304348,10,0.9565217391304348,13,0.9565217391304348,13,0.9565217391304348,18,0.9565217391304348,18,0.9565217391304348,124,0.9565217391304348,220,0.9565217391304348,114,0.9565217391304348,225,0.9565217391304348,101,0.9565217391304348,212,0.9565217391304348,122,0.9565217391304348,233,0.9565217391304348,603,0.9565217391304348,1213,0.9565217391304348,650,0.9565217391304348,1162,0.9565217391304348,652,0.9565217391304348,1259,0.9130434782608695,629,0.9130434782608695,1106,0.9565217391304348,1265,0.9565217391304348,2416,0.9565217391304348,1262,0.9565217391304348,2125,0.9565217391304348,1305,0.9361702127659574,2506,0.9565217391304348,1259,0.9565217391304348,2381,0.888888888888889,3187,0.8444444444444444,5285,0.9090909090909091,3078,0.8636363636363635,5172,0.9565217391304348,3078,0.9565217391304348,5408,0.9565217391304348,3060,0.9565217391304348,5480,0.9565217391304348,6255,0.9130434782608695,9431,0.816326530612245,6071,0.8636363636363635,8889,0.9565217391304348,6320,0.8636363636363635,9253,0.9565217391304348,6273,0.9130434782608695,9325,0.8636363636363635,9444,0.8636363636363635,11590,0.8695652173913043,9395,0.888888888888889,11669,0.9565217391304348,9493,0.9130434782608695,11637,0.8695652173913043,9406,0.888888888888889,11616,0.8636363636363635,11289,0.8636363636363635,12363,0.8636363636363635,11288,0.8636363636363635,12379,0.8636363636363635,11299,0.8636363636363635,12348,0.8444444444444444,11320,0.8636363636363635,12355,0.8636363636363635,20,0.8636363636363635
14,2,23,0.9787234042553191,0.9787234042553191,11,0.9787234042553191,11,0.9787234042553191,14,0.9787234042553191,14,0.9787234042553191,6,0.9787234042553191,6,0.9787234042553191,13,0.9787234042553191,13,0.9787234042553191,116,0.9787234042553191,259,0.9787234042553191,133,0.9787234042553191,196,0.9787234042553191,124,0.9787234042553191,313,0.9787234042553191,138,0.9787234042553191,311,0.9787234042553191,646,0.9787234042553191,1156,0.9787234042553191,623,0.9787234042553191,1034,0.9787234042553191,607,0.9787234042553191,1047,0.9787234042553191,641,0.9787234042553191,1216,1.0,1269,0.9787234042553191,2205,0.9787234042553191,1282,0.9565217391304348,2246,0.9787234042553191,1253,0.9787234042553191,2510,0.9787234042553191,1244,0.9361702127659574,2090,0.9130434782608695,3162,0.9565217391304348,5469,0.9361702127659574,3172,0.9361702127659574,5675,0.9130434782608695,3151,0.9130434782608695,5371,0.9565217391304348,3160,0.9090909090909091,5342,0.9333333333333333,6308,0.9090909090909091,9315,0.9130434782608695,6408,0.888888888888889,9568,0.9565217391304348,6271,0.9090909090909091,9257,0.9565217391304348,6222,0.9090909090909091,9070,0.9333333333333333,9385,0.9333333333333333,11589,0.9090909090909091,9402,0.9090909090909091,11742,0.9333333333333333,9432,0.9090909090909091,11665,0.9333333333333333,9405,0.9090909090909091,11627,0.9090909090909091,11274,0.9090909090909091,12375,0.9090909090909091,11306,0.9090909090909091,12372,0.9090909090909091,11308,0.9090909090909091,12334,0.9333333333333333,11328,0.9090909090909091,12388,0.9090909090909091,20,0.9090909090909091
15,2,23,0.9787234042553191,0.9787234042553191,6,0.9787234042553191,6,0.9787234042553191,17,0.9787234042553191,33,0.9787234042553191,11,0.9787234042553191,11,0.9787234042553191,21,0.9787234042553191,85,0.9787234042553191,130,0.9787234042553191,322,0.9787234042553191,123,0.9787234042553191,200,0.9787234042553191,117,0.9787234042553191,244,0.9787234042553191,131,0.9787234042553191,242,0.9787234042553191,634,0.9787234042553191,1235,0.9787234042553191,602,0.9787234042553191,1076,0.9787234042553191,676,0.9787234042553191,1271,0.9787234042553191,656,0.9787234042553191,1294,0.9787234042553191,1270,0.9361702127659574,2317,0.9787234042553191,1229,0.9787234042553191,2258,0.9787234042553191,1221,0.9787234042553191,2215,0.9787234042553191,1286,0.9787234042553191,2327,0.9565217391304348,3179,0.9565217391304348,5582,0.9787234042553191,3128,0.9787234042553191,5176,0.9787234042553191,3134,0.9090909090909091,5159,0.9565217391304348,3130,0.9333333333333333,5392,0.9565217391304348,6237,0.9565217391304348,9059,0.9565217391304348,6260,0.888888888888889,9385,0.9787234042553191,6323,0.888888888888889,9345,0.9333333333333333,6268,0.9130434782608695,9280,0.9130434782608695,9421,0.9565217391304348,11615,0.9333333333333333,9539,0.888888888888889,11745,0.9565217391304348,9433,0.888888888888889,11597,0.9333333333333333,9462,0.888888888888889,11643,0.9565217391304348,11247,0.888888888888889,12352,0.9090909090909091,11309,0.888888888888889,12390,0.888888888888889,11299,0.888888888888889,12421,0.888888888888889,11344,0.888888888888889,12405,0.888888888888889,21,0.888888888888889
16,2,22,0.9565217391304348,0.9565217391304348,15,0.9565217391304348,15,0.9565217391304348,20,0.9565217391304348,36,0.9565217391304348,16,0.9565217391304348,31,0.9565217391304348,22,0.9565217391304348,70,0.9565217391304348,144,0.9565217391304348,287,0.9565217391304348,126,0.9565217391304348,301,0.9565217391304348,122,0.9565217391304348,264,0.9565217391304348,131,0.9565217391304348,305,0.9565217391304348,592,0.9565217391304348,1152,0.9565217391304348,613,0.9565217391304348,1077,0.9565217391304348,653,0.9565217391304348,1281,0.9565217391304348,640,0.9787234042553191,1323,0.9090909090909091,1200,0.9090909090909091,2257,0.9565217391304348,1237,0.9565217391304348,2228,0.8636363636363635,1205,0.8636363636363635,1937,0.9565217391304348,1252,0.9565217391304348,2202,0.9333333333333333,3135,0.9333333333333333,5356,0.9565217391304348,3172,0.8837209302325582,5379,0.9565217391304348,3221,0.9565217391304348,5513,0.9333333333333333,3140,0.9565217391304348,5352,0.8936170212765957,6286,0.8636363636363635,9207,0.9565217391304348,6282,0.9333333333333333,9148,0.8837209302325582,6302,0.8837209302325582,9267,0.9565217391304348,6194,0.8837209302325582,9058,0.8636363636363635,9440,0.8837209302325582,11723,0.9565217391304348,9352,0.9565217391304348,11557,0.9333333333333333,9417,0.8837209302325582,11672,0.888888888888889,9441,0.8837209302325582,11668,0.9090909090909091,11281,0.8837209302325582,12386,0.8837209302325582,11262,0.8837209302325582,12394,0.9090909090909091,11256,0.8837209302325582,12343,0.8837209302325582,11338,0.8837209302325582,12386,0.8837209302325582,19,0.8837209302325582
17,2,24,1.0,1.0,19,1.0,51,1.0,14,1.0,14,1.0,6,1.0,6,1.0,11,1.0,27,1.0,131,1.0,290,1.0,123,1.0,155,1.0,143,0.9795918367346939,301,1.0,115,1.0,131,1.0,618,1.0,1150,1.0,641,1.0,1155,1.0,633,1.0,1146,1.0,653,1.0,1188,1.0,1277,0.8936170212765957,2378,1.0,1291,1.0,2164,1.0,1262,1.0,2210,1.0,1262,0.9565217391304348,2498,1.0,3155,1.0,5192,0.9787234042553191,3167,0.9565217391304348,5338,1.0,3116,0.9795918367346939,5334,0.9795918367346939,3184,0.9361702127659574,5428,0.888888888888889,6347,0.888888888888889,9190,0.9583333333333334,6261,0.9090909090909091,9170,0.9333333333333333,6272,0.9090909090909091,9222,0.875,6264,0.8936170212765957,9234,0.9090909090909091,9418,0.8695652173913043,11677,0.9333333333333333,9465,0.9130434782608695,11620,0.9583333333333334,9369,0.8695652173913043,11595,0.8936170212765957,9391,0.8936170212765957,11709,0.9130434782608695,11326,0.8695652173913043,12428,0.8695652173913043,11333,0.8695652173913043,12370,0.9130434782608695,11260,0.8695652173913043,12405,0.9565217391304348,11289,0.8695652173913043,12374,0.8695652173913043,22,0.9130434782608695
18,2,24,1.0,1.0,11,1.0,11,1.0,9,1.0,9,1.0,9,1.0,9,1.0,15,1.0,47,1.0,151,1.0,307,1.0,109,1.0,251,1.0,119,1.0,214,1.0,130,1.0,287,1.0,651,1.0,1166,1.0,633,0.9787234042553191,1338,1.0,638,1.0,1212,1.0,622,0.9787234042553191,1304,1.0,1258,1.0,2179,1.0,1204,1.0,2365,1.0,1239,1.0,2431,1.0,1253,0.9333333333333333,2223,0.9787234042553191,3151,0.9787234042553191,5460,0.9787234042553191,3025,0.9787234042553191,5293,1.0,3133,0.9787234042553191,5306,0.9565217391304348,3151,0.9333333333333333,5535,0.9787234042553191,6277,0.9130434782608695,9326,1.0,6387,0.9387755102040817,9440,0.9787234042553191,6257,0.8936170212765957,9239,0.9130434782608695,6315,0.875,9225,0.9130434782608695,9380,0.875,11723,0.9166666666666666,9477,0.875,11712,0.875,9404,0.875,11671,0.9361702127659574,9476,0.875,11703,0.875,11323,0.875,12420,0.9166666666666666,11326,0.875,12376,0.8936170212765957,11283,0.875,12369,0.875,11291,0.875,12378,0.875,24,0.9361702127659574
19,2,24,1.0,1.0,9,1.0,9,1.0,12,1.0,28,1.0,16,1.0,32,1.0,19,1.0,67,1.0,112,1.0,159,1.0,137,1.0,278,1.0,128,1.0,208,1.0,134,1.0,259,1.0,645,1.0,1187,1.0,622,1.0,1155,0.9583333333333334,599,0.9583333333333334,997,0.9583333333333334,609,0.9787234042553191,1188,1.0,1267,0.9583333333333334,2437,1.0,1223,1.0,2350,1.0,1262,1.0,2253,1.0,1254,0.9583333333333334,2443,1.0,3193,0.9787234042553191,5475,0.9787234042553191,3127,0.9583333333333334,5489,1.0,3267,1.0,5820,1.0,3172,1.0,5498,0.9565217391304348,6221,0.9565217391304348,9333,1.0,6259,1.0,9130,1.0,6159,0.9361702127659574,9136,0.9787234042553191,6294,0.9787234042553191,9351,0.9361702127659574,9426,0.9361702127659574,11687,0.9565217391304348,9428,0.9361702127659574,11579,0.9361702127659574,9433,0.9361702127659574,11527,0.9166666666666666,9420,0.9565217391304348,11571,0.9361702127659574,11273,0.9361702127659574,12314,0.9361702127659574,11333,0.9361702127659574,12399,0.9361702127659574,11322,0.9361702127659574,12377,0.9565217391304348,11352,0.9361702127659574,12375,0.9361702127659574,23,0.9361702127659574
20,2,24,1.0,1.0,18,1.0,34,1.0,16,1.0,16,1.0,12,1.0,28,1.0,11,1.0,11,1.0,133,1.0,260,1.0,119,1.0,230,1.0,112,1.0,221,1.0,108,0.9361702127659574,187,1.0,623,1.0,1123,1.0,639,0.9583333333333334,1110,1.0,638,1.0,1171,1.0,612,1.0,1154,1.0,1248,1.0,2287,1.0,1266,1.0,2241,0.9787234042553191,1233,0.8936170212765957,2431,1.0,1256,1.0,2273,1.0,3115,1.0,5529,0.9787234042553191,3142,0.9787234042553191,5390,0.9787234042553191,3087,0.9787234042553191,5483,1.0,3170,0.9583333333333334,5478,0.9583333333333334,6269,0.9583333333333334,9085,0.9361702127659574,6364,0.8979591836734694,9355,0.9361702127659574,6317,0.9787234042553191,9229,0.8936170212765957,6324,0.8936170212765957,9323,0.9361702127659574,9362,0.9166666666666666,11543,0.9166666666666666,9509,0.9166666666666666,11706,0.9130434782608695,9505,0.9166666666666666,11831,0.8936170212765957,9499,0.8936170212765957,11636,0.9166666666666666,11363,0.9166666666666666,12408,0.9166666666666666,11335,0.9166666666666666,12425,0.8936170212765957,11271,0.9166666666666666,12365,0.9361702127659574,11302,0.9166666666666666,12364,0.9166666666666666,24,0.9787234042553191
21,2,24,1.0,1.0,14,1.0,14,1.0,13,1.0,29,1.0,13,1.0,13,1.0,17,1.0,33,1.0,131,1.0,322,1.0,133,1.0,196,1.0,121,1.0,248,1.0,136,1.0,247,1.0,646,0.9583333333333334,1133,1.0,638,1.0,1188,1.0,620,1.0,1139,1.0,665,0.9583333333333334,1228,1.0,1246,1.0,2377,0.9583333333333334,1256,0.9361702127659574,2176,1.0,1269,0.9361702127659574,2333,0.9583333333333334,1300,0.9583333333333334,2147,0.9130434782608695,3110,0.9130434782608695,5261,0.9583333333333334,3130,0.888888888888889,5402,1.0,3130,0.9130434782608695,5401,0.9361702127659574,3208,0.9361702127659574,5115,0.9583333333333334,6189,0.888888888888889,9153,0.9166666666666666,6323,0.9130434782608695,9334,0.9361702127659574,6373,0.8636363636363635,9381,0.9361702127659574,6380,0.888888888888889,9435,0.8636363636363635,9390,0.8636363636363635,11621,0.9130434782608695,9384,0.8636363636363635,11627,0.9130434782608695,9428,0.8636363636363635,11545,0.9361702127659574,9396,0.8695652173913043,11717,0.8636363636363635,11320,0.8636363636363635,12366,0.8636363636363635,11302,0.8636363636363635,12382,0.888888888888889,11281,0.888888888888889,12348,0.888888888888889,11324,0.8636363636363635,12379,0.8636363636363635,20,0.8636363636363635
22,2,24,1.0,1.0,19,1.0,19,1.0,6,1.0,22,1.0,13,1.0,13,1.0,15,1.0,47,1.0,131,1.0,242,1.0,112,1.0,238,1.0,114,1.0,209,1.0,121,1.0,326,0.9787234042553191,629,0.9787234042553191,1227,1.0,596,1.0,1045,1.0,598,1.0,1199,1.0,633,0.9787234042553191,1105,0.9787234042553191,1239,0.9787234042553191,2213,0.9787234042553191,1211,0.9787234042553191,2271,1.0,1255,0.9787234042553191,2590,0.9787234042553191,1251,0.9787234042553191,2135,0.9787234042553191,3102,0.9787234042553191,5105,1.0,3161,0.9583333333333334,5113,0.9565217391304348,3194,0.9565217391304348,5319,0.9787234042553191,3165,0.9583333333333334,5278,0.9565217391304348,6345,0.9333333333333333,9171,0.9333333333333333,6270,0.9333333333333333,9124,0.9333333333333333,6432,0.9565217391304348,9219,0.9565217391304348,6216,0.9333333333333333,9050,0.9130434782608695,9499,0.9333333333333333,11716,0.9130434782608695,9386,0.9333333333333333,11629,0.8936170212765957,9495,0.9130434782608695,11684,0.9333333333333333,9350,0.9333333333333333,11528,0.9333333333333333,11328,0.9333333333333333,12395,0.9565217391304348,11277,0.9333333333333333,12391,0.9333333333333333,11359,0.9333333333333333,12415,0.9333333333333333,11306,0.9333333333333333,12309,0.9333333333333333,21,0.9333333333333333
23,2,25,0.9795918367346939,0.9795918367346939,10,0.9795918367346939,10,0.9795918367346939,17,0.9795918367346939,49,0.9795918367346939,14,0.9795918367346939,14,0.9795918367346939,15,0.9795918367346939,15,0.9387755102040817,135,0.9795918367346939,230,0.9795918367346939,113,0.9795918367346939,318,0.9795918367346939,111,0.9795918367346939,191,0.9795918367346939,128,0.9795918367346939,287,0.9795918367346939,609,0.9795918367346939,1104,0.9795918367346939,613,0.9795918367346939,1092,0.9795918367346939,630,0.9795918367346939,1218,0.9387755102040817,631,0.9387755102040817,1110,0.9795918367346939,1225,0.9387755102040817,2352,0.9795918367346939,1278,0.9387755102040817,2356,0.9387755102040817,1256,0.9387755102040817,2263,0.9387755102040817,1263,0.9387755102040817,2442,0.9166666666666666,3123,0.9583333333333334,5404,0.9387755102040817,3142,0.9387755102040817,5426,0.8979591836734694,3181,0.9199999999999999,5425,0.9795918367346939,3204,0.9600000000000001,5595,0.9583333333333334,6280,0.9583333333333334,9259,0.9387755102040817,6274,0.9387755102040817,9268,0.9583333333333334,6347,0.8936170212765957,9295,0.8936170212765957,6273,0.8333333333333334,9171,0.8627450980392156,9423,0.9166666666666666,11629,0.875,9468,0.9166666666666666,11690,0.9583333333333334,9457,0.875,11748,0.8936170212765957,9443,0.9166666666666666,11682,0.9361702127659574,11301,0.9166666666666666,12421,0.9166666666666666,11266,0.9166666666666666,12352,0.9166666666666666,11223,0.9166666666666666,12331,0.9387755102040817,11243,0.9166666666666666,12349,0.9166666666666666,24,0.9361702127659574
24,2,24,1.0,1.0,13,1.0,13,1.0,11,1.0,11,1.0,11,1.0,11,1.0,12,1.0,28,1.0,115,1.0,194,1.0,128,1.0,269,1.0,122,1.0,217,1.0,117,1.0,243,1.0,646,1.0,1068,1.0,665,1.0,1162,1.0,607,1.0,1097,1.0,593,1.0,1009,1.0,1220,1.0,2320,1.0,1327,1.0,2439,1.0,1254,1.0,2579,1.0,1273,1.0,2225,0.9787234042553191,3215,0.9565217391304348,5519,0.9787234042553191,3173,0.9565217391304348,5397,0.9787234042553191,3110,0.9333333333333333,5335,0.9787234042553191,3219,0.9361702127659574,5419,0.9361702127659574,6462,0.9565217391304348,9444,0.9130434782608695,6302,0.9565217391304348,9291,1.0,6262,0.9565217391304348,9304,0.9130434782608695,6305,0.9787234042553191,9377,0.9565217391304348,9418,0.9565217391304348,11766,0.9787234042553191,9469,0.9565217391304348,11642,0.9565217391304348,9442,0.9565217391304348,11660,0.9787234042553191,9341,0.9565217391304348,11637,0.9565217391304348,11264,0.9565217391304348,12397,0.9565217391304348,11252,0.9565217391304348,12356,0.9565217391304348,11260,0.9565217391304348,12346,0.9565217391304348,11302,0.9565217391304348,12369,0.9565217391304348,22,0.9565217391304348
25,2,24,1.0,1.0,13,1.0,13,1.0,11,1.0,11,1.0,12,1.0,28,1.0,9,1.0,9,1.0,116,1.0,291,1.0,123,1.0,346,1.0,138,1.0,248,1.0,103,1.0,197,1.0,620,0.9787234042553191,1139,1.0,600,1.0,1008,1.0,632,1.0,1209,1.0,589,1.0,1191,1.0,1187,0.9787234042553191,2249,1.0,1225,0.9787234042553191,2266,1.0,1194,1.0,2056,1.0,1257,1.0,2564,0.9583333333333334,3060,0.8936170212765957,5369,1.0,3164,0.9361702127659574,5468,0.9361702127659574,3106,0.9130434782608695,5411,0.9787234042553191,3200,0.9565217391304348,5430,0.9130434782608695,6247,0.9130434782608695,9012,0.8936170212765957,6270,0.875,9232,0.9130434782608695,6217,0.9130434782608695,9144,0.9787234042553191,6285,0.9583333333333334,9077,0.9361702127659574,9459,0.8936170212765957,11623,0.9130434782608695,9374,0.8936170212765957,11665,0.9565217391304348,9490,0.8936170212765957,11742,0.9787234042553191,9390,0.9361702127659574,11610,0.8936170212765957,11350,0.8936170212765957,12409,0.8936170212765957,11325,0.8936170212765957,12349,0.9130434782608695,11264,0.8936170212765957,12362,0.8936170212765957,11274,0.8936170212765957,12308,0.8936170212765957,23,0.9130434782608695
26,2,24,1.0,1.0,14,1.0,14,1.0,10,1.0,42,1.0,16,1.0,16,1.0,14,1.0,46,1.0,120,1.0,199,1.0,133,1.0,196,1.0,119,1.0,276,1.0,134,1.0,277,1.0,613,1.0,1059,1.0,593,0.9583333333333334,1198,1.0,636,1.0,1081,0.9787234042553191,619,0.9787234042553191,1174,0.9787234042553191,1214,1.0,2216,0.9787234042553191,1262,0.9787234042553191,2148,1.0,1268,0.9583333333333334,2166,1.0,1232,1.0,2266,0.9583333333333334,3205,0.9361702127659574,5780,0.9583333333333334,3121,0.9166666666666666,5367,1.0,3120,0.9583333333333334,5476,0.9787234042553191,3073,0.9130434782608695,5244,0.9361702127659574,6244,0.9361702127659574,9091,0.9130434782608695,6287,0.9130434782608695,9548,0.9361702127659574,6285,0.9361702127659574,9167,0.9361702127659574,6258,0.8936170212765957,9246,0.9130434782608695,9321,0.9130434782608695,11594,0.9130434782608695,9384,0.8936170212765957,11634,0.9361702127659574,9488,0.9130434782608695,11666,0.9130434782608695,9390,0.9130434782608695,11607,0.9130434782608695,11293,0.9130434782608695,12394,0.8936170212765957,11337,0.9130434782608695,12387,0.9130434782608695,11265,0.9130434782608695,12354,0.9130434782608695,11346,0.9130434782608695,12375,0.9130434782608695,22,0.9130434782608695
27,2,24,1.0,1.0,11,1.0,27,1.0,6,1.0,6,1.0,16,1.0,16,1.0,17,1.0,33,1.0,107,1.0,218,1.0,120,1.0,357,1.0,110,1.0,142,1.0,114,1.0,224,1.0,627,1.0,1230,1.0,611,1.0,1107,1.0,628,1.0,1241,1.0,646,1.0,1184,0.9583333333333334,1240,0.9583333333333334,2290,0.9361702127659574,1302,0.9583333333333334,2196,0.9361702127659574,1307,0.9361702127659574,2581,1.0,1270,1.0,2495,0.9583333333333334,3151,0.9361702127659574,5365,0.9361702127659574,3011,0.9361702127659574,5297,0.9583333333333334,3149,0.9583333333333334,5404,0.9583333333333334,3215,0.9583333333333334,5566,0.9583333333333334,6227,0.9130434782608695,9331,0.9130434782608695,6368,0.9130434782608695,9477,0.9583333333333334,6303,0.9361702127659574,9272,0.9166666666666666,6287,0.9130434782608695,9213,0.9130434782608695,9443,0.9130434782608695,11691,0.9361702127659574,9469,0.9130434782608695,11633,0.9361702127659574,9301,0.9130434782608695,11679,0.9130434782608695,9376,0.9130434782608695,11671,0.9130434782608695,11307,0.9130434782608695,12404,0.9130434782608695,11344,0.9130434782608695,12367,0.9130434782608695,11283,0.9130434782608695,12361,0.9130434782608695,11267,0.9130434782608695,12363,0.9130434782608695,22,0.8936170212765957
28,2,24,1.0,1.0,15,1.0,47,1.0,14,1.0,46,1.0,14,1.0,14,1.0,11,1.0,27,1.0,127,1.0,207,1.0,120,1.0,200,1.0,123,1.0,281,1.0,135,1.0,275,1.0,650,1.0,1147,1.0,631,1.0,1179,1.0,623,1.0,1003,0.9583333333333334,583,0.9583333333333334,1228,0.9361702127659574,1241,0.9361702127659574,2251,1.0,1254,0.9583333333333334,2215,1.0,1258,1.0,2350,1.0,1287,1.0,2525,0.9130434782608695,3163,0.9130434782608695,5123,1.0,3206,0.9583333333333334,5581,1.0,3137,0.9130434782608695,5321,1.0,3189,0.9583333333333334,5508,0.8936170212765957,6307,0.9361702127659574,9288,0.9583333333333334,6254,0.9583333333333334,9135,0.9361702127659574,6319,0.9130434782608695,9380,1.0,6236,0.9130434782608695,9219,0.9361702127659574,9381,0.9130434782608695,11574,0.9361702127659574,9502,0.9130434782608695,11623,0.9361702127659574,9325,0.9130434782608695,11582,0.9361702127659574,9425,0.9130434782608695,11708,0.9130434782608695,11272,0.9130434782608695,12354,0.9130434782608695,11319,0.9130434782608695,12393,0.9130434782608695,11312,0.9130434782608695,12384,0.9130434782608695,11311,0.9130434782608695,12361,0.9130434782608695,22,0.9130434782608695
29,2,24,1.0,1.0,10,1.0,26,1.0,13,1.0,29,1.0,8,1.0,8,1.0,11,1.0,27,1.0,129,1.0,160,1.0,130,1.0,226,1.0,116,0.9787234042553191,274,1.0,111,1.0,206,1.0,639,1.0,1217,1.0,597,1.0,1144,1.0,621,1.0,1276,1.0,635,1.0,1133,0.9787234042553191,1256,0.8936170212765957,2316,1.0,1229,1.0,2300,1.0,1269,1.0,2113,1.0,1312,1.0,2368,1.0,3213,0.9583333333333334,5467,0.9787234042553191,3116,0.9787234042553191,5430,0.9787234042553191,3230,0.9787234042553191,5663,0.9787234042553191,3076,0.9565217391304348,5291,1.0,6236,1.0,9176,0.9787234042553191,6306,0.9787234042553191,9210,1.0,6350,0.9787234042553191,9217,0.9787234042553191,6287,0.9787234042553191,9197,0.9565217391304348,9466,0.9565217391304348,11632,0.9787234042553191,9370,0.9565217391304348,11580,0.9787234042553191,9375,0.9565217391304348,11650,0.9787234042553191,9504,0.9565217391304348,11728,0.9565217391304348,11357,0.9565217391304348,12397,0.9565217391304348,11300,0.9565217391304348,12374,0.9787234042553191,11286,0.9565217391304348,12396,0.9565217391304348,11322,0.9565217391304348,12406,0.9565217391304348,22,0.9787234042553191
30,2,24,1.0,1.0,12,1.0,28,1.0,7,1.0,7,1.0,18,1.0,18,1.0,13,1.0,13,1.0,146,1.0,304,1.0,112,1.0,222,1.0,112,1.0,207,1.0,123,1.0,219,1.0,625,1.0,1155,0.9583333333333334,662,0.9583333333333334,1315,1.0,660,1.0,1317,1.0,626,1.0,1203,1.0,1258,1.0,2354,1.0,1294,1.0,2230,1.0,1247,1.0,2395,1.0,1229,1.0,2360,1.0,3171,1.0,5377,0.9787234042553191,3221,0.9787234042553191,5397,1.0,3152,1.0,5302,1.0,3160,0.9583333333333334,5287,0.9130434782608695,6262,0.9130434782608695,9109,1.0,6213,1.0,9144,0.9361702127659574,6264,0.9787234042553191,9381,0.9787234042553191,6292,0.9565217391304348,9341,0.9565217391304348,9415,0.9565217391304348,11707,0.9361702127659574,9458,0.9787234042553191,11608,0.9787234042553191,9446,0.9787234042553191,11740,0.9565217391304348,9436,0.9565217391304348,11681,0.9565217391304348,11300,0.9565217391304348,12366,0.9565217391304348,11201,0.9565217391304348,12349,0.9565217391304348,11340,0.9565217391304348,12416,0.9787234042553191,11298,0.9565217391304348,12388,0.9565217391304348,22,0.9565217391304348
31,2,24,1.0,1.0,10,1.0,10,1.0,11,1.0,27,1.0,8,1.0,8,1.0,16,1.0,16,1.0,132,1.0,212,1.0,121,1.0,185,1.0,138,1.0,185,1.0,135,1.0,294,1.0,673,1.0,1312,1.0,615,0.9565217391304348,1187,0.9583333333333334,609,0.9583333333333334,1228,1.0,634,1.0,1278,1.0,1234,1.0,2491,1.0,1259,1.0,2252,1.0,1261,1.0,2365,1.0,1260,1.0,2496,1.0,3247,0.9795918367346939,5663,1.0,3146,1.0,5144,1.0,3030,1.0,5148,0.9787234042553191,3113,0.9787234042553191,5380,1.0,6296,0.9787234042553191,9186,0.9787234042553191,6302,1.0,9181,0.9361702127659574,6309,0.9361702127659574,9243,0.9583333333333334,6364,0.9787234042553191,9432,1.0,9464,0.9787234042553191,11622,0.9787234042553191,9450,0.9787234042553191,11644,0.9583333333333334,9392,0.9787234042553191,11508,0.9787234042553191,9371,0.9787234042553191,11609,0.9787234042553191,11334,0.9787234042553191,12377,1.0,11290,0.9787234042553191,12384,0.9787234042553191,11318,0.9787234042553191,12371,0.9787234042553191,11328,0.9787234042553191,12391,0.9787234042553191,23,0.9787234042553191
32,2,24,1.0,1.0,14,1.0,30,1.0,8,1.0,8,1.0,15,1.0,31,1.0,9,1.0,25,1.0,134,1.0,230,1.0,128,1.0,206,1.0,121,1.0,214,1.0,123,1.0,266,1.0,630,1.0,1155,1.0,641,1.0,1138,1.0,619,1.0,1093,1.0,627,0.9600000000000001,1280,1.0,1231,1.0,2365,1.0,1238,1.0,2078,1.0,1220,0.9583333333333334,2212,1.0,1295,0.9583333333333334,2283,1.0,3091,1.0,5126,1.0,3201,1.0,5480,1.0,3217,1.0,5361,1.0,3066,1.0,5067,1.0,6224,1.0,9459,1.0,6151,0.9787234042553191,9027,1.0,6278,0.9787234042553191,9226,1.0,6326,0.9787234042553191,9222,0.9787234042553191,9410,0.9787234042553191,11541,0.9787234042553191,9431,0.9787234042553191,11568,0.9583333333333334,9452,1.0,11636,0.9787234042553191,9439,0.9787234042553191,11667,0.9787234042553191,11278,0.9787234042553191,12398,0.9787234042553191,11285,0.9787234042553191,12340,0.9787234042553191,11301,0.9787234042553191,12359,0.9787234042553191,11341,0.9787234042553191,12402,0.9787234042553191,23,0.9787234042553191
33,2,24,1.0,1.0,13,1.0,45,1.0,11,1.0,11,1.0,17,1.0,17,1.0,14,1.0,46,0.9787234042553191,120,0.9787234042553191,230,1.0,130,1.0,242,1.0,132,1.0,351,1.0,129,1.0,224,1.0,608,1.0,1263,1.0,648,1.0,1143,1.0,617,1.0,1124,1.0,599,1.0,1098,1.0,1267,1.0,2453,1.0,1257,1.0,2453,1.0,1221,1.0,2198,1.0,1233,1.0,2392,1.0,3160,1.0,5475,0.9565217391304348,3152,1.0,5403,1.0,3152,1.0,5408,1.0,3198,1.0,5547,0.9787234042553191,6257,0.9787234042553191,8984,0.9787234042553191,6233,0.9787234042553191,9238,0.9787234042553191,6273,1.0,9222,1.0,6223,1.0,9087,1.0,9394,0.9787234042553191,11585,0.9795918367346939,9438,0.9787234042553191,11673,1.0,9459,0.9787234042553191,11642,0.9787234042553191,9436,0.9787234042553191,11557,1.0,11312,0.9787234042553191,12367,0.9787234042553191,11252,0.9787234042553191,12360,1.0,11356,0.9787234042553191,12397,0.9787234042553191,11286,0.9787234042553191,12345,0.9787234042553191,23,0.9787234042553191
34,2,24,1.0,1.0,15,1.0,31,1.0,8,1.0,8,1.0,8,1.0,8,1.0,6,1.0,22,1.0,117,1.0,196,1.0,120,1.0,325,1.0,124,1.0,235,1.0,113,1.0,239,1.0,628,1.0,1224,1.0,643,1.0,1224,1.0,662,1.0,1284,1.0,607,1.0,1120,1.0,1325,1.0,2433,1.0,1260,1.0,2450,1.0,1228,1.0,2232,1.0,1237,1.0,2045,1.0,3144,1.0,5461,1.0,3064,0.9583333333333334,5168,1.0,3122,1.0,5130,1.0,3129,1.0,5521,1.0,6292,0.9787234042553191,9223,0.9787234042553191,6244,0.9787234042553191,9164,1.0,6227,0.9787234042553191,9172,1.0,6301,0.9787234042553191,9396,1.0,9358,1.0,11663,0.9787234042553191,9521,0.9787234042553191,11771,1.0,9485,1.0,11616,0.9787234042553191,9468,0.9787234042553191,11775,1.0,11288,0.9787234042553191,12433,1.0,11297,0.9787234042553191,12388,0.9787234042553191,11269,0.9787234042553191,12363,0.9787234042553191,11285,0.9787234042553191,12367,0.9787234042553191,23,0.9787234042553191
35,2,23,0.9787234042553191,0.9787234042553191,11,0.9787234042553191,59,0.9787234042553191,10,0.9787234042553191,42,0.9787234042553191,10,0.9787234042553191,10,0.9787234042553191,8,0.9787234042553191,8,0.9787234042553191,125,0.9787234042553191,251,0.9787234042553191,133,0.9787234042553191,275,0.9787234042553191,131,0.9787234042553191,336,0.9787234042553191,134,0.9787234042553191,198,0.9787234042553191,647,0.9787234042553191,1218,0.9787234042553191,604,0.9787234042553191,1169,0.9787234042553191,636,0.9787234042553191,1019,0.9787234042553191,592,0.9787234042553191,1124,0.9787234042553191,1260,0.9787234042553191,2203,0.9787234042553191,1297,0.9565217391304348,2283,0.9361702127659574,1260,0.9565217391304348,2265,0.9787234042553191,1236,0.9361702127659574,2127,0.9361702127659574,3069,0.9361702127659574,5302,0.9787234042553191,3185,0.9565217391304348,5711,0.9787234042553191,3185,0.9565217391304348,5482,0.9565217391304348,3137,0.9565217391304348,5471,0.9565217391304348,6298,0.9565217391304348,9211,1.0,6273,0.9565217391304348,9266,0.9565217391304348,6341,0.9787234042553191,9309,0.9565217391304348,6341,0.9565217391304348,9175,0.9333333333333333,9448,0.9565217391304348,11568,0.9565217391304348,9436,0.9787234042553191,11579,0.9787234042553191,9338,0.9565217391304348,11526,0.9565217391304348,9431,0.9565217391304348,11585,0.9565217391304348,11323,0.9565217391304348,12384,0.9565217391304348,11310,0.9565217391304348,12386,0.9565217391304348,11310,0.9565217391304348,12366,0.9565217391304348,11347,0.9565217391304348,12394,0.9565217391304348,22,0.9333333333333333
36,2,24,1.0,1.0,12,1.0,12,1.0,15,1.0,31,1.0,16,1.0,32,1.0,16,1.0,16,1.0,119,1.0,247,1.0,117,1.0,163,1.0,121,1.0,200,0.9787234042553191,127,0.9787234042553191,285,1.0,624,1.0,1214,1.0,614,1.0,1064,1.0,651,1.0,1185,1.0,669,0.9583333333333334,1158,1.0,1243,0.9787234042553191,2355,0.9787234042553191,1313,0.9787234042553191,2402,1.0,1224,1.0,2368,0.9787234042553191,1283,0.9787234042553191,2142,0.9787234042553191,3179,0.9787234042553191,5648,0.9583333333333334,3098,0.9583333333333334,5383,0.9361702127659574,3167,0.9361702127659574,5382,0.9787234042553191,3219,0.9565217391304348,5441,0.9565217391304348,6292,0.9565217391304348,9264,0.9787234042553191,6280,0.9787234042553191,9187,0.9583333333333334,6331,0.9583333333333334,9356,0.9565217391304348,6297,0.9361702127659574,9284,0.9565217391304348,9388,0.9565217391304348,11662,0.9565217391304348,9465,0.9361702127659574,11645,0.9565217391304348,9508,0.9565217391304348,11682,0.9565217391304348,9385,0.9565217391304348,11621,0.9565217391304348,11350,0.9565217391304348,12358,0.9565217391304348,11354,0.9565217391304348,12373,0.9565217391304348,11326,0.9565217391304348,12390,0.9565217391304348,11295,0.9565217391304348,12365,0.9565217391304348,22,0.9565217391304348
37,2,22,0.9777777777777777,0.9777777777777777,13,0.9777777777777777,13,0.9777777777777777,7,0.9777777777777777,7,0.9777777777777777,10,0.9777777777777777,26,0.9777777777777777,16,0.9777777777777777,48,1.0,136,1.0,312,0.9777777777777777,125,0.9777777777777777,251,1.0,133,1.0,215,0.9777777777777777,136,0.9777777777777777,231,1.0,623,1.0,1113,0.9545454545454545,631,0.9777777777777777,1388,0.9777777777777777,617,0.9777777777777777,1116,0.9777777777777777,575,0.9777777777777777,1219,1.0,1291,1.0,2466,0.9777777777777777,1238,0.9777777777777777,2129,1.0,1302,0.9777777777777777,2243,1.0,1283,1.0,2318,0.9777777777777777,3074,0.9302325581395349,4846,0.9565217391304348,3190,0.9565217391304348,5597,0.9565217391304348,3179,0.9565217391304348,5300,0.9333333333333332,3163,0.9302325581395349,5578,0.9777777777777777,6216,0.9777777777777777,9277,0.9777777777777777,6245,0.9777777777777777,9160,0.9565217391304348,6275,0.9777777777777777,9303,0.9545454545454545,6321,0.9545454545454545,9119,0.9545454545454545,9395,0.9545454545454545,11783,0.9545454545454545,9424,0.9545454545454545,11686,0.9777777777777777,9457,0.9545454545454545,11575,0.9333333333333332,9465,0.9545454545454545,11624,0.9545454545454545,11283,0.9545454545454545,12379,0.9777777777777777,11377,0.9545454545454545,12370,0.9545454545454545,11281,0.9545454545454545,12399,0.9545454545454545,11308,0.9545454545454545,12363,0.9545454545454545,21,0.9545454545454545
38,2,22,0.9777777777777777,0.9777777777777777,17,0.9777777777777777,17,0.9777777777777777,7,0.9777777777777777,23,0.9777777777777777,13,0.9777777777777777,29,0.9777777777777777,17,0.9777777777777777,33,0.9777777777777777,142,0.9545454545454545,219,0.9777777777777777,123,0.9777777777777777,171,0.9777777777777777,127,0.9777777777777777,238,0.9777777777777777,148,0.9777777777777777,355,1.0,606,1.0,1182,0.9777777777777777,649,0.9777777777777777,1247,1.0,622,1.0,1150,0.9777777777777777,649,0.9777777777777777,1145,0.9545454545454545,1244,0.9545454545454545,2276,0.9545454545454545,1228,0.9545454545454545,2236,0.9545454545454545,1211,0.9302325581395349,2161,0.9777777777777777,1270,0.9777777777777777,2333,0.9777777777777777,3238,0.9777777777777777,5565,0.9777777777777777,3142,0.9302325581395349,5279,1.0,3140,1.0,5322,0.9777777777777777,3151,0.9545454545454545,5202,0.9545454545454545,6256,0.9565217391304348,9340,1.0,6146,1.0,9038,0.9302325581395349,6260,0.9333333333333332,9213,0.9545454545454545,6299,0.9333333333333332,9521,0.9130434782608695,9399,0.9333333333333332,11632,0.9565217391304348,9374,0.9333333333333332,11698,0.9565217391304348,9485,0.9333333333333332,11583,0.9333333333333332,9392,0.9333333333333332,11535,0.9333333333333332,11341,0.9333333333333332,12362,0.9565217391304348,11318,0.9333333333333332,12416,0.9333333333333332,11285,0.9333333333333332,12396,0.9333333333333332,11357,0.9333333333333332,12400,0.9333333333333332,22,0.9333333333333332
39,2,23,1.0,1.0,18,1.0,34,1.0,11,1.0,27,1.0,10,1.0,10,1.0,14,1.0,14,1.0,124,1.0,332,1.0,136,1.0,280,1.0,127,1.0,223,1.0,148,1.0,290,1.0,629,1.0,1139,1.0,644,1.0,1203,1.0,641,1.0,1150,1.0,629,1.0,1272,1.0,1261,1.0,2273,1.0,1216,1.0,2368,1.0,1242,1.0,2034,1.0,1232,0.9777777777777777,2188,1.0,3204,1.0,5242,0.9787234042553191,3173,0.9787234042553191,5544,1.0,3152,1.0,5345,1.0,3030,0.9787234042553191,5320,0.9777777777777777,6336,0.9777777777777777,9116,0.9787234042553191,6262,0.9787234042553191,9361,0.9787234042553191,6349,0.9777777777777777,9091,0.9333333333333332,6297,0.9777777777777777,9377,0.9777777777777777,9448,0.9777777777777777,11715,0.9777777777777777,9465,0.9777777777777777,11650,0.9777777777777777,9479,0.9777777777777777,11622,0.9777777777777777,9347,0.9777777777777777,11649,1.0,11333,0.9777777777777777,12372,0.9777777777777777,11303,0.9777777777777777,12355,0.9777777777777777,11291,0.9777777777777777,12381,0.9777777777777777,11288,0.9777777777777777,12384,0.9777777777777777,22,0.9777777777777777
40,2,22,0.9777777777777777,0.9777777777777777,13,0.9777777777777777,29,0.9777777777777777,16,0.9777777777777777,48,0.9777777777777777,6,0.9777777777777777,6,0.9777777777777777,11,0.9777777777777777,11,0.9777777777777777,140,0.9777777777777777,204,0.9777777777777777,131,0.9777777777777777,323,0.9777777777777777,136,1.0,247,0.9777777777777777,124,0.9777777777777777,218,0.9777777777777777,638,0.9777777777777777,1217,0.9777777777777777,651,1.0,1381,0.9777777777777777,614,1.0,1142,0.9777777777777777,634,0.9777777777777777,1382,0.9777777777777777,1225,0.9777777777777777,2273,0.9777777777777777,1287,0.9777777777777777,2458,0.9777777777777777,1284,0.9777777777777777,2312,0.9777777777777777,1241,1.0,2412,0.9777777777777777,3119,0.9777777777777777,5267,0.9777777777777777,3223,0.9545454545454545,5416,0.9777777777777777,3200,0.9777777777777777,5466,1.0,3169,1.0,5616,0.9777777777777777,6194,1.0,9080,1.0,6296,1.0,9321,0.9545454545454545,6338,0.9777777777777777,9211,1.0,6361,1.0,9459,0.9777777777777777,9442,0.9777777777777777,11654,0.9777777777777777,9344,0.9777777777777777,11609,0.9777777777777777,9484,0.9777777777777777,11694,0.9777777777777777,9397,0.9777777777777777,11686,0.9777777777777777,11349,0.9777777777777777,12368,0.9777777777777777,11260,0.9777777777777777,12378,1.0,11274,0.9777777777777777,12355,1.0,11346,0.9777777777777777,12384,0.9777777777777777,22,0.9777777777777777
41,2,22,0.9777777777777777,0.9777777777777777,9,0.9777777777777777,9,0.9777777777777777,9,0.9777777777777777,9,0.9777777777777777,16,0.9777777777777777,64,0.9777777777777777,6,0.9777777777777777,38,0.9777777777777777,129,0.9777777777777777,271,0.9777777777777777,147,0.9777777777777777,211,0.9777777777777777,112,0.9777777777777777,175,0.9777777777777777,123,0.9777777777777777,171,0.9777777777777777,661,0.9777777777777777,1191,0.9777777777777777,640,0.9777777777777777,1129,0.9777777777777777,630,0.9777777777777777,1160,0.9777777777777777,683,0.9777777777777777,1498,0.9777777777777777,1190,0.9777777777777777,1931,0.9777777777777777,1265,0.9777777777777777,2306,0.9777777777777777,1246,0.9777777777777777,2428,0.9777777777777777,1269,0.9777777777777777,2536,0.9777777777777777,3116,0.9777777777777777,5415,0.9777777777777777,3101,0.9777777777777777,5270,0.9777777777777777,3130,1.0,5304,0.9777777777777777,3101,0.9777777777777777,5142,0.9777777777777777,6220,0.9777777777777777,9020,1.0,6266,1.0,9096,0.9777777777777777,6225,0.9777777777777777,9238,0.9777777777777777,6238,0.9777777777777777,9136,0.9777777777777777,9531,0.9777777777777777,11779,1.0,9530,0.9777777777777777,11680,0.9777777777777777,9405,0.9777777777777777,11478,0.9777777777777777,9397,0.9777777777777777,11657,0.9777777777777777,11317,0.9777777777777777,12400,0.9777777777777777,11366,0.9777777777777777,12376,0.9777777777777777,11240,0.9777777777777777,12349,0.9777777777777777,11366,0.9777777777777777,12395,0.9777777777777777,22,0.9777777777777777
42,2,22,0.9777777777777777,0.9777777777777777,22,0.9777777777777777,38,0.9777777777777777,14,0.9777777777777777,30,0.9777777777777777,13,0.9777777777777777,13,0.9777777777777777,15,0.9777777777777777,31,0.9777777777777777,125,0.9777777777777777,269,0.9777777777777777,141,0.9777777777777777,301,0.9777777777777777,110,0.9777777777777777,221,0.9777777777777777,124,0.9777777777777777,219,0.9777777777777777,626,0.9777777777777777,1308,0.9777777777777777,653,0.9777777777777777,1219,0.9777777777777777,606,0.9565217391304348,1253,0.9777777777777777,638,0.9777777777777777,1130,0.9777777777777777,1277,0.9777777777777777,2429,0.9777777777777777,1312,0.9777777777777777,2383,0.9777777777777777,1283,0.9545454545454545,2260,0.9777777777777777,1266,0.9777777777777777,2354,0.9777777777777777,3058,1.0,5225,0.9777777777777777,3168,0.9777777777777777,5308,0.9777777777777777,3134,0.9565217391304348,5428,0.9545454545454545,3101,0.9545454545454545,5392,1.0,6264,0.9565217391304348,9310,1.0,6282,1.0,9210,1.0,6363,0.9777777777777777,9239,1.0,6300,0.9565217391304348,9128,1.0,9438,0.9777777777777777,11665,1.0,9339,0.9777777777777777,11638,0.9777777777777777,9373,0.9777777777777777,11640,1.0,9415,0.9777777777777777,11694,0.9777777777777777,11266,0.9777777777777777,12352,1.0,11364,0.9777777777777777,12412,0.9777777777777777,11311,0.9777777777777777,12365,0.9166666666666666,11304,0.9777777777777777,12399,0.9777777777777777,22,0.9545454545454545
43,2,23,1.0,1.0,11,1.0,11,1.0,14,1.0,30,1.0,13,1.0,13,1.0,16,1.0,16,1.0,112,1.0,207,1.0,116,1.0,260,1.0,114,1.0,289,1.0,147,1.0,274,1.0,591,1.0,1195,1.0,645,1.0,1192,1.0,660,1.0,1316,1.0,596,1.0,1128,1.0,1245,1.0,2213,1.0,1244,1.0,2161,1.0,1240,1.0,2268,1.0,1248,1.0,2337,1.0,3250,1.0,5611,1.0,3106,1.0,5357,1.0,3129,1.0,5325,1.0,3106,1.0,5335,1.0,6281,0.9777777777777777,9216,1.0,6235,1.0,9080,0.9777777777777777,6363,0.9777777777777777,9363,1.0,6229,1.0,9246,1.0,9414,0.9777777777777777,11625,0.9777777777777777,9414,0.9777777777777777,11553,1.0,9403,0.9777777777777777,11671,0.9777777777777777,9353,0.9777777777777777,11590,1.0,11305,0.9777777777777777,12380,0.9777777777777777,11365,0.9777777777777777,12391,1.0,11291,0.9777777777777777,12339,0.9777777777777777,11306,0.9777777777777777,12373,0.9777777777777777,22,0.9777777777777777
44,2,23,1.0,1.0,15,1.0,31,1.0,8,1.0,8,1.0,13,1.0,29,1.0,8,1.0,24,1.0,127,1.0,316,1.0,129,1.0,257,1.0,139,1.0,266,1.0,129,1.0,271,1.0,592,1.0,1206,0.9565217391304348,663,0.9565217391304348,1163,1.0,613,1.0,1124,1.0,649,1.0,1256,0.9565217391304348,1252,0.9565217391304348,2454,1.0,1270,1.0,2382,0.9565217391304348,1226,0.9565217391304348,2322,1.0,1353,0.9565217391304348,2412,0.9565217391304348,3214,0.8800000000000001,5491,0.9333333333333332,3159,0.9333333333333332,5589,1.0,3082,1.0,5365,0.9565217391304348,3056,0.9565217391304348,5137,0.9583333333333334,6285,0.9565217391304348,9243,1.0,6258,0.9333333333333332,9077,0.9565217391304348,6323,0.9361702127659574,9426,0.9565217391304348,6247,0.9777777777777777,9029,0.9333333333333332,9417,0.9333333333333332,11615,0.9565217391304348,9414,0.9333333333333332,11590,0.9333333333333332,9429,0.9333333333333332,11668,0.9333333333333332,9533,0.9333333333333332,11686,0.9333333333333332,11341,0.9333333333333332,12438,0.9333333333333332,11289,0.9333333333333332,12323,0.9333333333333332,11274,0.9333333333333332,12382,0.9333333333333332,11262,0.9333333333333332,12388,0.9333333333333332,22,0.9333333333333332
45,2,22,0.9777777777777777,0.9777777777777777,7,0.9777777777777777,23,0.9777777777777777,16,0.9777777777777777,48,0.9777777777777777,9,0.9777777777777777,25,0.9777777777777777,13,0.9777777777777777,45,0.9777777777777777,109,0.9777777777777777,253,0.9777777777777777,137,0.9777777777777777,278,0.9777777777777777,108,1.0,172,0.9777777777777777,120,0.9777777777777777,200,0.9333333333333332,639,0.9333333333333332,1255,0.9777777777777777,664,0.9777777777777777,1151,0.9777777777777777,642,0.9777777777777777,1154,0.9777777777777777,600,0.9333333333333332,1093,0.9565217391304348,1232,1.0,2191,0.9777777777777777,1242,0.9777777777777777,2201,1.0,1265,1.0,2251,1.0,1206,0.9333333333333332,2339,0.9333333333333332,3143,0.888888888888889,5292,0.9333333333333332,3202,0.9333333333333332,5420,0.9333333333333332,3102,1.0,5184,1.0,3167,1.0,5334,0.9565217391304348,6274,0.9565217391304348,9200,0.9333333333333332,6282,0.9333333333333332,9046,0.9333333333333332,6380,0.9333333333333332,9190,0.909090909090909,6271,0.909090909090909,9147,0.9333333333333332,9427,0.9333333333333332,11713,0.9333333333333332,9415,0.9333333333333332,11587,0.9565217391304348,9488,0.9333333333333332,11719,0.909090909090909,9452,0.9333333333333332,11596,0.9333333333333332,11290,0.9333333333333332,12365,0.9565217391304348,11326,0.9333333333333332,12358,0.9333333333333332,11348,0.9333333333333332,12363,0.9333333333333332,11265,0.9333333333333332,12357,0.9333333333333332,22,0.9333333333333332
46,2,22,0.9333333333333332,0.9333333333333332,19,0.9333333333333332,67,0.9333333333333332,12,0.9333333333333332,28,0.9333333333333332,12,0.9333333333333332,28,0.9333333333333332,14,0.9333333333333332,30,0.9333333333333332,132,0.9333333333333332,307,0.9333333333333332,122,0.9333333333333332,264,0.9333333333333332,124,0.9333333333333332,169,0.9333333333333332,111,0.9333333333333332,206,0.9333333333333332,626,0.9333333333333332,1225,0.888888888888889,612,0.888888888888889,1070,0.9333333333333332,638,0.9565217391304348,1138,0.9333333333333332,628,0.9333333333333332,1222,0.9333333333333332,1242,0.9333333333333332,2258,0.9333333333333332,1244,0.9333333333333332,2239,0.9333333333333332,1181,0.9565217391304348,2214,0.9333333333333332,1270,0.9333333333333332,2220,0.9333333333333332,3059,0.9333333333333332,5256,0.9333333333333332,3061,0.9333333333333332,5297,0.9333333333333332,3141,0.9333333333333332,5425,0.9333333333333332,3043,0.9565217391304348,5263,0.9565217391304348,6205,0.9565217391304348,8951,0.9565217391304348,6286,0.9333333333333332,9160,0.9565217391304348,6269,0.9565217391304348,9313,0.9333333333333332,6262,0.9333333333333332,9293,0.9333333333333332,9458,0.9333333333333332,11669,0.9333333333333332,9521,0.9333333333333332,11656,0.909090909090909,9528,0.9333333333333332,11675,0.9333333333333332,9457,0.9333333333333332,11696,0.9333333333333332,11298,0.9333333333333332,12394,0.9333333333333332,11294,0.9333333333333332,12414,0.9333333333333332,11388,0.9333333333333332,12396,0.9333333333333332,11314,0.9333333333333332,12383,0.9333333333333332,22,0.909090909090909
47,2,22,0.9333333333333332,0.9333333333333332,23,0.9333333333333332,71,0.9333333333333332,13,0.9333333333333332,13,0.9333333333333332,12,0.9333333333333332,28,0.9333333333333332,13,0.9333333333333332,45,0.9333333333333332,119,0.9565217391304348,247,0.9333333333333332,142,0.9333333333333332,347,0.9333333333333332,125,0.9333333333333332,236,0.9333333333333332,136,0.9333333333333332,357,0.9333333333333332,617,0.9333333333333332,1049,0.9333333333333332,664,0.9333333333333332,1322,0.9333333333333332,633,0.9333333333333332,1280,0.9333333333333332,608,0.9333333333333332,1186,0.9333333333333332,1246,0.9333333333333332,2429,0.909090909090909,1253,0.909090909090909,2385,0.9333333333333332,1269,0.9333333333333332,2058,0.9333333333333332,1290,0.9333333333333332,2093,0.9333333333333332,3130,0.9333333333333332,5232,0.9333333333333332,3107,0.9333333333333332,5242,0.9333333333333332,3158,0.9333333333333332,5433,0.9333333333333332,3137,0.9333333333333332,5408,0.9333333333333332,6279,0.9333333333333332,9366,0.9333333333333332,6324,0.9333333333333332,9299,0.9565217391304348,6199,0.909090909090909,9159,0.9333333333333332,6291,0.909090909090909,9371,0.909090909090909,9465,0.909090909090909,11624,0.9333333333333332,9432,0.909090909090909,11610,0.909090909090909,9401,0.9333333333333332,11671,0.9565217391304348,9365,0.9565217391304348,11595,0.909090909090909,11331,0.9333333333333332,12355,0.909090909090909,11299,0.9333333333333332,12400,0.909090909090909,11275,0.9333333333333332,12361,0.9333333333333332,11261,0.9333333333333332,12359,0.9333333333333332,22,0.909090909090909
48,2,23,0.9565217391304348,0.9565217391304348,9,0.9565217391304348,9,0.9565217391304348,7,0.9565217391304348,7,0.9565217391304348,12,1.0,44,0.9565217391304348,10,0.9565217391304348,10,0.9565217391304348,137,0.9565217391304348,262,0.9565217391304348,132,0.9565217391304348,306,0.9565217391304348,119,0.9565217391304348,214,0.9565217391304348,135,1.0,324,0.9333333333333332,592,0.9333333333333332,1135,1.0,633,0.9565217391304348,1239,0.9565217391304348,595,0.9333333333333332,1175,1.0,611,1.0,1271,0.9565217391304348,1266,0.9565217391304348,2301,1.0,1255,1.0,2281,0.9565217391304348,1225,0.9565217391304348,2255,0.9565217391304348,1242,1.0,2524,0.9777777777777777,3089,1.0,5410,1.0,3135,1.0,5376,0.9565217391304348,3164,0.9333333333333332,5372,1.0,3276,1.0,5665,1.0,6196,0.9130434782608695,9276,0.9565217391304348,6229,0.9565217391304348,9237,0.9787234042553191,6386,0.9361702127659574,9330,1.0,6293,0.9361702127659574,9257,0.9333333333333332,9383,0.9130434782608695,11556,0.9333333333333332,9396,0.9130434782608695,11687,0.9565217391304348,9374,0.9130434782608695,11632,0.9361702127659574,9366,0.9130434782608695,11568,0.9333333333333332,11325,0.9130434782608695,12389,0.9333333333333332,11312,0.9130434782608695,12394,0.9333333333333332,11331,0.9130434782608695,12391,0.9130434782608695,11286,0.9130434782608695,12356,0.9130434782608695,23,0.9333333333333332
49,2,22,0.9777777777777777,0.9777777777777777,10,0.9777777777777777,26,0.9777777777777777,10,0.9777777777777777,10,0.9777777777777777,17,0.9777777777777777,33,0.9777777777777777,15,0.9777777777777777,31,0.9777777777777777,124,0.9777777777777777,235,0.9777777777777777,126,0.9777777777777777,238,0.9777777777777777,141,0.9777777777777777,237,0.9777777777777777,128,0.9777777777777777,271,0.9333333333333332,613,0.9333333333333332,1216,0.9333333333333332,607,0.9333333333333332,1122,0.9545454545454545,568,0.9545454545454545,1090,0.9777777777777777,658,0.9777777777777777,1353,0.9302325581395349,1219,0.9302325581395349,2122,0.9777777777777777,1256,0.9545454545454545,2353,0.9545454545454545,1238,0.9777777777777777,2248,0.9333333333333332,1292,0.9545454545454545,2326,0.9777777777777777,3056,0.9777777777777777,5229,0.9545454545454545,3184,0.9777777777777777,5578,0.9333333333333332,3060,0.9333333333333332,5039,0.9545454545454545,3054,0.9302325581395349,5444,0.9777777777777777,6321,0.9545454545454545,9553,0.9777777777777777,6320,0.9777777777777777,9165,0.9565217391304348,6351,0.9545454545454545,9316,1.0,6246,0.9545454545454545,9346,0.9545454545454545,9407,0.9545454545454545,11556,0.9777777777777777,9495,0.9777777777777777,11618,0.9545454545454545,9338,0.9545454545454545,11552,0.9545454545454545,9479,0.9545454545454545,11624,0.9545454545454545,11226,0.9545454545454545,12324,0.9545454545454545,11321,0.9545454545454545,12405,0.9545454545454545,11312,0.9545454545454545,12348,0.9545454545454545,11332,0.9545454545454545,12368,0.9545454545454545,21,0.9302325581395349
50,2,22,0.9777777777777777,0.9777777777777777,9,0.9777777777777777,9,0.9777777777777777,14,0.9777777777777777,30,0.9777777777777777,14,0.9777777777777777,14,0.9777777777777777,12,0.9777777777777777,28,0.9777777777777777,123,0.9777777777777777,201,0.9777777777777777,126,0.9777777777777777,269,0.9777777777777777,137,0.9777777777777777,248,0.9777777777777777,114,0.9777777777777777,255,0.9777777777777777,617,0.9777777777777777,1098,0.9777777777777777,659,0.9777777777777777,1231,0.9777777777777777,563,0.9777777777777777,1160,0.9777777777777777,656,0.9777777777777777,1188,0.9333333333333332,1268,0.9545454545454545,2180,0.9777777777777777,1312,0.9777777777777777,2284,0.9777777777777777,1217,0.9545454545454545,2331,0.9777777777777777,1214,0.9777777777777777,2389,0.9777777777777777,3013,0.909090909090909,5241,0.9777777777777777,3162,1.0,5135,0.9777777777777777,3080,0.9777777777777777,5331,0.9333333333333332,3137,0.9565217391304348,5523,0.9777777777777777,6321,1.0,9387,0.9777777777777777,6307,0.9545454545454545,9159,0.9777777777777777,6237,0.9777777777777777,9086,0.9333333333333332,6252,0.9565217391304348,9375,0.9777777777777777,9397,0.9545454545454545,11607,1.0,9433,0.9545454545454545,11690,0.9545454545454545,9426,0.9545454545454545,11741,0.9777777777777777,9391,0.9545454545454545,11580,0.9777777777777777,11306,0.9777777777777777,12378,0.9545454545454545,11327,0.9545454545454545,12408,0.9545454545454545,11307,0.9545454545454545,12367,0.9545454545454545,11273,0.9545454545454545,12370,0.9545454545454545,21,0.9302325581395349
51,2,23,1.0,1.0,11,1.0,11,1.0,11,1.0,27,1.0,19,1.0,19,1.0,10,1.0,10,1.0,127,1.0,221,1.0,116,1.0,178,1.0,107,1.0,202,1.0,140,1.0,330,1.0,602,1.0,1100,1.0,595,1.0,1150,1.0,655,0.9777777777777777,1191,1.0,636,1.0,1144,0.9777777777777777,1285,0.9777777777777777,2455,1.0,1299,1.0,2492,1.0,1280,1.0,2472,1.0,1300,1.0,2149,1.0,3019,1.0,5142,1.0,3163,0.9545454545454545,5253,1.0,3223,0.9777777777777777,5328,0.9333333333333332,3122,0.9545454545454545,5581,0.9545454545454545,6272,0.9545454545454545,9056,0.9333333333333332,6260,0.9333333333333332,9150,0.9545454545454545,6302,0.9545454545454545,9260,0.9777777777777777,6341,0.9565217391304348,9249,0.9777777777777777,9410,0.9777777777777777,11592,0.9777777777777777,9433,0.9545454545454545,11613,0.9545454545454545,9407,0.9545454545454545,11742,0.9777777777777777,9389,0.9545454545454545,11513,0.9777777777777777,11286,0.9545454545454545,12378,0.9777777777777777,11371,0.9545454545454545,12403,0.9545454545454545,11304,0.9545454545454545,12383,0.9545454545454545,11300,0.9545454545454545,12374,0.9545454545454545,21,0.9545454545454545
52,2,23,1.0,1.0,21,1.0,69,1.0,13,1.0,13,1.0,13,1.0,13,1.0,10,1.0,10,1.0,133,1.0,352,1.0,116,1.0,243,1.0,101,1.0,179,1.0,135,1.0,278,1.0,652,1.0,1338,1.0,616,1.0,1110,1.0,601,1.0,1088,1.0,661,1.0,1254,1.0,1229,1.0,2313,1.0,1314,1.0,2273,1.0,1273,1.0,2580,1.0,1223,1.0,2144,1.0,3237,1.0,5513,1.0,3137,1.0,5368,1.0,3110,1.0,5211,1.0,3139,0.9130434782608695,5312,0.9565217391304348,6261,0.9333333333333332,9254,1.0,6339,1.0,9176,1.0,6275,0.9565217391304348,9314,1.0,6372,0.9333333333333332,9455,0.9565217391304348,9363,0.9565217391304348,11540,0.9565217391304348,9414,0.9333333333333332,11710,0.9565217391304348,9411,0.9333333333333332,11699,0.9777777777777777,9514,0.9333333333333332,11790,0.9333333333333332,11333,0.9333333333333332,12366,0.9333333333333332,11291,0.9333333333333332,12401,0.9333333333333332,11277,0.9333333333333332,12358,0.9565217391304348,11298,0.9333333333333332,12387,0.9333333333333332,22,0.9565217391304348
53,2,22,0.9777777777777777,0.9777777777777777,14,0.9777777777777777,14,0.9777777777777777,13,0.9777777777777777,29,0.9777777777777777,12,0.9777777777777777,12,0.9777777777777777,9,0.9777777777777777,25,0.9777777777777777,117,0.9777777777777777,229,0.9777777777777777,142,0.9777777777777777,222,0.9777777777777777,129,0.9777777777777777,207,0.9777777777777777,121,0.9777777777777777,217,0.9777777777777777,649,0.9777777777777777,1244,0.9777777777777777,633,0.9777777777777777,1159,0.9777777777777777,636,0.9777777777777777,1181,0.9777777777777777,659,0.9777777777777777,1406,0.9777777777777777,1191,0.9777777777777777,2132,0.9777777777777777,1212,0.9777777777777777,2256,0.9777777777777777,1257,0.9777777777777777,2248,0.9777777777777777,1218,0.9777777777777777,2207,0.9777777777777777,3089,1.0,5235,0.9777777777777777,3180,1.0,5404,1.0,3129,1.0,5181,0.9333333333333332,3136,0.9777777777777777,5280,1.0,6179,1.0,9206,0.9777777777777777,6264,1.0,9148,1.0,6254,1.0,9168,0.9777777777777777,6214,1.0,9184,1.0,9380,1.0,11633,1.0,9455,1.0,11744,1.0,9424,1.0,11618,1.0,9240,1.0,11558,1.0,11267,1.0,12377,1.0,11331,1.0,12359,1.0,11268,1.0,12376,1.0,11257,1.0,12362,1.0,23,1.0
54,2,23,1.0,1.0,13,1.0,29,1.0,12,1.0,28,1.0,14,1.0,30,1.0,16,1.0,80,1.0,104,1.0,152,1.0,119,1.0,277,1.0,101,1.0,133,1.0,126,1.0,253,1.0,597,1.0,1190,1.0,582,1.0,1075,1.0,637,1.0,1230,1.0,580,1.0,950,1.0,1261,1.0,2483,1.0,1257,1.0,2347,1.0,1254,1.0,2193,1.0,1247,1.0,2300,1.0,3161,1.0,5403,1.0,3233,1.0,5644,1.0,3163,1.0,5142,1.0,3207,1.0,5728,1.0,6286,1.0,9201,0.9787234042553191,6319,1.0,9475,1.0,6298,1.0,9303,1.0,6179,1.0,9053,1.0,9433,1.0,11751,1.0,9442,1.0,11635,1.0,9422,1.0,11619,1.0,9409,1.0,11732,1.0,11274,1.0,12353,1.0,11299,1.0,12356,1.0,11310,1.0,12399,1.0,11307,1.0,12393,1.0,23,1.0
55,2,23,1.0,1.0,10,1.0,10,1.0,13,1.0,29,1.0,21,1.0,53,1.0,9,1.0,25,1.0,140,1.0,361,1.0,129,1.0,208,1.0,118,1.0,260,1.0,113,1.0,239,1.0,631,1.0,1029,1.0,571,1.0,1099,1.0,634,1.0,1193,1.0,649,1.0,1182,1.0,1233,1.0,2294,1.0,1260,1.0,2207,1.0,1275,1.0,2236,1.0,1281,1.0,2256,1.0,3066,1.0,5234,1.0,3124,1.0,5443,1.0,3115,1.0,5258,1.0,3160,1.0,5471,0.9787234042553191,6213,1.0,9133,1.0,6184,1.0,9026,1.0,6261,1.0,9313,1.0,6188,1.0,9187,1.0,9388,1.0,11695,0.9787234042553191,9413,1.0,11588,1.0,9371,1.0,11496,1.0,9485,1.0,11761,1.0,11280,1.0,12342,1.0,11342,1.0,12403,1.0,11359,1.0,12382,1.0,11295,1.0,12399,1.0,23,1.0
56,2,23,1.0,1.0,12,1.0,44,1.0,14,1.0,14,1.0,10,1.0,10,1.0,9,1.0,9,1.0,147,1.0,290,1.0,125,1.0,221,1.0,118,1.0,179,1.0,108,1.0,250,1.0,615,1.0,1160,1.0,640,1.0,1291,1.0,644,1.0,1226,1.0,617,1.0,1146,1.0,1282,1.0,2130,1.0,1252,1.0,2373,1.0,1287,1.0,2111,1.0,1317,1.0,2369,1.0,3155,1.0,5426,1.0,3131,0.9583333333333334,5323,1.0,3134,1.0,5581,1.0,3220,1.0,5535,1.0,6292,1.0,9128,1.0,6191,1.0,9030,1.0,6207,1.0,8970,1.0,6231,1.0,9325,1.0,9467,1.0,11737,0.9777777777777777,9445,1.0,11689,1.0,9398,1.0,11571,1.0,9461,1.0,11676,1.0,11292,1.0,12413,1.0,11289,1.0,12375,1.0,11267,1.0,12317,1.0,11275,1.0,12392,1.0,23,1.0
57,2,23,1.0,1.0,10,1.0,42,1.0,13,1.0,13,1.0,8,1.0,8,1.0,10,1.0,10,1.0,112,1.0,255,1.0,127,1.0,190,1.0,113,1.0,240,1.0,124,1.0,186,1.0,651,1.0,1277,1.0,642,1.0,1277,1.0,634,1.0,1230,1.0,615,1.0,1220,1.0,1302,1.0,2406,1.0,1226,1.0,2385,1.0,1259,1.0,2355,1.0,1214,1.0,2331,1.0,3102,1.0,5127,1.0,3223,1.0,5595,1.0,3195,1.0,5507,1.0,3095,1.0,5382,1.0,6277,1.0,9258,0.9777777777777777,6332,0.9777777777777777,9384,1.0,6189,1.0,8978,1.0,6265,1.0,9165,1.0,9489,1.0,11665,1.0,9431,1.0,11594,1.0,9417,1.0,11595,1.0,9437,1.0,11653,0.9777777777777777,11314,1.0,12347,1.0,11392,1.0,12375,1.0,11344,1.0,12363,1.0,11311,1.0,12375,1.0,23,1.0
58,2,23,1.0,1.0,11,1.0,11,1.0,16,1.0,47,1.0,10,1.0,10,1.0,9,1.0,9,1.0,130,1.0,290,1.0,108,1.0,204,1.0,136,1.0,295,1.0,114,1.0,290,1.0,638,0.9565217391304348,1187,1.0,614,1.0,1166,0.9787234042553191,651,0.9787234042553191,1330,1.0,660,1.0,1282,1.0,1224,1.0,2328,1.0,1300,1.0,2612,1.0,1299,1.0,2518,1.0,1287,1.0,2313,1.0,3098,0.9565217391304348,5319,1.0,3200,1.0,5508,1.0,3213,0.9361702127659574,5365,1.0,3135,1.0,5283,0.9361702127659574,6339,0.9565217391304348,9211,1.0,6375,0.9777777777777777,9471,1.0,6248,1.0,9111,0.9787234042553191,6362,0.9787234042553191,9173,0.9333333333333332,9444,0.9565217391304348,11627,1.0,9426,0.9787234042553191,11652,0.9787234042553191,9424,0.9583333333333334,11722,1.0,9372,0.9583333333333334,11611,0.9565217391304348,11355,0.9361702127659574,12373,1.0,11327,0.9583333333333334,12396,0.9361702127659574,11320,0.9583333333333334,12370,0.9787234042553191,11238,0.9583333333333334,12356,0.9583333333333334,25,1.0
59,2,23,1.0,1.0,8,1.0,8,1.0,12,1.0,12,1.0,6,1.0,6,1.0,8,1.0,8,1.0,134,1.0,309,1.0,120,1.0,214,1.0,111,1.0,269,1.0,134,1.0,356,1.0,604,1.0,1120,1.0,602,1.0,1129,1.0,596,1.0,1230,1.0,606,1.0,1193,1.0,1337,1.0,2350,1.0,1286,1.0,2403,1.0,1268,1.0,2474,1.0,1248,1.0,2354,1.0,3256,1.0,5517,1.0,3165,1.0,5469,1.0,3093,0.9777777777777777,5495,1.0,3168,1.0,5599,0.9777777777777777,6319,0.9777777777777777,9365,1.0,6188,1.0,9088,1.0,6289,1.0,9182,1.0,6320,0.9777777777777777,9369,1.0,9410,0.9777777777777777,11604,1.0,9381,0.9777777777777777,11629,0.9777777777777777,9379,0.9777777777777777,11624,1.0,9361,0.9777777777777777,11589,0.9787234042553191,11298,0.9787234042553191,12401,0.9777777777777777,11341,0.9565217391304348,12380,0.9777777777777777,11280,0.9777777777777777,12363,0.9787234042553191,11324,0.9565217391304348,12421,0.9565217391304348,23,1.0
60,2,23,1.0,1.0,9,1.0,9,1.0,13,1.0,13,1.0,12,1.0,12,1.0,18,1.0,66,1.0,131,1.0,258,1.0,116,1.0,259,1.0,138,1.0,234,1.0,110,1.0,126,1.0,649,1.0,1227,1.0,609,1.0,1127,1.0,599,1.0,1099,1.0,590,1.0,1113,1.0,1317,1.0,2452,1.0,1248,1.0,2298,1.0,1203,1.0,2232,1.0,1299,1.0,2410,1.0,3166,1.0,5146,1.0,3130,0.9787234042553191,5122,1.0,3153,1.0,5521,1.0,3101,1.0,5386,1.0,6359,0.9565217391304348,9404,1.0,6287,0.9787234042553191,9352,1.0,6374,0.9777777777777777,9154,1.0,6335,0.92,9514,0.9361702127659574,9436,0.9361702127659574,11673,0.8979591836734695,9413,0.9361702127659574,11652,0.9787234042553191,9399,0.9361702127659574,11570,0.9565217391304348,9431,0.9361702127659574,11652,0.9361702127659574,11352,0.9361702127659574,12344,0.9361702127659574,11336,0.9361702127659574,12401,0.9361702127659574,11362,0.9361702127659574,12381,0.9565217391304348,11365,0.9361702127659574,12424,0.9361702127659574,24,0.9777777777777777
61,2,23,1.0,1.0,14,1.0,14,1.0,20,1.0,52,1.0,13,1.0,13,1.0,13,1.0,13,1.0,121,1.0,293,1.0,116,1.0,179,1.0,125,1.0,220,1.0,116,0.9565217391304348,227,1.0,652,1.0,1257,1.0,640,1.0,1128,1.0,613,1.0,1148,1.0,654,1.0,1392,1.0,1198,1.0,2436,1.0,1271,1.0,2379,1.0,1285,1.0,2496,0.9565217391304348,1261,0.9565217391304348,2339,1.0,3115,1.0,4978,1.0,3155,1.0,5397,1.0,3140,1.0,5344,1.0,3140,1.0,5475,0.9777777777777777,6218,0.9565217391304348,9334,1.0,6308,0.9777777777777777,9350,1.0,6225,0.9565217391304348,9045,1.0,6136,0.9565217391304348,9059,1.0,9373,0.9565217391304348,11626,1.0,9390,0.9565217391304348,11583,0.9777777777777777,9451,0.9565217391304348,11801,0.9565217391304348,9455,0.9565217391304348,11584,0.9777777777777777,11316,0.9565217391304348,12422,0.9787234042553191,11324,0.9565217391304348,12341,0.9565217391304348,11322,0.9565217391304348,12359,0.9565217391304348,11311,0.9565217391304348,12368,0.9565217391304348,23,0.9777777777777777
62,2,22,0.9777777777777777,0.9777777777777777,12,0.9777777777777777,12,0.9777777777777777,13,0.9777777777777777,13,0.9777777777777777,12,0.9777777777777777,28,0.9777777777777777,19,0.9777777777777777,35,0.9777777777777777,107,0.9777777777777777,234,0.9777777777777777,116,0.9777777777777777,260,0.9777777777777777,121,0.9777777777777777,201,0.9777777777777777,131,0.9777777777777777,227,0.9777777777777777,626,0.9777777777777777,1100,0.9777777777777777,632,0.9777777777777777,1242,0.9777777777777777,643,0.9777777777777777,1167,0.9777777777777777,623,0.9777777777777777,1063,0.9777777777777777,1188,0.9777777777777777,2140,0.9777777777777777,1243,0.9777777777777777,2272,0.9777777777777777,1256,0.9777777777777777,2172,0.9777777777777777,1287,0.9777777777777777,2376,0.9777777777777777,3131,0.9545454545454545,5505,0.9333333333333332,2994,0.9333333333333332,5069,0.9777777777777777,3151,0.9777777777777777,5300,0.9777777777777777,3225,0.9777777777777777,5751,0.9545454545454545,6305,0.909090909090909,9245,0.8636363636363636,6187,0.8636363636363636,8980,0.8749999999999999,6225,0.909090909090909,9053,0.9777777777777777,6224,0.9333333333333332,9144,0.9333333333333332,9471,0.8636363636363636,11778,0.8636363636363636,9385,0.8636363636363636,11612,0.909090909090909,9482,0.8636363636363636,11651,0.888888888888889,9431,0.8636363636363636,11670,0.8444444444444444,11325,0.888888888888889,12374,0.8444444444444444,11272,0.8636363636363636,12392,0.909090909090909,11333,0.8636363636363636,12375,0.8636363636363636,11342,0.8636363636363636,12395,0.8636363636363636,21,0.8636363636363636
63,2,22,1.0,1.0,14,1.0,30,1.0,15,1.0,15,1.0,12,1.0,12,1.0,16,1.0,48,1.0,119,1.0,183,1.0,148,1.0,260,1.0,112,1.0,286,1.0,127,1.0,266,1.0,641,1.0,1367,1.0,600,1.0,1105,1.0,624,1.0,1238,1.0,630,1.0,1277,1.0,1231,1.0,2203,1.0,1280,1.0,2376,1.0,1247,1.0,2323,1.0,1222,1.0,2409,0.9361702127659575,3069,0.9090909090909091,5204,1.0,3151,1.0,5333,1.0,3081,0.9545454545454546,5127,0.9767441860465117,3161,0.9767441860465117,5447,0.9767441860465117,6319,0.9523809523809523,9280,0.9767441860465117,6322,0.9523809523809523,9334,0.9767441860465117,6173,0.9302325581395349,9086,0.9268292682926829,6313,0.9268292682926829,9308,0.9047619047619048,9461,0.9523809523809523,11706,0.9090909090909091,9445,0.9268292682926829,11617,0.9268292682926829,9475,0.9268292682926829,11594,0.9767441860465117,9368,0.9268292682926829,11627,0.9268292682926829,11379,0.9268292682926829,12378,0.9523809523809523,11354,0.9268292682926829,12368,0.9047619047619048,11288,0.9268292682926829,12355,0.9268292682926829,11301,0.9268292682926829,12380,0.9268292682926829,19,0.9268292682926829
64,2,22,1.0,1.0,18,1.0,34,1.0,12,1.0,12,1.0,18,1.0,18,1.0,11,1.0,27,1.0,128,1.0,270,1.0,124,1.0,251,1.0,122,1.0,296,1.0,125,1.0,347,1.0,644,1.0,1067,1.0,640,1.0,1278,1.0,614,1.0,1309,1.0,603,1.0,1067,1.0,1288,0.9565217391304348,2255,1.0,1266,0.9767441860465117,2073,1.0,1295,1.0,2314,1.0,1244,1.0,2539,0.9333333333333332,3129,0.9767441860465117,5386,0.9545454545454546,3174,0.9333333333333332,5045,1.0,3156,0.9302325581395349,5597,1.0,3081,1.0,5218,0.9333333333333332,6281,0.888888888888889,9089,1.0,6244,0.9545454545454546,9361,1.0,6291,0.9302325581395349,9015,0.9767441860465117,6305,0.9523809523809523,9149,0.9767441860465117,9466,0.9523809523809523,11685,0.9523809523809523,9454,0.9523809523809523,11755,0.9523809523809523,9422,0.9523809523809523,11607,0.9767441860465117,9396,0.9523809523809523,11667,0.9523809523809523,11308,0.9523809523809523,12368,0.9523809523809523,11298,0.9523809523809523,12352,0.9523809523809523,11320,0.9523809523809523,12362,0.9523809523809523,11320,0.9523809523809523,12369,0.9523809523809523,20,0.9523809523809523
65,2,21,0.9767441860465117,0.9767441860465117,12,0.9767441860465117,44,0.9767441860465117,11,0.9767441860465117,43,0.9767441860465117,19,0.9767441860465117,19,0.9767441860465117,12,0.9767441860465117,44,0.9767441860465117,121,0.9767441860465117,216,0.9767441860465117,130,0.9767441860465117,321,0.9767441860465117,138,0.9767441860465117,185,0.9767441860465117,113,0.9767441860465117,192,0.9767441860465117,588,0.9767441860465117,1309,0.9767441860465117,629,0.9767441860465117,1302,0.9767441860465117,627,0.9767441860465117,1246,1.0,602,1.0,971,1.0,1295,1.0,2444,1.0,1255,0.9767441860465117,2591,0.9545454545454546,1266,0.9767441860465117,2181,0.9767441860465117,1196,0.9767441860465117,2259,0.9767441860465117,3083,0.9545454545454546,5243,1.0,3106,1.0,5132,0.9767441860465117,3111,0.9090909090909091,5763,1.0,3132,0.9302325581395349,5487,0.9302325581395349,6315,0.9767441860465117,9212,1.0,6277,1.0,9308,0.9767441860465117,6255,0.9268292682926829,9215,1.0,6254,0.9545454545454546,9211,0.9268292682926829,9373,0.9268292682926829,11536,0.9268292682926829,9392,0.9268292682926829,11498,0.9047619047619048,9421,0.9268292682926829,11605,0.9767441860465117,9353,0.9268292682926829,11561,0.9268292682926829,11326,0.9268292682926829,12354,0.9523809523809523,11353,0.9047619047619048,12363,0.9268292682926829,11294,0.9047619047619048,12352,0.9268292682926829,11319,0.9047619047619048,12381,0.9047619047619048,20,0.9268292682926829
66,2,22,1.0,1.0,13,1.0,13,1.0,11,1.0,27,1.0,14,1.0,30,1.0,10,1.0,10,1.0,117,1.0,197,1.0,123,1.0,186,1.0,134,1.0,260,1.0,132,1.0,290,0.9767441860465117,686,0.9767441860465117,1259,1.0,636,1.0,1289,1.0,607,1.0,1119,0.9767441860465117,601,0.9767441860465117,958,0.9767441860465117,1272,0.9767441860465117,2336,1.0,1231,1.0,2224,1.0,1267,1.0,2419,1.0,1252,0.9767441860465117,2288,1.0,3171,0.9523809523809523,5456,1.0,3124,0.9767441860465117,5532,0.9767441860465117,3209,0.9302325581395349,5619,0.9767441860465117,3049,0.9523809523809523,5136,0.9523809523809523,6286,0.9523809523809523,9112,0.9523809523809523,6176,0.9302325581395349,9150,0.9767441860465117,6308,0.9523809523809523,9254,0.9767441860465117,6214,0.9523809523809523,8961,0.9268292682926829,9445,0.9523809523809523,11741,0.9268292682926829,9384,0.9523809523809523,11601,0.9523809523809523,9469,0.9523809523809523,11853,0.9523809523809523,9397,0.9047619047619048,11590,0.9523809523809523,11298,0.9523809523809523,12418,0.9268292682926829,11325,0.9523809523809523,12367,0.8837209302325582,11265,0.9523809523809523,12408,0.9523809523809523,11331,0.9268292682926829,12363,0.9523809523809523,20,0.9523809523809523
67,2,21,0.9767441860465117,0.9767441860465117,23,0.9767441860465117,39,0.9767441860465117,21,0.9767441860465117,21,0.9767441860465117,13,0.9767441860465117,29,0.9767441860465117,15,0.9767441860465117,31,0.9767441860465117,126,1.0,254,1.0,109,1.0,220,0.9767441860465117,146,1.0,366,0.9767441860465117,128,0.9767441860465117,223,0.9767441860465117,604,0.9767441860465117,1066,0.9545454545454546,647,0.9545454545454546,1351,0.9545454545454546,663,0.9302325581395349,1379,1.0,611,0.9767441860465117,1112,0.8571428571428572,1235,0.9090909090909091,2295,0.9767441860465117,1301,1.0,2580,1.0,1309,1.0,2392,1.0,1265,1.0,2358,1.0,3085,1.0,5250,0.9302325581395349,3147,0.9047619047619048,5419,1.0,3201,0.9545454545454546,5631,0.8780487804878049,3201,0.9047619047619048,5551,0.9090909090909091,6219,0.9767441860465117,9062,0.9523809523809523,6291,0.9523809523809523,9268,0.9302325581395349,6289,0.9523809523809523,9255,0.9523809523809523,6285,0.9767441860465117,9351,0.9268292682926829,9468,0.9523809523809523,11706,0.9302325581395349,9443,0.9523809523809523,11587,0.9523809523809523,9428,0.9523809523809523,11641,0.9523809523809523,9434,0.9523809523809523,11618,0.9523809523809523,11309,0.9523809523809523,12412,0.9523809523809523,11337,0.9523809523809523,12383,0.9767441860465117,11306,0.9523809523809523,12385,0.9523809523809523,11246,0.9523809523809523,12340,0.9523809523809523,20,0.8780487804878049
68,2,22,1.0,1.0,11,1.0,11,1.0,11,1.0,11,1.0,18,1.0,18,1.0,7,1.0,7,1.0,114,1.0,208,1.0,106,1.0,233,1.0,123,1.0,283,1.0,122,1.0,217,0.9767441860465117,655,0.9767441860465117,1225,1.0,636,1.0,1244,1.0,672,1.0,1358,0.9767441860465117,589,0.9523809523809523,1147,1.0,1343,1.0,2370,0.9523809523809523,1231,0.9523809523809523,2239,1.0,1252,1.0,1986,1.0,1222,1.0,2381,0.9767441860465117,3128,0.9047619047619048,5476,0.9767441860465117,3168,0.9523809523809523,5617,0.9523809523809523,3201,0.9,5328,0.9523809523809523,3040,0.9523809523809523,5360,0.9523809523809523,6323,0.9268292682926829,9179,0.9268292682926829,6330,0.9268292682926829,9286,0.9268292682926829,6357,0.9268292682926829,9288,0.9767441860465117,6248,0.9090909090909091,9405,0.9268292682926829,9376,0.9047619047619048,11546,0.9047619047619048,9339,0.9047619047619048,11624,0.9047619047619048,9405,0.9047619047619048,11600,0.8837209302325582,9450,0.9047619047619048,11676,0.9047619047619048,11278,0.9047619047619048,12366,0.9047619047619048,11357,0.9047619047619048,12412,0.9047619047619048,11384,0.9047619047619048,12392,0.9047619047619048,11240,0.9047619047619048,12350,0.9047619047619048,20,0.9
69,2,20,0.975609756097561,0.975609756097561,16,0.975609756097561,48,0.975609756097561,11,0.975609756097561,27,0.975609756097561,11,0.975609756097561,11,0.975609756097561,17,0.975609756097561,17,0.975609756097561,140,0.975609756097561,218,0.975609756097561,123,0.975609756097561,265,0.975609756097561,104,0.975609756097561,216,0.975609756097561,100,0.975609756097561,243,0.975609756097561,613,0.975609756097561,1179,0.975609756097561,635,0.975609756097561,1209,0.9268292682926829,645,0.9,1123,0.975609756097561,655,0.975609756097561,1217,0.975609756097561,1280,1.0,2390,0.9500000000000001,1237,0.9500000000000001,2174,0.975609756097561,1258,0.9268292682926829,2443,0.975609756097561,1242,0.975609756097561,2263,0.8780487804878048,3081,0.923076923076923,5406,0.9500000000000001,3155,0.9268292682926829,5391,0.9500000000000001,3104,0.9500000000000001,4958,1.0,3057,0.9500000000000001,5216,0.8780487804878048,6330,0.9500000000000001,9360,0.8780487804878048,6309,0.8717948717948718,9345,0.8717948717948718,6319,0.8292682926829269,9356,0.9500000000000001,6195,0.923076923076923,9168,0.923076923076923,9387,0.923076923076923,11634,0.923076923076923,9385,0.923076923076923,11620,0.923076923076923,9338,0.8947368421052632,11657,0.923076923076923,9475,0.8947368421052632,11668,0.8947368421052632,11308,0.8947368421052632,12387,0.923076923076923,11362,0.8947368421052632,12413,0.8947368421052632,11284,0.8947368421052632,12386,0.8947368421052632,11366,0.8947368421052632,12337,0.8947368421052632,17,0.8947368421052632
70,2,20,0.975609756097561,0.975609756097561,9,0.975609756097561,9,0.975609756097561,14,0.975609756097561,46,0.975609756097561,17,0.975609756097561,49,0.975609756097561,14,0.975609756097561,62,0.975609756097561,130,0.975609756097561,190,0.975609756097561,133,0.975609756097561,338,0.975609756097561,134,0.975609756097561,246,0.975609756097561,117,0.975609756097561,228,0.9500000000000001,655,0.9500000000000001,1173,0.975609756097561,632,0.975609756097561,1214,0.975609756097561,623,0.975609756097561,1251,0.9268292682926829,606,0.975609756097561,1123,0.975609756097561,1242,0.975609756097561,2159,0.975609756097561,1241,0.9523809523809523,2211,0.9268292682926829,1278,0.9268292682926829,2332,0.975609756097561,1275,0.975609756097561,2385,0.923076923076923,3075,0.923076923076923,5404,0.975609756097561,3252,0.9268292682926829,5470,0.975609756097561,3125,0.923076923076923,5677,0.9523809523809523,3155,0.9523809523809523,5134,0.9,6229,0.923076923076923,9259,0.9500000000000001,6236,0.8947368421052632,9251,0.9047619047619048,6267,0.9268292682926829,9117,0.9268292682926829,6334,0.8717948717948718,9315,0.8717948717948718,9398,0.8717948717948718,11638,0.923076923076923,9387,0.9,11555,0.9,9435,0.8292682926829269,11718,0.9,9443,0.8717948717948718,11635,0.8717948717948718,11318,0.8717948717948718,12343,0.8717948717948718,11265,0.8717948717948718,12341,0.8717948717948718,11261,0.8717948717948718,12383,0.8717948717948718,11258,0.8717948717948718,12358,0.8717948717948718,18,0.8947368421052632
71,2,21,1.0,1.0,13,1.0,29,1.0,10,1.0,10,1.0,23,1.0,39,1.0,15,1.0,15,1.0,125,1.0,297,1.0,136,1.0,184,1.0,118,1.0,197,1.0,135,1.0,231,0.975609756097561,651,0.9268292682926829,1185,0.975609756097561,616,1.0,1113,0.9523809523809523,676,0.9523809523809523,1355,1.0,615,1.0,1169,1.0,1221,1.0,2282,1.0,1212,1.0,2180,1.0,1311,1.0,2642,1.0,1231,0.9268292682926829,2110,0.9500000000000001,3165,0.8780487804878048,5293,0.9500000000000001,3124,0.9500000000000001,5320,0.975609756097561,3094,0.923076923076923,5607,1.0,3184,1.0,5393,0.9500000000000001,6340,0.9,9292,0.9500000000000001,6308,0.8947368421052632,9353,0.9500000000000001,6225,0.975609756097561,9134,0.9,6288,0.9500000000000001,9306,0.9500000000000001,9515,0.923076923076923,11694,0.9268292682926829,9370,0.9500000000000001,11488,0.9500000000000001,9494,0.9500000000000001,11749,0.9,9417,0.923076923076923,11615,0.9500000000000001,11288,0.923076923076923,12400,0.9500000000000001,11316,0.9500000000000001,12364,0.923076923076923,11363,0.923076923076923,12397,0.8717948717948718,11310,0.923076923076923,12365,0.923076923076923,18,0.8947368421052632
72,2,20,0.975609756097561,0.975609756097561,10,0.975609756097561,10,0.975609756097561,9,0.975609756097561,9,0.975609756097561,6,0.975609756097561,38,0.975609756097561,13,0.975609756097561,29,0.975609756097561,138,0.975609756097561,265,0.975609756097561,102,0.975609756097561,212,0.975609756097561,123,0.975609756097561,282,0.975609756097561,125,0.975609756097561,252,0.975609756097561,625,0.9500000000000001,924,0.975609756097561,634,0.975609756097561,1203,0.975609756097561,629,0.975609756097561,1097,0.975609756097561,620,0.975609756097561,1179,0.975609756097561,1160,0.975609756097561,2260,0.9268292682926829,1231,0.9268292682926829,2117,0.975609756097561,1304,0.975609756097561,2235,0.975609756097561,1220,0.975609756097561,2274,0.9268292682926829,3193,0.9047619047619048,5540,0.9047619047619048,3141,0.8205128205128205,5474,0.9,3154,0.9500000000000001,5472,0.9,3147,0.9,5473,0.923076923076923,6271,0.8648648648648648,9269,0.975609756097561,6301,0.8717948717948718,9350,0.923076923076923,6248,0.8648648648648648,9362,0.8648648648648648,6275,0.8421052631578947,9108,0.923076923076923,9469,0.8421052631578947,11653,0.8648648648648648,9336,0.8421052631578947,11445,0.8421052631578947,9413,0.8205128205128205,11581,0.923076923076923,9373,0.8947368421052632,11650,0.8421052631578947,11317,0.8421052631578947,12357,0.8205128205128205,11314,0.8205128205128205,12381,0.8717948717948718,11257,0.8421052631578947,12355,0.8205128205128205,11305,0.8205128205128205,12337,0.8205128205128205,18,0.8648648648648648
73,2,21,1.0,1.0,10,1.0,10,1.0,10,1.0,25,1.0,11,1.0,27,1.0,15,1.0,15,1.0,121,1.0,233,1.0,130,1.0,257,0.975609756097561,111,0.975609756097561,250,1.0,121,1.0,264,1.0,636,1.0,1249,1.0,609,1.0,1140,1.0,607,1.0,1148,1.0,580,0.9500000000000001,982,1.0,1257,0.9545454545454545,2247,0.975609756097561,1236,0.9,2256,0.975609756097561,1272,0.9268292682926829,2344,1.0,1236,1.0,2330,1.0,3109,0.975609756097561,5183,0.9268292682926829,3135,1.0,5100,0.9268292682926829,3160,0.9,5142,0.9500000000000001,3153,0.9500000000000001,5246,0.923076923076923,6376,0.8947368421052632,9308,0.9523809523809523,6249,0.9268292682926829,9264,0.9500000000000001,6300,0.923076923076923,9282,1.0,6328,0.9523809523809523,9357,0.9500000000000001,9380,0.8947368421052632,11679,0.975609756097561,9376,0.975609756097561,11563,0.8947368421052632,9431,0.8947368421052632,11757,0.9,9432,0.8947368421052632,11731,0.8947368421052632,11300,0.8947368421052632,12376,0.923076923076923,11293,0.8947368421052632,12375,0.8947368421052632,11325,0.8947368421052632,12384,0.923076923076923,11390,0.8947368421052632,12412,0.8947368421052632,17,0.8947368421052632
74,2,20,0.975609756097561,0.975609756097561,17,0.975609756097561,33,0.975609756097561,12,0.975609756097561,28,0.975609756097561,12,0.975609756097561,12,0.975609756097561,13,0.975609756097561,13,0.975609756097561,130,0.975609756097561,257,0.9500000000000001,142,0.9500000000000001,283,0.975609756097561,143,0.975609756097561,351,0.975609756097561,121,0.975609756097561,297,0.9500000000000001,640,0.9268292682926829,1359,0.975609756097561,598,0.975609756097561,1128,0.975609756097561,582,0.9523809523809523,1151,0.975609756097561,595,0.975609756097561,969,0.975609756097561,1280,0.975609756097561,2383,0.9523809523809523,1235,0.9268292682926829,2060,0.975609756097561,1216,0.975609756097561,2259,0.975609756097561,1251,0.975609756097561,2241,0.9523809523809523,3116,0.9523809523809523,5135,0.9,3052,0.9047619047619048,5209,0.9268292682926829,3179,0.9268292682926829,5372,0.9268292682926829,3135,0.9268292682926829,5385,0.9,6344,0.9,9199,0.9523809523809523,6207,0.9,9198,0.8780487804878048,6311,0.8717948717948718,9234,0.9047619047619048,6387,0.9523809523809523,9185,0.9,9428,0.9,11691,0.8717948717948718,9461,0.8500000000000001,11670,0.8717948717948718,9440,0.8717948717948718,11687,0.8717948717948718,9488,0.8500000000000001,11636,0.8717948717948718,11311,0.8500000000000001,12373,0.9,11277,0.8500000000000001,12370,0.9,11348,0.8500000000000001,12386,0.8500000000000001,11422,0.8500000000000001,12410,0.8500000000000001,19,0.8717948717948718
75,2,20,0.975609756097561,0.975609756097561,11,0.975609756097561,43,0.975609756097561,16,0.975609756097561,32,0.975609756097561,12,0.975609756097561,28,0.975609756097561,3,0.975609756097561,19,0.975609756097561,129,0.975609756097561,304,0.975609756097561,105,0.975609756097561,246,0.9500000000000001,127,0.9500000000000001,238,0.9500000000000001,150,0.9500000000000001,341,0.975609756097561,590,0.975609756097561,1067,0.975609756097561,587,0.9500000000000001,1074,0.975609756097561,663,0.975609756097561,1134,0.975609756097561,584,0.975609756097561,1018,0.975609756097561,1264,0.975609756097561,2234,0.975609756097561,1247,0.9500000000000001,2470,0.9500000000000001,1272,0.9500000000000001,2246,0.975609756097561,1266,0.9500000000000001,2219,1.0,3141,0.9500000000000001,5645,0.975609756097561,3127,0.9500000000000001,5377,0.975609756097561,3109,0.975609756097561,5509,0.9500000000000001,3113,0.9500000000000001,5421,0.9268292682926829,6275,0.9500000000000001,9067,0.9523809523809523,6139,0.9047619047619048,8917,0.9500000000000001,6199,0.975609756097561,9103,0.9523809523809523,6309,0.923076923076923,9341,0.9500000000000001,9466,0.923076923076923,11727,0.923076923076923,9422,0.923076923076923,11700,0.975609756097561,9446,0.923076923076923,11680,0.9500000000000001,9444,0.9500000000000001,11624,0.9500000000000001,11307,0.923076923076923,12392,0.923076923076923,11327,0.923076923076923,12402,0.923076923076923,11310,0.923076923076923,12372,0.923076923076923,11283,0.923076923076923,12384,0.923076923076923,18,0.8947368421052632
76,2,21,1.0,1.0,15,1.0,15,1.0,16,1.0,16,1.0,7,1.0,7,1.0,8,1.0,40,1.0,138,1.0,250,1.0,135,1.0,230,1.0,118,1.0,198,1.0,127,1.0,285,1.0,576,1.0,1070,1.0,662,1.0,1262,1.0,626,1.0,1177,0.975609756097561,611,0.975609756097561,1175,0.975609756097561,1239,1.0,2472,1.0,1294,1.0,2321,1.0,1224,0.975609756097561,2147,0.975609756097561,1232,1.0,2282,0.975609756097561,3140,0.9500000000000001,5321,0.9268292682926829,3184,0.9268292682926829,5323,0.9523809523809523,3149,0.9,5487,0.9268292682926829,3092,0.9268292682926829,5359,0.9,6323,0.9,9377,1.0,6267,0.9,9144,0.9268292682926829,6289,0.9,9555,0.8780487804878048,6295,0.8500000000000001,9299,0.8780487804878048,9414,0.8500000000000001,11667,0.9047619047619048,9406,0.8717948717948718,11610,0.8205128205128205,9342,0.8717948717948718,11565,0.8717948717948718,9424,0.8717948717948718,11587,0.8717948717948718,11334,0.8717948717948718,12387,0.8292682926829269,11301,0.8717948717948718,12370,0.8717948717948718,11288,0.8717948717948718,12381,0.8717948717948718,11289,0.8717948717948718,12354,0.8717948717948718,18,0.8421052631578947
77,2,21,1.0,1.0,9,1.0,25,1.0,11,1.0,43,1.0,9,1.0,9,1.0,13,1.0,45,1.0,114,1.0,304,1.0,131,1.0,194,1.0,142,0.9523809523809523,252,1.0,125,1.0,346,1.0,671,1.0,1156,1.0,607,1.0,1173,1.0,647,1.0,1283,1.0,638,1.0,1176,0.975609756097561,1263,0.9,2296,1.0,1242,0.975609756097561,2390,1.0,1334,1.0,2448,1.0,1278,0.9523809523809523,2576,0.9523809523809523,3194,1.0,5509,0.975609756097561,3129,0.9500000000000001,5417,1.0,3178,0.9523809523809523,5585,1.0,2976,0.8780487804878048,5110,0.9047619047619048,6207,0.8717948717948718,9285,0.9268292682926829,6289,0.8571428571428571,9159,0.8500000000000001,6390,0.8717948717948718,9395,0.9268292682926829,6377,0.9268292682926829,9455,0.8780487804878048,9485,0.8500000000000001,11623,0.9,9430,0.8292682926829269,11611,0.8292682926829269,9448,0.8500000000000001,11641,0.9047619047619048,9511,0.8500000000000001,11705,0.8500000000000001,11340,0.8500000000000001,12413,0.8500000000000001,11325,0.8500000000000001,12380,0.8292682926829269,11367,0.8292682926829269,12341,0.8780487804878048,11301,0.8500000000000001,12393,0.8500000000000001,19,0.8421052631578947
78,2,19,0.9500000000000001,0.9500000000000001,14,0.9500000000000001,30,0.9500000000000001,11,0.9500000000000001,11,0.9500000000000001,17,0.9500000000000001,33,0.9500000000000001,10,0.9500000000000001,42,0.9500000000000001,133,1.0,245,0.9500000000000001,120,0.9500000000000001,199,0.9500000000000001,104,0.9500000000000001,168,0.9500000000000001,131,0.9500000000000001,275,0.9500000000000001,685,0.9500000000000001,1162,0.9500000000000001,640,0.975609756097561,1201,0.9500000000000001,702,0.9500000000000001,1431,0.9500000000000001,688,0.9500000000000001,1372,0.975609756097561,1231,1.0,2363,0.9,1224,0.9268292682926829,2296,0.9500000000000001,1286,0.9500000000000001,2515,0.9500000000000001,1241,0.9,2375,0.975609756097561,3110,0.8500000000000001,5386,0.9500000000000001,3137,0.975609756097561,5518,0.9268292682926829,3133,0.8717948717948718,5498,0.9500000000000001,3123,0.9,5284,0.8500000000000001,6317,0.8717948717948718,9143,0.9500000000000001,6297,0.8717948717948718,9261,0.8500000000000001,6286,0.8717948717948718,9233,0.9,6352,0.9,9309,0.9,9403,0.9,11606,0.8717948717948718,9393,0.8421052631578947,11661,0.8717948717948718,9467,0.8717948717948718,11568,0.8717948717948718,9401,0.8717948717948718,11639,0.8421052631578947,11322,0.8421052631578947,12364,0.8421052631578947,11311,0.8421052631578947,12359,0.8421052631578947,11321,0.8421052631578947,12368,0.8421052631578947,11295,0.8421052631578947,12370,0.8421052631578947,17,0.8421052631578947
79,2,19,0.9500000000000001,0.9500000000000001,11,0.9500000000000001,11,0.9500000000000001,11,0.9500000000000001,11,0.9500000000000001,9,0.9500000000000001,9,0.9500000000000001,21,0.9500000000000001,37,0.9500000000000001,113,0.9500000000000001,237,0.9500000000000001,123,0.9500000000000001,218,0.9500000000000001,120,0.9500000000000001,246,0.9500000000000001,128,0.9500000000000001,204,0.9500000000000001,636,1.0,1209,0.9500000000000001,612,0.975609756097561,1253,0.975609756097561,620,0.975609756097561,1083,0.975609756097561,650,0.9500000000000001,1255,0.9268292682926829,1288,0.9268292682926829,2159,0.975609756097561,1244,0.9268292682926829,2278,0.975609756097561,1254,0.8717948717948718,2405,0.9500000000000001,1228,0.9500000000000001,2393,0.975609756097561,3133,0.9,5391,0.9268292682926829,3178,0.8780487804878048,5237,0.975609756097561,3145,0.9500000000000001,5730,0.9,3089,0.8837209302325582,5224,0.923076923076923,6204,0.8421052631578947,9173,0.9268292682926829,6192,0.9268292682926829,9212,0.9268292682926829,6227,0.9,9244,0.9,6274,0.8717948717948718,9199,0.8717948717948718,9408,0.8421052631578947,11580,0.9500000000000001,9401,0.8205128205128205,11599,0.8421052631578947,9357,0.8421052631578947,11628,0.8421052631578947,9425,0.8421052631578947,11657,0.8421052631578947,11326,0.8421052631578947,12374,0.8421052631578947,11265,0.8421052631578947,12359,0.9,11290,0.8717948717948718,12337,0.8421052631578947,11338,0.8421052631578947,12367,0.8421052631578947,17,0.8421052631578947
80,2,19,0.9500000000000001,0.9500000000000001,19,0.9500000000000001,35,0.9500000000000001,9,0.9500000000000001,9,0.9500000000000001,7,0.9500000000000001,7,0.9500000000000001,10,0.9500000000000001,10,0.9500000000000001,120,0.9500000000000001,235,0.9268292682926829,128,0.9268292682926829,304,0.9500000000000001,129,0.9500000000000001,224,0.9500000000000001,121,0.9500000000000001,230,0.9500000000000001,611,0.9500000000000001,1265,0.9500000000000001,681,0.9500000000000001,1165,0.9500000000000001,634,0.9500000000000001,1281,0.9500000000000001,607,0.975609756097561,1136,0.9,1235,0.9268292682926829,2098,1.0,1294,1.0,2335,0.9500000000000001,1150,0.9500000000000001,2209,0.9268292682926829,1319,0.9523809523809523,2238,0.975609756097561,3266,0.975609756097561,5763,0.9500000000000001,3153,0.9047619047619048,5470,0.9500000000000001,3259,0.9500000000000001,5732,0.9500000000000001,3060,0.9,5130,0.9268292682926829,6263,0.8500000000000001,9163,0.9,6288,0.9,9314,0.9500000000000001,6294,0.923076923076923,9275,0.8717948717948718,6324,0.8717948717948718,9119,0.8205128205128205,9347,0.8421052631578947,11529,0.8421052631578947,9492,0.8421052631578947,11689,0.8421052631578947,9383,0.8421052631578947,11576,0.8947368421052632,9509,0.8421052631578947,11610,0.8421052631578947,11287,0.8421052631578947,12385,0.8717948717948718,11334,0.8421052631578947,12357,0.9,11274,0.8421052631578947,12374,0.8947368421052632,11303,0.8421052631578947,12392,0.8421052631578947,17,0.8421052631578947
81,2,19,0.9500000000000001,0.9500000000000001,10,0.9500000000000001,26,0.9500000000000001,11,0.9500000000000001,27,0.9500000000000001,12,0.9500000000000001,12,0.9500000000000001,11,0.9500000000000001,27,0.975609756097561,124,0.9500000000000001,236,0.9500000000000001,141,0.9500000000000001,266,0.9500000000000001,133,0.9500000000000001,260,0.9500000000000001,116,0.9500000000000001,212,0.9500000000000001,655,0.9500000000000001,1302,0.9500000000000001,627,0.9500000000000001,1100,0.9500000000000001,606,0.975609756097561,1186,0.975609756097561,662,0.975609756097561,1208,0.9500000000000001,1264,0.975609756097561,2268,0.9500000000000001,1234,0.9500000000000001,2185,0.9,1251,0.975609756097561,2321,0.975609756097561,1253,0.9500000000000001,2547,0.9500000000000001,3122,0.975609756097561,5222,0.9500000000000001,3127,0.9500000000000001,5397,0.975609756097561,3100,0.9500000000000001,5254,0.9500000000000001,3196,0.975609756097561,5389,0.975609756097561,6407,0.8717948717948718,9367,0.923076923076923,6165,0.8947368421052632,9209,0.9268292682926829,6273,0.9,9250,0.9,6423,0.9268292682926829,9435,0.9500000000000001,9437,0.9500000000000001,11617,0.975609756097561,9369,0.923076923076923,11554,0.9047619047619048,9446,0.8947368421052632,11703,0.923076923076923,9312,0.8947368421052632,11591,0.8947368421052632,11332,0.8947368421052632,12379,0.923076923076923,11279,0.8947368421052632,12378,0.923076923076923,11290,0.8947368421052632,12384,0.923076923076923,11341,0.8947368421052632,12387,0.8947368421052632,17,0.8947368421052632
82,2,19,0.9500000000000001,0.9500000000000001,11,0.923076923076923,43,0.9500000000000001,15,0.9500000000000001,79,0.9500000000000001,12,0.9500000000000001,12,0.9500000000000001,10,0.9500000000000001,26,0.9500000000000001,131,0.9500000000000001,211,0.9500000000000001,111,0.9500000000000001,222,0.9500000000000001,128,0.9500000000000001,256,0.9500000000000001,111,0.9500000000000001,255,0.9500000000000001,648,0.9500000000000001,1270,0.975609756097561,629,0.9500000000000001,1121,0.9500000000000001,596,0.9500000000000001,1027,0.975609756097561,637,0.9500000000000001,1296,0.975609756097561,1232,0.975609756097561,2218,0.975609756097561,1210,0.975609756097561,2323,0.9523809523809523,1268,0.9268292682926829,2201,0.9500000000000001,1252,0.9500000000000001,2209,1.0,3143,0.975609756097561,5401,0.9,3121,0.9,5264,0.9500000000000001,3214,0.923076923076923,5285,0.9500000000000001,3126,0.923076923076923,5296,0.9523809523809523,6279,0.8292682926829269,9181,0.9500000000000001,6267,0.9,9243,0.9047619047619048,6234,0.9268292682926829,9186,0.9523809523809523,6258,0.9268292682926829,9152,0.9,9351,0.8717948717948718,11686,0.9,9379,0.8717948717948718,11591,0.9,9387,0.8717948717948718,11652,0.8500000000000001,9418,0.8500000000000001,11617,0.9,11399,0.8717948717948718,12404,0.8717948717948718,11334,0.8717948717948718,12367,0.9,11349,0.8717948717948718,12340,0.8717948717948718,11296,0.8717948717948718,12352,0.8717948717948718,18,0.8947368421052632
83,2,20,0.975609756097561,0.975609756097561,13,0.975609756097561,29,0.975609756097561,11,0.975609756097561,11,0.975609756097561,15,0.975609756097561,31,0.975609756097561,17,0.975609756097561,17,0.975609756097561,136,0.975609756097561,248,0.975609756097561,118,0.975609756097561,276,0.975609756097561,129,0.975609756097561,239,0.975609756097561,118,0.975609756097561,229,0.975609756097561,653,0.975609756097561,1353,0.9268292682926829,607,0.9268292682926829,1091,0.975609756097561,675,0.975609756097561,1244,0.975609756097561,610,0.9500000000000001,1196,0.975609756097561,1253,0.9268292682926829,2150,0.975609756097561,1282,0.975609756097561,2464,0.975609756097561,1279,0.975609756097561,2408,0.9500000000000001,1260,0.9,2518,0.975609756097561,3113,0.975609756097561,5252,1.0,3109,1.0,5286,0.975609756097561,3165,0.975609756097561,5279,0.9,3136,0.8780487804878048,5296,0.9500000000000001,6215,0.9500000000000001,8972,0.9500000000000001,6258,0.8947368421052632,9179,0.9500000000000001,6279,0.8947368421052632,9406,0.9500000000000001,6336,0.9500000000000001,9091,0.9268292682926829,9393,0.923076923076923,11650,0.923076923076923,9450,0.8947368421052632,11690,0.9500000000000001,9459,0.8947368421052632,11601,0.923076923076923,9404,0.923076923076923,11663,0.8947368421052632,11329,0.8947368421052632,12380,0.923076923076923,11273,0.8947368421052632,12380,0.8947368421052632,11326,0.8947368421052632,12407,0.8947368421052632,11315,0.8947368421052632,12391,0.8947368421052632,17,0.8947368421052632
84,2,20,0.975609756097561,0.975609756097561,16,0.975609756097561,48,0.975609756097561,15,0.975609756097561,47,0.975609756097561,13,0.975609756097561,29,0.975609756097561,10,0.975609756097561,10,0.975609756097561,118,0.975609756097561,212,0.975609756097561,144,0.975609756097561,352,0.975609756097561,118,0.975609756097561,197,0.975609756097561,108,0.975609756097561,139,0.975609756097561,623,0.9,1070,0.975609756097561,649,0.975609756097561,1283,0.975609756097561,621,0.975609756097561,1144,0.975609756097561,645,0.975609756097561,1111,0.975609756097561,1216,0.8500000000000001,2309,0.975609756097561,1272,0.975609756097561,2483,0.9500000000000001,1278,0.9500000000000001,2140,0.9500000000000001,1238,0.9500000000000001,2210,0.975609756097561,3303,0.975609756097561,5485,0.9268292682926829,3267,0.923076923076923,5899,0.975609756097561,3070,0.975609756097561,5276,0.975609756097561,3156,0.975609756097561,5321,0.9500000000000001,6232,0.923076923076923,9170,0.9,6283,0.923076923076923,9335,0.923076923076923,6361,0.8947368421052632,9257,0.975609756097561,6224,0.975609756097561,9174,0.9500000000000001,9442,0.9500000000000001,11773,0.8780487804878048,9422,0.8717948717948718,11629,0.9500000000000001,9512,0.8947368421052632,11667,0.923076923076923,9420,0.923076923076923,11695,0.8947368421052632,11299,0.8947368421052632,12365,0.923076923076923,11309,0.8947368421052632,12356,0.8947368421052632,11300,0.8947368421052632,12393,0.8947368421052632,11317,0.8947368421052632,12373,0.8947368421052632,17,0.8947368421052632
85,2,20,0.975609756097561,0.975609756097561,14,0.975609756097561,14,0.975609756097561,13,0.975609756097561,45,0.975609756097561,11,0.975609756097561,11,0.975609756097561,23,0.975609756097561,55,0.975609756097561,121,0.975609756097561,232,0.975609756097561,116,0.975609756097561,192,0.975609756097561,111,0.975609756097561,287,0.975609756097561,128,0.975609756097561,271,0.975609756097561,626,0.975609756097561,1082,0.975609756097561,619,0.975609756097561,1238,0.975609756097561,585,0.975609756097561,1158,0.9500000000000001,624,0.975609756097561,1182,0.9500000000000001,1268,0.8205128205128205,2461,0.975609756097561,1315,1.0,2443,0.975609756097561,1291,0.9,2618,0.975609756097561,1250,0.975609756097561,2454,0.9523809523809523,3019,0.9268292682926829,5307,0.9268292682926829,3189,0.975609756097561,5368,0.9500000000000001,3205,0.9523809523809523,5539,0.9268292682926829,3190,0.975609756097561,5691,0.9500000000000001,6296,0.8717948717948718,9245,0.9,6291,0.9,9155,0.9500000000000001,6244,0.9500000000000001,9164,0.975609756097561,6333,0.9,9244,0.9,9434,0.8947368421052632,11576,0.9,9418,0.8947368421052632,11611,0.9268292682926829,9466,0.8947368421052632,11697,0.8717948717948718,9388,0.8947368421052632,11647,0.8717948717948718,11282,0.8947368421052632,12355,0.923076923076923,11327,0.8947368421052632,12375,0.8,11328,0.8947368421052632,12354,0.8421052631578947,11285,0.8947368421052632,12390,0.8947368421052632,17,0.8947368421052632
86,2,20,0.9500000000000001,0.9500000000000001,11,0.9500000000000001,11,0.9500000000000001,13,0.9500000000000001,29,0.9500000000000001,12,0.9500000000000001,28,0.9500000000000001,13,0.9500000000000001,13,0.9500000000000001,137,0.9500000000000001,201,0.9500000000000001,125,0.9500000000000001,157,0.9500000000000001,108,0.9500000000000001,250,0.9500000000000001,144,0.9268292682926829,271,0.9500000000000001,632,0.975609756097561,1186,0.9230769230769231,649,0.9230769230769231,1362,0.9500000000000001,586,0.8648648648648648,1183,0.9500000000000001,630,0.9500000000000001,1135,0.9230769230769231,1237,0.8947368421052632,2050,0.9500000000000001,1270,0.9230769230769231,2299,0.9268292682926829,1209,0.9,2304,0.9500000000000001,1247,0.9230769230769231,2220,0.9230769230769231,3050,0.8333333333333334,5192,0.9500000000000001,3243,0.8421052631578948,5478,0.9500000000000001,3169,0.9230769230769231,5498,0.9230769230769231,3170,0.9230769230769231,5167,0.8108108108108107,6393,0.8,9401,0.9230769230769231,6242,0.8333333333333334,9277,0.8108108108108107,6410,0.8108108108108107,9257,0.8108108108108107,6321,0.8333333333333334,9216,0.8,9428,0.8,11585,0.8,9367,0.8,11584,0.8717948717948718,9361,0.8333333333333334,11538,0.7777777777777777,9395,0.7777777777777777,11633,0.8333333333333334,11321,0.8,12412,0.8,11263,0.8,12327,0.8333333333333334,11286,0.8,12390,0.8333333333333334,11313,0.8,12388,0.8,15,0.7647058823529412
87,2,19,0.9743589743589743,0.9743589743589743,19,0.9743589743589743,51,0.9743589743589743,16,0.9743589743589743,64,0.9743589743589743,15,1.0,63,0.9743589743589743,11,0.9743589743589743,43,0.9743589743589743,127,0.9743589743589743,189,0.9743589743589743,146,0.9743589743589743,321,1.0,126,1.0,286,0.9743589743589743,132,0.9743589743589743,196,0.9500000000000001,626,0.975609756097561,1225,1.0,616,1.0,1236,0.9743589743589743,605,1.0,1226,0.9743589743589743,640,0.9743589743589743,1275,0.9743589743589743,1293,1.0,2608,0.9500000000000001,1302,0.8947368421052632,2138,0.9473684210526316,1263,0.9473684210526316,2248,0.9743589743589743,1198,0.9743589743589743,2254,0.9500000000000001,3114,0.9743589743589743,5350,0.888888888888889,3227,0.8235294117647058,5507,0.9743589743589743,3076,0.9473684210526316,5285,0.8947368421052632,3153,0.888888888888889,5308,0.9500000000000001,6240,0.8205128205128205,9223,0.8947368421052632,6279,0.9189189189189189,9214,0.8947368421052632,6367,0.888888888888889,9373,0.8571428571428571,6239,0.8333333333333334,9178,0.9473684210526316,9327,0.888888888888889,11491,0.8571428571428571,9427,0.8571428571428571,11652,0.8571428571428571,9346,0.8571428571428571,11648,0.8571428571428571,9400,0.8571428571428571,11645,0.8571428571428571,11274,0.8571428571428571,12328,0.8571428571428571,11325,0.8571428571428571,12380,0.8571428571428571,11348,0.8571428571428571,12364,0.8571428571428571,11322,0.8571428571428571,12385,0.8571428571428571,15,0.8235294117647058
88,2,18,0.9473684210526316,0.9473684210526316,18,0.9473684210526316,34,0.9473684210526316,5,0.9473684210526316,5,0.9473684210526316,9,0.9473684210526316,25,0.9473684210526316,6,0.9473684210526316,22,0.9473684210526316,133,0.9473684210526316,324,0.9473684210526316,107,0.9473684210526316,233,0.9473684210526316,115,0.9473684210526316,320,0.9473684210526316,140,0.9473684210526316,297,0.9473684210526316,641,0.9473684210526316,1076,0.9473684210526316,621,0.9473684210526316,1141,0.9473684210526316,606,0.9743589743589743,1232,0.9473684210526316,590,0.9473684210526316,1068,0.9473684210526316,1290,0.9473684210526316,2320,0.9230769230769231,1265,0.8947368421052632,2416,0.9743589743589743,1311,1.0,2259,0.9473684210526316,1254,0.9473684210526316,2287,0.9473684210526316,3101,0.9473684210526316,5129,1.0,3145,0.9743589743589743,5264,0.9473684210526316,3097,0.9743589743589743,5255,0.9473684210526316,3153,0.9473684210526316,5150,0.9500000000000001,6254,0.888888888888889,9380,1.0,6348,1.0,9365,0.9189189189189189,6231,0.888888888888889,9148,0.9473684210526316,6246,0.9743589743589743,8982,0.9189189189189189,9427,0.888888888888889,11647,0.9473684210526316,9411,0.888888888888889,11752,0.8947368421052632,9336,0.8648648648648648,11608,0.9473684210526316,9365,0.9189189189189189,11658,0.888888888888889,11254,0.888888888888889,12365,0.888888888888889,11357,0.888888888888889,12366,0.888888888888889,11326,0.888888888888889,12407,0.9189189189189189,11314,0.9189189189189189,12355,0.888888888888889,16,0.8571428571428571
89,2,19,0.9743589743589743,0.9743589743589743,12,0.9743589743589743,28,0.9743589743589743,13,0.9743589743589743,29,0.9743589743589743,12,0.9743589743589743,12,0.9743589743589743,20,0.9743589743589743,68,0.9743589743589743,126,0.9743589743589743,253,0.9743589743589743,135,0.9743589743589743,294,0.9743589743589743,108,0.9743589743589743,124,0.9743589743589743,122,0.9743589743589743,234,0.9473684210526316,618,0.9473684210526316,1220,0.9743589743589743,613,0.9473684210526316,1119,0.9743589743589743,622,0.9743589743589743,1205,0.9743589743589743,613,1.0,1238,0.9743589743589743,1286,0.9189189189189189,2408,0.9743589743589743,1195,1.0,2337,1.0,1324,0.9473684210526316,2626,0.9473684210526316,1230,0.9473684210526316,2120,1.0,3072,1.0,5286,0.9473684210526316,3063,0.8947368421052632,5256,1.0,3186,0.8947368421052632,5146,0.9473684210526316,3087,0.9473684210526316,5214,0.9189189189189189,6312,0.888888888888889,9463,0.9473684210526316,6225,0.888888888888889,9297,0.9473684210526316,6264,0.8947368421052632,9418,0.9189189189189189,6294,0.9189189189189189,9326,0.9189189189189189,9421,0.9189189189189189,11701,0.8717948717948718,9344,0.8421052631578948,11561,0.8947368421052632,9466,0.888888888888889,11696,0.9473684210526316,9417,0.888888888888889,11575,0.8421052631578948,11306,0.888888888888889,12413,0.888888888888889,11268,0.888888888888889,12341,0.9189189189189189,11315,0.888888888888889,12378,0.8648648648648648,11259,0.888888888888889,12369,0.888888888888889,16,0.8571428571428571
90,2,22,0.8695652173913043,0.8695652173913043,7,0.8695652173913043,23,0.8695652173913043,15,0.8695652173913043,63,0.8695652173913043,9,0.8695652173913043,9,0.8695652173913043,15,0.8695652173913043,47,0.8695652173913043,116,0.8695652173913043,212,0.8695652173913043,135,0.8695652173913043,230,0.8695652173913043,132,0.8695652173913043,275,0.8695652173913043,125,0.8695652173913043,205,0.851063829787234,704,0.851063829787234,1298,0.851063829787234,635,0.851063829787234,1255,0.8695652173913043,658,0.8695652173913043,1095,0.8695652173913043,643,0.8695652173913043,1163,0.8695652173913043,1232,0.8695652173913043,2350,0.8695652173913043,1229,0.8695652173913043,2447,0.851063829787234,1276,0.851063829787234,2453,0.851063829787234,1274,0.851063829787234,2253,0.8695652173913043,3136,0.8695652173913043,5338,0.8695652173913043,3147,0.8695652173913043,5348,0.851063829787234,3196,0.851063829787234,5358,0.8695652173913043,3107,0.8695652173913043,5116,0.8695652173913043,6335,0.8695652173913043,9249,0.8936170212765957,6349,0.851063829787234,9349,0.851063829787234,6278,0.8333333333333334,9319,0.8333333333333334,6278,0.8333333333333334,9356,0.8571428571428572,9463,0.8571428571428572,11612,0.816326530612245,9460,0.8400000000000001,11658,0.8,9397,0.8400000000000001,11565,0.8333333333333334,9428,0.8400000000000001,11626,0.823529411764706,11283,0.8400000000000001,12387,0.823529411764706,11388,0.8400000000000001,12418,0.8400000000000001,11320,0.8400000000000001,12384,0.823529411764706,11351,0.823529411764706,12338,0.8400000000000001,26,0.851063829787234
91,2,22,0.9130434782608695,0.9130434782608695,7,0.9130434782608695,7,0.9130434782608695,11,0.9130434782608695,27,0.9130434782608695,11,0.9130434782608695,11,0.9130434782608695,9,0.9130434782608695,25,0.9130434782608695,113,0.9130434782608695,225,0.9130434782608695,115,0.9130434782608695,178,0.9130434782608695,131,0.9130434782608695,242,0.9130434782608695,135,0.9130434782608695,277,0.8444444444444444,644,0.8695652173913043,978,0.9130434782608695,655,0.9333333333333333,1314,0.9130434782608695,660,0.9130434782608695,1436,0.9130434782608695,611,0.9333333333333333,1154,0.8444444444444444,1319,0.8444444444444444,2396,0.9130434782608695,1274,0.9130434782608695,2368,0.9333333333333333,1276,0.9333333333333333,2457,0.8444444444444444,1260,0.8444444444444444,2159,0.888888888888889,3100,0.8695652173913043,5297,0.888888888888889,3175,0.8695652173913043,5882,0.888888888888889,3074,0.8695652173913043,5334,0.888888888888889,3107,0.8695652173913043,5363,0.8695652173913043,6278,0.8333333333333334,9180,0.851063829787234,6358,0.875,9467,0.851063829787234,6341,0.816326530612245,9303,0.851063829787234,6265,0.816326530612245,9286,0.851063829787234,9447,0.875,11681,0.851063829787234,9383,0.875,11631,0.8333333333333334,9437,0.8571428571428572,11566,0.851063829787234,9486,0.875,11762,0.8571428571428572,11360,0.875,12375,0.8400000000000001,11323,0.875,12359,0.875,11287,0.875,12381,0.8400000000000001,11250,0.8571428571428572,12331,0.875,24,0.8695652173913043
92,2,22,0.9130434782608695,0.9130434782608695,19,0.9130434782608695,35,0.9130434782608695,15,0.9130434782608695,15,0.9130434782608695,8,0.9130434782608695,8,0.9130434782608695,14,0.9130434782608695,46,0.9130434782608695,137,0.9130434782608695,265,0.9130434782608695,126,0.9130434782608695,206,0.9130434782608695,153,0.9130434782608695,232,0.9333333333333333,132,0.9361702127659574,304,0.9333333333333333,650,0.9333333333333333,1279,0.9130434782608695,643,0.9130434782608695,1277,0.9333333333333333,630,0.9333333333333333,1037,0.9130434782608695,652,0.9333333333333333,1150,0.9361702127659574,1187,0.9361702127659574,2047,0.9130434782608695,1278,0.9333333333333333,2390,0.9130434782608695,1291,0.9130434782608695,2404,0.9130434782608695,1330,0.9130434782608695,2287,0.9333333333333333,3179,0.8936170212765957,5571,0.9333333333333333,3108,0.9333333333333333,5495,0.9361702127659574,3185,0.9333333333333333,5551,0.8936170212765957,3157,0.8936170212765957,5527,0.8936170212765957,6247,0.8936170212765957,9231,0.9130434782608695,6268,0.8936170212765957,9248,0.8936170212765957,6296,0.8936170212765957,9152,0.8936170212765957,6318,0.8936170212765957,9273,0.875,9501,0.8936170212765957,11780,0.8936170212765957,9371,0.8936170212765957,11579,0.875,9392,0.875,11612,0.8936170212765957,9431,0.8936170212765957,11572,0.8936170212765957,11369,0.8936170212765957,12399,0.8936170212765957,11291,0.8936170212765957,12389,0.8936170212765957,11290,0.8936170212765957,12358,0.8936170212765957,11281,0.8936170212765957,12432,0.8936170212765957,23,0.9333333333333333
93,2,23,0.9361702127659574,0.9361702127659574,16,0.9361702127659574,16,0.9361702127659574,11,0.9361702127659574,27,0.9361702127659574,17,0.9361702127659574,17,0.9361702127659574,18,0.9361702127659574,50,0.9361702127659574,112,0.9361702127659574,239,0.9361702127659574,122,0.9361702127659574,234,0.9361702127659574,113,0.9130434782608695,240,0.9361702127659574,113,0.9130434782608695,240,0.9361702127659574,613,0.9130434782608695,1113,0.9361702127659574,598,0.9333333333333333,1219,0.9565217391304348,607,0.9565217391304348,1155,0.9361702127659574,628,0.9361702127659574,1088,0.9565217391304348,1265,0.9333333333333333,2484,0.9130434782608695,1257,0.9361702127659574,2522,0.9333333333333333,1238,0.9333333333333333,2196,0.9565217391304348,1277,0.9361702127659574,2254,0.9130434782608695,3036,0.8936170212765957,5347,0.9130434782608695,3201,0.9166666666666666,5617,0.9333333333333333,3188,0.9130434782608695,5476,0.9361702127659574,3054,0.9166666666666666,5027,0.9361702127659574,6239,0.8979591836734694,9130,0.9130434782608695,6248,0.8979591836734694,9225,0.9361702127659574,6311,0.9166666666666666,9349,0.9361702127659574,6222,0.8979591836734694,9183,0.9130434782608695,9393,0.8979591836734694,11621,0.9361702127659574,9414,0.8979591836734694,11622,0.8936170212765957,9386,0.8979591836734694,11663,0.8979591836734694,9378,0.8979591836734694,11670,0.8979591836734694,11290,0.8979591836734694,12406,0.8979591836734694,11262,0.8979591836734694,12393,0.8979591836734694,11309,0.8979591836734694,12346,0.8979591836734694,11374,0.8979591836734694,12388,0.8979591836734694,25,0.9333333333333333
94,2,22,0.9361702127659575,0.9361702127659575,12,0.9361702127659575,12,0.9361702127659575,12,0.9361702127659575,12,0.9361702127659575,12,0.9361702127659575,28,0.9583333333333334,17,0.8936170212765958,65,0.888888888888889,128,0.888888888888889,190,0.9361702127659575,127,0.9361702127659575,204,0.9361702127659575,141,0.9361702127659575,298,0.9130434782608696,155,0.9166666666666666,341,0.888888888888889,676,0.888888888888889,1424,0.888888888888889,620,0.888888888888889,1138,0.9166666666666666,629,0.9166666666666666,1304,0.888888888888889,620,0.888888888888889,995,0.9387755102040817,1262,0.9166666666666666,2164,0.8936170212765958,1261,0.8936170212765958,2263,0.9130434782608696,1227,0.8936170212765958,2250,0.9130434782608696,1188,0.9130434782608696,2201,0.9583333333333334,3103,0.8936170212765958,5429,0.8636363636363636,3116,0.8636363636363636,5219,0.888888888888889,3184,0.8936170212765958,5225,0.8636363636363636,3205,0.8636363636363636,5457,0.8749999999999999,6375,0.8979591836734694,9092,0.8749999999999999,6320,0.8979591836734694,9246,0.8979591836734694,6296,0.8979591836734694,9417,0.8936170212765958,6336,0.8979591836734694,9150,0.8979591836734694,9521,0.88,11691,0.8979591836734694,9423,0.8979591836734694,11639,0.8979591836734694,9460,0.8979591836734694,11649,0.8979591836734694,9531,0.8979591836734694,11709,0.8979591836734694,11295,0.8979591836734694,12400,0.8979591836734694,11319,0.8979591836734694,12371,0.8979591836734694,11292,0.8979591836734694,12402,0.8979591836734694,11339,0.8979591836734694,12407,0.8979591836734694,24,0.888888888888889
95,2,25,0.8399999999999999,0.8399999999999999,12,0.8399999999999999,28,0.8399999999999999,19,0.8399999999999999,51,0.8399999999999999,11,0.8399999999999999,27,0.8399999999999999,11,0.8399999999999999,11,0.8399999999999999,131,0.8399999999999999,225,0.8399999999999999,123,0.8235294117647058,251,0.8399999999999999,128,0.8399999999999999,238,0.8399999999999999,123,0.8399999999999999,217,0.8749999999999999,609,0.8749999999999999,1236,0.8235294117647058,607,0.8399999999999999,1164,0.8571428571428572,630,0.8571428571428572,1109,0.8399999999999999,583,0.8571428571428572,992,0.8571428571428572,1254,0.8510638297872342,1991,0.816326530612245,1265,0.816326530612245,2628,0.8571428571428572,1271,0.8571428571428572,2470,0.8571428571428572,1242,0.8333333333333333,2352,0.8571428571428572,3095,0.7843137254901961,5327,0.8399999999999999,3065,0.816326530612245,5072,0.8235294117647058,3038,0.8235294117647058,5183,0.8571428571428572,3240,0.816326530612245,5444,0.8085106382978724,6299,0.8000000000000002,9492,0.816326530612245,6302,0.7692307692307692,9309,0.8235294117647058,6308,0.8000000000000002,9182,0.7692307692307692,6342,0.7692307692307692,9195,0.8000000000000002,9400,0.8000000000000002,11659,0.8000000000000002,9390,0.8000000000000002,11516,0.8000000000000002,9414,0.8000000000000002,11711,0.8000000000000002,9501,0.8000000000000002,11663,0.8000000000000002,11317,0.8000000000000002,12350,0.8000000000000002,11366,0.8000000000000002,12422,0.8000000000000002,11334,0.8000000000000002,12368,0.8000000000000002,11355,0.8000000000000002,12402,0.8000000000000002,25,0.8510638297872342
96,2,24,0.8979591836734694,0.8979591836734694,11,0.8979591836734694,11,0.8979591836734694,11,0.8979591836734694,11,0.8979591836734694,23,0.8979591836734694,55,0.8979591836734694,16,0.8979591836734694,32,0.8979591836734694,123,0.8979591836734694,231,0.9166666666666666,134,0.9166666666666666,278,0.8979591836734694,135,0.8979591836734694,246,0.8979591836734694,136,0.8979591836734694,231,0.88,659,0.9166666666666666,1206,0.8749999999999999,660,0.8695652173913043,1239,0.9166666666666666,609,0.8399999999999999,1129,0.9166666666666666,647,0.8461538461538461,1378,0.8571428571428572,1272,0.9130434782608696,2273,0.8627450980392156,1188,0.8749999999999999,2058,0.8979591836734694,1216,0.88,2118,0.8235294117647058,1234,0.8936170212765958,2162,0.8510638297872342,3199,0.8695652173913043,5702,0.8399999999999999,3159,0.816326530612245,5214,0.8936170212765958,3105,0.8936170212765958,5171,0.8510638297872342,3126,0.8749999999999999,5399,0.8749999999999999,6223,0.8571428571428572,9073,0.8749999999999999,6327,0.8235294117647058,9358,0.8399999999999999,6255,0.8749999999999999,9225,0.816326530612245,6275,0.8510638297872342,9248,0.8399999999999999,9369,0.8235294117647058,11564,0.8571428571428572,9491,0.8399999999999999,11701,0.8399999999999999,9359,0.8399999999999999,11654,0.8235294117647058,9401,0.8235294117647058,11691,0.8571428571428572,11349,0.8399999999999999,12338,0.8749999999999999,11334,0.8399999999999999,12342,0.8571428571428572,11305,0.8399999999999999,12391,0.8571428571428572,11331,0.8399999999999999,12368,0.8399999999999999,25,0.8695652173913043
97,2,26,0.8771929824561403,0.8771929824561403,14,0.8771929824561403,30,0.8771929824561403,12,0.8771929824561403,12,0.8771929824561403,12,0.8771929824561403,12,0.8771929824561403,9,0.8771929824561403,9,0.8771929824561403,122,0.8771929824561403,154,0.8771929824561403,149,0.8771929824561403,261,0.896551724137931,136,0.896551724137931,293,0.8771929824561403,134,0.8771929824561403,259,0.8771929824561403,629,0.8771929824561403,1318,0.8771929824561403,640,0.8771929824561403,1205,0.8771929824561403,665,0.8771929824561403,1319,0.8771929824561403,628,0.8771929824561403,1119,0.8771929824561403,1251,0.896551724137931,2393,0.8771929824561403,1292,0.8620689655172414,2555,0.8620689655172414,1307,0.8620689655172414,2594,0.8771929824561403,1257,0.8571428571428571,2288,0.8474576271186439,3221,0.8666666666666666,5461,0.8771929824561403,3081,0.9122807017543859,5338,0.8928571428571428,3203,0.8571428571428571,5497,0.8620689655172414,3206,0.8474576271186439,5472,0.8421052631578947,6308,0.8421052631578947,9343,0.8813559322033899,6296,0.8333333333333334,9299,0.8571428571428571,6293,0.8474576271186439,9200,0.8275862068965517,6304,0.8620689655172414,9346,0.8620689655172414,9418,0.8620689655172414,11619,0.8620689655172414,9372,0.8620689655172414,11592,0.8620689655172414,9479,0.8620689655172414,11671,0.8474576271186439,9478,0.8620689655172414,11678,0.8421052631578947,11328,0.8620689655172414,12368,0.8620689655172414,11336,0.8620689655172414,12385,0.8620689655172414,11326,0.8620689655172414,12424,0.8620689655172414,11393,0.8620689655172414,12422,0.8620689655172414,27,0.8727272727272727
98,2,38,0.8888888888888888,0.8888888888888888,23,0.8888888888888888,23,0.8888888888888888,10,0.8888888888888888,10,0.8888888888888888,15,0.8888888888888888,15,0.8860759493670887,10,0.8860759493670887,26,0.8888888888888888,129,0.8888888888888888,255,0.8888888888888888,115,0.8888888888888888,178,0.8888888888888888,115,0.8888888888888888,227,0.8888888888888888,125,0.8571428571428571,330,0.9,653,0.9,1378,0.8888888888888888,607,0.8860759493670887,1046,0.8860759493670887,698,0.8860759493670887,1313,0.8571428571428571,668,0.8461538461538461,1318,0.8607594936708861,1293,0.8717948717948717,2242,0.875,1285,0.8717948717948717,2284,0.8461538461538461,1253,0.8421052631578948,2268,0.8860759493670887,1211,0.875,2347,0.875,3221,0.8311688311688312,5404,0.8421052631578948,3150,0.7499999999999999,5514,0.8378378378378378,3230,0.8000000000000002,5781,0.8421052631578948,3078,0.8266666666666667,5087,0.8157894736842105,6284,0.8051948051948051,9353,0.8157894736842105,6318,0.8051948051948051,9501,0.7948717948717948,6281,0.8051948051948051,9257,0.8266666666666667,6263,0.7567567567567568,9215,0.8051948051948051,9380,0.7894736842105263,11635,0.7631578947368421,9462,0.7733333333333334,11763,0.7894736842105263,9454,0.7894736842105263,11679,0.8051948051948051,9497,0.7733333333333334,11776,0.7631578947368421,11306,0.7733333333333334,12377,0.7733333333333334,11287,0.7733333333333334,12350,0.7733333333333334,11321,0.7733333333333334,12396,0.7466666666666667,11269,0.7733333333333334,12379,0.7733333333333334,32,0.7887323943661972
99,2,37,0.9135802469135803,0.9135802469135803,9,0.9135802469135803,9,0.9135802469135803,16,0.9135802469135803,16,0.9135802469135803,16,0.9135802469135803,16,0.9135802469135803,17,0.9135802469135803,17,0.9135802469135803,128,0.9135802469135803,223,0.9135802469135803,126,0.9135802469135803,284,0.9135802469135803,106,0.9135802469135803,231,0.9135802469135803,133,0.9135802469135803,275,0.9135802469135803,633,0.9135802469135803,1044,0.9,628,0.9,1108,0.9024390243902439,672,0.9024390243902439,1136,0.9135802469135803,600,0.9135802469135803,1094,0.9024390243902439,1269,0.8607594936708862,2379,0.8888888888888891,1207,0.8888888888888891,2355,0.8860759493670886,1302,0.8571428571428571,2529,0.9024390243902439,1274,0.875,2268,0.9,3156,0.9,5377,0.846153846153846,3261,0.8571428571428571,5414,0.8860759493670886,3161,0.9,5440,0.8717948717948718,3191,0.8421052631578948,5565,0.8571428571428571,6174,0.846153846153846,9121,0.8607594936708862,6239,0.875,9332,0.8717948717948718,6349,0.8607594936708862,9183,0.8157894736842106,6234,0.8571428571428571,9254,0.8250000000000001,9438,0.8571428571428571,11622,0.8571428571428571,9404,0.8571428571428571,11659,0.875,9357,0.8571428571428571,11723,0.8717948717948718,9426,0.8571428571428571,11656,0.8717948717948718,11286,0.8717948717948718,12330,0.8571428571428571,11322,0.8571428571428571,12339,0.8571428571428571,11351,0.8571428571428571,12394,0.8571428571428571,11348,0.8571428571428571,12397,0.8571428571428571,33,0.8311688311688312
100,2,38,0.9268292682926829,0.9268292682926829,11,0.9268292682926829,43,0.9268292682926829,22,0.9268292682926829,38,0.9268292682926829,12,0.9268292682926829,12,0.9268292682926829,12,0.9268292682926829,12,0.9268292682926829,122,0.9268292682926829,201,0.9268292682926829,122,0.9268292682926829,185,0.9268292682926829,132,0.9268292682926829,291,0.9268292682926829,127,0.9268292682926829,286,0.9135802469135803,608,0.9135802469135803,985,0.9268292682926829,654,0.9268292682926829,1216,0.9268292682926829,655,0.9268292682926829,1174,0.9268292682926829,614,0.9268292682926829,1117,0.9268292682926829,1279,0.9268292682926829,2491,0.9135802469135803,1289,0.8888888888888891,2614,0.9024390243902439,1227,0.9024390243902439,2205,0.9268292682926829,1234,0.9024390243902439,2432,0.9,3211,0.8888888888888891,5525,0.9268292682926829,3211,0.8421052631578948,5422,0.9135802469135803,3189,0.8860759493670886,5463,0.9024390243902439,3119,0.8780487804878049,5474,0.9135802469135803,6207,0.8421052631578948,9134,0.8421052631578948,6256,0.8571428571428571,9197,0.875,6264,0.8266666666666667,9246,0.8860759493670886,6358,0.8421052631578948,9335,0.8571428571428571,9449,0.846153846153846,11619,0.8571428571428571,9405,0.846153846153846,11648,0.9,9368,0.8888888888888891,11575,0.8571428571428571,9413,0.8311688311688312,11660,0.8205128205128205,11290,0.846153846153846,12384,0.846153846153846,11275,0.846153846153846,12372,0.846153846153846,11354,0.846153846153846,12353,0.846153846153846,11309,0.8311688311688312,12384,0.846153846153846,34,0.8311688311688312
101,2,41,0.9411764705882352,0.9411764705882352,12,0.9411764705882352,28,0.9411764705882352,9,0.9411764705882352,9,0.9411764705882352,19,0.9411764705882352,67,0.9411764705882352,14,0.9411764705882352,46,0.9411764705882352,132,0.9411764705882352,227,0.9411764705882352,135,0.9411764705882352,261,0.9411764705882352,125,0.9411764705882352,173,0.9411764705882352,138,0.9411764705882352,327,0.9411764705882352,609,0.9285714285714285,1173,0.9411764705882352,604,0.9411764705882352,1254,0.9411764705882352,596,0.9411764705882352,1277,0.9156626506024097,612,0.9156626506024097,1044,0.9285714285714285,1305,0.9411764705882352,2443,0.9285714285714285,1291,0.9156626506024097,2289,0.9156626506024097,1236,0.9024390243902439,2351,0.9047619047619048,1229,0.9047619047619048,2256,0.9156626506024097,3238,0.9024390243902439,5360,0.9176470588235294,3130,0.8607594936708862,5417,0.9411764705882352,3167,0.9024390243902439,5451,0.8809523809523809,3168,0.8571428571428572,5284,0.8607594936708862,6322,0.846153846153846,9257,0.8641975308641975,6290,0.8674698795180724,9366,0.8641975308641975,6322,0.8395061728395061,9157,0.810126582278481,6234,0.8354430379746834,9077,0.8395061728395061,9370,0.8607594936708862,11626,0.846153846153846,9399,0.846153846153846,11665,0.8354430379746834,9499,0.8607594936708862,11769,0.8607594936708862,9440,0.8607594936708862,11740,0.8354430379746834,11329,0.875,12376,0.846153846153846,11234,0.8607594936708862,12338,0.8607594936708862,11310,0.846153846153846,12351,0.8607594936708862,11304,0.8607594936708862,12374,0.8607594936708862,35,0.846153846153846
102,2,39,0.9397590361445783,0.9397590361445783,17,0.9397590361445783,33,0.9397590361445783,12,0.9397590361445783,28,0.9397590361445783,15,0.9397590361445783,30,0.9268292682926829,15,0.9268292682926829,15,0.9397590361445783,153,0.9397590361445783,296,0.9397590361445783,131,0.9397590361445783,225,0.9397590361445783,120,0.9397590361445783,199,0.9397590361445783,128,0.9397590361445783,222,0.9397590361445783,690,0.9268292682926829,1373,0.9523809523809523,637,0.9397590361445783,1113,0.9268292682926829,685,0.9397590361445783,1229,0.9268292682926829,692,0.9268292682926829,1298,0.9523809523809523,1233,0.9523809523809523,2130,0.9268292682926829,1300,0.8888888888888891,2177,0.9523809523809523,1202,0.9523809523809523,2057,0.9523809523809523,1232,0.9523809523809523,2296,0.8888888888888891,3052,0.9,5094,0.9523809523809523,3010,0.9397590361445783,4904,0.9268292682926829,3173,0.9135802469135803,5424,0.8860759493670886,3111,0.8717948717948718,5281,0.8888888888888891,6220,0.8717948717948718,9026,0.8860759493670886,6321,0.9,9167,0.8860759493670886,6314,0.9,9240,0.8571428571428571,6325,0.8421052631578948,9405,0.8860759493670886,9472,0.8717948717948718,11758,0.9,9476,0.8717948717948718,11643,0.8571428571428571,9410,0.8717948717948718,11717,0.8571428571428571,9469,0.8717948717948718,11643,0.8607594936708862,11342,0.8717948717948718,12389,0.8860759493670886,11318,0.8717948717948718,12408,0.8717948717948718,11261,0.8717948717948718,12361,0.846153846153846,11289,0.8717948717948718,12401,0.8717948717948718,34,0.8717948717948718
103,2,41,0.9647058823529412,0.9647058823529412,13,0.9647058823529412,29,0.9647058823529412,17,0.9647058823529412,33,0.9647058823529412,9,0.9647058823529412,41,0.9647058823529412,11,0.9647058823529412,43,0.9647058823529412,134,0.9523809523809523,166,0.9647058823529412,128,0.9647058823529412,159,0.9647058823529412,123,0.9647058823529412,281,0.9647058823529412,128,0.9647058823529412,302,0.9647058823529412,607,0.9647058823529412,1186,0.9523809523809523,606,0.9523809523809523,1141,0.9647058823529412,682,0.9647058823529412,1263,0.9523809523809523,624,0.9523809523809523,1373,0.9647058823529412,1279,0.9647058823529412,2388,0.9523809523809523,1269,0.9397590361445783,2360,0.9285714285714285,1224,0.9523809523809523,2264,0.9647058823529412,1266,0.9647058823529412,2234,0.9647058823529412,3165,0.9647058823529412,5507,0.9156626506024097,3121,0.8888888888888891,5203,0.9024390243902439,3210,0.8780487804878049,5577,0.9397590361445783,3159,0.9268292682926829,5220,0.9,6308,0.9135802469135803,9280,0.9397590361445783,6281,0.9135802469135803,9345,0.9268292682926829,6297,0.9268292682926829,9264,0.9285714285714285,6248,0.8888888888888891,9150,0.9,9431,0.9,11848,0.9,9424,0.9,11712,0.9135802469135803,9537,0.9,11683,0.8860759493670886,9415,0.9,11702,0.9135802469135803,11245,0.9,12358,0.9135802469135803,11309,0.9,12356,0.9,11404,0.9,12418,0.8888888888888891,11345,0.9,12413,0.9,36,0.8860759493670886
104,2,40,0.9285714285714285,0.9285714285714285,12,0.9285714285714285,12,0.9285714285714285,9,0.9285714285714285,25,0.9285714285714285,14,0.9285714285714285,30,0.9285714285714285,12,0.9285714285714285,12,0.9285714285714285,131,0.9285714285714285,273,0.9285714285714285,123,0.9285714285714285,234,0.9285714285714285,136,0.9285714285714285,310,0.9285714285714285,135,0.9285714285714285,229,0.9156626506024097,646,0.9156626506024097,1289,0.9268292682926829,604,0.9135802469135803,1169,0.9285714285714285,670,0.9285714285714285,1272,0.9024390243902439,651,0.9024390243902439,1276,0.9024390243902439,1224,0.875,2335,0.9156626506024097,1247,0.9156626506024097,2260,0.9268292682926829,1147,0.9,2110,0.9397590361445783,1261,0.9397590361445783,2301,0.891566265060241,3120,0.8780487804878049,5198,0.891566265060241,3167,0.8809523809523809,5334,0.8641975308641975,3097,0.8250000000000001,5327,0.8674698795180724,3114,0.8205128205128205,5312,0.8717948717948718,6313,0.8571428571428571,9375,0.8311688311688312,6271,0.8157894736842106,9108,0.846153846153846,6248,0.8205128205128205,9163,0.8395061728395061,6255,0.846153846153846,9121,0.8607594936708862,9456,0.8157894736842106,11750,0.8205128205128205,9470,0.8157894736842106,11756,0.7894736842105263,9400,0.8157894736842106,11569,0.8311688311688312,9414,0.8157894736842106,11678,0.8157894736842106,11317,0.8157894736842106,12340,0.8157894736842106,11334,0.8157894736842106,12388,0.810126582278481,11332,0.8157894736842106,12346,0.8157894736842106,11291,0.8157894736842106,12400,0.8157894736842106,32,0.8051948051948052
105,2,39,0.9397590361445783,0.9397590361445783,8,0.9397590361445783,8,0.9397590361445783,9,0.9397590361445783,25,0.9397590361445783,10,0.9397590361445783,10,0.9397590361445783,11,0.9397590361445783,43,0.9397590361445783,119,0.9397590361445783,198,0.9397590361445783,126,0.9397590361445783,173,0.9397590361445783,134,0.9397590361445783,229,0.9397590361445783,132,0.9397590361445783,242,0.9397590361445783,593,0.9268292682926829,1153,0.9397590361445783,631,0.9397590361445783,1194,0.9268292682926829,648,0.9268292682926829,1186,0.9268292682926829,670,0.9268292682926829,1280,0.9268292682926829,1236,0.9268292682926829,2245,0.9523809523809523,1270,0.9135802469135803,2422,0.9268292682926829,1246,0.9268292682926829,2118,0.9397590361445783,1288,0.8780487804878049,2378,0.9,3207,0.8860759493670886,5451,0.8888888888888891,3098,0.9135802469135803,5144,0.9135802469135803,3175,0.9135802469135803,5384,0.9024390243902439,3120,0.9135802469135803,5326,0.8888888888888891,6239,0.9,9296,0.8888888888888891,6257,0.8717948717948718,9217,0.9024390243902439,6246,0.8717948717948718,9162,0.8717948717948718,6405,0.846153846153846,9344,0.8717948717948718,9400,0.8717948717948718,11590,0.8860759493670886,9446,0.9,11732,0.8717948717948718,9388,0.8571428571428571,11678,0.8311688311688312,9426,0.8571428571428571,11546,0.8571428571428571,11339,0.8717948717948718,12368,0.8717948717948718,11241,0.8717948717948718,12380,0.8571428571428571,11297,0.8717948717948718,12363,0.8717948717948718,11357,0.8717948717948718,12381,0.8717948717948718,34,0.8571428571428571
106,2,40,0.9523809523809523,0.9523809523809523,10,0.9523809523809523,26,0.9523809523809523,10,0.9523809523809523,10,0.9523809523809523,9,0.9523809523809523,25,0.9523809523809523,17,0.9523809523809523,17,0.9523809523809523,126,0.9523809523809523,205,0.9285714285714285,114,0.9285714285714285,210,0.9523809523809523,145,0.9523809523809523,289,0.9523809523809523,122,0.9523809523809523,202,0.9523809523809523,633,0.9397590361445783,1312,0.9397590361445783,652,0.9024390243902439,1308,0.9523809523809523,626,0.9523809523809523,990,0.9523809523809523,646,0.9523809523809523,1219,0.9523809523809523,1254,0.9397590361445783,2290,0.9268292682926829,1284,0.9135802469135803,2210,0.9523809523809523,1298,0.9523809523809523,2239,0.9397590361445783,1191,0.9135802469135803,2322,0.9135802469135803,3168,0.8717948717948718,5343,0.9268292682926829,3144,0.8607594936708862,5493,0.9523809523809523,3101,0.9285714285714285,5463,0.9397590361445783,3108,0.9135802469135803,5221,0.9268292682926829,6336,0.8571428571428571,9364,0.8607594936708862,6209,0.8421052631578948,9171,0.8607594936708862,6323,0.875,9113,0.8311688311688312,6386,0.8354430379746834,9509,0.8571428571428571,9358,0.8571428571428571,11627,0.8860759493670886,9402,0.8717948717948718,11622,0.8571428571428571,9491,0.8571428571428571,11601,0.8421052631578948,9408,0.8571428571428571,11680,0.846153846153846,11279,0.846153846153846,12360,0.846153846153846,11305,0.8571428571428571,12388,0.8421052631578948,11300,0.8571428571428571,12364,0.8717948717948718,11322,0.8571428571428571,12365,0.8571428571428571,33,0.8571428571428571
107,2,40,0.9285714285714285,0.9285714285714285,11,0.9285714285714285,43,0.9285714285714285,17,0.9285714285714285,17,0.9285714285714285,13,0.9285714285714285,13,0.9285714285714285,12,0.9285714285714285,28,0.9285714285714285,138,0.9285714285714285,296,0.9285714285714285,121,0.9156626506024097,185,0.9285714285714285,129,0.9285714285714285,225,0.9397590361445783,119,0.9397590361445783,229,0.9285714285714285,631,0.9285714285714285,1254,0.9156626506024097,602,0.9024390243902439,1206,0.9268292682926829,629,0.9156626506024097,1213,0.891566265060241,593,0.8780487804878049,1138,0.9268292682926829,1279,0.875,2381,0.9156626506024097,1299,0.8780487804878049,2451,0.9156626506024097,1294,0.8571428571428571,2481,0.9397590361445783,1201,0.9135802469135803,2233,0.85,3088,0.846153846153846,5246,0.8717948717948718,3139,0.8108108108108109,5482,0.8888888888888891,3126,0.8157894736842106,5440,0.875,3083,0.8717948717948718,5525,0.8571428571428571,6242,0.8717948717948718,9110,0.9,6258,0.8860759493670886,9206,0.9268292682926829,6382,0.9,9387,0.8717948717948718,6304,0.8266666666666667,9214,0.8860759493670886,9412,0.846153846153846,11645,0.8421052631578948,9384,0.8421052631578948,11696,0.8266666666666667,9333,0.8157894736842106,11558,0.8717948717948718,9531,0.8421052631578948,11708,0.8421052631578948,11303,0.8421052631578948,12383,0.8421052631578948,11307,0.8421052631578948,12347,0.8421052631578948,11288,0.8421052631578948,12320,0.8421052631578948,11297,0.8421052631578948,12402,0.8421052631578948,32,0.8311688311688312
108,2,39,0.962962962962963,0.9500000000000001,7,0.9500000000000001,23,0.962962962962963,9,0.962962962962963,41,0.9500000000000001,11,0.9500000000000001,11,0.9500000000000001,10,0.9500000000000001,26,0.962962962962963,143,0.962962962962963,237,0.962962962962963,119,0.9500000000000001,277,0.962962962962963,141,0.962962962962963,283,0.962962962962963,127,0.962962962962963,287,0.962962962962963,560,0.9500000000000001,923,0.962962962962963,618,0.9382716049382716,1139,0.962962962962963,666,0.9382716049382716,1201,0.962962962962963,686,0.962962962962963,1223,0.9367088607594937,1268,0.8717948717948718,2210,0.9500000000000001,1286,0.9500000000000001,2183,0.9500000000000001,1226,0.9500000000000001,2375,0.9,1331,0.8860759493670887,2486,0.9090909090909091,3160,0.9090909090909091,5447,0.925,3159,0.9500000000000001,5382,0.9113924050632912,3179,0.8421052631578947,5320,0.925,3087,0.8641975308641975,5199,0.8947368421052632,6249,0.88,9353,0.8533333333333334,6274,0.88,9260,0.8354430379746834,6260,0.8684210526315789,9219,0.8831168831168832,6364,0.8831168831168832,9507,0.8421052631578947,9440,0.8648648648648648,11829,0.8311688311688312,9471,0.88,11812,0.88,9359,0.88,11614,0.88,9365,0.88,11608,0.88,11316,0.88,12379,0.8684210526315789,11322,0.88,12416,0.8648648648648648,11333,0.88,12383,0.88,11335,0.88,12359,0.88,33,0.88
109,2,38,0.9382716049382717,0.9382716049382717,14,0.9382716049382717,14,0.9382716049382717,8,0.9382716049382717,24,0.9382716049382717,9,0.9382716049382717,9,0.9382716049382717,12,0.9382716049382717,12,0.9382716049382717,130,0.9382716049382717,178,0.9382716049382717,108,0.9382716049382717,185,0.9382716049382717,113,0.9382716049382717,161,0.9382716049382717,124,0.9268292682926831,266,0.9249999999999999,647,0.9382716049382717,1307,0.951219512195122,675,0.951219512195122,1349,0.9249999999999999,649,0.9249999999999999,997,0.9382716049382717,634,0.9249999999999999,1244,0.9113924050632911,1261,0.9113924050632911,2270,0.9382716049382717,1254,0.9249999999999999,2483,0.9135802469135803,1258,0.9135802469135803,2361,0.9113924050632911,1258,0.9382716049382717,2378,0.8974358974358974,3185,0.8974358974358974,5815,0.8974358974358974,3198,0.8607594936708861,5467,0.9113924050632911,3227,0.8831168831168831,5451,0.9135802469135803,3139,0.9,5284,0.8717948717948717,6305,0.8421052631578948,9323,0.8860759493670887,6345,0.8378378378378378,9296,0.8717948717948717,6237,0.8831168831168831,9167,0.8974358974358974,6317,0.8378378378378378,9241,0.8421052631578948,9404,0.8533333333333333,11552,0.8421052631578948,9414,0.8533333333333333,11580,0.8378378378378378,9487,0.8533333333333333,11627,0.8533333333333333,9416,0.868421052631579,11585,0.8378378378378378,11277,0.8378378378378378,12377,0.8421052631578948,11329,0.8533333333333333,12416,0.868421052631579,11320,0.8533333333333333,12398,0.8378378378378378,11337,0.8533333333333333,12380,0.8533333333333333,32,0.8533333333333333
110,2,38,0.9500000000000001,0.9500000000000001,19,0.9500000000000001,51,0.9500000000000001,10,0.9500000000000001,10,0.9500000000000001,15,0.9500000000000001,31,0.9500000000000001,4,0.9500000000000001,4,0.9367088607594937,133,0.9367088607594937,196,0.962962962962963,123,0.962962962962963,249,0.9367088607594937,130,0.9367088607594937,273,0.9500000000000001,117,0.9500000000000001,181,0.9367088607594937,630,0.9367088607594937,1253,0.925,629,0.925,1294,0.9367088607594937,593,0.9367088607594937,1117,0.9500000000000001,619,0.9500000000000001,1176,0.9367088607594937,1218,0.9367088607594937,2125,0.962962962962963,1221,0.9367088607594937,2247,0.962962962962963,1209,0.9382716049382716,2287,0.9500000000000001,1213,0.9367088607594937,2109,0.925,3195,0.9500000000000001,5330,0.9,3081,0.9090909090909091,5366,0.962962962962963,3102,0.9367088607594937,5314,0.8974358974358975,3206,0.88,5296,0.923076923076923,6316,0.8648648648648648,9229,0.8378378378378379,6229,0.821917808219178,9226,0.9090909090909091,6256,0.9090909090909091,9352,0.925,6215,0.8947368421052632,9280,0.8571428571428571,9453,0.88,11672,0.88,9433,0.88,11629,0.8831168831168832,9425,0.8648648648648648,11676,0.8378378378378379,9485,0.8648648648648648,11697,0.8493150684931507,11290,0.8648648648648648,12399,0.8648648648648648,11341,0.8648648648648648,12387,0.88,11313,0.8648648648648648,12393,0.8648648648648648,11268,0.8648648648648648,12378,0.8648648648648648,32,0.8648648648648648
111,2,39,0.962962962962963,0.962962962962963,14,0.962962962962963,14,0.962962962962963,21,0.962962962962963,53,0.962962962962963,11,0.962962962962963,11,0.962962962962963,16,0.962962962962963,32,0.962962962962963,132,0.962962962962963,196,0.962962962962963,129,0.962962962962963,257,0.962962962962963,115,0.9135802469135802,291,0.962962962962963,152,0.962962962962963,216,0.9382716049382716,591,0.9382716049382716,1233,0.9382716049382716,644,0.9382716049382716,1285,0.9500000000000001,612,0.923076923076923,1354,0.962962962962963,633,0.962962962962963,1187,0.9367088607594937,1281,0.8974358974358975,2276,0.925,1282,0.925,2557,0.925,1280,0.925,2465,0.9367088607594937,1273,0.923076923076923,2439,0.9090909090909091,3096,0.8860759493670887,5367,0.923076923076923,3173,0.923076923076923,5246,0.8860759493670887,3024,0.8831168831168832,5372,0.9367088607594937,3228,0.8947368421052632,5582,0.8860759493670887,6355,0.8947368421052632,9242,0.88,6283,0.8648648648648648,9295,0.8831168831168832,6315,0.8533333333333334,9203,0.9090909090909091,6162,0.8533333333333334,8964,0.8947368421052632,9378,0.8533333333333334,11706,0.8533333333333334,9523,0.8533333333333334,11733,0.88,9424,0.8533333333333334,11604,0.8831168831168832,9495,0.8533333333333334,11729,0.8533333333333334,11335,0.8533333333333334,12414,0.8684210526315789,11352,0.8684210526315789,12371,0.8533333333333334,11358,0.8533333333333334,12355,0.8533333333333334,11265,0.8533333333333334,12367,0.8533333333333334,33,0.8378378378378379
112,2,38,0.9382716049382717,0.9382716049382717,14,0.9382716049382717,30,0.9382716049382717,10,0.9382716049382717,26,0.9382716049382717,10,0.9382716049382717,10,0.9382716049382717,13,0.9382716049382717,13,0.9382716049382717,132,0.9382716049382717,244,0.9382716049382717,112,0.9382716049382717,252,0.9382716049382717,121,0.9382716049382717,280,0.9382716049382717,132,0.9135802469135803,274,0.9382716049382717,665,0.9249999999999999,1309,0.9382716049382717,621,0.9382716049382717,1183,0.9382716049382717,658,0.9382716049382717,1171,0.9382716049382717,603,0.9249999999999999,1052,0.9249999999999999,1283,0.9,2367,0.9249999999999999,1263,0.9249999999999999,2299,0.9382716049382717,1299,0.9382716049382717,2484,0.9382716049382717,1265,0.9382716049382717,2283,0.9113924050632911,3147,0.875,5291,0.9135802469135803,3105,0.9135802469135803,5123,0.9113924050632911,3173,0.8461538461538461,5420,0.9382716049382717,3146,0.8831168831168831,5461,0.8860759493670887,6262,0.8157894736842105,9246,0.8860759493670887,6314,0.8421052631578948,9327,0.8974358974358974,6223,0.8571428571428571,9108,0.875,6226,0.8860759493670887,9144,0.868421052631579,9458,0.8421052631578948,11659,0.8461538461538461,9367,0.8571428571428571,11586,0.8421052631578948,9378,0.8157894736842105,11677,0.868421052631579,9384,0.868421052631579,11667,0.8421052631578948,11258,0.8157894736842105,12337,0.8157894736842105,11341,0.8157894736842105,12373,0.8157894736842105,11296,0.8157894736842105,12362,0.8157894736842105,11315,0.8157894736842105,12344,0.8157894736842105,33,0.8157894736842105
113,2,39,0.951219512195122,0.951219512195122,10,0.951219512195122,10,0.951219512195122,14,0.951219512195122,14,0.951219512195122,10,0.951219512195122,26,0.951219512195122,11,0.951219512195122,27,0.951219512195122,111,0.951219512195122,223,0.951219512195122,120,0.951219512195122,152,0.951219512195122,139,0.951219512195122,267,0.951219512195122,137,0.951219512195122,184,0.951219512195122,566,0.951219512195122,1122,0.9249999999999999,632,0.9249999999999999,1346,0.9135802469135803,603,0.9135802469135803,1153,0.9382716049382717,608,0.9382716049382717,1033,0.9382716049382717,1282,0.9382716049382717,2384,0.9249999999999999,1291,0.9135802469135803,2384,0.9397590361445783,1289,0.9268292682926831,2339,0.9382716049382717,1227,0.8860759493670887,2170,0.9382716049382717,3124,0.9382716049382717,5578,0.8860759493670887,3154,0.8571428571428571,5436,0.9249999999999999,3239,0.8974358974358974,5415,0.8860759493670887,3268,0.875,5524,0.8311688311688312,6222,0.8421052631578948,9093,0.8974358974358974,6323,0.8461538461538461,9411,0.9113924050632911,6273,0.8974358974358974,9016,0.8571428571428571,6247,0.868421052631579,9045,0.8571428571428571,9366,0.8571428571428571,11575,0.868421052631579,9422,0.8571428571428571,11644,0.9113924050632911,9464,0.8571428571428571,11659,0.8461538461538461,9399,0.8571428571428571,11636,0.8571428571428571,11333,0.8571428571428571,12369,0.8571428571428571,11352,0.8571428571428571,12359,0.8571428571428571,11290,0.8571428571428571,12363,0.8717948717948717,11325,0.8571428571428571,12406,0.8571428571428571,34,0.868421052631579
114,2,40,0.9397590361445783,0.9397590361445783,10,0.9397590361445783,10,0.9397590361445783,12,0.9397590361445783,12,0.9397590361445783,15,0.9397590361445783,15,0.9397590361445783,17,0.9397590361445783,49,0.951219512195122,132,0.951219512195122,196,0.9397590361445783,135,0.9397590361445783,279,0.9397590361445783,130,0.9397590361445783,272,0.9397590361445783,119,0.9397590361445783,263,0.951219512195122,676,0.951219512195122,1340,0.9268292682926831,622,0.9268292682926831,1304,0.9397590361445783,600,0.9397590361445783,1107,0.963855421686747,580,0.963855421686747,1236,0.9268292682926831,1280,0.9024390243902439,2364,0.9397590361445783,1221,0.9156626506024096,2203,0.9268292682926831,1286,0.9268292682926831,2305,0.9382716049382717,1164,0.9024390243902439,1961,0.9382716049382717,3072,0.9249999999999999,5221,0.9249999999999999,3165,0.9135802469135803,5229,0.9268292682926831,3064,0.9135802469135803,5110,0.951219512195122,3161,0.8888888888888888,5425,0.9,6218,0.875,9369,0.8717948717948717,6206,0.8461538461538461,9161,0.8860759493670887,6244,0.8607594936708861,9187,0.9135802469135803,6364,0.8607594936708861,9306,0.8717948717948717,9477,0.8461538461538461,11612,0.8311688311688312,9462,0.8205128205128205,11828,0.8311688311688312,9514,0.8205128205128205,11605,0.8860759493670887,9371,0.8205128205128205,11496,0.8354430379746837,11317,0.8205128205128205,12368,0.8205128205128205,11295,0.8205128205128205,12365,0.8311688311688312,11309,0.8205128205128205,12386,0.8205128205128205,11327,0.8205128205128205,12378,0.8205128205128205,35,0.868421052631579
115,2,39,0.951219512195122,0.951219512195122,17,0.951219512195122,17,0.951219512195122,14,0.951219512195122,30,0.951219512195122,15,0.951219512195122,15,0.951219512195122,8,0.951219512195122,8,0.951219512195122,134,0.951219512195122,325,0.951219512195122,126,0.951219512195122,189,0.951219512195122,135,0.951219512195122,293,0.951219512195122,107,0.951219512195122,297,0.951219512195122,635,0.951219512195122,1048,0.951219512195122,645,0.951219512195122,1273,0.9382716049382717,611,0.9382716049382717,1133,0.9382716049382717,646,0.9382716049382717,1299,0.951219512195122,1275,0.951219512195122,2411,0.951219512195122,1259,0.951219512195122,2313,0.951219512195122,1273,0.951219512195122,2309,0.951219512195122,1295,0.951219512195122,2492,0.9268292682926831,3069,0.9268292682926831,5196,0.9382716049382717,3268,0.8860759493670887,5578,0.9135802469135803,3150,0.9249999999999999,5481,0.9268292682926831,3117,0.9135802469135803,5280,0.9249999999999999,6202,0.9,9012,0.9249999999999999,6255,0.9113924050632911,9115,0.8717948717948717,6245,0.8860759493670887,9156,0.8860759493670887,6251,0.8607594936708861,8967,0.8461538461538461,9422,0.8461538461538461,11628,0.8717948717948717,9482,0.8717948717948717,11642,0.8354430379746837,9422,0.8717948717948717,11671,0.8717948717948717,9368,0.8717948717948717,11618,0.8717948717948717,11317,0.8717948717948717,12386,0.8860759493670887,11313,0.8717948717948717,12351,0.8461538461538461,11336,0.8717948717948717,12383,0.8717948717948717,11282,0.8717948717948717,12394,0.8717948717948717,35,0.8717948717948717
116,2,40,0.963855421686747,0.963855421686747,8,0.963855421686747,8,0.963855421686747,13,0.963855421686747,45,0.963855421686747,13,0.963855421686747,13,0.963855421686747,6,0.963855421686747,22,0.963855421686747,117,0.963855421686747,181,0.963855421686747,103,0.963855421686747,212,0.963855421686747,113,0.963855421686747,256,0.963855421686747,132,0.963855421686747,228,0.963855421686747,598,0.951219512195122,931,0.963855421686747,632,0.963855421686747,1077,0.963855421686747,624,0.963855421686747,1096,0.963855421686747,623,0.963855421686747,1277,0.963855421686747,1222,0.963855421686747,2149,0.9411764705882352,1286,0.9523809523809524,2209,0.963855421686747,1244,0.963855421686747,2223,0.963855421686747,1205,0.9382716049382717,2257,0.891566265060241,3172,0.9397590361445783,5400,0.951219512195122,3166,0.9397590361445783,5452,0.9397590361445783,3169,0.9024390243902439,5218,0.963855421686747,3077,0.8974358974358974,5321,0.9024390243902439,6404,0.8860759493670887,9223,0.878048780487805,6254,0.8717948717948717,9177,0.9268292682926831,6278,0.9,9208,0.85,6223,0.8461538461538461,9247,0.8717948717948717,9410,0.8974358974358974,11686,0.9113924050632911,9458,0.9113924050632911,11600,0.8461538461538461,9360,0.8974358974358974,11595,0.9,9506,0.8974358974358974,11664,0.9249999999999999,11295,0.8974358974358974,12363,0.9113924050632911,11306,0.8974358974358974,12385,0.8860759493670887,11319,0.8974358974358974,12380,0.8974358974358974,11259,0.8974358974358974,12384,0.8974358974358974,35,0.8831168831168831
117,2,39,0.9268292682926831,0.9268292682926831,11,0.9268292682926831,27,0.9268292682926831,10,0.9268292682926831,26,0.9268292682926831,9,0.9268292682926831,41,0.9268292682926831,13,0.9268292682926831,13,0.9268292682926831,120,0.9268292682926831,216,0.9268292682926831,130,0.9268292682926831,240,0.9268292682926831,130,0.9268292682926831,270,0.9268292682926831,135,0.9268292682926831,277,0.9268292682926831,630,0.9268292682926831,1386,0.9397590361445783,626,0.9268292682926831,1137,0.9397590361445783,586,0.9268292682926831,1204,0.9397590361445783,635,0.9024390243902439,1290,0.9268292682926831,1270,0.9397590361445783,2454,0.9397590361445783,1252,0.9397590361445783,2270,0.9268292682926831,1227,0.9024390243902439,2327,0.9156626506024096,1249,0.9156626506024096,2424,0.9268292682926831,3093,0.9024390243902439,5330,0.9135802469135803,3077,0.8641975308641974,5461,0.9156626506024096,3204,0.9397590361445783,5285,0.9397590361445783,3094,0.9,5367,0.9397590361445783,6250,0.8888888888888888,9221,0.8888888888888888,6220,0.8888888888888888,9220,0.9397590361445783,6256,0.9268292682926831,9219,0.9,6268,0.8641975308641974,9170,0.8860759493670887,9447,0.9,11641,0.9397590361445783,9425,0.8607594936708861,11730,0.8860759493670887,9376,0.8860759493670887,11527,0.9268292682926831,9515,0.8860759493670887,11657,0.8860759493670887,11357,0.8860759493670887,12382,0.8860759493670887,11254,0.8860759493670887,12358,0.875,11286,0.8860759493670887,12375,0.9,11267,0.8860759493670887,12359,0.8860759493670887,36,0.875
118,2,40,0.963855421686747,0.963855421686747,10,0.963855421686747,10,0.963855421686747,9,0.963855421686747,9,0.963855421686747,8,0.963855421686747,8,0.963855421686747,10,0.963855421686747,26,0.951219512195122,137,0.951219512195122,295,0.963855421686747,119,0.951219512195122,198,0.963855421686747,120,0.963855421686747,168,0.963855421686747,126,0.963855421686747,206,0.963855421686747,612,0.9397590361445783,1176,0.9397590361445783,614,0.9397590361445783,1025,0.9397590361445783,622,0.9397590361445783,1269,0.963855421686747,588,0.9268292682926831,1122,0.963855421686747,1222,0.951219512195122,2108,0.963855421686747,1235,0.963855421686747,2219,0.963855421686747,1277,0.963855421686747,2327,0.951219512195122,1244,0.9249999999999999,2350,0.963855421686747,3155,0.951219512195122,5341,0.951219512195122,3106,0.9268292682926831,4991,0.951219512195122,3097,0.9397590361445783,4995,0.963855421686747,3086,0.951219512195122,5055,0.951219512195122,6229,0.9024390243902439,9176,0.9135802469135803,6331,0.9113924050632911,9406,0.9268292682926831,6247,0.9382716049382717,9036,0.9268292682926831,6233,0.9113924050632911,9234,0.9113924050632911,9352,0.9113924050632911,11585,0.9249999999999999,9414,0.9249999999999999,11653,0.9382716049382717,9385,0.9113924050632911,11679,0.951219512195122,9423,0.9024390243902439,11649,0.9113924050632911,11324,0.9113924050632911,12421,0.9113924050632911,11338,0.9113924050632911,12402,0.9113924050632911,11290,0.9113924050632911,12331,0.9113924050632911,11295,0.9113924050632911,12355,0.9113924050632911,36,0.9
119,2,39,0.951219512195122,0.951219512195122,6,0.951219512195122,6,0.951219512195122,13,0.951219512195122,61,0.951219512195122,18,0.951219512195122,34,0.951219512195122,13,0.951219512195122,13,0.951219512195122,114,0.951219512195122,209,0.951219512195122,140,0.951219512195122,171,0.951219512195122,121,0.951219512195122,249,0.9382716049382717,121,0.9382716049382717,215,0.951219512195122,640,0.9397590361445783,1430,0.9268292682926831,674,0.891566265060241,1434,0.9397590361445783,617,0.9397590361445783,1099,0.951219512195122,651,0.951219512195122,1146,0.951219512195122,1318,0.951219512195122,2350,0.951219512195122,1237,0.951219512195122,2357,0.951219512195122,1233,0.951219512195122,2177,0.951219512195122,1259,0.951219512195122,2249,0.9397590361445783,3165,0.9397590361445783,5451,0.9382716049382717,3158,0.9,5428,0.9268292682926831,3062,0.8974358974358974,5189,0.9135802469135803,3126,0.9268292682926831,5489,0.9,6193,0.9249999999999999,9189,0.9135802469135803,6368,0.9113924050632911,9276,0.9249999999999999,6250,0.9113924050632911,9157,0.9135802469135803,6188,0.8974358974358974,9226,0.9382716049382717,9436,0.8974358974358974,11685,0.9,9347,0.9113924050632911,11628,0.9113924050632911,9401,0.9249999999999999,11634,0.9113924050632911,9368,0.8974358974358974,11553,0.8974358974358974,11378,0.9113924050632911,12413,0.8974358974358974,11307,0.9113924050632911,12344,0.9113924050632911,11320,0.9113924050632911,12393,0.9113924050632911,11294,0.9113924050632911,12404,0.9113924050632911,36,0.9113924050632911
120,2,39,0.951219512195122,0.951219512195122,10,0.951219512195122,26,0.951219512195122,11,0.951219512195122,11,0.951219512195122,16,0.951219512195122,48,0.951219512195122,19,0.951219512195122,67,0.951219512195122,119,0.951219512195122,263,0.951219512195122,130,0.951219512195122,240,0.951219512195122,147,0.963855421686747,290,0.951219512195122,125,0.951219512195122,317,0.963855421686747,651,0.963855421686747,1273,0.951219512195122,639,0.8888888888888888,1296,0.9135802469135803,643,0.9268292682926831,1015,0.9156626506024096,633,0.9156626506024096,1212,0.963855421686747,1214,0.963855421686747,2243,0.9268292682926831,1265,0.9268292682926831,2319,0.963855421686747,1313,0.963855421686747,2484,0.951219512195122,1181,0.963855421686747,2335,0.9135802469135803,3148,0.8888888888888888,5203,0.9249999999999999,3063,0.9024390243902439,5277,0.963855421686747,3169,0.9397590361445783,5340,0.9024390243902439,3169,0.9156626506024096,5305,0.8888888888888888,6225,0.9135802469135803,9074,0.9156626506024096,6240,0.8888888888888888,9224,0.951219512195122,6356,0.9024390243902439,9351,0.9024390243902439,6264,0.9135802469135803,8998,0.9024390243902439,9502,0.9024390243902439,11627,0.8888888888888888,9452,0.8888888888888888,11637,0.9,9398,0.9024390243902439,11749,0.8888888888888888,9466,0.8888888888888888,11652,0.891566265060241,11330,0.9024390243902439,12370,0.9156626506024096,11343,0.9024390243902439,12381,0.9156626506024096,11320,0.9024390243902439,12334,0.8888888888888888,11370,0.9024390243902439,12402,0.9024390243902439,39,0.875
121,2,39,0.9268292682926831,0.9268292682926831,20,0.9268292682926831,36,0.9268292682926831,11,0.9268292682926831,11,0.9268292682926831,11,0.9268292682926831,27,0.9268292682926831,8,0.9268292682926831,8,0.9268292682926831,131,0.9268292682926831,255,0.9268292682926831,126,0.9268292682926831,268,0.9268292682926831,125,0.9268292682926831,189,0.9268292682926831,111,0.9268292682926831,175,0.9268292682926831,624,0.9,1163,0.9268292682926831,635,0.9024390243902439,1427,0.9,616,0.9268292682926831,1076,0.9268292682926831,634,0.9397590361445783,1177,0.9135802469135803,1267,0.9268292682926831,2253,0.9135802469135803,1201,0.9135802469135803,2441,0.9135802469135803,1205,0.9135802469135803,2141,0.951219512195122,1329,0.9382716049382717,2333,0.875,3169,0.875,5383,0.9135802469135803,3182,0.875,5469,0.9268292682926831,3145,0.9268292682926831,5228,0.9268292682926831,3071,0.9135802469135803,5422,0.9,6334,0.8888888888888888,9291,0.9268292682926831,6237,0.8941176470588236,9164,0.8717948717948717,6234,0.8641975308641974,9382,0.8354430379746837,6297,0.85,9314,0.9156626506024096,9458,0.9156626506024096,11688,0.8888888888888888,9442,0.8888888888888888,11585,0.8888888888888888,9474,0.875,11737,0.8809523809523809,9427,0.875,11585,0.9024390243902439,11308,0.875,12359,0.8641975308641974,11313,0.875,12391,0.8641975308641974,11381,0.8641975308641974,12393,0.875,11289,0.875,12385,0.875,37,0.85
122,2,38,0.9382716049382717,0.9382716049382717,4,0.9382716049382717,4,0.9382716049382717,11,0.9382716049382717,11,0.9382716049382717,9,0.9382716049382717,9,0.9382716049382717,13,0.9382716049382717,29,0.9382716049382717,138,0.9382716049382717,297,0.9382716049382717,116,0.9249999999999999,196,0.951219512195122,116,0.951219512195122,163,0.9249999999999999,139,0.9249999999999999,217,0.9382716049382717,611,0.9382716049382717,1201,0.9382716049382717,608,0.9382716049382717,1095,0.9382716049382717,666,0.9382716049382717,1292,0.9382716049382717,642,0.9382716049382717,1367,0.9382716049382717,1258,0.9382716049382717,2337,0.9382716049382717,1273,0.9382716049382717,2373,0.9382716049382717,1248,0.9382716049382717,2403,0.951219512195122,1282,0.9382716049382717,2264,0.9268292682926831,3109,0.9135802469135803,5591,0.9249999999999999,3149,0.8421052631578948,5494,0.9249999999999999,3136,0.9382716049382717,5491,0.9,3067,0.9135802469135803,5239,0.9,6315,0.8860759493670887,9267,0.8860759493670887,6117,0.85,9215,0.9135802469135803,6333,0.8888888888888888,9177,0.8717948717948717,6266,0.8860759493670887,9263,0.9,9356,0.8860759493670887,11601,0.8860759493670887,9453,0.8860759493670887,11640,0.8860759493670887,9459,0.8860759493670887,11549,0.9,9400,0.875,11573,0.9,11322,0.8860759493670887,12381,0.8860759493670887,11342,0.8860759493670887,12373,0.8860759493670887,11283,0.8860759493670887,12370,0.9268292682926831,11346,0.8860759493670887,12371,0.8860759493670887,36,0.8717948717948717
123,2,38,0.9382716049382717,0.9382716049382717,17,0.9382716049382717,17,0.9382716049382717,11,0.9382716049382717,11,0.9382716049382717,14,0.9382716049382717,30,0.9382716049382717,11,0.9382716049382717,26,0.9382716049382717,143,0.9382716049382717,239,0.9382716049382717,145,0.9249999999999999,302,0.9382716049382717,128,0.9382716049382717,223,0.9382716049382717,128,0.9382716049382717,223,0.9382716049382717,610,0.9382716049382717,1197,0.9382716049382717,577,0.9382716049382717,1124,0.9249999999999999,629,0.8860759493670887,1197,0.9382716049382717,662,0.9382716049382717,1275,0.9135802469135803,1266,0.9135802469135803,2420,0.9382716049382717,1315,0.9382716049382717,2237,0.9382716049382717,1255,0.9382716049382717,2317,0.9382716049382717,1302,0.9382716049382717,2391,0.9249999999999999,3165,0.9249999999999999,4966,0.9382716049382717,3185,0.9249999999999999,5729,0.9382716049382717,3122,0.9382716049382717,5251,0.9135802469135803,3097,0.9113924050632911,5402,0.8717948717948717,6328,0.8860759493670887,9175,0.9382716049382717,6430,0.9,9359,0.9249999999999999,6257,0.8717948717948717,9267,0.9135802469135803,6216,0.9,9353,0.8717948717948717,9473,0.8860759493670887,11604,0.8717948717948717,9462,0.8860759493670887,11577,0.8860759493670887,9464,0.9,11635,0.8860759493670887,9411,0.9,11566,0.8860759493670887,11280,0.8860759493670887,12362,0.8860759493670887,11354,0.8860759493670887,12398,0.8860759493670887,11329,0.8860759493670887,12359,0.8860759493670887,11393,0.8860759493670887,12388,0.8860759493670887,36,0.8717948717948717
124,2,39,0.951219512195122,0.951219512195122,13,0.951219512195122,45,0.951219512195122,14,0.951219512195122,30,0.951219512195122,9,0.951219512195122,9,0.951219512195122,11,0.951219512195122,11,0.951219512195122,133,0.951219512195122,273,0.951219512195122,135,0.951219512195122,198,0.951219512195122,136,0.951219512195122,246,0.951219512195122,133,0.951219512195122,292,0.951219512195122,681,0.951219512195122,1353,0.951219512195122,599,0.951219512195122,1067,0.951219512195122,632,0.9382716049382717,1328,0.951219512195122,605,0.951219512195122,1255,0.9382716049382717,1252,0.9268292682926831,2400,0.951219512195122,1266,0.9249999999999999,2248,0.9113924050632911,1249,0.8974358974358974,2119,0.9382716049382717,1195,0.951219512195122,2186,0.9113924050632911,3199,0.8831168831168831,5143,0.8888888888888888,3110,0.9024390243902439,5481,0.9249999999999999,3123,0.8571428571428571,5148,0.9249999999999999,3022,0.9249999999999999,5049,0.9113924050632911,6432,0.8974358974358974,9395,0.8607594936708861,6275,0.8461538461538461,9187,0.9135802469135803,6246,0.8607594936708861,9183,0.9135802469135803,6206,0.8461538461538461,9155,0.9382716049382717,9351,0.8860759493670887,11617,0.8461538461538461,9431,0.8461538461538461,11625,0.85,9395,0.8461538461538461,11552,0.8461538461538461,9385,0.8461538461538461,11671,0.8461538461538461,11331,0.8461538461538461,12338,0.8536585365853658,11315,0.8717948717948717,12368,0.8717948717948717,11257,0.8461538461538461,12395,0.8717948717948717,11318,0.8461538461538461,12361,0.8461538461538461,35,0.8607594936708861
125,2,39,0.951219512195122,0.951219512195122,8,0.951219512195122,24,0.951219512195122,11,0.951219512195122,27,0.951219512195122,10,0.951219512195122,10,0.951219512195122,11,0.951219512195122,27,0.951219512195122,136,0.951219512195122,246,0.951219512195122,124,0.951219512195122,235,0.951219512195122,138,0.951219512195122,202,0.951219512195122,111,0.951219512195122,142,0.951219512195122,658,0.951219512195122,1367,0.9382716049382717,651,0.9382716049382717,1107,0.951219512195122,729,0.951219512195122,1398,0.951219512195122,642,0.951219512195122,1140,0.951219512195122,1242,0.951219512195122,2300,0.951219512195122,1244,0.951219512195122,2258,0.951219512195122,1160,0.9382716049382717,2242,0.951219512195122,1280,0.951219512195122,2250,0.9382716049382717,3188,0.9249999999999999,5409,0.951219512195122,3154,0.951219512195122,5282,0.951219512195122,3163,0.951219512195122,5244,0.9249999999999999,3095,0.9249999999999999,5352,0.9382716049382717,6286,0.9249999999999999,9427,0.9382716049382717,6275,0.9249999999999999,9404,0.9,6243,0.9,9369,0.875,6231,0.9135802469135803,9241,0.9,9453,0.9113924050632911,11690,0.9382716049382717,9423,0.9113924050632911,11637,0.8974358974358974,9445,0.9113924050632911,11640,0.9113924050632911,9548,0.9113924050632911,11675,0.9382716049382717,11313,0.9249999999999999,12369,0.9,11287,0.9113924050632911,12357,0.9249999999999999,11275,0.9113924050632911,12371,0.9113924050632911,11342,0.9113924050632911,12411,0.9113924050632911,36,0.9113924050632911
126,2,38,0.9382716049382717,0.9382716049382717,13,0.9382716049382717,13,0.9382716049382717,8,0.9382716049382717,8,0.9382716049382717,13,0.9382716049382717,45,0.9382716049382717,7,0.9382716049382717,7,0.9382716049382717,115,0.9382716049382717,211,0.9382716049382717,119,0.9382716049382717,294,0.9382716049382717,125,0.9382716049382717,237,0.9249999999999999,129,0.9249999999999999,288,0.9382716049382717,608,0.9382716049382717,1155,0.9382716049382717,652,0.9382716049382717,1183,0.9382716049382717,635,0.9382716049382717,1191,0.9382716049382717,668,0.9382716049382717,1230,0.9382716049382717,1246,0.9249999999999999,2412,0.9249999999999999,1235,0.9249999999999999,2173,0.9135802469135803,1273,0.9135802469135803,2170,0.9382716049382717,1294,0.9382716049382717,2419,0.9135802469135803,3144,0.9024390243902439,5323,0.9382716049382717,3030,0.9268292682926831,5174,0.9382716049382717,3155,0.8888888888888888,5238,0.9,3145,0.8860759493670887,5395,0.875,6193,0.9135802469135803,9079,0.8607594936708861,6226,0.8354430379746837,9132,0.8717948717948717,6338,0.8860759493670887,9557,0.9249999999999999,6311,0.9135802469135803,9175,0.8860759493670887,9506,0.8860759493670887,11697,0.8860759493670887,9513,0.9,11631,0.8888888888888888,9382,0.875,11650,0.8860759493670887,9320,0.8860759493670887,11648,0.875,11293,0.8860759493670887,12383,0.9,11270,0.8860759493670887,12347,0.8860759493670887,11182,0.8860759493670887,12367,0.8860759493670887,11356,0.8860759493670887,12412,0.8860759493670887,36,0.8717948717948717
127,2,38,0.9382716049382717,0.9382716049382717,13,0.9382716049382717,13,0.9382716049382717,13,0.9382716049382717,13,0.9382716049382717,8,0.9382716049382717,8,0.9382716049382717,16,0.9382716049382717,80,0.9382716049382717,120,0.9382716049382717,200,0.9382716049382717,114,0.9382716049382717,289,0.9382716049382717,126,0.9382716049382717,221,0.9382716049382717,138,0.9382716049382717,218,0.9382716049382717,606,0.9382716049382717,1099,0.9382716049382717,629,0.9382716049382717,1251,0.9382716049382717,668,0.9382716049382717,1170,0.9382716049382717,639,0.9382716049382717,1076,0.9249999999999999,1234,0.9249999999999999,2309,0.9268292682926831,1282,0.9268292682926831,2404,0.9249999999999999,1270,0.9249999999999999,2165,0.9382716049382717,1222,0.9382716049382717,2493,0.9249999999999999,3139,0.9249999999999999,5163,0.9249999999999999,3145,0.9249999999999999,5223,0.9382716049382717,3091,0.9268292682926831,5376,0.9135802469135803,3031,0.9249999999999999,5274,0.9024390243902439,6276,0.9024390243902439,9385,0.9382716049382717,6286,0.9382716049382717,9287,0.9113924050632911,6258,0.8888888888888888,9256,0.9135802469135803,6340,0.9,9189,0.9397590361445783,9463,0.9135802469135803,11691,0.9268292682926831,9471,0.9135802469135803,11655,0.9135802469135803,9384,0.9135802469135803,11587,0.8888888888888888,9371,0.9268292682926831,11623,0.9268292682926831,11316,0.9135802469135803,12323,0.9135802469135803,11304,0.9135802469135803,12342,0.9135802469135803,11353,0.9135802469135803,12353,0.9135802469135803,11310,0.9135802469135803,12357,0.9135802469135803,38,0.9
128,2,38,0.9024390243902439,0.9024390243902439,10,0.9024390243902439,26,0.9024390243902439,12,0.9024390243902439,28,0.9024390243902439,10,0.9024390243902439,10,0.9024390243902439,13,0.9024390243902439,29,0.9024390243902439,124,0.9024390243902439,249,0.9024390243902439,122,0.9024390243902439,266,0.9024390243902439,95,0.9024390243902439,142,0.9024390243902439,119,0.9024390243902439,182,0.9024390243902439,652,0.9024390243902439,1153,0.9024390243902439,654,0.9024390243902439,1417,0.9024390243902439,587,0.9024390243902439,1104,0.9024390243902439,634,0.9024390243902439,1166,0.9024390243902439,1277,0.8780487804878049,2286,0.8888888888888891,1266,0.8888888888888891,2263,0.8888888888888891,1213,0.8888888888888891,2137,0.9024390243902439,1243,0.8888888888888891,2197,0.9024390243902439,3189,0.891566265060241,5223,0.875,3188,0.875,5436,0.8888888888888891,3082,0.8888888888888891,5161,0.8888888888888891,3140,0.891566265060241,5211,0.9024390243902439,6313,0.8433734939759037,9368,0.8641975308641975,6336,0.8674698795180724,9245,0.8780487804878049,6279,0.8674698795180724,9248,0.9024390243902439,6341,0.9156626506024097,9271,0.8888888888888891,9387,0.8674698795180724,11639,0.8674698795180724,9407,0.8674698795180724,11609,0.8674698795180724,9339,0.8674698795180724,11682,0.85,9356,0.8674698795180724,11667,0.8433734939759037,11382,0.8433734939759037,12398,0.8674698795180724,11265,0.8674698795180724,12326,0.8674698795180724,11347,0.8674698795180724,12365,0.8433734939759037,11286,0.8674698795180724,12320,0.8674698795180724,39,0.8641975308641975
129,2,37,0.9135802469135803,0.9135802469135803,13,0.9135802469135803,29,0.9135802469135803,11,0.9135802469135803,11,0.9135802469135803,15,0.9135802469135803,15,0.9135802469135803,16,0.9135802469135803,32,0.9135802469135803,149,0.9135802469135803,352,0.9135802469135803,124,0.9135802469135803,236,0.9135802469135803,120,0.9135802469135803,231,0.9135802469135803,137,0.9135802469135803,230,0.9135802469135803,611,0.9135802469135803,1084,0.9135802469135803,632,0.9135802469135803,1056,0.875,664,0.875,1377,0.8888888888888891,656,0.8888888888888891,1242,0.9135802469135803,1320,0.8888888888888891,2522,0.9135802469135803,1237,0.8607594936708862,2340,0.9135802469135803,1285,0.9135802469135803,2243,0.9135802469135803,1253,0.9135802469135803,2511,0.9,3127,0.8641975308641975,5250,0.8888888888888891,3211,0.8148148148148148,5534,0.9135802469135803,3176,0.9135802469135803,5345,0.8641975308641975,3159,0.8888888888888891,5248,0.891566265060241,6333,0.9024390243902439,9297,0.9268292682926829,6350,0.9156626506024097,9318,0.9024390243902439,6374,0.9024390243902439,9377,0.9135802469135803,6319,0.8888888888888891,9217,0.8888888888888891,9383,0.8888888888888891,11577,0.9156626506024097,9468,0.8888888888888891,11641,0.8888888888888891,9387,0.8888888888888891,11623,0.9135802469135803,9435,0.8888888888888891,11723,0.9024390243902439,11283,0.8888888888888891,12388,0.891566265060241,11268,0.8888888888888891,12333,0.9135802469135803,11265,0.9135802469135803,12384,0.8888888888888891,11309,0.8888888888888891,12412,0.8888888888888891,37,0.875
130,2,38,0.9268292682926829,0.9268292682926829,11,0.9268292682926829,11,0.9268292682926829,11,0.9268292682926829,43,0.9268292682926829,13,0.9268292682926829,29,0.9268292682926829,14,0.9268292682926829,30,0.9268292682926829,133,0.9268292682926829,260,0.9268292682926829,120,0.9268292682926829,277,0.9268292682926829,131,0.9268292682926829,275,0.9268292682926829,100,0.9268292682926829,242,0.9268292682926829,649,0.9268292682926829,1209,0.9268292682926829,632,0.9268292682926829,1133,0.9268292682926829,692,0.9268292682926829,1196,0.9268292682926829,611,0.9268292682926829,1102,0.9024390243902439,1337,0.9024390243902439,2459,0.9135802469135803,1284,0.875,2306,0.9,1218,0.875,2288,0.9268292682926829,1209,0.875,2181,0.9135802469135803,3124,0.9135802469135803,5209,0.9024390243902439,3158,0.8536585365853658,5474,0.9268292682926829,3200,0.9156626506024097,5421,0.9,3143,0.875,5393,0.9156626506024097,6272,0.8641975308641975,9274,0.8888888888888891,6268,0.8780487804878049,9296,0.8888888888888891,6219,0.875,9102,0.8641975308641975,6253,0.8780487804878049,9070,0.8536585365853658,9469,0.8641975308641975,11632,0.8641975308641975,9440,0.8641975308641975,11702,0.8888888888888891,9439,0.8641975308641975,11640,0.8641975308641975,9379,0.8641975308641975,11617,0.8780487804878049,11331,0.8641975308641975,12343,0.8641975308641975,11281,0.8641975308641975,12379,0.8641975308641975,11301,0.8641975308641975,12398,0.8641975308641975,11283,0.8641975308641975,12391,0.8641975308641975,37,0.875
131,2,39,0.9397590361445783,0.9397590361445783,13,0.9397590361445783,13,0.9397590361445783,11,0.9397590361445783,43,0.9397590361445783,14,0.9397590361445783,30,0.9397590361445783,14,0.9397590361445783,46,0.9397590361445783,114,0.9397590361445783,223,0.9397590361445783,140,0.9397590361445783,284,0.9397590361445783,117,0.9397590361445783,245,0.9397590361445783,146,0.9397590361445783,334,0.9397590361445783,613,0.9397590361445783,1109,0.9397590361445783,646,0.9397590361445783,1255,0.9268292682926829,678,0.9268292682926829,1237,0.9397590361445783,618,0.9397590361445783,1201,0.9268292682926829,1235,0.9268292682926829,2204,0.9397590361445783,1239,0.9397590361445783,2226,0.9397590361445783,1229,0.8888888888888891,2293,0.9268292682926829,1214,0.9135802469135803,2255,0.9397590361445783,3204,0.9397590361445783,5379,0.9135802469135803,3146,0.9268292682926829,5546,0.9,3129,0.8860759493670886,5435,0.9,3099,0.9135802469135803,5186,0.9156626506024097,6358,0.9024390243902439,9342,0.9268292682926829,6273,0.9268292682926829,8932,0.9156626506024097,6277,0.9156626506024097,9333,0.8860759493670886,6305,0.9268292682926829,9285,0.9156626506024097,9448,0.9024390243902439,11606,0.9268292682926829,9316,0.9024390243902439,11530,0.9156626506024097,9392,0.9024390243902439,11514,0.9047619047619048,9418,0.9024390243902439,11596,0.9024390243902439,11328,0.9024390243902439,12370,0.9156626506024097,11322,0.9024390243902439,12319,0.8780487804878049,11229,0.9024390243902439,12317,0.9024390243902439,11320,0.9024390243902439,12407,0.9024390243902439,38,0.8717948717948718
132,2,38,0.9268292682926829,0.9268292682926829,19,0.9268292682926829,35,0.9268292682926829,14,0.9268292682926829,14,0.9268292682926829,12,0.9268292682926829,28,0.9268292682926829,9,0.9268292682926829,25,0.9268292682926829,132,0.9268292682926829,337,0.9268292682926829,119,0.9268292682926829,246,0.9268292682926829,119,0.9268292682926829,246,0.9268292682926829,121,0.9268292682926829,264,0.9268292682926829,621,0.9268292682926829,1020,0.9268292682926829,567,0.9268292682926829,1119,0.9268292682926829,601,0.9024390243902439,1214,0.9268292682926829,643,0.9268292682926829,1173,0.9135802469135803,1262,0.9024390243902439,2383,0.9024390243902439,1268,0.8780487804878049,2663,0.9268292682926829,1211,0.9268292682926829,2275,0.9268292682926829,1240,0.9268292682926829,2140,0.9024390243902439,3226,0.9,5451,0.8780487804878049,3075,0.9024390243902439,5440,0.9024390243902439,3133,0.8780487804878049,5486,0.9135802469135803,3103,0.875,5078,0.9,6311,0.8860759493670886,8997,0.9024390243902439,6264,0.875,9090,0.8888888888888891,6150,0.8860759493670886,8884,0.9135802469135803,6308,0.8717948717948718,9055,0.8641975308641975,9453,0.8860759493670886,11677,0.8888888888888891,9386,0.875,11618,0.8860759493670886,9407,0.8860759493670886,11552,0.8888888888888891,9488,0.8860759493670886,11560,0.875,11280,0.8860759493670886,12387,0.875,11314,0.875,12371,0.8860759493670886,11321,0.875,12361,0.8860759493670886,11244,0.875,12312,0.875,36,0.8860759493670886
133,2,38,0.9135802469135803,0.9135802469135803,10,0.9135802469135803,26,0.9135802469135803,11,0.9135802469135803,43,0.9135802469135803,16,0.9135802469135803,32,0.9135802469135803,14,0.9135802469135803,30,0.9135802469135803,118,0.9113924050632911,246,0.9135802469135803,135,0.9135802469135803,215,0.9135802469135803,124,0.9135802469135803,188,0.9135802469135803,138,0.8860759493670887,264,0.9135802469135803,602,0.8860759493670887,1150,0.9135802469135803,591,0.9135802469135803,1028,0.9135802469135803,647,0.9135802469135803,1253,0.9135802469135803,624,0.9135802469135803,1346,0.8888888888888888,1273,0.878048780487805,2640,0.9135802469135803,1223,0.9135802469135803,2248,0.9,1208,0.875,2450,0.9135802469135803,1254,0.9024390243902439,2294,0.8888888888888888,3146,0.891566265060241,5472,0.9,3187,0.8717948717948717,5660,0.8860759493670887,3148,0.9,5252,0.8641975308641974,3146,0.8809523809523809,5525,0.878048780487805,6262,0.878048780487805,9336,0.8888888888888888,6220,0.8641975308641974,9194,0.9135802469135803,6243,0.8395061728395061,9140,0.875,6257,0.8888888888888888,9250,0.8888888888888888,9433,0.8641975308641974,11635,0.875,9446,0.8395061728395061,11656,0.891566265060241,9394,0.8536585365853658,11669,0.85,9441,0.8395061728395061,11703,0.875,11308,0.8641975308641974,12348,0.8888888888888888,11367,0.8641975308641974,12377,0.8888888888888888,11302,0.8641975308641974,12356,0.85,11254,0.8641975308641974,12349,0.8641975308641974,38,0.8354430379746837
134,2,37,0.9249999999999999,0.9249999999999999,11,0.9249999999999999,11,0.9249999999999999,12,0.9249999999999999,28,0.9249999999999999,19,0.9249999999999999,51,0.9249999999999999,14,0.9249999999999999,14,0.9249999999999999,134,0.9249999999999999,245,0.9249999999999999,124,0.9249999999999999,202,0.9249999999999999,125,0.9249999999999999,267,0.9249999999999999,109,0.9249999999999999,204,0.9249999999999999,618,0.9249999999999999,1167,0.9113924050632911,631,0.9113924050632911,1147,0.9249999999999999,646,0.8831168831168831,1081,0.9135802469135803,612,0.9249999999999999,1160,0.9249999999999999,1207,0.9113924050632911,2347,0.9135802469135803,1291,0.9249999999999999,2517,0.9249999999999999,1310,0.8831168831168831,2462,0.9249999999999999,1223,0.8831168831168831,2329,0.9113924050632911,3135,0.8974358974358974,5485,0.8831168831168831,3082,0.8831168831168831,5224,0.9249999999999999,3178,0.8831168831168831,5359,0.8974358974358974,3103,0.9113924050632911,5454,0.8860759493670887,6227,0.868421052631579,9295,0.8860759493670887,6353,0.9,9400,0.8860759493670887,6338,0.8571428571428571,9333,0.9,6330,0.8860759493670887,9399,0.8860759493670887,9443,0.8607594936708861,11776,0.8571428571428571,9367,0.8607594936708861,11618,0.9113924050632911,9337,0.875,11588,0.8717948717948717,9458,0.8607594936708861,11750,0.875,11309,0.8607594936708861,12328,0.8607594936708861,11272,0.8607594936708861,12406,0.8607594936708861,11326,0.8607594936708861,12341,0.875,11317,0.875,12358,0.8607594936708861,36,0.8421052631578948
135,2,38,0.9382716049382717,0.9382716049382717,14,0.9382716049382717,30,0.9382716049382717,11,0.9382716049382717,43,0.9382716049382717,15,0.9382716049382717,15,0.9382716049382717,10,0.9382716049382717,26,0.9382716049382717,129,0.9382716049382717,300,0.9382716049382717,157,0.9382716049382717,377,0.9382716049382717,134,0.9382716049382717,291,0.9382716049382717,128,0.9382716049382717,192,0.8860759493670887,642,0.9,1154,0.9382716049382717,637,0.9113924050632911,1210,0.9382716049382717,621,0.9382716049382717,1196,0.9382716049382717,602,0.9382716049382717,1013,0.9135802469135803,1285,0.9382716049382717,2239,0.9249999999999999,1253,0.9382716049382717,2396,0.9382716049382717,1297,0.9249999999999999,2374,0.9382716049382717,1295,0.8974358974358974,2325,0.9135802469135803,3113,0.8860759493670887,5233,0.9268292682926831,3201,0.9135802469135803,5604,0.8974358974358974,3175,0.951219512195122,5183,0.9,3111,0.9268292682926831,5128,0.9268292682926831,6273,0.9024390243902439,9242,0.9249999999999999,6284,0.9382716049382717,9438,0.9113924050632911,6287,0.9135802469135803,9416,0.8860759493670887,6170,0.9113924050632911,9165,0.9135802469135803,9431,0.9135802469135803,11632,0.9268292682926831,9429,0.9268292682926831,11501,0.9,9358,0.9135802469135803,11482,0.9135802469135803,9290,0.9135802469135803,11643,0.9268292682926831,11335,0.9135802469135803,12374,0.9135802469135803,11286,0.9135802469135803,12375,0.9135802469135803,11320,0.9135802469135803,12371,0.9135802469135803,11342,0.9135802469135803,12349,0.9135802469135803,38,0.8860759493670887
136,2,37,0.9249999999999999,0.9249999999999999,9,0.9249999999999999,25,0.9249999999999999,11,0.9249999999999999,11,0.9249999999999999,17,0.9249999999999999,49,0.9249999999999999,15,0.9249999999999999,31,0.9249999999999999,121,0.9249999999999999,169,0.9249999999999999,119,0.9249999999999999,226,0.9249999999999999,120,0.9249999999999999,216,0.9249999999999999,118,0.9249999999999999,196,0.9249999999999999,637,0.9249999999999999,1124,0.9249999999999999,682,0.9249999999999999,1274,0.9249999999999999,601,0.9268292682926831,1088,0.9249999999999999,604,0.9249999999999999,1046,0.9249999999999999,1289,0.9113924050632911,2381,0.8974358974358974,1313,0.8974358974358974,2297,0.9249999999999999,1253,0.9382716049382717,2158,0.9113924050632911,1264,0.9135802469135803,2402,0.9249999999999999,3177,0.8831168831168831,5678,0.8831168831168831,3163,0.8974358974358974,5404,0.8974358974358974,3139,0.8533333333333333,5232,0.9113924050632911,3134,0.9113924050632911,5212,0.9113924050632911,6315,0.9249999999999999,9512,0.9249999999999999,6172,0.9249999999999999,9217,0.8974358974358974,6334,0.8860759493670887,9280,0.9135802469135803,6181,0.9,9100,0.9249999999999999,9317,0.8860759493670887,11580,0.8974358974358974,9435,0.9113924050632911,11561,0.9113924050632911,9354,0.9113924050632911,11688,0.9113924050632911,9404,0.9113924050632911,11672,0.8860759493670887,11374,0.8860759493670887,12376,0.8860759493670887,11255,0.8860759493670887,12361,0.9113924050632911,11327,0.8860759493670887,12365,0.8860759493670887,11306,0.8860759493670887,12351,0.8860759493670887,36,0.8974358974358974
137,2,37,0.9249999999999999,0.9249999999999999,9,0.9249999999999999,9,0.9249999999999999,15,0.9249999999999999,15,0.9249999999999999,10,0.9249999999999999,10,0.9249999999999999,15,0.9249999999999999,31,0.9249999999999999,132,0.9249999999999999,195,0.9249999999999999,128,0.9249999999999999,256,0.9249999999999999,138,0.9249999999999999,282,0.9249999999999999,138,0.9249999999999999,231,0.9249999999999999,625,0.8831168831168831,1276,0.9249999999999999,619,0.9113924050632911,1299,0.9382716049382717,645,0.9249999999999999,1232,0.9249999999999999,644,0.9249999999999999,1231,0.9113924050632911,1253,0.9113924050632911,2359,0.9249999999999999,1205,0.9249999999999999,2236,0.9249999999999999,1252,0.9249999999999999,2294,0.9113924050632911,1226,0.9113924050632911,2300,0.9113924050632911,3120,0.9113924050632911,5258,0.8974358974358974,3065,0.9113924050632911,5518,0.868421052631579,3108,0.868421052631579,5421,0.9249999999999999,3182,0.8717948717948717,5202,0.8974358974358974,6248,0.8974358974358974,9349,0.8974358974358974,6235,0.8831168831168831,9118,0.9249999999999999,6155,0.9113924050632911,9105,0.9113924050632911,6379,0.8461538461538461,9404,0.8607594936708861,9464,0.8607594936708861,11693,0.8607594936708861,9445,0.8717948717948717,11604,0.8311688311688312,9466,0.8717948717948717,11658,0.8860759493670887,9379,0.8717948717948717,11603,0.8860759493670887,11345,0.8607594936708861,12370,0.8717948717948717,11288,0.8607594936708861,12349,0.8717948717948717,11324,0.8607594936708861,12392,0.8571428571428571,11230,0.8607594936708861,12364,0.8607594936708861,36,0.8571428571428571
138,2,38,0.9382716049382717,0.9382716049382717,7,0.9382716049382717,7,0.9382716049382717,13,0.9382716049382717,13,0.9382716049382717,19,0.9382716049382717,35,0.9382716049382717,9,0.9382716049382717,25,0.9382716049382717,118,0.9382716049382717,198,0.9382716049382717,139,0.9382716049382717,267,0.9382716049382717,123,0.9382716049382717,250,0.9382716049382717,135,0.9382716049382717,292,0.9382716049382717,577,0.9382716049382717,1059,0.9382716049382717,605,0.9382716049382717,1073,0.9382716049382717,617,0.9382716049382717,1160,0.9249999999999999,590,0.9249999999999999,985,0.9249999999999999,1297,0.9249999999999999,2521,0.9382716049382717,1284,0.9135802469135803,2536,0.9382716049382717,1297,0.9,2419,0.9249999999999999,1284,0.9113924050632911,2383,0.9382716049382717,3125,0.9135802469135803,5253,0.9249999999999999,3127,0.9382716049382717,5526,0.9382716049382717,3164,0.8860759493670887,5389,0.9249999999999999,3060,0.9382716049382717,5164,0.8641975308641974,6292,0.8888888888888888,9366,0.9113924050632911,6246,0.9249999999999999,9141,0.8888888888888888,6202,0.9135802469135803,9083,0.9249999999999999,6307,0.9,9078,0.8860759493670887,9345,0.8860759493670887,11663,0.9,9490,0.9113924050632911,11610,0.9113924050632911,9353,0.9249999999999999,11651,0.9113924050632911,9393,0.9113924050632911,11711,0.9135802469135803,11310,0.9249999999999999,12417,0.9249999999999999,11268,0.9249999999999999,12384,0.9113924050632911,11302,0.9249999999999999,12356,0.9113924050632911,11339,0.9249999999999999,12386,0.9249999999999999,37,0.9113924050632911
139,2,37,0.9249999999999999,0.9249999999999999,8,0.9249999999999999,8,0.9249999999999999,21,0.9249999999999999,53,0.9249999999999999,9,0.9249999999999999,25,0.9249999999999999,24,0.9249999999999999,56,0.9249999999999999,105,0.9249999999999999,121,0.9249999999999999,119,0.9249999999999999,261,0.9249999999999999,126,0.9249999999999999,222,0.9249999999999999,139,0.9249999999999999,235,0.8974358974358974,609,0.8974358974358974,1098,0.9249999999999999,596,0.9113924050632911,1071,0.9249999999999999,620,0.9382716049382717,1216,0.951219512195122,639,0.951219512195122,1150,0.9249999999999999,1266,0.9382716049382717,2352,0.9382716049382717,1187,0.9382716049382717,2392,0.875,1323,0.875,2500,0.9268292682926831,1258,0.9268292682926831,2339,0.9249999999999999,3094,0.9249999999999999,5211,0.9113924050632911,3198,0.9249999999999999,5584,0.9249999999999999,3117,0.9382716049382717,5384,0.9249999999999999,3134,0.9113924050632911,5215,0.9249999999999999,6324,0.9113924050632911,8972,0.9249999999999999,6469,0.9249999999999999,9604,0.9249999999999999,6224,0.9113924050632911,8935,0.9249999999999999,6166,0.9249999999999999,9107,0.9249999999999999,9390,0.9249999999999999,11632,0.9249999999999999,9464,0.9249999999999999,11590,0.9249999999999999,9384,0.9249999999999999,11666,0.9249999999999999,9428,0.9249999999999999,11723,0.9382716049382717,11323,0.9249999999999999,12365,0.9113924050632911,11264,0.9249999999999999,12375,0.9249999999999999,11306,0.9249999999999999,12392,0.9113924050632911,11395,0.9249999999999999,12383,0.9249999999999999,37,0.8974358974358974
140,2,35,0.8974358974358974,0.8974358974358974,21,0.8974358974358974,52,0.8974358974358974,14,0.8974358974358974,14,0.8974358974358974,17,0.8974358974358974,33,0.8974358974358974,28,0.8974358974358974,44,0.8974358974358974,116,0.8974358974358974,195,0.8974358974358974,129,0.8974358974358974,224,0.8974358974358974,130,0.8974358974358974,290,0.8831168831168831,107,0.8831168831168831,171,0.9113924050632911,644,0.9113924050632911,1280,0.8974358974358974,613,0.9113924050632911,1259,0.8831168831168831,692,0.8831168831168831,1338,0.9113924050632911,631,0.9113924050632911,1414,0.8974358974358974,1203,0.8717948717948717,2288,0.8974358974358974,1293,0.8717948717948717,2457,0.9113924050632911,1203,0.8974358974358974,2124,0.9113924050632911,1277,0.868421052631579,2363,0.9,3004,0.8860759493670887,5130,0.9113924050632911,3262,0.9113924050632911,5432,0.8974358974358974,3098,0.8974358974358974,5395,0.8831168831168831,3083,0.8831168831168831,5178,0.868421052631579,6233,0.8533333333333333,9329,0.8354430379746837,6170,0.8717948717948717,9117,0.8831168831168831,6299,0.868421052631579,9276,0.8421052631578948,6289,0.8533333333333333,9062,0.8974358974358974,9481,0.8831168831168831,11753,0.8717948717948717,9426,0.868421052631579,11705,0.8831168831168831,9277,0.868421052631579,11685,0.8974358974358974,9479,0.868421052631579,11668,0.868421052631579,11295,0.868421052631579,12357,0.8571428571428571,11285,0.868421052631579,12371,0.868421052631579,11294,0.868421052631579,12397,0.868421052631579,11297,0.868421052631579,12374,0.868421052631579,33,0.8421052631578948
141,2,36,0.9113924050632911,0.9113924050632911,14,0.9113924050632911,14,0.9113924050632911,11,0.9113924050632911,11,0.9113924050632911,9,0.9113924050632911,9,0.9113924050632911,15,0.9113924050632911,15,0.9113924050632911,121,0.9113924050632911,279,0.9113924050632911,142,0.9113924050632911,285,0.9113924050632911,114,0.9113924050632911,221,0.9113924050632911,106,0.9113924050632911,170,0.9113924050632911,610,0.9113924050632911,1108,0.9113924050632911,641,0.9113924050632911,1248,0.9249999999999999,609,0.8974358974358974,1189,0.9113924050632911,600,0.9249999999999999,1146,0.9249999999999999,1239,0.9249999999999999,2331,0.9249999999999999,1296,0.9249999999999999,2466,0.9113924050632911,1255,0.8974358974358974,2590,0.9113924050632911,1236,0.9249999999999999,2438,0.9249999999999999,3136,0.9113924050632911,5207,0.9113924050632911,3069,0.9113924050632911,5559,0.9113924050632911,3165,0.9249999999999999,5393,0.8974358974358974,3131,0.9113924050632911,5316,0.8974358974358974,6276,0.9113924050632911,9237,0.8974358974358974,6342,0.9113924050632911,9229,0.9113924050632911,6227,0.9113924050632911,9412,0.9113924050632911,6322,0.9249999999999999,9293,0.8831168831168831,9401,0.8860759493670887,11576,0.9,9319,0.8860759493670887,11649,0.8974358974358974,9417,0.8974358974358974,11554,0.8860759493670887,9339,0.8860759493670887,11651,0.8860759493670887,11305,0.8860759493670887,12370,0.8974358974358974,11306,0.8860759493670887,12373,0.8974358974358974,11313,0.8860759493670887,12364,0.8831168831168831,11279,0.8860759493670887,12380,0.8860759493670887,36,0.868421052631579
142,2,36,0.923076923076923,0.923076923076923,13,0.923076923076923,29,0.923076923076923,11,0.923076923076923,11,0.923076923076923,7,0.923076923076923,7,0.923076923076923,20,0.923076923076923,52,0.923076923076923,117,0.923076923076923,244,0.923076923076923,126,0.923076923076923,301,0.923076923076923,138,0.923076923076923,295,0.9090909090909091,131,0.9090909090909091,240,0.923076923076923,625,0.923076923076923,1173,0.923076923076923,625,0.923076923076923,1151,0.923076923076923,652,0.923076923076923,1260,0.9090909090909091,615,0.9090909090909091,1250,0.923076923076923,1261,0.9090909090909091,2377,0.9090909090909091,1212,0.9090909090909091,2181,0.923076923076923,1235,0.9090909090909091,2285,0.923076923076923,1258,0.923076923076923,2249,0.8974358974358975,3151,0.9090909090909091,5563,0.8947368421052632,3171,0.8947368421052632,5362,0.9367088607594937,3156,0.9367088607594937,5267,0.9090909090909091,3178,0.9090909090909091,5512,0.8947368421052632,6207,0.8947368421052632,9354,0.8333333333333334,6209,0.88,9217,0.9090909090909091,6307,0.923076923076923,9351,0.8684210526315789,6297,0.8684210526315789,9268,0.88,9461,0.8947368421052632,11790,0.8831168831168832,9475,0.8947368421052632,11684,0.8947368421052632,9460,0.9090909090909091,11611,0.8947368421052632,9443,0.88,11686,0.8684210526315789,11308,0.8947368421052632,12377,0.8947368421052632,11279,0.8947368421052632,12362,0.8684210526315789,11270,0.8947368421052632,12388,0.8947368421052632,11254,0.8947368421052632,12421,0.8947368421052632,34,0.8533333333333334
143,2,37,0.8860759493670887,0.8860759493670887,14,0.8860759493670887,30,0.8860759493670887,17,0.8860759493670887,33,0.8860759493670887,8,0.8860759493670887,27,0.8860759493670887,14,0.8860759493670887,46,0.8860759493670887,121,0.8860759493670887,199,0.8860759493670887,124,0.8860759493670887,268,0.8860759493670887,119,0.8860759493670887,246,0.860759493670886,124,0.860759493670886,251,0.8860759493670887,675,0.8860759493670887,1270,0.8860759493670887,596,0.8860759493670887,1243,0.8860759493670887,669,0.8860759493670887,1421,0.860759493670886,636,0.860759493670886,1239,0.8860759493670887,1213,0.8354430379746834,2103,0.8717948717948718,1297,0.8717948717948718,2299,0.8860759493670887,1284,0.8860759493670887,2295,0.860759493670886,1285,0.860759493670886,2608,0.860759493670886,3178,0.8354430379746834,5627,0.8860759493670887,3121,0.860759493670886,5428,0.860759493670886,3085,0.8461538461538461,5317,0.8717948717948718,3160,0.8500000000000001,5385,0.860759493670886,6325,0.8354430379746834,9166,0.8311688311688312,6316,0.8205128205128205,9281,0.860759493670886,6347,0.8205128205128205,9369,0.7951807228915663,6209,0.8354430379746834,8930,0.8205128205128205,9426,0.8051948051948051,11580,0.8051948051948051,9438,0.8051948051948051,11714,0.8205128205128205,9460,0.8205128205128205,11662,0.8205128205128205,9452,0.8461538461538461,11565,0.8311688311688312,11257,0.8051948051948051,12352,0.8051948051948051,11337,0.8051948051948051,12375,0.8051948051948051,11336,0.8051948051948051,12380,0.8051948051948051,11339,0.8051948051948051,12367,0.8051948051948051,35,0.8205128205128205
144,2,35,0.9090909090909091,0.9090909090909091,14,0.9090909090909091,30,0.9090909090909091,15,0.9090909090909091,47,0.9090909090909091,14,0.9090909090909091,30,0.9090909090909091,10,0.9090909090909091,10,0.9090909090909091,113,0.9090909090909091,224,0.9090909090909091,123,0.9090909090909091,282,0.9090909090909091,122,0.9090909090909091,265,0.9090909090909091,111,0.9090909090909091,239,0.8947368421052632,608,0.8947368421052632,1119,0.9090909090909091,625,0.8947368421052632,1282,0.9090909090909091,601,0.9090909090909091,1168,0.9090909090909091,641,0.9090909090909091,1257,0.8947368421052632,1237,0.8947368421052632,2178,0.9090909090909091,1235,0.8947368421052632,2284,0.9090909090909091,1270,0.8717948717948718,2497,0.9090909090909091,1296,0.9090909090909091,2279,0.9090909090909091,3071,0.8974358974358975,5199,0.88,3159,0.88,5629,0.88,3092,0.8831168831168832,5218,0.8974358974358975,3059,0.8533333333333334,5161,0.8648648648648648,6295,0.8493150684931507,9503,0.8378378378378379,6316,0.8648648648648648,9205,0.8266666666666667,6256,0.8378378378378379,9246,0.88,6241,0.8648648648648648,9227,0.8533333333333334,9418,0.8493150684931507,11696,0.8,9533,0.8493150684931507,11688,0.8684210526315789,9415,0.8533333333333334,11713,0.8533333333333334,9447,0.8493150684931507,11762,0.8648648648648648,11222,0.8493150684931507,12358,0.8493150684931507,11326,0.8493150684931507,12361,0.8648648648648648,11276,0.8493150684931507,12379,0.8493150684931507,11288,0.8493150684931507,12380,0.8493150684931507,31,0.8421052631578947
145,2,34,0.8947368421052632,0.8947368421052632,19,0.8947368421052632,19,0.8947368421052632,11,0.8947368421052632,27,0.8947368421052632,11,0.8947368421052632,11,0.8947368421052632,13,0.8947368421052632,29,0.8947368421052632,112,0.8947368421052632,224,0.8947368421052632,131,0.8947368421052632,211,0.8947368421052632,107,0.8947368421052632,202,0.8947368421052632,132,0.8947368421052632,351,0.88,582,0.88,1070,0.8947368421052632,604,0.8947368421052632,948,0.8947368421052632,572,0.8947368421052632,1192,0.9090909090909091,635,0.8974358974358975,1060,0.8648648648648648,1289,0.8648648648648648,2455,0.88,1294,0.8648648648648648,2436,0.8947368421052632,1271,0.8831168831168832,2395,0.88,1294,0.88,2424,0.8947368421052632,3159,0.88,5426,0.8947368421052632,3095,0.8378378378378379,5267,0.8947368421052632,3118,0.8947368421052632,5363,0.8947368421052632,3148,0.88,5461,0.9090909090909091,6266,0.8533333333333334,9257,0.88,6281,0.8533333333333334,9332,0.8947368421052632,6311,0.8947368421052632,9390,0.88,6303,0.8378378378378379,9122,0.8533333333333334,9429,0.8378378378378379,11687,0.8533333333333334,9370,0.8378378378378379,11665,0.8533333333333334,9388,0.8378378378378379,11640,0.88,9407,0.8648648648648648,11649,0.8378378378378379,11267,0.8378378378378379,12379,0.8648648648648648,11299,0.8378378378378379,12375,0.8648648648648648,11302,0.8378378378378379,12402,0.8378378378378379,11307,0.8378378378378379,12379,0.8378378378378379,32,0.8333333333333333
146,2,35,0.9090909090909091,0.9090909090909091,16,0.9090909090909091,80,0.9090909090909091,14,0.9090909090909091,46,0.9090909090909091,13,0.9090909090909091,13,0.9090909090909091,12,0.9090909090909091,28,0.9090909090909091,147,0.9113924050632912,353,0.9090909090909091,149,0.9090909090909091,306,0.9090909090909091,117,0.9090909090909091,213,0.9090909090909091,129,0.9090909090909091,240,0.9090909090909091,607,0.9090909090909091,1137,0.8947368421052632,607,0.8684210526315789,1220,0.9090909090909091,596,0.9090909090909091,1100,0.9090909090909091,648,0.9090909090909091,1260,0.9090909090909091,1230,0.9090909090909091,2198,0.9090909090909091,1256,0.9090909090909091,2476,0.9090909090909091,1256,0.9090909090909091,2253,0.9090909090909091,1246,0.9090909090909091,2211,0.88,3143,0.8947368421052632,5428,0.88,3154,0.9090909090909091,5516,0.9090909090909091,3113,0.9090909090909091,5380,0.9090909090909091,3158,0.8974358974358975,5402,0.8947368421052632,6237,0.88,9184,0.9090909090909091,6197,0.8947368421052632,9024,0.9090909090909091,6436,0.8947368421052632,9471,0.88,6281,0.8684210526315789,9270,0.88,9422,0.88,11671,0.9090909090909091,9364,0.88,11632,0.8947368421052632,9448,0.8831168831168832,11705,0.8947368421052632,9492,0.8831168831168832,11657,0.8947368421052632,11338,0.8684210526315789,12403,0.88,11328,0.8684210526315789,12402,0.88,11350,0.8684210526315789,12395,0.88,11293,0.8684210526315789,12371,0.8684210526315789,34,0.8648648648648648
147,2,35,0.9090909090909091,0.9090909090909091,15,0.9090909090909091,15,0.9090909090909091,14,0.9090909090909091,46,0.9090909090909091,15,0.9090909090909091,31,0.9090909090909091,9,0.9090909090909091,9,0.8947368421052632,123,0.8947368421052632,280,0.9090909090909091,116,0.9090909090909091,164,0.9090909090909091,125,0.8831168831168832,296,0.9090909090909091,106,0.9090909090909091,265,0.9090909090909091,611,0.88,1193,0.8831168831168832,690,0.8533333333333334,1185,0.9090909090909091,638,0.9090909090909091,1283,0.9090909090909091,620,0.8831168831168832,1007,0.9090909090909091,1326,0.8831168831168832,2415,0.9090909090909091,1264,0.9090909090909091,2192,0.8831168831168832,1257,0.8831168831168832,2392,0.8831168831168832,1240,0.8684210526315789,2261,0.8831168831168832,3128,0.8831168831168832,5231,0.9090909090909091,3107,0.923076923076923,5140,0.9090909090909091,3160,0.8831168831168832,5529,0.9090909090909091,3186,0.9090909090909091,5250,0.9090909090909091,6260,0.8717948717948718,9193,0.8533333333333334,6272,0.88,9022,0.8684210526315789,6295,0.8533333333333334,9361,0.8947368421052632,6325,0.8533333333333334,9297,0.88,9407,0.8571428571428571,11692,0.8684210526315789,9348,0.8684210526315789,11631,0.8684210526315789,9407,0.8571428571428571,11732,0.8266666666666667,9372,0.8571428571428571,11575,0.8684210526315789,11301,0.8831168831168832,12384,0.8831168831168832,11285,0.8571428571428571,12356,0.8571428571428571,11303,0.8571428571428571,12368,0.8831168831168832,11291,0.8571428571428571,12368,0.8571428571428571,35,0.88
148,2,36,0.923076923076923,0.923076923076923,11,0.923076923076923,27,0.923076923076923,7,0.923076923076923,7,0.923076923076923,12,0.923076923076923,28,0.923076923076923,15,0.923076923076923,15,0.923076923076923,126,0.923076923076923,347,0.9367088607594937,124,0.9367088607594937,235,0.923076923076923,132,0.923076923076923,244,0.923076923076923,136,0.923076923076923,280,0.923076923076923,609,0.9090909090909091,998,0.9367088607594937,627,0.923076923076923,1171,0.9090909090909091,662,0.8974358974358975,1190,0.923076923076923,605,0.9090909090909091,1273,0.923076923076923,1298,0.9090909090909091,2287,0.923076923076923,1276,0.923076923076923,2155,0.923076923076923,1300,0.923076923076923,2382,0.923076923076923,1300,0.8947368421052632,2765,0.923076923076923,3095,0.9367088607594937,5312,0.923076923076923,3100,0.8974358974358975,5241,0.923076923076923,3145,0.9113924050632912,5498,0.9090909090909091,3122,0.9090909090909091,5458,0.9090909090909091,6273,0.923076923076923,9181,0.8974358974358975,6381,0.8974358974358975,9352,0.888888888888889,6367,0.923076923076923,9501,0.9367088607594937,6298,0.8860759493670887,9352,0.8717948717948718,9460,0.9090909090909091,11618,0.923076923076923,9386,0.9090909090909091,11680,0.9367088607594937,9391,0.9090909090909091,11668,0.9090909090909091,9568,0.9090909090909091,11800,0.9090909090909091,11305,0.9090909090909091,12375,0.9090909090909091,11341,0.9090909090909091,12377,0.9090909090909091,11304,0.9090909090909091,12355,0.9090909090909091,11266,0.9090909090909091,12356,0.9090909090909091,35,0.8947368421052632
149,2,35,0.9090909090909091,0.9090909090909091,17,0.9090909090909091,64,0.9090909090909091,8,0.9090909090909091,8,0.9090909090909091,12,0.9090909090909091,12,0.9090909090909091,9,0.9090909090909091,9,0.9090909090909091,116,0.9090909090909091,240,0.9090909090909091,133,0.9090909090909091,242,0.8947368421052632,115,0.9090909090909091,271,0.8947368421052632,126,0.8947368421052632,222,0.9090909090909091,608,0.8974358974358975,1148,0.8974358974358975,639,0.8947368421052632,1319,0.923076923076923,633,0.923076923076923,1230,0.8947368421052632,617,0.9090909090909091,1176,0.8947368421052632,1292,0.8947368421052632,2315,0.9090909090909091,1224,0.9090909090909091,2174,0.8974358974358975,1260,0.8947368421052632,2368,0.9090909090909091,1232,0.923076923076923,2231,0.8947368421052632,3101,0.8947368421052632,5213,0.8947368421052632,3067,0.8684210526315789,5166,0.8684210526315789,3089,0.88,5148,0.923076923076923,3221,0.8860759493670887,5502,0.8831168831168832,6370,0.8974358974358975,9255,0.9090909090909091,6277,0.8831168831168832,9348,0.8831168831168832,6318,0.8831168831168832,9297,0.8974358974358975,6386,0.8571428571428571,9428,0.8947368421052632,9412,0.8974358974358975,11614,0.8571428571428571,9440,0.8831168831168832,11660,0.8684210526315789,9435,0.8831168831168832,11732,0.8684210526315789,9488,0.8684210526315789,11618,0.9113924050632912,11292,0.8831168831168832,12331,0.8684210526315789,11320,0.8831168831168832,12383,0.8974358974358975,11290,0.8831168831168832,12364,0.8974358974358975,11344,0.8831168831168832,12406,0.8831168831168832,35,0.8533333333333334
150,2,35,0.8831168831168832,0.8831168831168832,15,0.8831168831168832,15,0.8831168831168832,8,0.8831168831168832,8,0.8831168831168832,7,0.8831168831168832,23,0.8831168831168832,12,0.8831168831168832,28,0.8831168831168832,124,0.8831168831168832,297,0.8831168831168832,104,0.8831168831168832,278,0.8974358974358975,128,0.8974358974358975,238,0.8831168831168832,106,0.8831168831168832,122,0.8831168831168832,659,0.8684210526315789,1326,0.8831168831168832,618,0.8831168831168832,1124,0.8684210526315789,648,0.8684210526315789,1125,0.8831168831168832,655,0.8831168831168832,1226,0.8831168831168832,1215,0.9090909090909091,2412,0.8684210526315789,1286,0.8648648648648648,2329,0.8684210526315789,1200,0.8974358974358975,2348,0.8831168831168832,1287,0.8831168831168832,2383,0.8974358974358975,3070,0.8974358974358975,4978,0.8684210526315789,3131,0.8947368421052632,5478,0.8831168831168832,3198,0.8717948717948718,5120,0.8831168831168832,3145,0.8533333333333334,5374,0.8571428571428571,6328,0.8717948717948718,9314,0.8831168831168832,6365,0.8974358974358975,9237,0.8571428571428571,6227,0.8684210526315789,9212,0.8831168831168832,6228,0.8684210526315789,9316,0.8831168831168832,9391,0.8684210526315789,11658,0.8571428571428571,9482,0.8831168831168832,11661,0.8684210526315789,9450,0.8684210526315789,11610,0.8533333333333334,9378,0.8684210526315789,11642,0.8831168831168832,11327,0.8684210526315789,12328,0.8684210526315789,11275,0.8684210526315789,12374,0.8684210526315789,11303,0.8684210526315789,12378,0.8831168831168832,11245,0.8684210526315789,12372,0.8684210526315789,34,0.8533333333333334
151,2,36,0.8974358974358975,0.8974358974358975,16,0.8974358974358975,16,0.8974358974358975,6,0.8974358974358975,22,0.8974358974358975,11,0.8974358974358975,11,0.8974358974358975,17,0.8974358974358975,49,0.8974358974358975,111,0.8974358974358975,222,0.8974358974358975,110,0.8974358974358975,126,0.8974358974358975,134,0.8974358974358975,229,0.8974358974358975,136,0.8974358974358975,247,0.8831168831168832,639,0.8831168831168832,1214,0.8974358974358975,635,0.8974358974358975,1153,0.8831168831168832,595,0.8831168831168832,1048,0.8974358974358975,627,0.8717948717948718,1249,0.8974358974358975,1217,0.8860759493670887,2254,0.8974358974358975,1231,0.9090909090909091,2224,0.8831168831168832,1249,0.923076923076923,2106,0.8974358974358975,1225,0.8974358974358975,2241,0.88,3166,0.8974358974358975,5302,0.8831168831168832,3046,0.8860759493670887,5316,0.8860759493670887,3160,0.8974358974358975,5212,0.8947368421052632,3173,0.8947368421052632,5494,0.9113924050632912,6309,0.8974358974358975,9297,0.9113924050632912,6369,0.8831168831168832,9578,0.8947368421052632,6321,0.8947368421052632,9145,0.8831168831168832,6195,0.8831168831168832,9096,0.8831168831168832,9423,0.8717948717948718,11738,0.8974358974358975,9456,0.8571428571428571,11684,0.8571428571428571,9418,0.8571428571428571,11635,0.8831168831168832,9376,0.8831168831168832,11654,0.8571428571428571,11325,0.8571428571428571,12399,0.8831168831168832,11350,0.8571428571428571,12390,0.8831168831168832,11315,0.8571428571428571,12380,0.8831168831168832,11286,0.8571428571428571,12336,0.8571428571428571,35,0.88
152,2,35,0.8831168831168832,0.8831168831168832,15,0.8831168831168832,63,0.8831168831168832,17,0.8831168831168832,17,0.8831168831168832,16,0.8831168831168832,32,0.8831168831168832,17,0.8831168831168832,17,0.8831168831168832,108,0.8831168831168832,186,0.8831168831168832,129,0.8831168831168832,287,0.8831168831168832,124,0.8831168831168832,297,0.8831168831168832,142,0.8831168831168832,301,0.8831168831168832,599,0.8831168831168832,1304,0.8831168831168832,646,0.8831168831168832,1181,0.8831168831168832,639,0.8974358974358975,1105,0.8831168831168832,664,0.8831168831168832,1227,0.8947368421052632,1254,0.8947368421052632,2539,0.8831168831168832,1282,0.8831168831168832,2431,0.88,1192,0.8947368421052632,2223,0.8947368421052632,1238,0.8947368421052632,2532,0.8974358974358975,3134,0.8831168831168832,5392,0.9090909090909091,3057,0.8947368421052632,5224,0.8947368421052632,3076,0.8648648648648648,5132,0.8831168831168832,3118,0.8831168831168832,5277,0.9090909090909091,6330,0.8533333333333334,9264,0.8947368421052632,6326,0.8533333333333334,9406,0.8648648648648648,6225,0.8421052631578947,9310,0.8974358974358975,6282,0.9113924050632912,9105,0.8571428571428571,9388,0.8421052631578947,11665,0.8831168831168832,9416,0.8571428571428571,11648,0.8684210526315789,9488,0.8860759493670887,11644,0.8533333333333334,9485,0.8717948717948718,11788,0.8571428571428571,11351,0.8571428571428571,12378,0.8860759493670887,11265,0.8571428571428571,12401,0.8571428571428571,11372,0.8571428571428571,12378,0.8571428571428571,11257,0.8421052631578947,12382,0.8571428571428571,35,0.8684210526315789
153,2,34,0.8684210526315789,0.8684210526315789,10,0.8684210526315789,10,0.8684210526315789,9,0.8684210526315789,9,0.8684210526315789,18,0.8684210526315789,18,0.8684210526315789,12,0.8684210526315789,28,0.8684210526315789,132,0.8947368421052632,305,0.8684210526315789,129,0.8684210526315789,289,0.8684210526315789,143,0.8684210526315789,286,0.8684210526315789,128,0.8684210526315789,224,0.8684210526315789,664,0.8684210526315789,1240,0.8684210526315789,635,0.8831168831168832,1278,0.8831168831168832,638,0.8947368421052632,1108,0.8947368421052632,643,0.8947368421052632,1248,0.8947368421052632,1259,0.8947368421052632,2216,0.8947368421052632,1231,0.8947368421052632,2296,0.8947368421052632,1246,0.8947368421052632,2376,0.8947368421052632,1287,0.8947368421052632,2515,0.8947368421052632,3094,0.8947368421052632,5084,0.8378378378378379,3071,0.88,5126,0.9090909090909091,3211,0.9090909090909091,5403,0.8831168831168832,3078,0.9090909090909091,5055,0.923076923076923,6194,0.923076923076923,9120,0.88,6227,0.8947368421052632,9121,0.8378378378378379,6365,0.8947368421052632,9298,0.88,6240,0.8947368421052632,9150,0.9090909090909091,9449,0.9090909090909091,11698,0.88,9460,0.8947368421052632,11675,0.88,9417,0.8533333333333334,11521,0.8684210526315789,9427,0.8533333333333334,11639,0.8947368421052632,11346,0.8533333333333334,12353,0.8947368421052632,11341,0.8533333333333334,12361,0.8421052631578947,11366,0.8533333333333334,12390,0.8533333333333334,11302,0.8533333333333334,12389,0.8533333333333334,33,0.88
154,2,37,0.9367088607594937,0.9367088607594937,15,0.9367088607594937,47,0.9367088607594937,19,0.9367088607594937,51,0.923076923076923,15,0.923076923076923,15,0.9367088607594937,17,0.9367088607594937,33,0.9367088607594937,103,0.9367088607594937,167,0.9367088607594937,132,0.9367088607594937,243,0.9367088607594937,126,0.9367088607594937,301,0.9367088607594937,126,0.9367088607594937,253,0.9367088607594937,649,0.9367088607594937,1238,0.9367088607594937,603,0.8684210526315789,1344,0.9090909090909091,603,0.9090909090909091,1060,0.923076923076923,593,0.9367088607594937,1132,0.9367088607594937,1268,0.9367088607594937,2407,0.9090909090909091,1258,0.923076923076923,2196,0.923076923076923,1285,0.9090909090909091,2462,0.923076923076923,1213,0.9367088607594937,2373,0.9090909090909091,3140,0.923076923076923,5423,0.8684210526315789,3135,0.8974358974358975,5353,0.923076923076923,3195,0.925,5481,0.9090909090909091,3185,0.9090909090909091,5357,0.8684210526315789,6312,0.8947368421052632,9222,0.9090909090909091,6287,0.8831168831168832,9099,0.8947368421052632,6351,0.9090909090909091,9289,0.9090909090909091,6209,0.8831168831168832,9158,0.8947368421052632,9352,0.8947368421052632,11681,0.8947368421052632,9400,0.8947368421052632,11686,0.8947368421052632,9373,0.8947368421052632,11713,0.9090909090909091,9469,0.9090909090909091,11639,0.8947368421052632,11330,0.8947368421052632,12346,0.8947368421052632,11317,0.8947368421052632,12429,0.9090909090909091,11368,0.8947368421052632,12357,0.8947368421052632,11330,0.8947368421052632,12396,0.8947368421052632,34,0.9090909090909091
155,2,35,0.8831168831168832,0.8974358974358975,11,0.8974358974358975,11,0.8831168831168832,11,0.8831168831168832,27,0.8831168831168832,9,0.8831168831168832,25,0.8831168831168832,15,0.8831168831168832,15,0.8831168831168832,127,0.8831168831168832,269,0.8831168831168832,114,0.8831168831168832,274,0.8831168831168832,108,0.8831168831168832,268,0.8974358974358975,122,0.8974358974358975,281,0.8831168831168832,597,0.8533333333333334,1100,0.8831168831168832,636,0.8831168831168832,1203,0.8831168831168832,559,0.8831168831168832,890,0.8831168831168832,612,0.8831168831168832,1145,0.8831168831168832,1288,0.8831168831168832,2233,0.8831168831168832,1275,0.8684210526315789,2505,0.88,1263,0.8648648648648648,2514,0.8421052631578947,1271,0.8378378378378379,2456,0.8533333333333334,3108,0.8,5082,0.8493150684931507,3069,0.8648648648648648,5115,0.8533333333333334,3164,0.821917808219178,5238,0.8421052631578947,3077,0.8378378378378379,5309,0.8421052631578947,6357,0.8108108108108109,9396,0.821917808219178,6334,0.7837837837837837,9294,0.8831168831168832,6317,0.8266666666666667,9288,0.8157894736842106,6270,0.8421052631578947,9372,0.8421052631578947,9465,0.8157894736842106,11600,0.8266666666666667,9428,0.8157894736842106,11716,0.8157894736842106,9498,0.8266666666666667,11649,0.8,9418,0.7733333333333333,11661,0.8,11330,0.8157894736842106,12387,0.8051948051948051,11380,0.8051948051948051,12409,0.8157894736842106,11334,0.8157894736842106,12355,0.8,11350,0.8157894736842106,12385,0.8157894736842106,34,0.8378378378378379
156,2,35,0.9210526315789475,0.9210526315789475,10,0.9210526315789475,10,0.9210526315789475,13,0.9210526315789475,29,0.9210526315789475,14,0.9210526315789475,30,0.9210526315789475,14,0.9210526315789475,14,0.9210526315789475,122,0.9210526315789475,201,0.9066666666666667,130,0.9066666666666667,210,0.9210526315789475,141,0.9210526315789475,283,0.9066666666666667,154,0.9066666666666667,277,0.8800000000000001,643,0.8800000000000001,1314,0.9350649350649352,591,0.9350649350649352,1058,0.8767123287671234,634,0.8611111111111112,1127,0.8918918918918919,649,0.8918918918918919,1338,0.8918918918918919,1239,0.9210526315789475,2320,0.9210526315789475,1240,0.9210526315789475,2352,0.9066666666666667,1182,0.9066666666666667,2170,0.8493150684931506,1268,0.8493150684931506,2290,0.8800000000000001,3162,0.8800000000000001,5218,0.8918918918918919,3075,0.8918918918918919,5291,0.9066666666666667,3172,0.8493150684931506,5445,0.8611111111111112,3197,0.8648648648648648,5554,0.8285714285714285,6354,0.8493150684931506,9386,0.8611111111111112,6204,0.8611111111111112,9111,0.8800000000000001,6394,0.8450704225352113,9516,0.8378378378378378,6219,0.8266666666666665,9017,0.8493150684931506,9436,0.8533333333333334,11651,0.8800000000000001,9445,0.8533333333333334,11685,0.8378378378378378,9396,0.8378378378378378,11686,0.8333333333333334,9417,0.8378378378378378,11589,0.8533333333333334,11282,0.8533333333333334,12363,0.868421052631579,11299,0.8533333333333334,12366,0.8533333333333334,11379,0.8533333333333334,12383,0.8533333333333334,11299,0.8533333333333334,12373,0.8533333333333334,34,0.8333333333333334
157,2,35,0.8947368421052632,0.8947368421052632,17,0.8947368421052632,49,0.8947368421052632,14,0.8947368421052632,30,0.8947368421052632,13,0.8947368421052632,13,0.8947368421052632,11,0.8947368421052632,11,0.8947368421052632,129,0.8947368421052632,305,0.8947368421052632,129,0.8947368421052632,241,0.8947368421052632,121,0.8947368421052632,249,0.8947368421052632,111,0.8947368421052632,238,0.8947368421052632,664,0.8947368421052632,1359,0.8947368421052632,650,0.9090909090909091,1253,0.8947368421052632,602,0.9090909090909091,1140,0.8800000000000001,631,0.8800000000000001,1361,0.8493150684931506,1283,0.8611111111111112,2392,0.8947368421052632,1238,0.8918918918918919,2366,0.9066666666666667,1285,0.9066666666666667,2575,0.8947368421052632,1190,0.8918918918918919,2224,0.8947368421052632,3180,0.8533333333333334,5609,0.9090909090909091,3180,0.8918918918918919,5282,0.8611111111111112,3153,0.8918918918918919,5254,0.8648648648648648,3143,0.8533333333333334,5596,0.8378378378378378,6232,0.8493150684931506,9089,0.8533333333333334,6283,0.8648648648648648,9255,0.8378378378378378,6317,0.8648648648648648,9352,0.8378378378378378,6353,0.8421052631578947,9374,0.8493150684931506,9533,0.8648648648648648,11678,0.8493150684931506,9438,0.8533333333333334,11600,0.883116883116883,9474,0.883116883116883,11665,0.8800000000000001,9380,0.868421052631579,11627,0.883116883116883,11293,0.8533333333333334,12366,0.821917808219178,11322,0.868421052631579,12420,0.868421052631579,11341,0.868421052631579,12416,0.868421052631579,11319,0.868421052631579,12378,0.868421052631579,35,0.8055555555555556
158,2,35,0.9210526315789475,0.9210526315789475,17,0.9210526315789475,17,0.9210526315789475,10,0.9210526315789475,26,0.9210526315789475,8,0.9210526315789475,24,0.9210526315789475,18,0.9210526315789475,34,0.9066666666666667,124,0.9066666666666667,203,0.9210526315789475,126,0.9210526315789475,189,0.9210526315789475,145,0.9066666666666667,240,0.9210526315789475,145,0.9210526315789475,287,0.9210526315789475,599,0.9066666666666667,1143,0.8947368421052632,650,0.9090909090909091,1199,0.9210526315789475,632,0.9210526315789475,1205,0.9066666666666667,617,0.9066666666666667,1139,0.9210526315789475,1305,0.9210526315789475,2512,0.8918918918918919,1258,0.8918918918918919,2430,0.9210526315789475,1223,0.9066666666666667,2318,0.9066666666666667,1201,0.8918918918918919,2190,0.8648648648648648,3161,0.8800000000000001,5556,0.8800000000000001,3109,0.8648648648648648,5281,0.8533333333333334,3145,0.883116883116883,5752,0.8800000000000001,3134,0.8800000000000001,5227,0.8611111111111112,6254,0.8333333333333334,9243,0.8333333333333334,6294,0.8378378378378378,9285,0.8800000000000001,6194,0.8493150684931506,9133,0.9066666666666667,6271,0.8533333333333334,9133,0.8333333333333334,9423,0.7887323943661972,11621,0.8055555555555556,9329,0.8055555555555556,11586,0.8800000000000001,9339,0.7887323943661972,11629,0.8266666666666665,9365,0.821917808219178,11651,0.8108108108108109,11350,0.8055555555555556,12438,0.8493150684931506,11304,0.8055555555555556,12401,0.821917808219178,11244,0.8055555555555556,12365,0.8648648648648648,11334,0.8055555555555556,12387,0.8055555555555556,31,0.8266666666666665
159,2,32,0.8493150684931506,0.8493150684931506,17,0.8493150684931506,33,0.8493150684931506,8,0.8493150684931506,8,0.8493150684931506,16,0.8493150684931506,16,0.8493150684931506,15,0.8493150684931506,15,0.8493150684931506,131,0.9090909090909091,337,0.8648648648648648,118,0.8648648648648648,229,0.8493150684931506,120,0.8493150684931506,216,0.8493150684931506,131,0.8493150684931506,242,0.8648648648648648,633,0.8648648648648648,1137,0.8333333333333334,637,0.8333333333333334,1198,0.8493150684931506,651,0.8493150684931506,1210,0.8648648648648648,654,0.8648648648648648,1060,0.8493150684931506,1305,0.8493150684931506,2386,0.8648648648648648,1267,0.8648648648648648,2261,0.8493150684931506,1248,0.8648648648648648,2473,0.8493150684931506,1259,0.8055555555555556,2247,0.8169014084507042,3143,0.8108108108108109,5238,0.8333333333333334,3129,0.821917808219178,5199,0.8493150684931506,3154,0.8378378378378378,5602,0.8055555555555556,3096,0.8055555555555556,5435,0.8055555555555556,6307,0.8378378378378378,9108,0.821917808219178,6330,0.821917808219178,9217,0.8378378378378378,6244,0.8800000000000001,9270,0.8648648648648648,6355,0.8493150684931506,9365,0.8378378378378378,9346,0.821917808219178,11600,0.821917808219178,9415,0.821917808219178,11605,0.8533333333333334,9383,0.8055555555555556,11622,0.821917808219178,9375,0.821917808219178,11531,0.821917808219178,11313,0.821917808219178,12361,0.8108108108108109,11325,0.8378378378378378,12393,0.821917808219178,11288,0.821917808219178,12387,0.8055555555555556,11317,0.821917808219178,12394,0.821917808219178,32,0.8055555555555556
160,2,34,0.8800000000000001,0.8800000000000001,15,0.8800000000000001,31,0.8800000000000001,13,0.8800000000000001,29,0.8800000000000001,14,0.8800000000000001,30,0.8800000000000001,12,0.8800000000000001,28,0.8800000000000001,121,0.8800000000000001,217,0.8800000000000001,130,0.8800000000000001,194,0.8800000000000001,120,0.8800000000000001,248,0.8800000000000001,138,0.8800000000000001,264,0.8800000000000001,619,0.8800000000000001,1278,0.8947368421052632,588,0.8947368421052632,972,0.9066666666666667,646,0.9066666666666667,1302,0.8800000000000001,578,0.8800000000000001,1065,0.8800000000000001,1227,0.8800000000000001,2278,0.8800000000000001,1280,0.8947368421052632,2397,0.8648648648648648,1260,0.8648648648648648,2405,0.8800000000000001,1197,0.8947368421052632,2160,0.8611111111111112,3177,0.8611111111111112,5324,0.8767123287671234,3151,0.8767123287671234,5548,0.8648648648648648,3145,0.8800000000000001,5588,0.8648648648648648,3152,0.8378378378378378,5074,0.8800000000000001,6367,0.8767123287671234,9377,0.8767123287671234,6237,0.9066666666666667,9033,0.883116883116883,6293,0.8648648648648648,9361,0.8493150684931506,6151,0.868421052631579,8883,0.8918918918918919,9457,0.8767123287671234,11598,0.8918918918918919,9402,0.8767123287671234,11704,0.8918918918918919,9461,0.8767123287671234,11667,0.8918918918918919,9368,0.8918918918918919,11609,0.8767123287671234,11349,0.8767123287671234,12397,0.8767123287671234,11297,0.8918918918918919,12388,0.8918918918918919,11400,0.8918918918918919,12393,0.8800000000000001,11348,0.8918918918918919,12383,0.8918918918918919,33,0.8767123287671234
161,2,34,0.9315068493150686,0.9315068493150686,12,0.9315068493150686,12,0.9315068493150686,18,0.9315068493150686,33,0.9315068493150686,16,0.9315068493150686,64,0.9315068493150686,21,0.9315068493150686,21,0.9166666666666666,119,0.9166666666666666,197,0.9315068493150686,136,0.9315068493150686,247,0.9315068493150686,115,0.9315068493150686,227,0.8888888888888888,146,0.8888888888888888,337,0.9166666666666666,621,0.9166666666666666,1230,0.9014084507042254,630,0.8857142857142858,1247,0.9315068493150686,637,0.9315068493150686,1222,0.9315068493150686,611,0.9315068493150686,1176,0.9315068493150686,1247,0.9315068493150686,2322,0.9315068493150686,1289,0.9315068493150686,2342,0.9315068493150686,1284,0.9315068493150686,2504,0.8888888888888888,1324,0.8888888888888888,2460,0.8888888888888888,3209,0.9166666666666666,5333,0.8857142857142858,3119,0.8857142857142858,5225,0.9166666666666666,3138,0.8888888888888888,5477,0.9315068493150686,3135,0.9166666666666666,5436,0.9166666666666666,6407,0.9166666666666666,9243,0.8235294117647058,6285,0.8571428571428572,9316,0.9166666666666666,6186,0.8169014084507042,9106,0.8888888888888888,6291,0.8571428571428572,9506,0.9014084507042254,9453,0.8571428571428572,11707,0.8571428571428572,9429,0.8405797101449275,11570,0.9166666666666666,9437,0.8405797101449275,11702,0.8285714285714285,9508,0.8405797101449275,11802,0.8450704225352113,11325,0.8405797101449275,12385,0.8285714285714285,11244,0.8405797101449275,12340,0.8405797101449275,11359,0.8405797101449275,12369,0.8405797101449275,11240,0.8405797101449275,12373,0.8405797101449275,30,0.8235294117647058
162,2,33,0.9166666666666666,0.9166666666666666,8,0.9166666666666666,40,0.9166666666666666,13,0.9166666666666666,29,0.9166666666666666,7,0.9166666666666666,7,0.9166666666666666,6,0.9166666666666666,6,0.9166666666666666,102,0.9166666666666666,214,0.9166666666666666,133,0.9166666666666666,309,0.9166666666666666,126,0.9166666666666666,222,0.9166666666666666,116,0.9166666666666666,196,0.9166666666666666,616,0.9166666666666666,1117,0.9166666666666666,641,0.9315068493150686,1101,0.9315068493150686,558,0.9315068493150686,1067,0.8732394366197183,606,0.8732394366197183,1091,0.9166666666666666,1262,0.9014084507042254,2052,0.9166666666666666,1316,0.9166666666666666,2265,0.9315068493150686,1226,0.945945945945946,2231,0.9315068493150686,1276,0.9166666666666666,2431,0.9600000000000001,3179,0.9189189189189189,5620,0.9014084507042254,3041,0.9041095890410958,5198,0.945945945945946,3154,0.9041095890410958,5486,0.9600000000000001,3113,0.9736842105263158,5388,0.9600000000000001,6291,0.9041095890410958,9217,0.8767123287671232,6307,0.8857142857142858,9223,0.9166666666666666,6354,0.8695652173913044,9127,0.8732394366197183,6309,0.8888888888888888,8998,0.9014084507042254,9420,0.8857142857142858,11650,0.8888888888888888,9405,0.8857142857142858,11618,0.9014084507042254,9387,0.8857142857142858,11620,0.8571428571428572,9411,0.8857142857142858,11499,0.8857142857142858,11289,0.8857142857142858,12328,0.9166666666666666,11291,0.8857142857142858,12385,0.8857142857142858,11333,0.8857142857142858,12400,0.8857142857142858,11293,0.8857142857142858,12374,0.8857142857142858,31,0.8529411764705882
163,2,35,0.945945945945946,0.945945945945946,16,0.945945945945946,48,0.945945945945946,5,0.945945945945946,21,0.945945945945946,10,0.945945945945946,10,0.945945945945946,15,0.945945945945946,15,0.945945945945946,131,0.945945945945946,259,0.945945945945946,124,0.945945945945946,172,0.945945945945946,111,0.945945945945946,175,0.945945945945946,133,0.945945945945946,229,0.945945945945946,653,0.945945945945946,1273,0.945945945945946,637,0.9166666666666666,1032,0.945945945945946,624,0.945945945945946,1194,0.9315068493150686,608,0.9315068493150686,1253,0.9166666666666666,1242,0.9166666666666666,2003,0.945945945945946,1274,0.945945945945946,2433,0.945945945945946,1304,0.945945945945946,2299,0.945945945945946,1294,0.945945945945946,2296,0.945945945945946,3186,0.945945945945946,5327,0.9315068493150686,3189,0.945945945945946,5562,0.9166666666666666,3187,0.8888888888888888,5460,0.945945945945946,3152,0.9166666666666666,5268,0.9166666666666666,6274,0.8799999999999999,9157,0.9166666666666666,6289,0.9166666666666666,9548,0.9189189189189189,6308,0.9014084507042254,9319,0.9014084507042254,6243,0.9166666666666666,9222,0.945945945945946,9408,0.945945945945946,11527,0.9014084507042254,9496,0.9014084507042254,11676,0.945945945945946,9421,0.9166666666666666,11623,0.9014084507042254,9466,0.9166666666666666,11665,0.9315068493150686,11331,0.9166666666666666,12380,0.9014084507042254,11370,0.9166666666666666,12386,0.9014084507042254,11327,0.9166666666666666,12395,0.945945945945946,11304,0.9166666666666666,12352,0.9166666666666666,33,0.8857142857142858
164,2,36,0.9600000000000001,0.9600000000000001,6,0.9600000000000001,6,0.9600000000000001,9,0.9600000000000001,25,0.9600000000000001,8,0.9600000000000001,24,0.9600000000000001,18,0.9600000000000001,49,0.9315068493150686,137,0.9315068493150686,264,0.9600000000000001,129,0.9600000000000001,190,0.9600000000000001,119,0.9600000000000001,311,0.9600000000000001,134,0.9600000000000001,293,0.9600000000000001,650,0.9600000000000001,1081,0.9600000000000001,590,0.9600000000000001,1207,0.9600000000000001,587,0.9600000000000001,1088,0.9600000000000001,618,0.9600000000000001,1184,0.9600000000000001,1237,0.9600000000000001,2074,0.9600000000000001,1239,0.9600000000000001,2189,0.9600000000000001,1279,0.945945945945946,2174,0.9600000000000001,1235,0.945945945945946,2288,0.945945945945946,3089,0.8857142857142858,5393,0.9600000000000001,3103,0.9333333333333333,5264,0.9166666666666666,3152,0.9166666666666666,5383,0.9315068493150686,3161,0.8695652173913044,5422,0.8732394366197183,6303,0.9041095890410958,9229,0.8888888888888888,6298,0.8767123287671232,9249,0.8918918918918919,6313,0.8918918918918919,9174,0.9315068493150686,6255,0.8947368421052632,9059,0.9333333333333333,9378,0.9600000000000001,11685,0.9189189189189189,9411,0.9189189189189189,11611,0.9600000000000001,9499,0.9189189189189189,11776,0.9189189189189189,9385,0.9189189189189189,11665,0.8767123287671232,11289,0.9189189189189189,12411,0.9210526315789475,11330,0.9189189189189189,12370,0.9166666666666666,11337,0.9189189189189189,12371,0.9189189189189189,11301,0.9189189189189189,12402,0.9189189189189189,35,0.8888888888888888
165,2,33,0.9166666666666666,0.9166666666666666,14,0.9166666666666666,14,0.9166666666666666,17,0.9166666666666666,48,0.9166666666666666,11,0.9166666666666666,11,0.9166666666666666,14,0.9166666666666666,46,0.9315068493150686,111,0.9315068493150686,253,0.9315068493150686,120,0.945945945945946,342,0.9166666666666666,134,0.9166666666666666,198,0.9166666666666666,123,0.9166666666666666,314,0.945945945945946,635,0.9315068493150686,1163,0.9166666666666666,622,0.9166666666666666,1355,0.9166666666666666,605,0.9315068493150686,1134,0.9014084507042254,652,0.9014084507042254,1321,0.8857142857142858,1283,0.8857142857142858,2406,0.9166666666666666,1223,0.9315068493150686,2219,0.9315068493150686,1314,0.9315068493150686,2532,0.9315068493150686,1213,0.9166666666666666,2302,0.9166666666666666,3117,0.8695652173913044,5478,0.945945945945946,3153,0.9014084507042254,5396,0.8857142857142858,3215,0.8266666666666667,5735,0.8732394366197183,3160,0.8695652173913044,5443,0.8857142857142858,6261,0.8571428571428572,9468,0.8285714285714285,6256,0.8571428571428572,9285,0.8947368421052632,6287,0.8450704225352113,9148,0.8333333333333333,6255,0.8450704225352113,9067,0.8888888888888888,9408,0.8888888888888888,11618,0.8695652173913044,9451,0.8571428571428572,11625,0.8767123287671232,9335,0.8571428571428572,11709,0.8571428571428572,9383,0.8571428571428572,11665,0.8732394366197183,11315,0.8571428571428572,12388,0.8732394366197183,11326,0.8571428571428572,12364,0.8571428571428572,11353,0.8571428571428572,12392,0.8571428571428572,11307,0.8571428571428572,12394,0.8571428571428572,31,0.8529411764705882
166,2,35,0.9189189189189189,0.9189189189189189,7,0.9189189189189189,7,0.9189189189189189,10,0.9189189189189189,10,0.9189189189189189,12,0.9189189189189189,28,0.9189189189189189,12,0.9189189189189189,12,0.9166666666666666,119,0.9166666666666666,231,0.9189189189189189,126,0.9189189189189189,269,0.9189189189189189,140,0.9041095890410958,330,0.9189189189189189,123,0.9189189189189189,202,0.9315068493150686,667,0.9315068493150686,1296,0.9166666666666666,629,0.9315068493150686,1210,0.9315068493150686,624,0.9315068493150686,1294,0.9333333333333333,643,0.9315068493150686,1227,0.8918918918918919,1279,0.9166666666666666,2404,0.9166666666666666,1250,0.8888888888888888,2154,0.9166666666666666,1287,0.9166666666666666,2303,0.9189189189189189,1247,0.9189189189189189,2045,0.9014084507042254,3219,0.9014084507042254,5214,0.9315068493150686,3094,0.9014084507042254,5278,0.9014084507042254,3153,0.9014084507042254,5414,0.9315068493150686,3253,0.945945945945946,5365,0.9014084507042254,6348,0.9166666666666666,9365,0.8533333333333333,6370,0.9014084507042254,9212,0.8857142857142858,6304,0.8857142857142858,9305,0.8695652173913044,6278,0.8571428571428572,9376,0.8857142857142858,9366,0.8857142857142858,11683,0.8888888888888888,9333,0.8732394366197183,11656,0.8732394366197183,9411,0.8732394366197183,11576,0.8888888888888888,9424,0.8732394366197183,11518,0.8732394366197183,11298,0.8732394366197183,12374,0.8732394366197183,11356,0.8732394366197183,12388,0.8732394366197183,11357,0.8732394366197183,12392,0.8732394366197183,11311,0.8732394366197183,12344,0.8732394366197183,32,0.8529411764705882
167,2,34,0.9315068493150686,0.9315068493150686,13,0.9315068493150686,13,0.9315068493150686,14,0.9315068493150686,14,0.9315068493150686,14,0.9315068493150686,14,0.9315068493150686,10,0.9315068493150686,26,0.9315068493150686,151,0.9315068493150686,259,0.9166666666666666,131,0.9166666666666666,307,0.9315068493150686,135,0.9315068493150686,230,0.9315068493150686,127,0.9315068493150686,158,0.9315068493150686,614,0.9600000000000001,1279,0.945945945945946,608,0.9600000000000001,1149,0.9166666666666666,646,0.9166666666666666,1225,0.945945945945946,636,0.9473684210526315,1194,0.9315068493150686,1251,0.8857142857142858,2626,0.9600000000000001,1252,0.9870129870129869,2360,0.945945945945946,1316,0.8529411764705882,2349,0.9014084507042254,1308,0.8571428571428572,2569,0.945945945945946,3091,0.9014084507042254,5514,0.9166666666666666,3111,0.9315068493150686,5429,0.8611111111111112,3078,0.8888888888888888,5337,0.8888888888888888,3195,0.9315068493150686,5752,0.9315068493150686,6327,0.9166666666666666,9157,0.9315068493150686,6311,0.9014084507042254,9136,0.9315068493150686,6273,0.945945945945946,9126,0.9166666666666666,6323,0.9166666666666666,9269,0.9189189189189189,9482,0.945945945945946,11660,0.9315068493150686,9431,0.9315068493150686,11654,0.9315068493150686,9382,0.9166666666666666,11573,0.9166666666666666,9376,0.9166666666666666,11736,0.9315068493150686,11325,0.9315068493150686,12376,0.9166666666666666,11261,0.9315068493150686,12370,0.9189189189189189,11307,0.9166666666666666,12392,0.8888888888888888,11324,0.9189189189189189,12380,0.9315068493150686,34,0.8529411764705882
168,2,34,0.9315068493150686,0.9315068493150686,10,0.9315068493150686,10,0.9315068493150686,9,0.9315068493150686,25,0.9315068493150686,5,0.9315068493150686,5,0.9315068493150686,9,0.9315068493150686,9,0.9315068493150686,149,0.9315068493150686,258,0.9315068493150686,122,0.9166666666666666,185,0.9315068493150686,122,0.9315068493150686,216,0.9315068493150686,111,0.9315068493150686,204,0.9315068493150686,669,0.9014084507042254,1286,0.8857142857142858,642,0.9014084507042254,1289,0.9315068493150686,669,0.945945945945946,1208,0.9315068493150686,692,0.9166666666666666,1446,0.9315068493150686,1329,0.9315068493150686,2549,0.9315068493150686,1241,0.9315068493150686,2172,0.9315068493150686,1265,0.8695652173913044,2231,0.9315068493150686,1218,0.945945945945946,2173,0.8857142857142858,3183,0.9014084507042254,5481,0.9315068493150686,3134,0.9166666666666666,5317,0.9315068493150686,3163,0.9315068493150686,5537,0.8732394366197183,3160,0.9014084507042254,5452,0.8857142857142858,6181,0.9166666666666666,9347,0.9166666666666666,6292,0.8695652173913044,9159,0.9315068493150686,6324,0.9166666666666666,9100,0.9166666666666666,6360,0.9166666666666666,9629,0.9014084507042254,9456,0.9166666666666666,11620,0.8947368421052632,9445,0.9166666666666666,11749,0.9166666666666666,9378,0.9166666666666666,11659,0.9315068493150686,9469,0.9166666666666666,11716,0.9166666666666666,11276,0.9166666666666666,12394,0.9166666666666666,11340,0.9166666666666666,12372,0.9166666666666666,11302,0.9166666666666666,12347,0.9315068493150686,11309,0.9166666666666666,12353,0.9166666666666666,33,0.835820895522388
169,2,35,0.945945945945946,0.945945945945946,11,0.945945945945946,11,0.9315068493150686,9,0.9315068493150686,9,0.945945945945946,17,0.945945945945946,65,0.945945945945946,19,0.945945945945946,67,0.9315068493150686,144,0.9315068493150686,272,0.945945945945946,103,0.945945945945946,246,0.945945945945946,129,0.9315068493150686,192,0.945945945945946,132,0.945945945945946,276,0.9315068493150686,610,0.9041095890410958,1128,0.9315068493150686,659,0.9315068493150686,1211,0.8767123287671232,636,0.8767123287671232,1300,0.945945945945946,624,0.9600000000000001,1095,0.8888888888888888,1257,0.8888888888888888,2428,0.9166666666666666,1233,0.9166666666666666,2334,0.9041095890410958,1262,0.8888888888888888,2109,0.8611111111111112,1276,0.8918918918918919,2390,0.9014084507042254,3167,0.9166666666666666,5452,0.9315068493150686,3180,0.9014084507042254,5593,0.9166666666666666,3104,0.8611111111111112,5323,0.9315068493150686,3166,0.9189189189189189,5425,0.9014084507042254,6244,0.9066666666666667,9024,0.9166666666666666,6361,0.9166666666666666,9342,0.9166666666666666,6236,0.9189189189189189,9222,0.8918918918918919,6243,0.9189189189189189,9226,0.9315068493150686,9471,0.9166666666666666,11775,0.9041095890410958,9330,0.9041095890410958,11613,0.9166666666666666,9356,0.9166666666666666,11647,0.9014084507042254,9389,0.9166666666666666,11669,0.9041095890410958,11351,0.9166666666666666,12391,0.9041095890410958,11322,0.9166666666666666,12369,0.9166666666666666,11332,0.9166666666666666,12399,0.8888888888888888,11344,0.9166666666666666,12394,0.9166666666666666,33,0.8571428571428572
170,2,36,0.9600000000000001,0.9600000000000001,9,0.9600000000000001,9,0.9600000000000001,9,0.9600000000000001,9,0.9600000000000001,10,0.9600000000000001,26,0.9600000000000001,7,0.9600000000000001,39,0.9600000000000001,144,0.9600000000000001,255,0.9166666666666666,133,0.9166666666666666,324,0.9600000000000001,135,0.9600000000000001,261,0.9600000000000001,121,0.9600000000000001,185,0.9166666666666666,611,0.9014084507042254,1269,0.945945945945946,614,0.945945945945946,1077,0.9315068493150686,602,0.9166666666666666,1093,0.945945945945946,602,0.9473684210526315,1449,0.945945945945946,1210,0.9600000000000001,2266,0.9600000000000001,1180,0.945945945945946,2291,0.9600000000000001,1213,0.9600000000000001,2224,0.945945945945946,1288,0.9315068493150686,2360,0.9166666666666666,3176,0.8918918918918919,5228,0.9014084507042254,3239,0.9166666666666666,5670,0.9315068493150686,3091,0.9315068493150686,5239,0.9166666666666666,3149,0.9736842105263158,5301,0.9189189189189189,6303,0.9066666666666667,9233,0.8767123287671232,6233,0.9166666666666666,9071,0.9041095890410958,6307,0.8533333333333333,9080,0.9315068493150686,6399,0.9014084507042254,9347,0.9189189189189189,9350,0.9014084507042254,11678,0.9315068493150686,9354,0.9014084507042254,11639,0.9014084507042254,9491,0.9014084507042254,11641,0.945945945945946,9397,0.9041095890410958,11561,0.9166666666666666,11306,0.9166666666666666,12391,0.9166666666666666,11314,0.9166666666666666,12406,0.9166666666666666,11335,0.9166666666666666,12360,0.9166666666666666,11382,0.9166666666666666,12434,0.9166666666666666,33,0.9014084507042254
171,2,32,0.9014084507042254,0.9014084507042254,12,0.9014084507042254,28,0.9014084507042254,11,0.9014084507042254,11,0.9014084507042254,13,0.9014084507042254,29,0.9014084507042254,11,0.9014084507042254,27,0.9014084507042254,120,0.9014084507042254,214,0.9014084507042254,126,0.9014084507042254,314,0.9014084507042254,127,0.9014084507042254,206,0.9014084507042254,128,0.9014084507042254,222,0.9014084507042254,636,0.9014084507042254,1168,0.8888888888888888,597,0.8888888888888888,1037,0.9014084507042254,638,0.9014084507042254,1242,0.9014084507042254,625,0.9014084507042254,1243,0.9014084507042254,1261,0.9014084507042254,2303,0.9014084507042254,1226,0.9041095890410958,2144,0.9014084507042254,1248,0.9014084507042254,2272,0.9166666666666666,1241,0.9014084507042254,2275,0.9166666666666666,3161,0.9166666666666666,5123,0.8767123287671232,3198,0.9189189189189189,5537,0.9014084507042254,3180,0.8405797101449275,5412,0.8857142857142858,3186,0.8857142857142858,5117,0.8571428571428572,6340,0.8888888888888888,9133,0.8732394366197183,6337,0.8571428571428572,9239,0.8571428571428572,6193,0.8732394366197183,9099,0.9189189189189189,6282,0.8888888888888888,9164,0.9041095890410958,9347,0.8888888888888888,11670,0.8888888888888888,9542,0.8888888888888888,11675,0.8888888888888888,9438,0.8888888888888888,11630,0.8888888888888888,9454,0.8888888888888888,11620,0.8888888888888888,11276,0.8888888888888888,12358,0.8888888888888888,11290,0.8888888888888888,12338,0.9041095890410958,11309,0.8888888888888888,12391,0.8732394366197183,11273,0.8888888888888888,12386,0.8888888888888888,33,0.8695652173913044
172,2,33,0.8611111111111112,0.8611111111111112,8,0.8611111111111112,24,0.8611111111111112,9,0.8611111111111112,25,0.8611111111111112,5,0.8611111111111112,5,0.8611111111111112,15,0.8611111111111112,15,0.8611111111111112,126,0.8611111111111112,266,0.8611111111111112,126,0.8611111111111112,251,0.8611111111111112,130,0.8611111111111112,175,0.8611111111111112,140,0.8611111111111112,268,0.8732394366197183,640,0.8732394366197183,1112,0.8611111111111112,637,0.8767123287671232,1271,0.8611111111111112,611,0.9041095890410958,1208,0.8405797101449275,644,0.8405797101449275,1230,0.8732394366197183,1292,0.8732394366197183,2497,0.8732394366197183,1288,0.8888888888888888,2190,0.8888888888888888,1259,0.8888888888888888,2479,0.8732394366197183,1250,0.8732394366197183,2383,0.8732394366197183,3165,0.8732394366197183,5211,0.8732394366197183,3160,0.8888888888888888,5218,0.8405797101449275,3236,0.8405797101449275,5318,0.8235294117647058,3117,0.8450704225352113,5553,0.8888888888888888,6273,0.8888888888888888,9408,0.8732394366197183,6380,0.8918918918918919,9350,0.8888888888888888,6309,0.8732394366197183,9231,0.8333333333333333,6351,0.8732394366197183,9514,0.9066666666666667,9412,0.8533333333333333,11734,0.8918918918918919,9358,0.8611111111111112,11578,0.8732394366197183,9350,0.8767123287671232,11573,0.9041095890410958,9470,0.8767123287671232,11688,0.8767123287671232,11387,0.8767123287671232,12410,0.9041095890410958,11302,0.8767123287671232,12378,0.8888888888888888,11300,0.8767123287671232,12334,0.8888888888888888,11304,0.8767123287671232,12385,0.8767123287671232,34,0.8235294117647058
173,2,32,0.9014084507042254,0.9014084507042254,8,0.9014084507042254,8,0.9014084507042254,10,0.9014084507042254,10,0.9014084507042254,12,0.9014084507042254,12,0.9014084507042254,12,0.9014084507042254,12,0.9014084507042254,117,0.9014084507042254,213,0.9014084507042254,127,0.9014084507042254,222,0.9014084507042254,139,0.9014084507042254,235,0.9014084507042254,110,0.9014084507042254,174,0.9014084507042254,605,0.9014084507042254,1209,0.8857142857142858,627,0.8857142857142858,1119,0.9014084507042254,595,0.9014084507042254,1186,0.9014084507042254,654,0.9014084507042254,1210,0.9014084507042254,1247,0.9014084507042254,2318,0.8857142857142858,1270,0.8529411764705882,2236,0.9014084507042254,1233,0.8695652173913044,2291,0.9166666666666666,1240,0.9014084507042254,2250,0.9166666666666666,3101,0.8695652173913044,5408,0.9014084507042254,3086,0.8529411764705882,5240,0.9014084507042254,3084,0.9014084507042254,5520,0.8695652173913044,3099,0.8695652173913044,5347,0.8857142857142858,6315,0.9166666666666666,9360,0.9166666666666666,6345,0.8857142857142858,9298,0.9166666666666666,6226,0.8695652173913044,9402,0.8529411764705882,6309,0.8529411764705882,9318,0.8857142857142858,9472,0.8695652173913044,11651,0.9014084507042254,9414,0.8857142857142858,11483,0.8529411764705882,9379,0.8857142857142858,11496,0.8857142857142858,9344,0.8857142857142858,11598,0.8695652173913044,11316,0.8695652173913044,12389,0.8888888888888888,11272,0.8857142857142858,12419,0.8695652173913044,11309,0.8695652173913044,12333,0.8695652173913044,11307,0.8857142857142858,12315,0.8695652173913044,30,0.835820895522388
174,2,34,0.9166666666666667,0.9166666666666667,10,0.9166666666666667,10,0.9166666666666667,9,0.9166666666666667,25,0.9166666666666667,4,0.9166666666666667,20,0.9166666666666667,9,0.9166666666666667,9,0.9166666666666667,108,0.8695652173913043,220,0.9166666666666667,114,0.9142857142857143,241,0.9315068493150684,121,0.9315068493150684,231,0.9166666666666667,127,0.9166666666666667,238,0.9315068493150684,651,0.9444444444444444,1375,0.8857142857142857,621,0.9014084507042254,1171,0.9315068493150684,639,0.9315068493150684,1307,0.898550724637681,667,0.898550724637681,1231,0.9166666666666667,1236,0.8857142857142857,2533,0.9315068493150684,1224,0.9315068493150684,2224,0.9315068493150684,1290,0.9315068493150684,2531,0.9315068493150684,1293,0.9444444444444444,2432,0.9166666666666667,3159,0.8695652173913043,5219,0.9315068493150684,3186,0.958904109589041,5279,0.9014084507042254,3145,0.8695652173913043,5225,0.9142857142857143,3104,0.8857142857142857,5306,0.8732394366197183,6236,0.8888888888888888,9251,0.9142857142857143,6244,0.8695652173913043,9177,0.9014084507042254,6174,0.9142857142857143,9131,0.9142857142857143,6288,0.9142857142857143,9238,0.8823529411764706,9351,0.898550724637681,11686,0.898550724637681,9419,0.898550724637681,11650,0.898550724637681,9549,0.898550724637681,11597,0.9142857142857143,9349,0.9142857142857143,11593,0.9142857142857143,11325,0.898550724637681,12381,0.9295774647887324,11307,0.898550724637681,12364,0.9142857142857143,11296,0.898550724637681,12360,0.898550724637681,11270,0.898550724637681,12362,0.898550724637681,31,0.8484848484848484
175,2,35,0.9315068493150684,0.9315068493150684,8,0.9315068493150684,24,0.9315068493150684,7,0.9315068493150684,7,0.9315068493150684,11,0.9315068493150684,11,0.9315068493150684,13,0.9315068493150684,29,0.9315068493150684,123,0.9315068493150684,250,0.9166666666666667,119,0.9014084507042254,231,0.9315068493150684,142,0.9315068493150684,268,0.9166666666666667,112,0.9166666666666667,225,0.9315068493150684,624,0.9315068493150684,1032,0.9315068493150684,628,0.9166666666666667,1192,0.9315068493150684,601,0.8695652173913043,1179,0.9315068493150684,586,0.9166666666666667,1339,0.918918918918919,1214,0.918918918918919,2070,0.904109589041096,1267,0.8888888888888888,2372,0.9315068493150684,1236,0.8857142857142857,2231,0.9315068493150684,1269,0.9315068493150684,2169,0.9166666666666667,3153,0.9166666666666667,5413,0.8857142857142857,3094,0.904109589041096,5437,0.8857142857142857,3117,0.9014084507042254,5359,0.9014084507042254,3164,0.8857142857142857,5375,0.8857142857142857,6324,0.8529411764705883,9153,0.8732394366197183,6331,0.8695652173913043,9451,0.8571428571428572,6309,0.835820895522388,9373,0.8857142857142857,6183,0.8695652173913043,9320,0.8571428571428572,9393,0.8285714285714286,11628,0.835820895522388,9446,0.8405797101449276,11734,0.835820895522388,9497,0.8235294117647058,11792,0.835820895522388,9446,0.8405797101449276,11714,0.835820895522388,11232,0.8405797101449276,12363,0.8529411764705883,11330,0.8405797101449276,12369,0.8571428571428572,11296,0.8405797101449276,12380,0.8529411764705883,11301,0.8405797101449276,12329,0.8405797101449276,31,0.8181818181818182
176,2,35,0.9722222222222222,0.9722222222222222,12,0.9722222222222222,28,0.9722222222222222,8,0.9722222222222222,8,0.9722222222222222,11,0.9722222222222222,27,0.9722222222222222,14,0.9722222222222222,14,0.9722222222222222,119,0.9722222222222222,342,0.9722222222222222,131,0.9722222222222222,289,0.9722222222222222,122,0.9722222222222222,265,0.9722222222222222,117,0.9722222222222222,243,0.9577464788732395,614,0.9577464788732395,1075,0.9722222222222222,621,0.9722222222222222,1062,0.9577464788732395,674,0.9577464788732395,1388,0.9577464788732395,601,0.9589041095890412,1075,0.9722222222222222,1288,0.9577464788732395,2461,0.9722222222222222,1233,0.9444444444444445,2396,0.9428571428571428,1217,0.8823529411764706,2422,0.9722222222222222,1285,0.9428571428571428,2424,0.9428571428571428,3143,0.9295774647887325,5374,0.911764705882353,3005,0.8955223880597014,5404,0.8985507246376812,3197,0.8695652173913043,5280,0.9142857142857143,3252,0.888888888888889,5701,0.9041095890410958,6279,0.8732394366197184,9177,0.9315068493150684,6386,0.8732394366197184,9381,0.8695652173913043,6164,0.8571428571428571,8850,0.9142857142857143,6243,0.8695652173913043,9403,0.8493150684931507,9435,0.8405797101449275,11695,0.8732394366197184,9400,0.8405797101449275,11584,0.8695652173913043,9437,0.8695652173913043,11554,0.9041095890410958,9420,0.8405797101449275,11653,0.8450704225352113,11345,0.8405797101449275,12405,0.8450704225352113,11311,0.8405797101449275,12400,0.8405797101449275,11326,0.8405797101449275,12408,0.8405797101449275,11332,0.8405797101449275,12412,0.8405797101449275,32,0.8307692307692307
177,2,34,0.9014084507042254,0.9014084507042254,15,0.9014084507042254,15,0.9014084507042254,11,0.9014084507042254,43,0.9014084507042254,10,0.918918918918919,26,0.9014084507042254,10,0.9014084507042254,42,0.9014084507042254,122,0.9014084507042254,279,0.8656716417910447,126,0.8656716417910447,206,0.9142857142857143,142,0.9142857142857143,284,0.9014084507042254,106,0.9142857142857143,185,0.9014084507042254,581,0.9014084507042254,1100,0.8695652173913043,653,0.8695652173913043,1427,0.9014084507042254,635,0.9142857142857143,1163,0.9142857142857143,635,0.8695652173913043,1205,0.8985507246376812,1287,0.8571428571428571,2400,0.8857142857142858,1222,0.9166666666666667,2276,0.8405797101449275,1191,0.8571428571428571,2010,0.8857142857142858,1310,0.8985507246376812,2385,0.888888888888889,3216,0.8732394366197184,5515,0.8484848484848485,3111,0.8732394366197184,5376,0.8857142857142858,3155,0.9166666666666667,5435,0.9014084507042254,3124,0.8732394366197184,5483,0.8732394366197184,6331,0.8333333333333334,9315,0.8732394366197184,6339,0.8405797101449275,9252,0.888888888888889,6327,0.888888888888889,9251,0.8571428571428571,6192,0.8405797101449275,9068,0.8333333333333334,9426,0.8450704225352113,11704,0.8732394366197184,9429,0.8285714285714285,11627,0.8571428571428571,9349,0.8285714285714285,11606,0.8732394366197184,9366,0.888888888888889,11606,0.8450704225352113,11244,0.8285714285714285,12394,0.8571428571428571,11342,0.8285714285714285,12378,0.8333333333333334,11318,0.8285714285714285,12372,0.8169014084507041,11277,0.8285714285714285,12341,0.8285714285714285,33,0.8307692307692307
178,2,32,0.911764705882353,0.911764705882353,12,0.911764705882353,28,0.911764705882353,9,0.911764705882353,25,0.911764705882353,10,0.911764705882353,10,0.911764705882353,9,0.911764705882353,9,0.911764705882353,133,0.911764705882353,229,0.911764705882353,125,0.911764705882353,301,0.911764705882353,123,0.911764705882353,187,0.8985507246376813,145,0.9142857142857143,288,0.8823529411764706,621,0.8985507246376813,1032,0.927536231884058,645,0.927536231884058,1343,0.911764705882353,643,0.911764705882353,1099,0.927536231884058,654,0.927536231884058,1322,0.911764705882353,1217,0.8787878787878789,2506,0.8787878787878789,1235,0.927536231884058,2333,0.927536231884058,1267,0.8615384615384615,2235,0.8787878787878789,1223,0.8955223880597015,2190,0.8787878787878789,3191,0.8787878787878789,5326,0.8181818181818182,3164,0.8787878787878789,5253,0.8571428571428571,3130,0.8823529411764706,5092,0.927536231884058,3221,0.8823529411764706,5642,0.835820895522388,6351,0.8823529411764706,9544,0.8787878787878789,6301,0.8787878787878789,9108,0.8787878787878789,6280,0.8787878787878789,9201,0.9428571428571428,6321,0.8787878787878789,9404,0.911764705882353,9449,0.8955223880597015,11627,0.8787878787878789,9323,0.8787878787878789,11655,0.8787878787878789,9429,0.8787878787878789,11701,0.8955223880597015,9401,0.8787878787878789,11620,0.8787878787878789,11334,0.8787878787878789,12395,0.8955223880597015,11339,0.8787878787878789,12362,0.8955223880597015,11299,0.8787878787878789,12366,0.8615384615384615,11355,0.8787878787878789,12376,0.8787878787878789,30,0.8253968253968254
179,2,34,0.9714285714285714,0.9714285714285714,7,0.9714285714285714,23,0.9714285714285714,13,0.9714285714285714,45,0.9714285714285714,12,0.9714285714285714,28,0.9565217391304348,12,0.9565217391304348,28,0.9565217391304348,135,0.9565217391304348,279,0.9714285714285714,120,0.9714285714285714,215,0.9714285714285714,143,0.9714285714285714,287,0.9565217391304348,118,0.9565217391304348,230,0.9714285714285714,609,0.9428571428571428,1143,0.9714285714285714,656,0.9714285714285714,1067,0.9714285714285714,612,0.9714285714285714,1239,0.9565217391304348,597,0.9565217391304348,1187,0.9565217391304348,1227,0.9565217391304348,2036,0.8923076923076924,1225,0.9090909090909091,2238,0.9565217391304348,1247,0.9253731343283582,2351,0.9565217391304348,1281,0.9411764705882353,2425,0.9859154929577464,3154,0.9428571428571428,5403,0.911764705882353,3102,0.9253731343283582,5256,0.9253731343283582,3148,0.911764705882353,5206,0.9253731343283582,3100,0.9253731343283582,5212,0.9428571428571428,6262,0.9295774647887323,9377,0.9411764705882353,6299,0.8787878787878789,9329,0.9565217391304348,6266,0.9411764705882353,9131,0.9295774647887323,6355,0.9014084507042254,9510,0.8985507246376813,9481,0.8695652173913043,11713,0.8529411764705882,9428,0.8656716417910448,11643,0.927536231884058,9407,0.8823529411764706,11680,0.9565217391304348,9496,0.8955223880597015,11671,0.8656716417910448,11329,0.8656716417910448,12393,0.8656716417910448,11329,0.8656716417910448,12379,0.8695652173913043,11289,0.8656716417910448,12369,0.8656716417910448,11365,0.8656716417910448,12400,0.8656716417910448,31,0.8750000000000001
180,2,31,0.911764705882353,0.911764705882353,17,0.911764705882353,17,0.911764705882353,8,0.911764705882353,8,0.911764705882353,14,0.911764705882353,30,0.911764705882353,11,0.911764705882353,11,0.911764705882353,129,0.911764705882353,288,0.911764705882353,130,0.911764705882353,274,0.8985507246376812,139,0.9142857142857143,298,0.911764705882353,142,0.911764705882353,284,0.911764705882353,613,0.911764705882353,1108,0.8985507246376812,687,0.8985507246376812,1309,0.8985507246376812,600,0.8787878787878788,1253,0.911764705882353,629,0.911764705882353,1217,0.911764705882353,1250,0.911764705882353,2212,0.8955223880597014,1279,0.911764705882353,2229,0.911764705882353,1315,0.835820895522388,2593,0.927536231884058,1337,0.911764705882353,2553,0.911764705882353,3130,0.8955223880597014,5333,0.927536231884058,3158,0.8615384615384616,5449,0.911764705882353,3228,0.8985507246376812,5581,0.835820895522388,3092,0.835820895522388,5388,0.8307692307692307,6254,0.8307692307692307,9103,0.8484848484848485,6317,0.8615384615384616,9249,0.8955223880597014,6259,0.8656716417910447,9413,0.927536231884058,6316,0.8484848484848485,9336,0.8484848484848485,9431,0.8307692307692307,11647,0.8656716417910447,9482,0.8307692307692307,11605,0.8615384615384616,9385,0.8307692307692307,11657,0.8125,9388,0.8307692307692307,11644,0.8181818181818181,11299,0.8307692307692307,12365,0.8529411764705881,11327,0.8307692307692307,12364,0.8181818181818181,11286,0.8307692307692307,12396,0.8615384615384616,11297,0.8307692307692307,12365,0.8307692307692307,28,0.7999999999999999
181,2,33,0.9428571428571428,0.9428571428571428,8,0.9428571428571428,24,0.9428571428571428,12,0.9428571428571428,28,0.9428571428571428,17,0.9428571428571428,65,0.9428571428571428,10,0.9428571428571428,58,0.9428571428571428,140,0.9428571428571428,331,0.9428571428571428,127,0.9428571428571428,222,0.9428571428571428,129,0.9428571428571428,176,0.9428571428571428,128,0.9428571428571428,206,0.9428571428571428,647,0.9577464788732395,1215,0.927536231884058,637,0.9428571428571428,1147,0.9428571428571428,635,0.927536231884058,1181,0.9428571428571428,636,0.9428571428571428,1274,0.9428571428571428,1250,0.8823529411764706,2408,0.9428571428571428,1303,0.9295774647887325,2374,0.911764705882353,1273,0.8529411764705881,2315,0.927536231884058,1225,0.9142857142857143,2297,0.927536231884058,3081,0.8656716417910447,5235,0.9142857142857143,3135,0.9142857142857143,5397,0.8955223880597014,3073,0.927536231884058,5524,0.8955223880597014,3125,0.8955223880597014,5512,0.927536231884058,6203,0.8985507246376812,9091,0.8985507246376812,6266,0.8656716417910447,9145,0.9142857142857143,6326,0.927536231884058,9277,0.9295774647887325,6232,0.927536231884058,9180,0.927536231884058,9366,0.8787878787878788,11697,0.8787878787878788,9414,0.8787878787878788,11627,0.8787878787878788,9399,0.8656716417910447,11685,0.8823529411764706,9393,0.8787878787878788,11623,0.927536231884058,11316,0.8787878787878788,12373,0.8955223880597014,11362,0.8787878787878788,12362,0.8787878787878788,11321,0.8787878787878788,12375,0.8955223880597014,11335,0.8787878787878788,12385,0.8787878787878788,29,0.8787878787878788
182,2,33,0.9428571428571428,0.9428571428571428,12,0.9428571428571428,12,0.9428571428571428,19,0.9428571428571428,19,0.9428571428571428,19,0.9428571428571428,35,0.9428571428571428,15,0.9428571428571428,31,0.9428571428571428,125,0.9428571428571428,253,0.927536231884058,121,0.927536231884058,231,0.9428571428571428,121,0.9428571428571428,264,0.9428571428571428,121,0.9428571428571428,200,0.927536231884058,631,0.927536231884058,1339,0.9428571428571428,647,0.9428571428571428,1328,0.927536231884058,624,0.9577464788732395,1107,0.9428571428571428,619,0.9428571428571428,1218,0.9428571428571428,1226,0.9577464788732395,2276,0.911764705882353,1239,0.8955223880597014,2043,0.927536231884058,1240,0.927536231884058,2329,0.911764705882353,1239,0.911764705882353,2283,0.9428571428571428,3144,0.9577464788732395,5492,0.911764705882353,3109,0.9428571428571428,5044,0.8823529411764706,3195,0.8985507246376812,5624,0.911764705882353,3152,0.8985507246376812,5475,0.911764705882353,6240,0.9142857142857143,8990,0.9428571428571428,6236,0.9295774647887325,9063,0.9295774647887325,6195,0.9295774647887325,9137,0.9428571428571428,6157,0.9142857142857143,9131,0.9295774647887325,9333,0.8985507246376812,11639,0.8985507246376812,9419,0.8985507246376812,11595,0.9014084507042254,9470,0.8985507246376812,11791,0.8823529411764706,9435,0.8823529411764706,11675,0.9295774647887325,11285,0.9142857142857143,12387,0.9142857142857143,11327,0.9142857142857143,12395,0.8985507246376812,11339,0.9142857142857143,12359,0.9166666666666667,11289,0.9142857142857143,12376,0.9142857142857143,33,0.8955223880597014
183,2,32,0.927536231884058,0.927536231884058,12,0.927536231884058,43,0.927536231884058,14,0.927536231884058,30,0.927536231884058,8,0.927536231884058,8,0.927536231884058,18,0.927536231884058,18,0.927536231884058,139,0.927536231884058,326,0.927536231884058,114,0.927536231884058,210,0.927536231884058,137,0.927536231884058,216,0.927536231884058,121,0.927536231884058,201,0.911764705882353,657,0.9428571428571428,1234,0.911764705882353,663,0.911764705882353,1212,0.911764705882353,616,0.911764705882353,1117,0.911764705882353,626,0.911764705882353,1174,0.8405797101449275,1235,0.8857142857142858,2208,0.927536231884058,1283,0.9142857142857143,2374,0.911764705882353,1289,0.911764705882353,2348,0.8823529411764706,1326,0.9428571428571428,2639,0.8615384615384616,3077,0.8181818181818181,5246,0.927536231884058,3170,0.9142857142857143,5362,0.927536231884058,3095,0.9428571428571428,5198,0.9428571428571428,3219,0.8529411764705881,5419,0.911764705882353,6300,0.823529411764706,9178,0.8181818181818181,6318,0.8059701492537312,9302,0.9295774647887325,6226,0.8857142857142858,9154,0.8695652173913043,6289,0.8529411764705881,9279,0.8529411764705881,9445,0.8059701492537312,11643,0.8059701492537312,9348,0.8059701492537312,11530,0.835820895522388,9400,0.8059701492537312,11567,0.9142857142857143,9342,0.823529411764706,11545,0.8059701492537312,11288,0.8059701492537312,12391,0.823529411764706,11354,0.8059701492537312,12357,0.8059701492537312,11298,0.8059701492537312,12364,0.8181818181818181,11313,0.8059701492537312,12365,0.8059701492537312,30,0.787878787878788
184,2,34,0.9577464788732395,0.9577464788732395,18,0.9577464788732395,50,0.9577464788732395,13,0.9577464788732395,29,0.9577464788732395,12,0.9577464788732395,44,0.9577464788732395,15,0.9577464788732395,15,0.9577464788732395,135,0.9577464788732395,180,0.9577464788732395,133,0.9577464788732395,260,0.9577464788732395,109,0.9577464788732395,268,0.9577464788732395,127,0.9577464788732395,269,0.9577464788732395,660,0.9577464788732395,1366,0.9577464788732395,657,0.9577464788732395,1354,0.9428571428571428,613,0.9577464788732395,951,0.9295774647887325,602,0.9577464788732395,1234,0.9577464788732395,1256,0.9577464788732395,2390,0.9577464788732395,1302,0.9577464788732395,2456,0.9577464788732395,1277,0.9428571428571428,2501,0.9428571428571428,1265,0.911764705882353,2211,0.927536231884058,3121,0.9142857142857143,5418,0.8823529411764706,3076,0.927536231884058,5308,0.9428571428571428,3083,0.927536231884058,5061,0.8985507246376812,3217,0.8857142857142858,5430,0.9428571428571428,6221,0.8823529411764706,9163,0.9428571428571428,6214,0.9014084507042254,9336,0.8857142857142858,6314,0.8857142857142858,9322,0.9577464788732395,6220,0.9295774647887325,9376,0.8985507246376812,9417,0.8985507246376812,11721,0.8823529411764706,9342,0.8985507246376812,11611,0.8695652173913043,9397,0.8695652173913043,11604,0.8985507246376812,9390,0.8985507246376812,11546,0.8985507246376812,11328,0.8985507246376812,12382,0.8823529411764706,11298,0.8985507246376812,12348,0.8823529411764706,11315,0.8985507246376812,12399,0.8857142857142858,11326,0.8985507246376812,12396,0.8985507246376812,32,0.8656716417910447
185,2,34,0.9577464788732395,0.9577464788732395,13,0.9577464788732395,45,0.9577464788732395,14,0.9577464788732395,14,0.9577464788732395,10,0.9577464788732395,42,0.9577464788732395,9,0.9577464788732395,9,0.9577464788732395,111,0.9577464788732395,142,0.9444444444444445,116,0.9444444444444445,179,0.9295774647887325,124,0.9295774647887325,236,0.9577464788732395,126,0.9577464788732395,206,0.9577464788732395,654,0.9444444444444445,1159,0.9577464788732395,630,0.9295774647887325,1224,0.9444444444444445,631,0.9444444444444445,1045,0.9577464788732395,663,0.9577464788732395,1308,0.9295774647887325,1272,0.9166666666666667,2285,0.927536231884058,1289,0.927536231884058,2497,0.9444444444444445,1239,0.9444444444444445,2403,0.9295774647887325,1228,0.9166666666666667,1969,0.9166666666666667,3118,0.9444444444444445,5423,0.9428571428571428,3163,0.9295774647887325,5571,0.9295774647887325,3122,0.8985507246376812,5311,0.9142857142857143,3147,0.9142857142857143,5416,0.9142857142857143,6273,0.8529411764705881,9460,0.8985507246376812,6247,0.8985507246376812,9265,0.8695652173913043,6252,0.8571428571428571,9295,0.8695652173913043,6360,0.8857142857142858,9503,0.9142857142857143,9438,0.8857142857142858,11547,0.8571428571428571,9420,0.8571428571428571,11679,0.8857142857142858,9458,0.8857142857142858,11705,0.8695652173913043,9384,0.8695652173913043,11624,0.8405797101449275,11269,0.8695652173913043,12386,0.8695652173913043,11291,0.8695652173913043,12364,0.8695652173913043,11340,0.8695652173913043,12378,0.8857142857142858,11332,0.8695652173913043,12377,0.8695652173913043,32,0.8656716417910447
186,2,33,0.9142857142857143,0.9142857142857143,14,0.9142857142857143,30,0.9142857142857143,7,0.9142857142857143,7,0.9142857142857143,17,0.9142857142857143,17,0.9142857142857143,17,0.9142857142857143,33,0.9142857142857143,142,0.9142857142857143,301,0.9142857142857143,139,0.927536231884058,234,0.9142857142857143,120,0.9142857142857143,152,0.8985507246376812,126,0.8985507246376812,301,0.8695652173913043,650,0.8695652173913043,1166,0.8955223880597014,630,0.8955223880597014,1142,0.8985507246376812,643,0.8656716417910447,1129,0.9142857142857143,640,0.927536231884058,1156,0.927536231884058,1208,0.927536231884058,2233,0.927536231884058,1274,0.8985507246376812,2324,0.9142857142857143,1247,0.8787878787878788,2421,0.8985507246376812,1232,0.8985507246376812,2337,0.911764705882353,3123,0.9142857142857143,5232,0.8985507246376812,3222,0.8656716417910447,5544,0.8656716417910447,3123,0.8823529411764706,5353,0.8656716417910447,3028,0.8656716417910447,5230,0.8695652173913043,6327,0.8695652173913043,9329,0.8656716417910447,6203,0.8484848484848485,9119,0.8656716417910447,6249,0.8985507246376812,9268,0.8656716417910447,6202,0.8484848484848485,9178,0.835820895522388,9387,0.8529411764705881,11591,0.8484848484848485,9360,0.835820895522388,11662,0.8695652173913043,9395,0.8405797101449275,11662,0.8823529411764706,9500,0.8484848484848485,11618,0.8529411764705881,11261,0.8529411764705881,12366,0.823529411764706,11311,0.8529411764705881,12382,0.8985507246376812,11298,0.8529411764705881,12361,0.8695652173913043,11267,0.8529411764705881,12313,0.8529411764705881,31,0.8125
187,2,33,0.9428571428571428,0.9428571428571428,13,0.9428571428571428,13,0.9428571428571428,10,0.9428571428571428,10,0.9428571428571428,13,0.9428571428571428,13,0.9428571428571428,12,0.9428571428571428,12,0.9428571428571428,140,0.9428571428571428,282,0.9428571428571428,117,0.9428571428571428,259,0.9428571428571428,95,0.9428571428571428,219,0.9428571428571428,123,0.9428571428571428,171,0.9428571428571428,639,0.9428571428571428,1249,0.9142857142857143,623,0.8985507246376812,1106,0.9142857142857143,611,0.9142857142857143,1219,0.9428571428571428,664,0.8985507246376812,1219,0.9428571428571428,1214,0.8823529411764706,2353,0.9142857142857143,1204,0.9014084507042254,2291,0.8823529411764706,1239,0.8985507246376812,2291,0.9142857142857143,1315,0.8985507246376812,2143,0.9295774647887325,3130,0.9295774647887325,5153,0.8955223880597014,3221,0.9142857142857143,5504,0.911764705882353,3145,0.8823529411764706,5265,0.8529411764705881,3119,0.8656716417910447,5358,0.8571428571428571,6235,0.8571428571428571,9020,0.8823529411764706,6277,0.8695652173913043,9379,0.9014084507042254,6304,0.8571428571428571,9305,0.911764705882353,6328,0.8695652173913043,9376,0.8695652173913043,9468,0.8571428571428571,11687,0.8695652173913043,9389,0.8571428571428571,11532,0.8857142857142858,9356,0.8571428571428571,11609,0.8529411764705881,9357,0.8571428571428571,11574,0.8571428571428571,11346,0.8571428571428571,12373,0.8695652173913043,11318,0.8571428571428571,12366,0.8695652173913043,11354,0.8571428571428571,12413,0.8571428571428571,11339,0.8571428571428571,12371,0.8571428571428571,33,0.8484848484848485
188,2,32,0.955223880597015,0.955223880597015,13,0.955223880597015,13,0.955223880597015,9,0.955223880597015,9,0.955223880597015,10,0.955223880597015,26,0.955223880597015,14,0.955223880597015,30,0.955223880597015,127,0.955223880597015,316,0.955223880597015,118,0.955223880597015,230,0.955223880597015,125,0.955223880597015,220,0.955223880597015,140,0.955223880597015,314,0.955223880597015,605,0.955223880597015,1214,0.955223880597015,596,0.9705882352941176,1107,0.9705882352941176,603,0.955223880597015,1096,0.955223880597015,610,0.955223880597015,1239,0.955223880597015,1272,0.8615384615384616,2362,0.955223880597015,1270,0.9565217391304348,2375,0.9411764705882354,1224,0.9411764705882354,2233,0.9705882352941176,1262,0.955223880597015,2217,0.8955223880597014,3136,0.9428571428571428,5572,0.9411764705882354,3037,0.9411764705882354,5272,0.9411764705882354,3168,0.9565217391304348,5295,0.9253731343283582,3129,0.9253731343283582,5149,0.9117647058823529,6240,0.8307692307692307,9429,0.9393939393939393,6344,0.8955223880597014,9273,0.8955223880597014,6302,0.8823529411764706,9093,0.8615384615384616,6303,0.8405797101449276,9307,0.8787878787878788,9387,0.8484848484848486,11637,0.8358208955223881,9488,0.8484848484848486,11725,0.8787878787878788,9401,0.8484848484848486,11666,0.8955223880597014,9427,0.8484848484848486,11676,0.8358208955223881,11293,0.8059701492537314,12328,0.8484848484848486,11259,0.8181818181818182,12322,0.8181818181818182,11313,0.8181818181818182,12348,0.8484848484848486,11315,0.8181818181818182,12383,0.8181818181818182,31,0.8253968253968255
189,2,34,0.9565217391304348,0.9565217391304348,17,0.9565217391304348,33,0.9565217391304348,11,0.9565217391304348,11,0.9565217391304348,9,0.9565217391304348,25,0.9565217391304348,11,0.9565217391304348,11,0.9411764705882354,137,0.9411764705882354,248,0.9565217391304348,144,0.9565217391304348,222,0.9565217391304348,113,0.9565217391304348,269,0.9565217391304348,135,0.9565217391304348,230,0.9565217391304348,604,0.9565217391304348,1042,0.9565217391304348,615,0.9565217391304348,1146,0.9565217391304348,657,0.9565217391304348,1270,0.9565217391304348,621,0.9565217391304348,1219,0.9565217391304348,1292,0.9565217391304348,2348,0.9565217391304348,1299,0.9565217391304348,2459,0.9565217391304348,1247,0.9275362318840579,2408,0.9117647058823529,1300,0.9275362318840579,2252,0.8985507246376812,3172,0.8307692307692307,5634,0.9117647058823529,3148,0.8484848484848486,5472,0.8823529411764706,3163,0.8695652173913043,5512,0.8955223880597014,3069,0.8656716417910447,5424,0.8955223880597014,6290,0.8656716417910447,9067,0.8787878787878788,6318,0.8656716417910447,9340,0.8787878787878788,6258,0.8307692307692307,9115,0.8656716417910447,6359,0.8307692307692307,9183,0.8307692307692307,9480,0.8484848484848486,11694,0.8823529411764706,9498,0.8823529411764706,11728,0.8656716417910447,9453,0.8823529411764706,11676,0.8307692307692307,9447,0.8484848484848486,11553,0.8656716417910447,11368,0.8484848484848486,12398,0.8484848484848486,11275,0.8484848484848486,12370,0.8484848484848486,11303,0.8484848484848486,12398,0.8484848484848486,11247,0.8484848484848486,12368,0.8484848484848486,31,0.8307692307692307
190,2,31,0.9393939393939393,0.9393939393939393,14,0.9393939393939393,14,0.9393939393939393,7,0.9393939393939393,7,0.9393939393939393,10,0.9393939393939393,10,0.9393939393939393,9,0.9393939393939393,9,0.9393939393939393,121,0.9393939393939393,261,0.9393939393939393,120,0.9565217391304348,263,0.9393939393939393,127,0.9393939393939393,239,0.923076923076923,125,0.923076923076923,332,0.9393939393939393,581,0.9393939393939393,1156,0.909090909090909,616,0.9411764705882354,1149,0.923076923076923,602,0.923076923076923,1102,0.923076923076923,644,0.8387096774193549,1325,0.955223880597015,1307,0.9411764705882354,2474,0.9253731343283582,1227,0.9411764705882354,2363,0.9253731343283582,1303,0.9565217391304348,2448,0.9393939393939393,1348,0.9393939393939393,2429,0.955223880597015,3140,0.9393939393939393,5311,0.8923076923076922,3116,0.8484848484848486,5221,0.8923076923076922,3109,0.8125,5327,0.8787878787878788,3098,0.9117647058823529,5359,0.8181818181818182,6463,0.8307692307692307,9392,0.8181818181818182,6215,0.8307692307692307,9305,0.8955223880597014,6234,0.8823529411764706,9341,0.8181818181818182,6341,0.8181818181818182,9146,0.823529411764706,9398,0.8181818181818182,11706,0.8181818181818182,9446,0.8307692307692307,11642,0.8405797101449276,9375,0.8358208955223881,11619,0.8358208955223881,9387,0.8181818181818182,11576,0.8857142857142857,11357,0.8181818181818182,12406,0.8307692307692307,11280,0.8181818181818182,12373,0.8307692307692307,11335,0.8307692307692307,12350,0.8358208955223881,11320,0.8181818181818182,12384,0.8181818181818182,31,0.7741935483870968
191,2,33,0.9411764705882354,0.9411764705882354,5,0.9411764705882354,37,0.9411764705882354,17,0.9411764705882354,49,0.9411764705882354,10,0.9411764705882354,26,0.9411764705882354,13,0.9411764705882354,29,0.9411764705882354,119,0.9117647058823529,292,0.9411764705882354,128,0.9411764705882354,160,0.9411764705882354,143,0.9411764705882354,271,0.9411764705882354,122,0.9411764705882354,327,0.9411764705882354,617,0.9411764705882354,1259,0.9411764705882354,614,0.8923076923076922,1275,0.955223880597015,592,0.955223880597015,1095,0.8750000000000001,636,0.8750000000000001,1231,0.9411764705882354,1253,0.8787878787878788,2174,0.9411764705882354,1241,0.9117647058823529,2412,0.9411764705882354,1198,0.9411764705882354,2335,0.9411764705882354,1250,0.9411764705882354,2278,0.8787878787878788,3075,0.8484848484848486,5129,0.8955223880597014,3155,0.8823529411764706,5672,0.8787878787878788,3177,0.8695652173913043,5417,0.8181818181818182,3058,0.8985507246376812,5055,0.8787878787878788,6316,0.8823529411764706,9194,0.8358208955223881,6128,0.8358208955223881,9103,0.8529411764705883,6280,0.8529411764705883,9245,0.9142857142857143,6277,0.8823529411764706,9438,0.9142857142857143,9454,0.823529411764706,11796,0.8059701492537314,9358,0.7941176470588236,11655,0.8358208955223881,9385,0.8358208955223881,11650,0.8405797101449276,9409,0.8358208955223881,11586,0.8358208955223881,11323,0.8358208955223881,12363,0.8405797101449276,11328,0.823529411764706,12390,0.8358208955223881,11343,0.7941176470588236,12380,0.8358208955223881,11238,0.823529411764706,12364,0.823529411764706,33,0.7692307692307692
192,2,34,0.9565217391304348,0.9565217391304348,15,0.9565217391304348,15,0.9565217391304348,17,0.9565217391304348,17,0.9565217391304348,9,0.9565217391304348,9,0.9565217391304348,16,0.9565217391304348,32,0.9565217391304348,123,0.9253731343283582,250,0.9565217391304348,135,0.9565217391304348,261,0.9714285714285714,122,0.9565217391304348,265,0.9565217391304348,123,0.9565217391304348,297,0.9714285714285714,655,0.9565217391304348,1138,0.9714285714285714,635,0.9714285714285714,1108,0.9565217391304348,615,0.9428571428571428,1054,0.9565217391304348,577,0.9565217391304348,1067,0.9275362318840579,1227,0.9117647058823529,2240,0.9714285714285714,1298,0.9714285714285714,2281,0.9411764705882354,1286,0.9253731343283582,2234,0.9565217391304348,1211,0.9565217391304348,2124,0.9253731343283582,3193,0.8923076923076922,5385,0.9565217391304348,3106,0.9714285714285714,5379,0.9253731343283582,3102,0.9253731343283582,5422,0.9565217391304348,3190,0.8955223880597014,5402,0.9253731343283582,6422,0.9253731343283582,9527,0.8955223880597014,6299,0.9275362318840579,9319,0.9275362318840579,6263,0.9428571428571428,9080,0.8615384615384616,6282,0.909090909090909,9272,0.9142857142857143,9419,0.9253731343283582,11700,0.9253731343283582,9405,0.9253731343283582,11683,0.9117647058823529,9417,0.9253731343283582,11613,0.9275362318840579,9381,0.9253731343283582,11699,0.9253731343283582,11329,0.9253731343283582,12377,0.9253731343283582,11321,0.9253731343283582,12364,0.9253731343283582,11268,0.9253731343283582,12370,0.9253731343283582,11342,0.9253731343283582,12378,0.9253731343283582,32,0.8923076923076922
193,2,32,0.955223880597015,0.955223880597015,13,0.955223880597015,45,0.955223880597015,18,0.955223880597015,34,0.955223880597015,7,0.955223880597015,7,0.955223880597015,17,0.955223880597015,49,0.955223880597015,121,0.955223880597015,312,0.955223880597015,131,0.955223880597015,323,0.955223880597015,122,0.955223880597015,218,0.955223880597015,162,0.955223880597015,383,0.955223880597015,620,0.9393939393939393,1131,0.9393939393939393,605,0.923076923076923,1135,0.923076923076923,616,0.923076923076923,1174,0.955223880597015,604,0.9393939393939393,921,0.955223880597015,1204,0.8923076923076922,2204,0.955223880597015,1289,0.9393939393939393,2233,0.955223880597015,1280,0.9705882352941176,2388,0.9393939393939393,1293,0.955223880597015,2672,0.9565217391304348,3157,0.9411764705882354,5165,0.9253731343283582,3129,0.8985507246376812,5169,0.923076923076923,3162,0.9411764705882354,5534,0.9705882352941176,3209,0.9705882352941176,5379,0.8955223880597014,6295,0.9117647058823529,9348,0.9428571428571428,6275,0.8955223880597014,9131,0.9117647058823529,6352,0.8823529411764706,9233,0.9428571428571428,6278,0.8656716417910447,9323,0.9253731343283582,9453,0.8656716417910447,11598,0.8823529411764706,9481,0.8656716417910447,11643,0.9117647058823529,9363,0.9253731343283582,11604,0.8656716417910447,9332,0.8656716417910447,11651,0.8529411764705883,11315,0.8656716417910447,12359,0.8656716417910447,11323,0.8656716417910447,12380,0.8823529411764706,11313,0.8656716417910447,12375,0.8955223880597014,11315,0.8656716417910447,12371,0.8656716417910447,32,0.8615384615384616
194,2,32,0.955223880597015,0.955223880597015,15,0.955223880597015,31,0.955223880597015,14,0.955223880597015,30,0.955223880597015,12,0.955223880597015,12,0.955223880597015,16,0.955223880597015,32,0.955223880597015,129,0.955223880597015,209,0.955223880597015,118,0.955223880597015,229,0.955223880597015,130,0.955223880597015,226,0.955223880597015,143,0.955223880597015,284,0.955223880597015,666,0.955223880597015,1249,0.9705882352941176,587,0.9705882352941176,1063,0.923076923076923,616,0.923076923076923,995,0.955223880597015,616,0.9393939393939393,1283,0.923076923076923,1231,0.9393939393939393,2666,0.955223880597015,1236,0.9393939393939393,2310,0.9393939393939393,1275,0.923076923076923,2525,0.9393939393939393,1343,0.9393939393939393,2623,0.9705882352941176,3114,0.9705882352941176,5477,0.909090909090909,3195,0.9393939393939393,5227,0.955223880597015,3133,0.90625,5287,0.955223880597015,3182,0.955223880597015,5317,0.9565217391304348,6231,0.955223880597015,9094,0.955223880597015,6363,0.9253731343283582,9431,0.9275362318840579,6290,0.9253731343283582,9313,0.9393939393939393,6263,0.9411764705882354,9229,0.923076923076923,9458,0.9393939393939393,11631,0.9393939393939393,9368,0.9393939393939393,11578,0.955223880597015,9385,0.955223880597015,11698,0.9393939393939393,9436,0.9393939393939393,11581,0.9393939393939393,11308,0.9393939393939393,12383,0.9393939393939393,11298,0.9393939393939393,12400,0.9393939393939393,11332,0.9393939393939393,12369,0.9393939393939393,11380,0.9393939393939393,12399,0.9393939393939393,31,0.90625
195,2,34,0.9565217391304348,0.9565217391304348,15,0.9565217391304348,15,0.9565217391304348,13,0.9565217391304348,13,0.9714285714285714,15,0.9714285714285714,15,0.9565217391304348,11,0.9565217391304348,11,0.9565217391304348,115,0.9565217391304348,209,0.9565217391304348,111,0.9565217391304348,125,0.9565217391304348,117,0.9565217391304348,178,0.9714285714285714,131,0.9714285714285714,259,0.9714285714285714,607,0.9714285714285714,1186,0.9714285714285714,633,0.8857142857142857,1285,0.9565217391304348,645,0.9411764705882354,1314,0.9565217391304348,628,0.9565217391304348,1247,0.9714285714285714,1204,0.9714285714285714,2410,0.9565217391304348,1196,0.9411764705882354,2348,0.9428571428571428,1225,0.9714285714285714,2174,0.9565217391304348,1229,0.9275362318840579,2262,0.9253731343283582,3143,0.9117647058823529,5606,0.9275362318840579,3074,0.8695652173913043,5160,0.9565217391304348,3096,0.9142857142857143,5600,0.9253731343283582,3178,0.8656716417910447,5168,0.8985507246376812,6282,0.8571428571428571,9060,0.8985507246376812,6246,0.8985507246376812,9350,0.8611111111111112,6277,0.8695652173913043,9198,0.8695652173913043,6385,0.8823529411764706,9310,0.9142857142857143,9450,0.8857142857142857,11628,0.8695652173913043,9384,0.8571428571428571,11606,0.8695652173913043,9358,0.8571428571428571,11582,0.9142857142857143,9351,0.8571428571428571,11559,0.8571428571428571,11343,0.8571428571428571,12360,0.8571428571428571,11313,0.8571428571428571,12351,0.8695652173913043,11317,0.8571428571428571,12377,0.8571428571428571,11358,0.8571428571428571,12382,0.8571428571428571,35,0.8307692307692307
196,2,35,0.9714285714285714,0.9714285714285714,11,0.9714285714285714,11,0.9714285714285714,9,0.9714285714285714,9,0.9714285714285714,12,0.9714285714285714,12,0.9714285714285714,24,0.9714285714285714,24,0.9714285714285714,128,0.9714285714285714,239,0.9714285714285714,139,0.9714285714285714,264,0.9714285714285714,123,0.9714285714285714,187,0.9714285714285714,133,0.9714285714285714,289,0.9577464788732395,629,0.9577464788732395,1132,0.9565217391304348,564,0.9565217391304348,1114,0.9714285714285714,639,0.9275362318840579,1078,0.9714285714285714,610,0.9714285714285714,932,0.9428571428571428,1246,0.9428571428571428,2304,0.9714285714285714,1226,0.9714285714285714,2241,0.9714285714285714,1235,0.9714285714285714,2215,0.9714285714285714,1268,0.9714285714285714,2268,0.9577464788732395,3080,0.9275362318840579,5306,0.9295774647887323,3153,0.9014084507042254,5423,0.8571428571428571,3192,0.8985507246376812,5433,0.9714285714285714,3140,0.8857142857142857,5461,0.9275362318840579,6256,0.9142857142857143,8942,0.9577464788732395,6285,0.9295774647887323,9204,0.9577464788732395,6341,0.8823529411764706,9444,0.8695652173913043,6239,0.8985507246376812,8955,0.8611111111111112,9420,0.8450704225352113,11605,0.9142857142857143,9399,0.9014084507042254,11612,0.9295774647887323,9404,0.8450704225352113,11553,0.8823529411764706,9423,0.8529411764705883,11674,0.8285714285714286,11325,0.8529411764705883,12338,0.8529411764705883,11284,0.8529411764705883,12357,0.8405797101449276,11255,0.8529411764705883,12386,0.8529411764705883,11271,0.8529411764705883,12363,0.8529411764705883,33,0.8656716417910447
197,2,34,0.9705882352941176,0.9705882352941176,13,0.9705882352941176,29,0.9705882352941176,8,0.9705882352941176,8,0.9705882352941176,10,0.9705882352941176,10,0.9705882352941176,22,0.9705882352941176,38,0.9705882352941176,152,0.9117647058823528,340,0.9705882352941176,131,0.9705882352941176,194,0.9705882352941176,106,0.9705882352941176,169,0.9705882352941176,145,0.9705882352941176,241,0.9855072463768115,622,0.9855072463768115,1104,0.9855072463768115,624,0.9855072463768115,1205,0.9411764705882353,650,0.9565217391304348,1049,0.9705882352941176,630,0.9411764705882353,1270,0.9855072463768115,1276,0.9855072463768115,2372,0.8955223880597014,1253,0.9275362318840579,2272,0.9855072463768115,1251,0.9855072463768115,2172,0.9705882352941176,1311,0.9705882352941176,2628,0.9855072463768115,3119,0.9855072463768115,5177,0.9705882352941176,3153,0.9855072463768115,5069,0.9411764705882353,3186,0.9411764705882353,5390,0.9393939393939394,3116,0.9393939393939394,5185,0.9393939393939394,6303,0.9393939393939394,9361,0.9411764705882353,6350,0.9090909090909091,9392,0.9090909090909091,6242,0.8923076923076922,9129,0.9253731343283583,6365,0.9090909090909091,9467,0.9393939393939394,9399,0.8923076923076922,11619,0.9090909090909091,9385,0.8923076923076922,11656,0.8923076923076922,9445,0.8923076923076922,11734,0.8923076923076922,9383,0.8923076923076922,11518,0.8955223880597014,11319,0.8923076923076922,12383,0.8923076923076922,11282,0.8923076923076922,12362,0.8923076923076922,11248,0.8923076923076922,12371,0.8923076923076922,11280,0.8923076923076922,12378,0.8923076923076922,31,0.8923076923076922
198,2,34,0.9705882352941176,0.9705882352941176,22,0.9705882352941176,54,0.9705882352941176,15,0.9705882352941176,31,0.9705882352941176,10,0.9705882352941176,26,0.9705882352941176,17,0.9705882352941176,49,0.955223880597015,130,0.955223880597015,289,0.9705882352941176,128,0.9705882352941176,319,0.955223880597015,120,0.955223880597015,184,0.955223880597015,113,0.955223880597015,208,0.9411764705882353,623,0.9253731343283583,1127,0.9253731343283583,624,0.8923076923076922,1205,0.955223880597015,622,0.9855072463768115,1215,0.9855072463768115,625,0.955223880597015,1112,0.9393939393939394,1278,0.9393939393939394,2077,0.9705882352941176,1213,0.9411764705882353,2260,0.955223880597015,1177,0.9705882352941176,2263,0.9253731343283583,1233,0.9411764705882353,2293,0.9855072463768115,3169,0.9411764705882353,5399,0.9393939393939394,3100,0.9253731343283583,5349,0.9565217391304348,3125,0.9090909090909091,5204,0.9705882352941176,3075,0.8955223880597014,5280,0.9705882352941176,6285,0.955223880597015,9118,0.9411764705882353,6323,0.8529411764705882,9278,0.9090909090909091,6275,0.9090909090909091,9314,0.9090909090909091,6283,0.8615384615384616,9337,0.8923076923076922,9460,0.8787878787878787,11743,0.8985507246376812,9464,0.8955223880597014,11672,0.8955223880597014,9432,0.8787878787878787,11723,0.9275362318840579,9368,0.8787878787878787,11666,0.8656716417910447,11338,0.8787878787878787,12394,0.8955223880597014,11308,0.8787878787878787,12365,0.8823529411764706,11275,0.8656716417910447,12326,0.8484848484848485,11277,0.8787878787878787,12310,0.8787878787878787,32,0.8749999999999999
199,2,31,0.9538461538461539,0.9538461538461539,13,0.9538461538461539,45,0.9538461538461539,8,0.9538461538461539,24,0.9538461538461539,12,0.9538461538461539,44,0.9538461538461539,16,0.9538461538461539,32,0.9696969696969697,126,0.9696969696969697,301,0.9696969696969697,139,0.9696969696969697,233,0.9538461538461539,124,0.9538461538461539,281,0.9538461538461539,131,0.9538461538461539,195,0.9538461538461539,616,0.9393939393939394,1291,0.9850746268656716,608,0.955223880597015,1199,0.9696969696969697,635,0.955223880597015,1062,0.9696969696969697,647,0.9696969696969697,1171,0.9538461538461539,1290,0.923076923076923,2221,0.9850746268656716,1225,0.923076923076923,2293,0.9696969696969697,1279,0.9696969696969697,2312,0.9375,1202,0.9375,2328,0.9538461538461539,3170,0.923076923076923,5520,0.9850746268656716,3108,0.9375,5561,0.9375,3115,0.9375,5248,0.955223880597015,3159,0.9850746268656716,5141,0.90625,6337,0.90625,9348,0.9206349206349206,6222,0.8749999999999999,9133,0.90625,6314,0.90625,9086,0.8923076923076922,6287,0.8923076923076922,9244,0.888888888888889,9491,0.888888888888889,11643,0.8923076923076922,9383,0.8615384615384616,11620,0.888888888888889,9432,0.8749999999999999,11555,0.90625,9367,0.8749999999999999,11615,0.8749999999999999,11263,0.8749999999999999,12374,0.9253731343283583,11342,0.8749999999999999,12386,0.8615384615384616,11303,0.8749999999999999,12378,0.8749999999999999,11334,0.8749999999999999,12388,0.8749999999999999,30,0.888888888888889
200,2,33,0.955223880597015,0.955223880597015,14,0.955223880597015,45,0.955223880597015,16,0.955223880597015,32,0.955223880597015,9,0.955223880597015,9,0.955223880597015,12,0.955223880597015,12,0.955223880597015,127,0.955223880597015,269,0.955223880597015,113,0.955223880597015,177,0.955223880597015,105,0.955223880597015,137,0.955223880597015,124,0.955223880597015,266,0.9393939393939394,632,0.9393939393939394,1142,0.90625,614,0.90625,1139,0.9705882352941176,607,0.9705882352941176,1150,0.90625,653,0.8749999999999999,1197,0.9705882352941176,1247,0.9705882352941176,2176,0.955223880597015,1250,0.955223880597015,2439,0.955223880597015,1261,0.9253731343283583,2438,0.90625,1264,0.90625,2291,0.9090909090909091,3168,0.90625,5488,0.90625,3213,0.888888888888889,5368,0.955223880597015,3274,0.9705882352941176,5616,0.9393939393939394,3193,0.9411764705882353,5314,0.8955223880597014,6298,0.888888888888889,9154,0.923076923076923,6191,0.90625,9180,0.8923076923076922,6357,0.888888888888889,9391,0.90625,6267,0.9090909090909091,9196,0.90625,9386,0.90625,11627,0.888888888888889,9374,0.888888888888889,11584,0.923076923076923,9375,0.90625,11510,0.8787878787878787,9496,0.90625,11683,0.8923076923076922,11234,0.90625,12401,0.8749999999999999,11359,0.90625,12383,0.90625,11303,0.90625,12372,0.888888888888889,11322,0.90625,12386,0.90625,30,0.8709677419354839
201,2,31,0.96875,0.96875,20,0.96875,36,0.96875,15,0.96875,15,0.96875,17,0.96875,17,0.96875,7,0.96875,7,0.96875,129,0.96875,286,0.96875,113,0.96875,239,0.96875,137,0.96875,297,0.96875,131,0.96875,289,0.96875,620,0.96875,1156,0.9538461538461539,626,0.9538461538461539,1156,0.96875,662,0.8524590163934426,1330,0.96875,586,0.96875,1121,0.96875,1238,0.96875,2103,0.96875,1191,0.96875,2265,0.96875,1263,0.96875,2304,0.96875,1245,0.96875,2358,0.96875,3178,0.96875,5356,0.9846153846153847,3206,0.9206349206349207,5380,0.96875,3061,0.9523809523809523,5055,0.9523809523809523,3109,0.96875,5504,0.9393939393939394,6358,0.8524590163934426,9269,0.9538461538461539,6294,0.8571428571428572,9090,0.8524590163934426,6235,0.8387096774193549,9288,0.9206349206349207,6234,0.8387096774193549,9195,0.8709677419354839,9372,0.8524590163934426,11629,0.8387096774193549,9510,0.8524590163934426,11704,0.923076923076923,9416,0.8524590163934426,11597,0.8524590163934426,9444,0.8387096774193549,11700,0.8524590163934426,11302,0.8524590163934426,12342,0.8524590163934426,11345,0.8524590163934426,12394,0.8524590163934426,11295,0.8524590163934426,12340,0.8524590163934426,11330,0.8524590163934426,12394,0.8524590163934426,28,0.8474576271186441
202,2,33,0.9696969696969697,0.9696969696969697,18,0.9696969696969697,18,0.9696969696969697,12,0.9696969696969697,12,0.9696969696969697,10,0.9696969696969697,26,0.9696969696969697,15,0.9696969696969697,31,0.9696969696969697,134,0.9696969696969697,182,0.9696969696969697,134,0.9696969696969697,276,0.9696969696969697,133,0.9696969696969697,257,0.9696969696969697,125,0.9696969696969697,237,0.9696969696969697,602,0.9696969696969697,1361,0.9696969696969697,577,0.9696969696969697,1056,0.9696969696969697,627,0.9696969696969697,1172,0.9393939393939394,665,0.9393939393939394,1345,0.9696969696969697,1245,0.9696969696969697,2370,0.9374999999999999,1218,0.9374999999999999,2271,0.9538461538461539,1242,0.888888888888889,2120,0.9696969696969697,1255,0.9696969696969697,2307,0.9206349206349207,3124,0.9206349206349207,5087,0.9374999999999999,3101,0.888888888888889,5270,0.9696969696969697,3155,0.923076923076923,5476,0.923076923076923,3152,0.8709677419354839,5499,0.888888888888889,6330,0.9032258064516129,9362,0.888888888888889,6329,0.8524590163934426,9318,0.9032258064516129,6310,0.8524590163934426,9315,0.888888888888889,6283,0.8387096774193549,9175,0.888888888888889,9486,0.8524590163934426,11697,0.8571428571428572,9440,0.8524590163934426,11621,0.8524590163934426,9394,0.8524590163934426,11572,0.8852459016393442,9480,0.8524590163934426,11670,0.8524590163934426,11271,0.8524590163934426,12400,0.8387096774193549,11331,0.8524590163934426,12344,0.8524590163934426,11297,0.8524590163934426,12388,0.8524590163934426,11324,0.8524590163934426,12404,0.8524590163934426,28,0.8524590163934426
203,2,33,0.9696969696969697,0.9696969696969697,6,0.9696969696969697,6,0.9696969696969697,16,0.9696969696969697,16,0.9696969696969697,10,0.9696969696969697,10,0.9696969696969697,15,0.9696969696969697,31,0.9696969696969697,138,0.9696969696969697,314,0.9696969696969697,104,0.9696969696969697,166,0.9696969696969697,117,0.9696969696969697,196,0.9696969696969697,126,0.9696969696969697,222,0.9696969696969697,657,0.9696969696969697,1349,0.9374999999999999,645,0.9374999999999999,1272,0.96875,673,0.96875,1291,0.9696969696969697,666,0.9696969696969697,1381,0.90625,1278,0.90625,2233,0.9696969696969697,1321,0.9696969696969697,2399,0.9696969696969697,1242,0.9696969696969697,2326,0.9696969696969697,1291,0.9696969696969697,2422,0.9374999999999999,3229,0.9206349206349207,5538,0.9846153846153847,3241,0.96875,5742,0.9696969696969697,3148,0.9696969696969697,5314,0.9090909090909091,3094,0.923076923076923,5219,0.888888888888889,6268,0.8571428571428572,9218,0.90625,6264,0.888888888888889,9216,0.9354838709677419,6192,0.8615384615384615,9343,0.9206349206349207,6239,0.8709677419354839,9030,0.9206349206349207,9472,0.8709677419354839,11676,0.8852459016393442,9401,0.8709677419354839,11485,0.8709677419354839,9483,0.8571428571428572,11734,0.8571428571428572,9410,0.8709677419354839,11642,0.8571428571428572,11312,0.8709677419354839,12374,0.8852459016393442,11257,0.8709677419354839,12372,0.90625,11320,0.8709677419354839,12362,0.8571428571428572,11328,0.8709677419354839,12393,0.8709677419354839,29,0.8709677419354839
204,2,33,0.9696969696969697,0.9696969696969697,15,0.9696969696969697,15,0.9696969696969697,14,0.9696969696969697,30,0.9696969696969697,11,0.9696969696969697,27,0.9696969696969697,9,0.9696969696969697,25,0.9696969696969697,145,0.9696969696969697,350,0.9696969696969697,120,0.9696969696969697,230,0.9538461538461539,135,0.9538461538461539,310,0.9696969696969697,110,0.9696969696969697,205,0.9696969696969697,637,0.9696969696969697,1118,0.9696969696969697,566,0.9696969696969697,1111,0.9374999999999999,640,0.9374999999999999,1143,0.9696969696969697,605,0.9696969696969697,1094,0.9696969696969697,1204,0.9696969696969697,2259,0.955223880597015,1265,0.9696969696969697,2316,0.9696969696969697,1273,0.9696969696969697,2272,0.9374999999999999,1287,0.9374999999999999,2480,0.9696969696969697,3118,0.9696969696969697,5408,0.9393939393939394,3115,0.9393939393939394,5281,0.9696969696969697,3236,0.9696969696969697,5534,0.9206349206349207,3190,0.90625,5188,0.90625,6364,0.90625,9250,0.9206349206349207,6311,0.90625,9387,0.955223880597015,6250,0.8923076923076922,9078,0.9032258064516129,6275,0.9206349206349207,9254,0.9032258064516129,9509,0.888888888888889,11672,0.9374999999999999,9455,0.888888888888889,11617,0.9206349206349207,9352,0.9032258064516129,11541,0.9206349206349207,9418,0.9032258064516129,11671,0.9206349206349207,11330,0.9032258064516129,12332,0.9032258064516129,11340,0.9032258064516129,12361,0.888888888888889,11266,0.9032258064516129,12374,0.888888888888889,11312,0.888888888888889,12358,0.9032258064516129,29,0.9032258064516129
205,2,32,0.9538461538461539,0.9538461538461539,10,0.9538461538461539,26,0.9538461538461539,19,0.9538461538461539,35,0.9538461538461539,13,0.9538461538461539,13,0.9538461538461539,12,0.9538461538461539,12,0.9538461538461539,120,0.9538461538461539,151,0.9538461538461539,142,0.9538461538461539,350,0.9374999999999999,118,0.9374999999999999,198,0.9538461538461539,142,0.9538461538461539,270,0.9538461538461539,641,0.9538461538461539,1084,0.9538461538461539,648,0.9538461538461539,1203,0.9538461538461539,613,0.9538461538461539,1249,0.9538461538461539,624,0.9393939393939394,1153,0.9374999999999999,1200,0.9374999999999999,2248,0.888888888888889,1228,0.888888888888889,2319,0.9393939393939394,1286,0.90625,2285,0.9538461538461539,1284,0.9393939393939394,2299,0.9206349206349207,3234,0.9374999999999999,5399,0.923076923076923,3150,0.9206349206349207,5413,0.9538461538461539,3145,0.955223880597015,5466,0.9206349206349207,3117,0.9206349206349207,5265,0.9538461538461539,6193,0.9538461538461539,9087,0.875,6226,0.9206349206349207,9248,0.9374999999999999,6241,0.9374999999999999,9212,0.9253731343283583,6300,0.923076923076923,9093,0.923076923076923,9417,0.9206349206349207,11687,0.90625,9457,0.9206349206349207,11667,0.9393939393939394,9476,0.9206349206349207,11678,0.9253731343283583,9357,0.9206349206349207,11568,0.9206349206349207,11323,0.9206349206349207,12362,0.90625,11345,0.9206349206349207,12384,0.9206349206349207,11336,0.9206349206349207,12385,0.9206349206349207,11291,0.9206349206349207,12356,0.9206349206349207,30,0.8666666666666665
206,2,33,0.9393939393939394,0.9393939393939394,14,0.9393939393939394,14,0.9393939393939394,17,0.9393939393939394,33,0.9393939393939394,14,0.9393939393939394,14,0.9393939393939394,13,0.9393939393939394,13,0.9393939393939394,119,0.9393939393939394,231,0.9393939393939394,99,0.9393939393939394,211,0.9393939393939394,125,0.9393939393939394,141,0.923076923076923,145,0.923076923076923,255,0.9393939393939394,638,0.923076923076923,1206,0.9393939393939394,653,0.9393939393939394,1281,0.923076923076923,612,0.923076923076923,1275,0.9393939393939394,618,0.9393939393939394,1029,0.9393939393939394,1311,0.9393939393939394,2293,0.9393939393939394,1273,0.9393939393939394,2589,0.9393939393939394,1235,0.9393939393939394,2307,0.9393939393939394,1224,0.9393939393939394,2305,0.923076923076923,3127,0.923076923076923,5306,0.923076923076923,3188,0.90625,5223,0.9393939393939394,3120,0.9253731343283583,5442,0.923076923076923,3110,0.90625,5253,0.923076923076923,6306,0.8923076923076922,9247,0.9393939393939394,6248,0.888888888888889,9111,0.923076923076923,6276,0.888888888888889,9145,0.923076923076923,6281,0.888888888888889,9233,0.888888888888889,9492,0.888888888888889,11703,0.90625,9511,0.888888888888889,11683,0.90625,9409,0.888888888888889,11609,0.923076923076923,9419,0.888888888888889,11621,0.888888888888889,11291,0.888888888888889,12383,0.90625,11344,0.888888888888889,12417,0.888888888888889,11274,0.888888888888889,12378,0.888888888888889,11296,0.888888888888889,12367,0.888888888888889,30,0.90625
207,2,32,0.9538461538461539,0.9538461538461539,11,0.9538461538461539,11,0.9538461538461539,13,0.9538461538461539,13,0.9538461538461539,9,0.9538461538461539,9,0.9538461538461539,5,0.9538461538461539,5,0.9538461538461539,125,0.9374999999999999,237,0.9538461538461539,125,0.9374999999999999,157,0.9538461538461539,115,0.9538461538461539,241,0.9538461538461539,122,0.9538461538461539,279,0.9538461538461539,595,0.9374999999999999,1112,0.923076923076923,602,0.923076923076923,1212,0.9538461538461539,640,0.9538461538461539,1173,0.9538461538461539,652,0.9538461538461539,1254,0.923076923076923,1276,0.923076923076923,2408,0.9538461538461539,1243,0.9538461538461539,2360,0.9538461538461539,1283,0.9374999999999999,2752,0.9538461538461539,1285,0.9538461538461539,2418,0.9538461538461539,3085,0.8709677419354839,5461,0.9538461538461539,3071,0.923076923076923,5094,0.9206349206349207,3119,0.90625,5439,0.923076923076923,3088,0.888888888888889,5457,0.9032258064516129,6248,0.8709677419354839,9220,0.8387096774193549,6316,0.8253968253968254,9458,0.888888888888889,6257,0.888888888888889,9116,0.9090909090909091,6237,0.90625,9220,0.888888888888889,9462,0.8571428571428572,11700,0.8709677419354839,9436,0.875,11663,0.888888888888889,9418,0.8571428571428572,11705,0.8524590163934426,9473,0.84375,11655,0.90625,11269,0.875,12375,0.8709677419354839,11318,0.875,12395,0.888888888888889,11356,0.875,12338,0.8709677419354839,11365,0.8571428571428572,12416,0.875,31,0.8333333333333334
208,2,37,0.8148148148148148,0.8148148148148148,7,0.8148148148148148,23,0.8148148148148148,10,0.8148148148148148,10,0.8148148148148148,17,0.8148148148148148,33,0.8148148148148148,11,0.8148148148148148,11,0.8148148148148148,132,0.8148148148148148,227,0.8148148148148148,119,0.8148148148148148,182,0.7999999999999999,129,0.7999999999999999,225,0.8148148148148148,131,0.8148148148148148,211,0.775,645,0.8157894736842106,1131,0.775,635,0.775,1082,0.8148148148148148,648,0.8148148148148148,1177,0.7999999999999999,622,0.7999999999999999,1169,0.7848101265822784,1261,0.7848101265822784,2534,0.7999999999999999,1213,0.8421052631578948,2338,0.794871794871795,1253,0.7837837837837838,2367,0.7901234567901235,1245,0.7671232876712328,2175,0.8051948051948052,3053,0.7792207792207791,5252,0.7654320987654323,3150,0.7692307692307693,5325,0.7894736842105263,3139,0.7792207792207791,5430,0.7710843373493976,3054,0.794871794871795,5176,0.794871794871795,6319,0.8157894736842106,9308,0.8311688311688312,6286,0.7466666666666666,9185,0.7368421052631579,6305,0.7368421052631579,9266,0.8157894736842106,6188,0.7272727272727273,9250,0.8,9417,0.7466666666666666,11737,0.7105263157894737,9363,0.7466666666666666,11605,0.7435897435897436,9399,0.7466666666666666,11628,0.7466666666666666,9462,0.7466666666666666,11654,0.7368421052631579,11320,0.7466666666666666,12373,0.763157894736842,11266,0.7466666666666666,12374,0.7466666666666666,11351,0.7466666666666666,12366,0.7466666666666666,11299,0.7466666666666666,12353,0.7368421052631579,32,0.7567567567567568
209,2,33,0.8266666666666667,0.8266666666666667,12,0.8266666666666667,44,0.8266666666666667,15,0.8266666666666667,15,0.8266666666666667,11,0.8266666666666667,11,0.8266666666666667,10,0.8266666666666667,42,0.8266666666666667,129,0.8266666666666667,286,0.8266666666666667,129,0.8266666666666667,304,0.8266666666666667,135,0.8266666666666667,199,0.8266666666666667,115,0.8266666666666667,147,0.8108108108108109,619,0.8108108108108109,1133,0.8266666666666667,611,0.8266666666666667,1084,0.8266666666666667,623,0.8266666666666667,1249,0.8266666666666667,624,0.8266666666666667,1259,0.8266666666666667,1269,0.8108108108108109,2184,0.8266666666666667,1232,0.8266666666666667,2420,0.8108108108108109,1213,0.8108108108108109,2147,0.8108108108108109,1273,0.8266666666666667,2370,0.8108108108108109,3229,0.7671232876712328,5348,0.8108108108108109,3114,0.8,5221,0.7837837837837837,3243,0.7777777777777778,5163,0.8266666666666667,3038,0.7671232876712328,5146,0.7397260273972603,6244,0.7466666666666666,9212,0.7567567567567567,6314,0.7733333333333333,9205,0.7945205479452055,6230,0.7945205479452055,9196,0.8108108108108109,6187,0.7466666666666666,9338,0.7567567567567567,9499,0.7466666666666666,11739,0.7837837837837837,9445,0.7631578947368423,11591,0.7671232876712328,9424,0.7567567567567567,11508,0.7297297297297298,9458,0.7466666666666666,11603,0.7567567567567567,11309,0.7567567567567567,12343,0.7466666666666666,11342,0.7466666666666666,12378,0.7733333333333333,11268,0.7466666666666666,12362,0.7567567567567567,11327,0.7466666666666666,12381,0.7466666666666666,33,0.7671232876712328
210,2,30,0.7692307692307692,0.787878787878788,14,0.787878787878788,46,0.7692307692307692,13,0.7692307692307692,45,0.7692307692307692,17,0.7692307692307692,17,0.7692307692307692,15,0.7692307692307692,30,0.787878787878788,122,0.787878787878788,215,0.75,130,0.7812500000000001,226,0.787878787878788,116,0.787878787878788,228,0.787878787878788,118,0.8059701492537314,309,0.7741935483870968,632,0.7741935483870968,1140,0.7692307692307692,595,0.75,970,0.787878787878788,636,0.8181818181818182,1111,0.7692307692307692,617,0.7692307692307692,1246,0.8,1339,0.7619047619047619,2525,0.787878787878788,1220,0.8059701492537314,2300,0.7812500000000001,1250,0.7812500000000001,2301,0.8059701492537314,1251,0.7812500000000001,2160,0.7741935483870968,3142,0.8,5231,0.7812500000000001,3223,0.7540983606557377,5639,0.7384615384615385,3212,0.7575757575757576,5708,0.7619047619047619,3102,0.7812500000000001,5348,0.7692307692307692,6244,0.7647058823529412,9321,0.6774193548387097,6252,0.7575757575757576,9055,0.6984126984126985,6348,0.7462686567164178,9466,0.7419354838709677,6292,0.8,9142,0.787878787878788,9346,0.7692307692307692,11696,0.7619047619047619,9430,0.7692307692307692,11595,0.7692307692307692,9447,0.7619047619047619,11621,0.7941176470588236,9436,0.7761194029850748,11589,0.787878787878788,11247,0.7692307692307692,12362,0.7692307692307692,11311,0.7692307692307692,12368,0.7812500000000001,11341,0.7692307692307692,12413,0.7692307692307692,11301,0.7692307692307692,12360,0.7692307692307692,30,0.7333333333333334
211,2,34,0.7727272727272727,0.7727272727272727,14,0.7727272727272727,14,0.7727272727272727,19,0.7727272727272727,19,0.7727272727272727,17,0.7727272727272727,33,0.7727272727272727,10,0.7727272727272727,10,0.7727272727272727,135,0.7727272727272727,278,0.7727272727272727,118,0.7586206896551725,261,0.7727272727272727,119,0.7727272727272727,231,0.7499999999999999,144,0.7499999999999999,208,0.7586206896551725,634,0.7586206896551725,1343,0.7499999999999999,593,0.7272727272727272,1087,0.7727272727272727,648,0.7586206896551725,1175,0.7727272727272727,633,0.7586206896551725,1338,0.7499999999999999,1272,0.7499999999999999,2325,0.7441860465116279,1243,0.7441860465116279,2463,0.7727272727272727,1182,0.7586206896551725,2204,0.7356321839080459,1300,0.7126436781609197,2408,0.7294117647058824,3080,0.6904761904761905,5289,0.7356321839080459,3132,0.7333333333333334,5218,0.7441860465116279,3049,0.6976744186046512,4902,0.7499999999999999,3033,0.7126436781609197,5083,0.7142857142857143,6275,0.6904761904761905,9280,0.7058823529411765,6288,0.7356321839080459,9357,0.7126436781609197,6198,0.7472527472527473,9125,0.7272727272727272,6311,0.7126436781609197,9364,0.7499999999999999,9384,0.7272727272727272,11680,0.7191011235955056,9358,0.7252747252747254,11575,0.7191011235955056,9474,0.711111111111111,11649,0.7272727272727272,9448,0.7126436781609197,11727,0.7356321839080459,11358,0.7272727272727272,12393,0.7415730337078652,11268,0.7126436781609197,12327,0.7191011235955056,11330,0.7272727272727272,12377,0.7499999999999999,11308,0.7272727272727272,12363,0.7272727272727272,34,0.6904761904761905
212,2,41,0.8631578947368421,0.8631578947368421,11,0.8631578947368421,11,0.8631578947368421,15,0.8631578947368421,31,0.8631578947368421,8,0.8631578947368421,8,0.8631578947368421,15,0.8631578947368421,15,0.8631578947368421,122,0.8631578947368421,265,0.8631578947368421,125,0.8631578947368421,267,0.8631578947368421,132,0.8631578947368421,258,0.8631578947368421,118,0.8631578947368421,227,0.8631578947368421,673,0.8631578947368421,1249,0.8631578947368421,575,0.8421052631578947,998,0.8631578947368421,667,0.8631578947368421,1226,0.8631578947368421,641,0.8421052631578947,1391,0.8750000000000001,1244,0.8750000000000001,2413,0.851063829787234,1271,0.851063829787234,2377,0.8631578947368421,1293,0.8631578947368421,2174,0.8750000000000001,1238,0.8631578947368421,2213,0.8421052631578947,3177,0.8210526315789473,5383,0.8631578947368421,3140,0.8631578947368421,5005,0.8421052631578947,3125,0.8631578947368421,5200,0.8421052631578947,3242,0.8421052631578947,5395,0.851063829787234,6285,0.8421052631578947,9186,0.8421052631578947,6230,0.8541666666666667,9296,0.8163265306122449,6257,0.8085106382978724,9184,0.8085106382978724,6261,0.8421052631578947,9216,0.8210526315789473,9397,0.8297872340425532,11655,0.8541666666666667,9494,0.8333333333333334,11698,0.8421052631578947,9457,0.8333333333333334,11648,0.8172043010752689,9329,0.8421052631578947,11693,0.8421052631578947,11305,0.8333333333333334,12330,0.8041237113402061,11357,0.8333333333333334,12394,0.8333333333333334,11278,0.8333333333333334,12332,0.8333333333333334,11324,0.8333333333333334,12340,0.8333333333333334,42,0.8297872340425532
213,2,41,0.8541666666666666,0.8541666666666666,14,0.8541666666666666,46,0.8541666666666666,13,0.8541666666666666,13,0.8541666666666666,13,0.8541666666666666,45,0.8541666666666666,8,0.8541666666666666,24,0.8541666666666666,139,0.8541666666666666,267,0.8541666666666666,116,0.8541666666666666,210,0.8541666666666666,127,0.8541666666666666,223,0.8541666666666666,148,0.8541666666666666,291,0.8541666666666666,613,0.8541666666666666,1194,0.8333333333333334,616,0.8333333333333334,1247,0.8541666666666666,625,0.8541666666666666,1143,0.8541666666666666,652,0.8541666666666666,1168,0.8125,1308,0.8125,2203,0.8541666666666666,1280,0.8125,2360,0.8541666666666666,1249,0.8541666666666666,2255,0.8541666666666666,1215,0.8541666666666666,2064,0.8333333333333334,3128,0.8775510204081634,5104,0.8125,3122,0.8247422680412371,5255,0.8333333333333334,3135,0.8163265306122448,5519,0.8125,3169,0.8367346938775511,5399,0.8333333333333334,6252,0.7959183673469388,9295,0.8247422680412371,6352,0.8041237113402062,9281,0.8367346938775511,6259,0.8367346938775511,9208,0.8163265306122448,6207,0.8247422680412371,9185,0.8200000000000001,9431,0.8163265306122448,11681,0.8282828282828283,9361,0.8282828282828283,11620,0.8282828282828283,9436,0.8041237113402062,11610,0.8041237113402062,9365,0.8163265306122448,11660,0.8080808080808082,11290,0.8163265306122448,12381,0.8163265306122448,11290,0.8282828282828283,12351,0.8163265306122448,11310,0.8163265306122448,12401,0.8367346938775511,11251,0.8163265306122448,12383,0.8163265306122448,43,0.7789473684210527
214,2,46,0.8316831683168316,0.8316831683168316,9,0.8316831683168316,9,0.8316831683168316,11,0.8316831683168316,11,0.8316831683168316,9,0.8316831683168316,9,0.8316831683168316,16,0.8316831683168316,16,0.8316831683168316,118,0.8316831683168316,229,0.8431372549019609,126,0.8431372549019609,158,0.8316831683168316,146,0.8316831683168316,334,0.8316831683168316,133,0.8316831683168316,244,0.8316831683168316,654,0.8316831683168316,1205,0.8431372549019609,626,0.8431372549019609,1179,0.8627450980392157,632,0.8627450980392157,1133,0.8627450980392157,641,0.8627450980392157,1205,0.8316831683168316,1224,0.8316831683168316,2071,0.8627450980392157,1243,0.8627450980392157,2229,0.8349514563106797,1265,0.8349514563106797,2236,0.8316831683168316,1266,0.8514851485148516,2367,0.84,3126,0.84,5198,0.8514851485148516,3122,0.8823529411764706,5412,0.8431372549019609,3130,0.8431372549019609,5201,0.8431372549019609,3147,0.8431372549019609,5417,0.8118811881188119,6356,0.8118811881188119,9296,0.7999999999999999,6192,0.8118811881188119,9005,0.84,6355,0.8316831683168316,9056,0.8316831683168316,6391,0.8235294117647058,9398,0.803921568627451,9444,0.7961165048543689,11758,0.8155339805825242,9450,0.8076923076923076,11603,0.8155339805825242,9444,0.7961165048543689,11615,0.8316831683168316,9493,0.7961165048543689,11715,0.7961165048543689,11319,0.7961165048543689,12391,0.7961165048543689,11299,0.7961165048543689,12391,0.8155339805825242,11330,0.7961165048543689,12399,0.803921568627451,11300,0.7961165048543689,12336,0.7961165048543689,48,0.8118811881188119
215,2,47,0.8737864077669905,0.8737864077669905,12,0.8737864077669905,28,0.8737864077669905,14,0.8737864077669905,30,0.8737864077669905,13,0.8737864077669905,13,0.8737864077669905,14,0.8737864077669905,14,0.8737864077669905,109,0.8737864077669905,141,0.8737864077669905,105,0.8737864077669905,233,0.8737864077669905,128,0.8737864077669905,239,0.8737864077669905,153,0.8737864077669905,249,0.8737864077669905,642,0.8737864077669905,1281,0.8737864077669905,608,0.8737864077669905,1203,0.8737864077669905,618,0.8737864077669905,1225,0.8737864077669905,606,0.8737864077669905,1122,0.8737864077669905,1271,0.8737864077669905,2096,0.8737864077669905,1211,0.8737864077669905,2092,0.8737864077669905,1244,0.854368932038835,2209,0.8737864077669905,1214,0.8653846153846154,2369,0.8431372549019608,3182,0.854368932038835,5399,0.8627450980392156,3198,0.8514851485148515,5305,0.8627450980392156,3098,0.8627450980392156,5153,0.854368932038835,3121,0.8431372549019608,5133,0.8514851485148515,6337,0.8269230769230769,9451,0.8627450980392156,6201,0.8349514563106796,9111,0.8316831683168316,6257,0.8235294117647057,9208,0.8627450980392156,6191,0.8316831683168316,9048,0.8349514563106796,9383,0.8235294117647057,11688,0.8514851485148515,9486,0.8316831683168316,11648,0.8431372549019608,9372,0.8235294117647057,11650,0.8269230769230769,9400,0.8235294117647057,11685,0.8155339805825244,11305,0.8316831683168316,12383,0.8316831683168316,11318,0.8316831683168316,12383,0.8235294117647057,11308,0.8316831683168316,12346,0.8316831683168316,11341,0.8316831683168316,12396,0.8316831683168316,45,0.84
216,2,47,0.9019607843137255,0.9019607843137255,14,0.9019607843137255,14,0.9019607843137255,14,0.9019607843137255,46,0.9019607843137255,11,0.9019607843137255,11,0.9019607843137255,18,0.9019607843137255,66,0.9019607843137255,100,0.9019607843137255,211,0.9019607843137255,130,0.9019607843137255,257,0.9019607843137255,112,0.9019607843137255,222,0.9019607843137255,144,0.9019607843137255,318,0.912621359223301,601,0.912621359223301,1091,0.9019607843137255,609,0.9019607843137255,1212,0.9019607843137255,626,0.9019607843137255,1021,0.9019607843137255,625,0.912621359223301,1186,0.9019607843137255,1246,0.9019607843137255,2222,0.9019607843137255,1284,0.9019607843137255,2365,0.9019607843137255,1279,0.9019607843137255,2322,0.912621359223301,1282,0.8737864077669902,2244,0.8910891089108911,3101,0.854368932038835,5316,0.8932038834951457,3172,0.8761904761904761,5246,0.9038461538461537,3237,0.8932038834951457,5453,0.9019607843137255,3146,0.8712871287128713,5438,0.8490566037735848,6284,0.8653846153846154,9172,0.8846153846153846,6297,0.8653846153846154,9158,0.8653846153846154,6307,0.8653846153846154,9117,0.8653846153846154,6236,0.8653846153846154,9278,0.8571428571428572,9422,0.854368932038835,11753,0.8571428571428572,9436,0.854368932038835,11765,0.819047619047619,9392,0.8380952380952381,11707,0.8461538461538463,9507,0.8380952380952381,11689,0.854368932038835,11350,0.854368932038835,12393,0.8349514563106797,11322,0.8349514563106797,12410,0.8653846153846154,11241,0.854368932038835,12353,0.819047619047619,11303,0.854368932038835,12391,0.854368932038835,48,0.854368932038835
217,2,47,0.9215686274509803,0.9215686274509803,14,0.9215686274509803,62,0.9215686274509803,12,0.9215686274509803,12,0.9215686274509803,13,0.9215686274509803,13,0.9215686274509803,12,0.9215686274509803,44,0.9215686274509803,112,0.9215686274509803,191,0.9215686274509803,125,0.9215686274509803,252,0.9215686274509803,119,0.9215686274509803,275,0.9215686274509803,123,0.9215686274509803,249,0.9215686274509803,642,0.9215686274509803,1109,0.9215686274509803,624,0.9215686274509803,1067,0.9019607843137255,637,0.912621359223301,1250,0.9215686274509803,637,0.912621359223301,1179,0.9215686274509803,1282,0.9215686274509803,2351,0.9320388349514563,1310,0.9423076923076923,2565,0.8910891089108911,1220,0.8712871287128713,2119,0.9108910891089108,1196,0.9108910891089108,2035,0.9142857142857144,3159,0.9056603773584905,5477,0.9108910891089108,3068,0.9038461538461537,5450,0.8910891089108911,3169,0.8823529411764706,5365,0.9019607843137255,3141,0.923076923076923,5208,0.8952380952380952,6303,0.8761904761904761,9158,0.923076923076923,6197,0.8867924528301887,9062,0.9142857142857144,6309,0.8867924528301887,9131,0.923076923076923,6227,0.923076923076923,9293,0.9038461538461537,9472,0.8952380952380952,11663,0.8952380952380952,9403,0.9038461538461537,11611,0.9038461538461537,9365,0.8653846153846154,11650,0.8952380952380952,9391,0.8846153846153846,11576,0.8952380952380952,11324,0.8653846153846154,12378,0.8846153846153846,11333,0.8653846153846154,12400,0.8761904761904761,11345,0.8653846153846154,12401,0.8461538461538463,11295,0.8653846153846154,12375,0.8653846153846154,49,0.912621359223301
218,2,50,0.9245283018867924,0.9245283018867924,15,0.9245283018867924,15,0.9245283018867924,11,0.9245283018867924,11,0.9245283018867924,11,0.9245283018867924,43,0.9245283018867924,9,0.9245283018867924,41,0.9245283018867924,123,0.9245283018867924,267,0.9245283018867924,105,0.9245283018867924,200,0.9245283018867924,133,0.9245283018867924,244,0.9245283018867924,129,0.9245283018867924,319,0.9245283018867924,671,0.9245283018867924,1261,0.9245283018867924,610,0.9245283018867924,1357,0.9245283018867924,638,0.9245283018867924,1246,0.9345794392523364,617,0.9345794392523364,1023,0.9245283018867924,1246,0.9345794392523364,2351,0.9158878504672897,1254,0.9158878504672897,2316,0.9345794392523364,1226,0.9245283018867924,2395,0.9245283018867924,1249,0.9245283018867924,2191,0.9245283018867924,3169,0.9142857142857143,5462,0.9245283018867924,3161,0.9056603773584904,5627,0.9245283018867924,3112,0.9056603773584904,5461,0.9245283018867924,3055,0.8952380952380952,5432,0.9142857142857143,6261,0.9142857142857143,9270,0.9038461538461539,6209,0.9038461538461539,9247,0.9142857142857143,6263,0.9038461538461539,9172,0.9142857142857143,6331,0.9142857142857143,9434,0.9142857142857143,9469,0.9038461538461539,11547,0.9142857142857143,9400,0.9038461538461539,11684,0.9038461538461539,9337,0.9038461538461539,11587,0.897196261682243,9431,0.8952380952380952,11580,0.8761904761904763,11340,0.9038461538461539,12378,0.9038461538461539,11352,0.9038461538461539,12391,0.9038461538461539,11299,0.9038461538461539,12381,0.9142857142857143,11374,0.9038461538461539,12439,0.9038461538461539,48,0.9038461538461539
219,2,47,0.9306930693069307,0.9306930693069307,11,0.9306930693069307,27,0.9306930693069307,13,0.9306930693069307,13,0.9306930693069307,11,0.9306930693069307,27,0.9306930693069307,17,0.9306930693069307,17,0.9306930693069307,140,0.92,250,0.9306930693069307,131,0.9306930693069307,238,0.92,127,0.92,255,0.9306930693069307,141,0.9306930693069307,380,0.92,592,0.92,1159,0.92,608,0.92,1139,0.9306930693069307,657,0.9306930693069307,1122,0.9306930693069307,617,0.92,1210,0.9306930693069307,1209,0.9306930693069307,2119,0.92,1281,0.92,2539,0.92,1192,0.9306930693069307,2121,0.92,1282,0.92,2525,0.92,3091,0.9215686274509804,5460,0.92,3050,0.9306930693069307,5041,0.9108910891089108,3219,0.92,5444,0.9411764705882353,3098,0.92,5192,0.92,6254,0.92,9104,0.92,6271,0.9,9254,0.9,6241,0.8888888888888888,9173,0.92,6303,0.9,9349,0.9,9441,0.8910891089108911,11628,0.9,9473,0.8910891089108911,11651,0.9090909090909091,9436,0.9,11633,0.9,9376,0.9108910891089108,11554,0.8888888888888888,11302,0.8910891089108911,12369,0.9,11293,0.8910891089108911,12367,0.8888888888888888,11287,0.8910891089108911,12397,0.9,11354,0.8910891089108911,12372,0.8910891089108911,47,0.92
220,2,46,0.9019607843137255,0.9019607843137255,17,0.9019607843137255,49,0.9019607843137255,13,0.9019607843137255,13,0.9019607843137255,17,0.9019607843137255,33,0.9019607843137255,5,0.9019607843137255,21,0.9019607843137255,142,0.9019607843137255,298,0.9019607843137255,120,0.9019607843137255,215,0.9019607843137255,130,0.8932038834951456,304,0.9126213592233009,134,0.9126213592233009,309,0.9126213592233009,609,0.9126213592233009,1290,0.9019607843137255,617,0.9126213592233009,1124,0.9126213592233009,642,0.9126213592233009,1130,0.9019607843137255,599,0.9126213592233009,1203,0.9126213592233009,1258,0.8823529411764706,2239,0.9019607843137255,1279,0.8627450980392156,2431,0.923076923076923,1275,0.923076923076923,2505,0.9019607843137255,1252,0.9019607843137255,2211,0.8932038834951456,3156,0.9142857142857143,5438,0.9038461538461539,3145,0.8846153846153847,5276,0.9142857142857143,3142,0.9333333333333333,5415,0.9126213592233009,3175,0.923076923076923,5320,0.8932038834951456,6292,0.9038461538461539,9210,0.8846153846153847,6309,0.9142857142857143,9233,0.8846153846153847,6226,0.8952380952380952,9391,0.9126213592233009,6345,0.9038461538461539,9169,0.8952380952380952,9404,0.8952380952380952,11695,0.9056603773584904,9481,0.9038461538461539,11652,0.9038461538461539,9405,0.9038461538461539,11622,0.9038461538461539,9352,0.9038461538461539,11676,0.8952380952380952,11329,0.9038461538461539,12380,0.9038461538461539,11280,0.9038461538461539,12359,0.9038461538461539,11342,0.9038461538461539,12435,0.9038461538461539,11355,0.9038461538461539,12400,0.9038461538461539,48,0.9019607843137255
221,2,49,0.9245283018867925,0.9245283018867925,16,0.9245283018867925,16,0.9245283018867925,11,0.9245283018867925,11,0.9245283018867925,11,0.9245283018867925,43,0.9245283018867925,11,0.9245283018867925,43,0.9245283018867925,110,0.9245283018867925,206,0.9245283018867925,119,0.9245283018867925,295,0.9245283018867925,118,0.9245283018867925,198,0.9245283018867925,136,0.9245283018867925,247,0.9245283018867925,650,0.9245283018867925,1136,0.9245283018867925,649,0.9245283018867925,1292,0.9444444444444444,630,0.9357798165137614,1223,0.9142857142857143,605,0.9142857142857143,1252,0.9245283018867925,1280,0.9345794392523363,2306,0.9056603773584905,1224,0.9245283018867925,2371,0.9245283018867925,1261,0.8653846153846154,2410,0.8952380952380952,1233,0.8867924528301887,2276,0.8952380952380952,3163,0.8679245283018868,5356,0.9245283018867925,3124,0.8761904761904762,5423,0.9142857142857143,3111,0.8932038834951457,5371,0.8571428571428572,3089,0.8571428571428572,5172,0.8269230769230769,6264,0.8349514563106796,9320,0.8737864077669902,6252,0.8543689320388349,9153,0.8623853211009175,6238,0.838095238095238,9290,0.8571428571428572,6273,0.8571428571428572,9306,0.8543689320388349,9470,0.8349514563106796,11564,0.8653846153846154,9395,0.8349514563106796,11672,0.8155339805825242,9403,0.8349514563106796,11611,0.8653846153846154,9451,0.8349514563106796,11712,0.8349514563106796,11289,0.8349514563106796,12350,0.8349514563106796,11318,0.8349514563106796,12377,0.8543689320388349,11303,0.8349514563106796,12364,0.8461538461538461,11255,0.8349514563106796,12328,0.8349514563106796,46,0.8823529411764706
222,2,50,0.9259259259259259,0.9259259259259259,12,0.9259259259259259,12,0.9259259259259259,14,0.9259259259259259,14,0.9259259259259259,8,0.9259259259259259,8,0.9259259259259259,13,0.9259259259259259,13,0.9259259259259259,142,0.9259259259259259,314,0.9259259259259259,108,0.9357798165137614,186,0.9158878504672897,112,0.9158878504672897,240,0.9056603773584906,138,0.9056603773584906,233,0.9158878504672897,624,0.9259259259259259,1225,0.9158878504672897,595,0.9357798165137614,1205,0.9357798165137614,624,0.897196261682243,1005,0.9158878504672897,627,0.9074074074074074,1218,0.9074074074074074,1296,0.9074074074074074,2292,0.9174311926605505,1292,0.8461538461538461,2638,0.9158878504672897,1210,0.8679245283018867,2165,0.888888888888889,1234,0.888888888888889,2186,0.9158878504672897,3180,0.8679245283018867,5281,0.897196261682243,3132,0.8785046728971961,5254,0.897196261682243,3073,0.851851851851852,5268,0.9259259259259259,3187,0.8411214953271028,5477,0.8679245283018867,6307,0.8380952380952381,9263,0.8461538461538461,6355,0.8679245283018867,9324,0.8571428571428572,6325,0.8380952380952381,9231,0.888888888888889,6228,0.8490566037735848,9340,0.8461538461538461,9396,0.8490566037735848,11570,0.8598130841121495,9462,0.8411214953271028,11579,0.8411214953271028,9453,0.8490566037735848,11610,0.830188679245283,9404,0.8490566037735848,11620,0.8490566037735848,11285,0.8490566037735848,12368,0.822429906542056,11233,0.8490566037735848,12340,0.8380952380952381,11322,0.8490566037735848,12367,0.830188679245283,11335,0.8490566037735848,12359,0.8490566037735848,48,0.8461538461538461
223,2,52,0.9090909090909091,0.9090909090909091,17,0.9090909090909091,17,0.9090909090909091,14,0.9090909090909091,14,0.9090909090909091,12,0.9090909090909091,44,0.9090909090909091,17,0.9090909090909091,33,0.9189189189189189,126,0.9189189189189189,269,0.9090909090909091,130,0.9090909090909091,224,0.9090909090909091,129,0.9189189189189189,176,0.9090909090909091,145,0.9090909090909091,334,0.9189189189189189,647,0.8807339449541284,1388,0.9189189189189189,631,0.9189189189189189,1060,0.9189189189189189,587,0.9189189189189189,1052,0.9090909090909091,637,0.9090909090909091,1196,0.9090909090909091,1203,0.8703703703703703,2119,0.9009009009009009,1290,0.8545454545454546,2282,0.9009009009009009,1237,0.851851851851852,2087,0.9009009009009009,1293,0.8727272727272727,2562,0.9009009009009009,3053,0.831858407079646,5028,0.8807339449541284,3180,0.8545454545454546,5244,0.8648648648648648,3116,0.8363636363636363,5243,0.8990825688073395,3072,0.8363636363636363,5307,0.8727272727272727,6257,0.8545454545454546,9106,0.8181818181818181,6249,0.822429906542056,9077,0.8411214953271028,6416,0.8073394495412843,9359,0.8623853211009175,6324,0.8214285714285715,9297,0.7889908256880734,9422,0.8037383177570093,11558,0.8181818181818181,9467,0.8073394495412843,11706,0.8108108108108107,9360,0.8148148148148148,11693,0.822429906542056,9356,0.8148148148148148,11614,0.8073394495412843,11300,0.8148148148148148,12373,0.8148148148148148,11271,0.8148148148148148,12340,0.8256880733944953,11329,0.8148148148148148,12360,0.8073394495412843,11315,0.8148148148148148,12342,0.8148148148148148,50,0.822429906542056
224,2,54,0.9203539823008849,0.9203539823008849,13,0.9203539823008849,29,0.9203539823008849,9,0.9203539823008849,25,0.9203539823008849,13,0.9203539823008849,13,0.9203539823008849,13,0.9203539823008849,45,0.9203539823008849,130,0.9203539823008849,225,0.9203539823008849,129,0.9203539823008849,207,0.9203539823008849,130,0.9285714285714285,225,0.9203539823008849,132,0.9203539823008849,227,0.9009009009009009,613,0.9009009009009009,1131,0.9107142857142857,619,0.9107142857142857,1078,0.9285714285714285,566,0.9285714285714285,963,0.9203539823008849,628,0.9203539823008849,1370,0.9107142857142857,1218,0.909090909090909,2248,0.9026548672566371,1303,0.8545454545454545,2271,0.9107142857142857,1297,0.8288288288288288,2495,0.9203539823008849,1338,0.8598130841121496,2508,0.8545454545454545,3160,0.8181818181818181,5296,0.8727272727272728,3131,0.8623853211009174,5424,0.8807339449541285,3095,0.8648648648648649,5237,0.8828828828828829,3181,0.8256880733944953,5404,0.8703703703703702,6259,0.8440366972477064,9237,0.875,6326,0.8318584070796461,9197,0.8440366972477064,6321,0.8288288288288288,9175,0.8648648648648649,6387,0.8256880733944953,9471,0.8256880733944953,9411,0.8440366972477064,11572,0.8440366972477064,9403,0.8411214953271028,11569,0.8727272727272728,9469,0.8440366972477064,11730,0.7927927927927929,9405,0.8545454545454545,11593,0.8363636363636364,11304,0.8440366972477064,12347,0.8545454545454545,11275,0.8440366972477064,12383,0.8256880733944953,11322,0.8440366972477064,12382,0.8363636363636364,11340,0.8440366972477064,12383,0.8440366972477064,50,0.8301886792452831
225,2,48,0.9056603773584906,0.9056603773584906,9,0.9056603773584906,25,0.9056603773584906,16,0.9056603773584906,16,0.9056603773584906,5,0.9056603773584906,5,0.9056603773584906,18,0.9056603773584906,18,0.9158878504672897,138,0.9158878504672897,250,0.9056603773584906,121,0.9056603773584906,215,0.9056603773584906,112,0.9056603773584906,254,0.9056603773584906,107,0.9056603773584906,186,0.8952380952380952,621,0.8952380952380952,1187,0.9056603773584906,637,0.9158878504672897,1157,0.9158878504672897,677,0.9158878504672897,1272,0.9056603773584906,673,0.9056603773584906,1238,0.9056603773584906,1215,0.8785046728971961,2225,0.9056603773584906,1246,0.9056603773584906,2338,0.9056603773584906,1325,0.8761904761904762,2486,0.9074074074074074,1218,0.8785046728971961,2332,0.8952380952380952,3130,0.8653846153846154,5368,0.8867924528301887,3139,0.830188679245283,5167,0.8761904761904762,3199,0.8461538461538461,5320,0.9056603773584906,3177,0.8363636363636363,5581,0.819047619047619,6328,0.8073394495412843,9242,0.830188679245283,6189,0.7889908256880734,9103,0.8571428571428572,6275,0.823529411764706,9249,0.8627450980392156,6362,0.826923076923077,9326,0.8113207547169813,9461,0.7999999999999999,11547,0.8113207547169813,9461,0.7999999999999999,11712,0.8113207547169813,9443,0.7999999999999999,11731,0.7924528301886793,9432,0.7735849056603773,11564,0.8113207547169813,11244,0.7999999999999999,12389,0.8113207547169813,11297,0.7999999999999999,12385,0.7999999999999999,11283,0.7999999999999999,12348,0.8076923076923076,11373,0.7999999999999999,12375,0.7999999999999999,47,0.8316831683168318
226,2,52,0.9009009009009009,0.9009009009009009,7,0.9009009009009009,7,0.9009009009009009,9,0.9009009009009009,25,0.9009009009009009,14,0.9009009009009009,14,0.9009009009009009,14,0.9009009009009009,14,0.9009009009009009,125,0.9009009009009009,205,0.9009009009009009,142,0.9107142857142857,299,0.9009009009009009,111,0.9009009009009009,222,0.9009009009009009,121,0.9009009009009009,232,0.9009009009009009,620,0.9009009009009009,1219,0.890909090909091,668,0.890909090909091,1198,0.9009009009009009,663,0.9026548672566371,1308,0.9009009009009009,645,0.8468468468468469,1257,0.8807339449541285,1289,0.890909090909091,2294,0.8623853211009174,1214,0.8623853211009174,2222,0.8990825688073395,1269,0.9026548672566371,2285,0.8468468468468469,1283,0.875,2542,0.890909090909091,3209,0.8333333333333333,5585,0.8727272727272728,3093,0.8727272727272728,5554,0.890909090909091,3119,0.8727272727272728,5393,0.890909090909091,3006,0.8521739130434782,5286,0.8623853211009174,6312,0.8256880733944953,9270,0.8545454545454545,6211,0.7927927927927929,9240,0.8703703703703702,6247,0.7962962962962963,9191,0.8148148148148148,6355,0.7962962962962963,9220,0.8108108108108109,9433,0.8073394495412843,11593,0.8148148148148148,9402,0.8073394495412843,11612,0.8256880733944953,9475,0.8108108108108109,11646,0.8181818181818181,9365,0.8,11611,0.8148148148148148,11277,0.8073394495412843,12334,0.8073394495412843,11310,0.8073394495412843,12360,0.8073394495412843,11310,0.8073394495412843,12419,0.8073394495412843,11302,0.8073394495412843,12392,0.8073394495412843,50,0.8301886792452831
227,2,33,0.8421052631578948,0.8421052631578948,8,0.8421052631578948,24,0.8421052631578948,9,0.8421052631578948,25,0.8421052631578948,9,0.8421052631578948,9,0.8421052631578948,12,0.8421052631578948,12,0.8421052631578948,123,0.8421052631578948,219,0.8421052631578948,134,0.8421052631578948,341,0.8421052631578948,126,0.8421052631578948,237,0.8421052631578948,138,0.8421052631578948,232,0.8421052631578948,598,0.8421052631578948,1155,0.8421052631578948,693,0.825,1580,0.8157894736842105,598,0.8219178082191781,1208,0.8421052631578948,614,0.8421052631578948,1172,0.8461538461538461,1291,0.7837837837837838,2383,0.767123287671233,1225,0.7894736842105263,2267,0.8157894736842105,1235,0.8157894736842105,2252,0.7605633802816901,1300,0.8205128205128205,2264,0.8354430379746837,3231,0.8,5383,0.810810810810811,3170,0.8101265822784809,5228,0.8000000000000002,3159,0.767123287671233,5556,0.810810810810811,3145,0.7631578947368421,5562,0.7837837837837838,6259,0.8000000000000002,8938,0.767123287671233,6343,0.8000000000000002,9285,0.8266666666666667,6224,0.8000000000000002,9354,0.8157894736842105,6297,0.8000000000000002,9191,0.7733333333333334,9406,0.7631578947368421,11659,0.7837837837837838,9493,0.7631578947368421,11672,0.7733333333333334,9380,0.7792207792207793,11636,0.7837837837837838,9435,0.7733333333333334,11635,0.7532467532467532,11281,0.7631578947368421,12337,0.7792207792207793,11310,0.7631578947368421,12386,0.7532467532467532,11338,0.7631578947368421,12364,0.7631578947368421,11293,0.7631578947368421,12391,0.7631578947368421,33,0.7323943661971831
228,2,31,0.8169014084507041,0.8169014084507041,13,0.8169014084507041,13,0.8169014084507041,11,0.8055555555555555,27,0.8169014084507041,9,0.8169014084507041,41,0.8169014084507041,15,0.8169014084507041,15,0.8285714285714285,133,0.8285714285714285,197,0.8169014084507041,130,0.7647058823529412,304,0.8285714285714285,120,0.8169014084507041,200,0.8169014084507041,126,0.8169014084507041,221,0.8169014084507041,668,0.8169014084507041,1235,0.8169014084507041,653,0.7826086956521738,1267,0.8055555555555555,627,0.8285714285714285,1110,0.8333333333333334,610,0.821917808219178,1125,0.8115942028985508,1218,0.8378378378378379,2330,0.7826086956521738,1322,0.7647058823529412,2240,0.8378378378378379,1271,0.8421052631578948,2341,0.8285714285714285,1243,0.7647058823529412,2257,0.8115942028985508,3200,0.7941176470588236,5535,0.7714285714285714,3117,0.7605633802816901,5474,0.7941176470588236,3183,0.7777777777777777,5487,0.8450704225352113,3081,0.7647058823529412,5436,0.7777777777777777,6286,0.7647058823529412,9247,0.8115942028985508,6320,0.7647058823529412,9277,0.7536231884057972,6302,0.7352941176470589,9158,0.7428571428571429,6308,0.7352941176470589,9350,0.7272727272727274,9493,0.7352941176470589,11767,0.7536231884057972,9425,0.7352941176470589,11603,0.7647058823529412,9391,0.7352941176470589,11611,0.7462686567164178,9494,0.7352941176470589,11707,0.7352941176470589,11305,0.7352941176470589,12374,0.7647058823529412,11268,0.7536231884057972,12361,0.7462686567164178,11233,0.7352941176470589,12330,0.7462686567164178,11266,0.7352941176470589,12342,0.7352941176470589,28,0.7352941176470589
229,2,36,0.8333333333333333,0.8333333333333333,7,0.8333333333333333,23,0.8333333333333333,14,0.8333333333333333,30,0.8333333333333333,19,0.8333333333333333,19,0.8333333333333333,10,0.8333333333333333,42,0.8333333333333333,109,0.8333333333333333,284,0.8333333333333333,142,0.8333333333333333,222,0.8333333333333333,124,0.8333333333333333,220,0.8333333333333333,122,0.8333333333333333,264,0.8333333333333333,623,0.8333333333333333,1188,0.8333333333333333,603,0.8333333333333333,1123,0.7857142857142857,614,0.7857142857142857,1166,0.8333333333333333,631,0.8333333333333333,1078,0.8192771084337349,1267,0.8333333333333333,2448,0.8333333333333333,1189,0.8333333333333333,2413,0.8333333333333333,1276,0.8192771084337349,2517,0.8333333333333333,1273,0.8333333333333333,2338,0.7901234567901234,3117,0.7901234567901234,5242,0.7901234567901234,3147,0.7435897435897435,5304,0.775,3165,0.7804878048780487,5494,0.8000000000000002,3054,0.775,5272,0.7272727272727274,6273,0.759493670886076,9161,0.775,6195,0.8048780487804877,9130,0.7341772151898733,6266,0.7341772151898733,9436,0.7272727272727274,6359,0.7105263157894737,9278,0.7272727272727274,9381,0.75,11637,0.7341772151898733,9433,0.725,11655,0.7179487179487181,9432,0.7435897435897435,11545,0.8048780487804877,9464,0.7710843373493975,11665,0.7088607594936709,11302,0.725,12375,0.7654320987654321,11323,0.7407407407407406,12381,0.7179487179487181,11287,0.725,12359,0.7469879518072288,11364,0.7407407407407406,12413,0.725,32,0.6923076923076923
230,2,45,0.9,0.9,13,0.9,29,0.9,13,0.9,13,0.9,11,0.9,27,0.9,11,0.9,27,0.9,146,0.845360824742268,350,0.888888888888889,126,0.888888888888889,253,0.9,130,0.9,225,0.9,131,0.8775510204081634,304,0.845360824742268,639,0.8247422680412371,1096,0.9,633,0.9,1195,0.8775510204081634,592,0.8775510204081634,1093,0.888888888888889,662,0.888888888888889,1205,0.865979381443299,1228,0.8247422680412371,2320,0.8775510204081634,1241,0.865979381443299,2090,0.8775510204081634,1276,0.8247422680412371,2144,0.865979381443299,1221,0.845360824742268,2221,0.8421052631578948,3182,0.8,5496,0.845360824742268,3151,0.8541666666666666,5486,0.8125,3149,0.8125,5168,0.8421052631578948,3234,0.8125,5575,0.8172043010752689,6227,0.8172043010752689,9369,0.8541666666666666,6275,0.7916666666666667,9344,0.8210526315789474,6240,0.7956989247311828,9096,0.8172043010752689,6279,0.7835051546391754,9266,0.8043478260869564,9411,0.8043478260869564,11714,0.8210526315789474,9401,0.8297872340425533,11614,0.8210526315789474,9425,0.8,11739,0.782608695652174,9389,0.8043478260869564,11628,0.8043478260869564,11254,0.8043478260869564,12333,0.8043478260869564,11321,0.8043478260869564,12380,0.8043478260869564,11318,0.8043478260869564,12395,0.7872340425531915,11302,0.8043478260869564,12376,0.8043478260869564,37,0.7777777777777778
231,2,43,0.8367346938775511,0.8367346938775511,11,0.8367346938775511,11,0.8367346938775511,15,0.8367346938775511,47,0.8367346938775511,14,0.8367346938775511,14,0.8367346938775511,14,0.8367346938775511,62,0.8367346938775511,123,0.8367346938775511,250,0.8367346938775511,99,0.8367346938775511,178,0.8367346938775511,112,0.8247422680412371,223,0.8367346938775511,113,0.8367346938775511,240,0.8367346938775511,661,0.8282828282828283,1242,0.8484848484848485,618,0.8367346938775511,1133,0.8367346938775511,639,0.8367346938775511,1152,0.8247422680412371,590,0.8,1319,0.8163265306122448,1261,0.8163265306122448,2231,0.7959183673469388,1272,0.7252747252747253,2644,0.7959183673469388,1330,0.7835051546391754,2463,0.8282828282828283,1322,0.8484848484848485,2288,0.8421052631578948,3202,0.8080808080808082,5409,0.7835051546391754,3100,0.7835051546391754,5232,0.7835051546391754,3146,0.7835051546391754,5530,0.8282828282828283,3205,0.7578947368421052,5501,0.7446808510638298,6255,0.7835051546391754,9308,0.7872340425531915,6236,0.7551020408163266,9092,0.7578947368421052,6264,0.7578947368421052,9272,0.8,6326,0.7578947368421052,9202,0.7708333333333333,9415,0.7578947368421052,11769,0.7368421052631579,9350,0.7708333333333333,11745,0.7916666666666667,9263,0.7578947368421052,11534,0.7578947368421052,9414,0.7708333333333333,11642,0.7499999999999999,11330,0.7578947368421052,12366,0.7578947368421052,11265,0.7578947368421052,12378,0.7578947368421052,11341,0.7578947368421052,12349,0.7446808510638298,11335,0.7578947368421052,12388,0.7578947368421052,40,0.7191011235955057
232,2,38,0.8444444444444443,0.8444444444444443,15,0.8444444444444443,63,0.8444444444444443,10,0.8444444444444443,10,0.8444444444444443,15,0.8444444444444443,31,0.8444444444444443,10,0.8444444444444443,42,0.8314606741573033,120,0.8314606741573033,198,0.8444444444444443,113,0.8444444444444443,225,0.8444444444444443,133,0.8444444444444443,340,0.8444444444444443,122,0.8444444444444443,297,0.8089887640449438,655,0.7954545454545455,1278,0.8314606741573033,651,0.8314606741573033,1157,0.8222222222222223,641,0.7764705882352941,1299,0.8314606741573033,627,0.8260869565217392,1348,0.8444444444444443,1259,0.8089887640449438,2146,0.8314606741573033,1234,0.8571428571428571,2283,0.8571428571428571,1219,0.7826086956521738,2338,0.8222222222222223,1248,0.7912087912087913,2396,0.8181818181818181,3070,0.7816091954022988,5176,0.8089887640449438,3172,0.7999999999999999,5509,0.8089887640449438,3151,0.8222222222222223,5439,0.8571428571428571,3163,0.7692307692307692,5480,0.8351648351648352,6367,0.7954545454545455,9387,0.7999999999999999,6310,0.7727272727272727,9364,0.7640449438202248,6329,0.7640449438202248,9326,0.8172043010752689,6338,0.7865168539325843,9257,0.7727272727272727,9469,0.7727272727272727,11719,0.7777777777777778,9393,0.7999999999999999,11588,0.7640449438202248,9418,0.7777777777777778,11667,0.7727272727272727,9452,0.7727272727272727,11733,0.7727272727272727,11307,0.7727272727272727,12409,0.7777777777777778,11304,0.7727272727272727,12323,0.7640449438202248,11341,0.7727272727272727,12373,0.7865168539325843,11333,0.7727272727272727,12388,0.7727272727272727,36,0.761904761904762
233,2,45,0.8627450980392156,0.8627450980392156,18,0.8627450980392156,34,0.8627450980392156,9,0.8627450980392156,9,0.8627450980392156,11,0.8627450980392156,11,0.8627450980392156,15,0.8627450980392156,46,0.8627450980392156,106,0.8627450980392156,122,0.8627450980392156,122,0.8627450980392156,201,0.8514851485148516,118,0.8514851485148516,228,0.8514851485148516,130,0.8514851485148516,287,0.8431372549019609,702,0.8543689320388349,1361,0.8627450980392156,646,0.792079207920792,1186,0.8627450980392156,636,0.8627450980392156,1092,0.8627450980392156,629,0.8080808080808081,1159,0.8200000000000001,1263,0.7959183673469389,2315,0.803921568627451,1233,0.7578947368421052,2294,0.8712871287128713,1190,0.86,2192,0.8712871287128713,1258,0.8712871287128713,2229,0.8118811881188119,3197,0.7722772277227723,5342,0.8200000000000001,3204,0.8118811881188119,5442,0.8282828282828282,3184,0.7878787878787878,5314,0.8163265306122448,3241,0.7835051546391752,5661,0.7083333333333334,6307,0.6875,9329,0.7551020408163265,6233,0.7083333333333334,9320,0.7755102040816327,6275,0.7070707070707071,9242,0.7326732673267327,6307,0.7676767676767676,9188,0.7422680412371133,9338,0.7291666666666667,11654,0.7291666666666667,9448,0.7272727272727273,11562,0.7010309278350515,9441,0.7216494845360825,11633,0.7021276595744681,9388,0.7216494845360825,11592,0.7070707070707071,11314,0.7070707070707071,12392,0.7291666666666667,11281,0.7142857142857142,12409,0.7216494845360825,11315,0.7142857142857142,12387,0.7216494845360825,11287,0.7142857142857142,12366,0.7142857142857142,41,0.688888888888889
234,2,50,0.8749999999999999,0.8749999999999999,12,0.8749999999999999,60,0.8749999999999999,22,0.8648648648648648,70,0.8749999999999999,9,0.8749999999999999,57,0.8749999999999999,16,0.8749999999999999,48,0.8749999999999999,122,0.8749999999999999,309,0.8749999999999999,136,0.8849557522123893,262,0.8749999999999999,131,0.8849557522123893,241,0.8749999999999999,133,0.8749999999999999,213,0.8468468468468467,621,0.8571428571428571,1118,0.8440366972477064,617,0.8256880733944956,1231,0.8672566371681416,611,0.8363636363636364,1004,0.8571428571428571,599,0.8545454545454544,1179,0.8545454545454544,1233,0.8648648648648648,2281,0.8440366972477064,1254,0.8333333333333333,2133,0.8545454545454544,1178,0.8333333333333333,2050,0.8468468468468467,1308,0.8571428571428571,2554,0.8392857142857143,3141,0.8035714285714286,5200,0.8363636363636364,3099,0.7962962962962964,5344,0.8392857142857143,3192,0.828828828828829,5468,0.828828828828829,3142,0.7999999999999999,5592,0.7999999999999999,6229,0.7758620689655172,9198,0.7927927927927928,6260,0.8,9462,0.8073394495412844,6357,0.8035714285714286,9465,0.8141592920353982,6271,0.7747747747747746,9267,0.8070175438596492,9400,0.7857142857142856,11604,0.7652173913043478,9456,0.7787610619469026,11629,0.7787610619469026,9454,0.7787610619469026,11600,0.8,9450,0.7857142857142856,11575,0.7857142857142856,11305,0.7787610619469026,12374,0.7857142857142856,11340,0.7857142857142856,12381,0.8035714285714286,11272,0.7857142857142856,12394,0.7964601769911503,11271,0.7857142857142856,12376,0.7857142857142856,50,0.7962962962962964
235,2,52,0.9122807017543859,0.9122807017543859,12,0.9122807017543859,12,0.9122807017543859,11,0.9122807017543859,11,0.9122807017543859,9,0.9122807017543859,9,0.9122807017543859,17,0.9122807017543859,49,0.9026548672566371,133,0.9026548672566371,245,0.9122807017543859,130,0.9122807017543859,305,0.9122807017543859,115,0.9122807017543859,147,0.9122807017543859,121,0.9122807017543859,199,0.8695652173913043,637,0.8771929824561403,1149,0.8849557522123893,580,0.8849557522123893,1113,0.8928571428571428,678,0.8749999999999999,1354,0.8947368421052632,639,0.8947368421052632,1100,0.9122807017543859,1288,0.8749999999999999,2450,0.9122807017543859,1222,0.8849557522123893,2376,0.8947368421052632,1303,0.828828828828829,2338,0.8849557522123893,1257,0.8672566371681416,2349,0.8392857142857143,3228,0.8495575221238938,5521,0.8596491228070176,3126,0.8275862068965517,5222,0.8771929824561403,3114,0.8521739130434782,5291,0.8672566371681416,3127,0.8214285714285714,5349,0.8181818181818181,6345,0.7927927927927928,9236,0.7999999999999999,6202,0.7889908256880733,9273,0.8141592920353982,6299,0.8141592920353982,9116,0.8468468468468467,6317,0.7636363636363636,9120,0.8214285714285714,9412,0.7927927927927928,11578,0.8035714285714286,9466,0.7747747747747746,11621,0.7787610619469026,9428,0.7747747747747746,11661,0.831858407079646,9379,0.7964601769911503,11708,0.7747747747747746,11306,0.7747747747747746,12431,0.8035714285714286,11277,0.7747747747747746,12356,0.7747747747747746,11229,0.7747747747747746,12361,0.7857142857142856,11273,0.7747747747747746,12370,0.7747747747747746,49,0.8037383177570094
236,2,57,0.9230769230769231,0.9230769230769231,14,0.9230769230769231,30,0.9230769230769231,10,0.9230769230769231,58,0.9230769230769231,15,0.9230769230769231,47,0.9230769230769231,10,0.9230769230769231,10,0.9230769230769231,111,0.9230769230769231,159,0.9230769230769231,134,0.8888888888888888,293,0.9230769230769231,112,0.9230769230769231,207,0.9230769230769231,113,0.9230769230769231,268,0.9137931034482758,616,0.9230769230769231,1312,0.9230769230769231,658,0.8695652173913043,1286,0.9137931034482758,610,0.896551724137931,1138,0.9075630252100839,626,0.8983050847457628,1243,0.9137931034482758,1243,0.8869565217391303,2283,0.905982905982906,1277,0.8620689655172413,2365,0.896551724137931,1282,0.8521739130434782,2509,0.905982905982906,1221,0.8521739130434782,2227,0.8547008547008548,3164,0.8547008547008548,5380,0.8849557522123894,3159,0.8448275862068966,5568,0.8620689655172413,3136,0.8547008547008548,5460,0.8771929824561403,3089,0.8596491228070176,5515,0.8672566371681416,6324,0.817391304347826,9236,0.847457627118644,6364,0.8275862068965518,9451,0.864406779661017,6322,0.8034188034188033,9285,0.8495575221238938,6343,0.8495575221238938,9391,0.8347826086956521,9414,0.8421052631578948,11613,0.8347826086956521,9458,0.8205128205128205,11762,0.8205128205128205,9396,0.8347826086956521,11679,0.8347826086956521,9413,0.8347826086956521,11701,0.8245614035087719,11300,0.8347826086956521,12391,0.8347826086956521,11338,0.8347826086956521,12428,0.8448275862068966,11363,0.8347826086956521,12343,0.8596491228070176,11354,0.8347826086956521,12372,0.8347826086956521,55,0.8571428571428571
237,2,54,0.9217391304347826,0.9217391304347826,8,0.9217391304347826,8,0.9217391304347826,13,0.9217391304347826,29,0.9217391304347826,12,0.9217391304347826,12,0.9217391304347826,14,0.9217391304347826,46,0.9298245614035088,121,0.9298245614035088,217,0.9217391304347826,117,0.9217391304347826,211,0.9217391304347826,125,0.9217391304347826,316,0.9217391304347826,145,0.9217391304347826,286,0.9391304347826086,644,0.9391304347826086,1147,0.9217391304347826,611,0.8947368421052632,1242,0.9217391304347826,631,0.8947368421052632,1071,0.9298245614035088,656,0.9043478260869565,1363,0.9310344827586207,1258,0.8947368421052632,2181,0.9043478260869565,1281,0.8750000000000001,2296,0.9217391304347826,1248,0.912280701754386,2240,0.9217391304347826,1225,0.9310344827586207,2261,0.8596491228070176,3116,0.9026548672566372,5449,0.8813559322033898,3095,0.8620689655172413,5145,0.8750000000000001,3147,0.8596491228070176,5475,0.8947368421052632,3178,0.8849557522123893,5317,0.8495575221238939,6281,0.8288288288288288,9263,0.8275862068965518,6343,0.8672566371681416,9140,0.7964601769911505,6287,0.8070175438596491,9082,0.8495575221238939,6289,0.8392857142857142,9192,0.8571428571428571,9418,0.8392857142857142,11730,0.8392857142857142,9537,0.8672566371681416,11744,0.7999999999999999,9377,0.8392857142857142,11627,0.8648648648648649,9366,0.8571428571428571,11654,0.8392857142857142,11340,0.8392857142857142,12377,0.8571428571428571,11262,0.8392857142857142,12332,0.8571428571428571,11285,0.8392857142857142,12382,0.8571428571428571,11303,0.8392857142857142,12361,0.8392857142857142,51,0.8518518518518519
238,2,54,0.9298245614035088,0.9298245614035088,6,0.9298245614035088,6,0.9298245614035088,14,0.9298245614035088,46,0.9298245614035088,11,0.9298245614035088,43,0.9298245614035088,10,0.9298245614035088,26,0.9298245614035088,137,0.9203539823008849,264,0.9298245614035088,146,0.9203539823008849,336,0.9298245614035088,111,0.9298245614035088,209,0.9298245614035088,104,0.9298245614035088,245,0.9298245614035088,619,0.9391304347826087,1165,0.9203539823008849,607,0.9203539823008849,1245,0.9298245614035088,614,0.912280701754386,1087,0.9203539823008849,609,0.9203539823008849,1204,0.9043478260869566,1296,0.9043478260869566,2220,0.9043478260869566,1286,0.9043478260869566,2460,0.9391304347826087,1237,0.905982905982906,2421,0.9298245614035088,1245,0.912280701754386,2288,0.8739495798319329,3083,0.8448275862068966,5325,0.9310344827586207,3223,0.8318584070796461,5739,0.9107142857142857,3196,0.9043478260869566,5487,0.9298245614035088,3129,0.8869565217391303,5441,0.8545454545454546,6231,0.8545454545454546,9187,0.8849557522123894,6295,0.8749999999999999,9432,0.9026548672566371,6339,0.8648648648648648,9199,0.8947368421052632,6261,0.8495575221238938,9363,0.8672566371681416,9380,0.8495575221238938,11537,0.8695652173913043,9446,0.8672566371681416,11664,0.8571428571428571,9491,0.8495575221238938,11644,0.8495575221238938,9420,0.8495575221238938,11758,0.8495575221238938,11320,0.8495575221238938,12358,0.8571428571428571,11306,0.8495575221238938,12378,0.8571428571428571,11298,0.8495575221238938,12371,0.8318584070796461,11319,0.8495575221238938,12333,0.8495575221238938,53,0.8545454545454546
239,2,56,0.923076923076923,0.923076923076923,10,0.923076923076923,26,0.923076923076923,9,0.923076923076923,25,0.923076923076923,9,0.923076923076923,9,0.923076923076923,7,0.923076923076923,7,0.9137931034482758,108,0.9137931034482758,232,0.9137931034482758,115,0.9137931034482758,211,0.923076923076923,134,0.923076923076923,276,0.923076923076923,116,0.923076923076923,226,0.9137931034482758,601,0.8983050847457625,1040,0.9137931034482758,645,0.9137931034482758,1164,0.9310344827586207,621,0.923076923076923,1060,0.923076923076923,618,0.923076923076923,1065,0.923076923076923,1313,0.923076923076923,2489,0.8347826086956522,1217,0.8421052631578947,2412,0.9137931034482758,1276,0.8869565217391304,2404,0.923076923076923,1238,0.923076923076923,2244,0.8750000000000001,3181,0.8571428571428571,5343,0.912280701754386,3124,0.9043478260869565,5260,0.9026548672566372,3059,0.8771929824561403,5157,0.8672566371681416,3078,0.8468468468468469,5303,0.8521739130434782,6299,0.8392857142857142,9195,0.8695652173913043,6271,0.8596491228070176,9159,0.8214285714285715,6286,0.8495575221238939,9071,0.8672566371681416,6239,0.8596491228070176,9200,0.8392857142857142,9412,0.8392857142857142,11638,0.8596491228070176,9357,0.8672566371681416,11596,0.8392857142857142,9439,0.8468468468468469,11602,0.8495575221238939,9493,0.8468468468468469,11666,0.8392857142857142,11304,0.8468468468468469,12350,0.8571428571428571,11320,0.8468468468468469,12387,0.8468468468468469,11300,0.8468468468468469,12382,0.8571428571428571,11310,0.8468468468468469,12392,0.8468468468468469,50,0.8440366972477064
240,2,53,0.8947368421052632,0.8947368421052632,9,0.8947368421052632,41,0.8947368421052632,13,0.8947368421052632,13,0.8947368421052632,10,0.8947368421052632,26,0.8947368421052632,11,0.8947368421052632,11,0.9026548672566372,139,0.9026548672566372,267,0.8849557522123893,114,0.8849557522123893,226,0.8947368421052632,133,0.8947368421052632,228,0.8947368421052632,127,0.8947368421052632,239,0.9026548672566372,602,0.8928571428571428,1008,0.8771929824561403,655,0.8672566371681416,1207,0.9026548672566372,630,0.9026548672566372,1142,0.8750000000000001,638,0.8750000000000001,1169,0.8849557522123893,1234,0.8849557522123893,2606,0.8672566371681416,1188,0.8672566371681416,2132,0.8750000000000001,1273,0.8703703703703703,2386,0.8947368421052632,1272,0.8288288288288288,2137,0.8495575221238939,3208,0.8392857142857142,5370,0.8623853211009173,3117,0.8301886792452831,5394,0.8727272727272727,3192,0.8648648648648649,5303,0.8545454545454545,3153,0.8440366972477064,5502,0.8440366972477064,6175,0.8518518518518519,9268,0.8148148148148149,6257,0.8411214953271028,9184,0.8073394495412843,6323,0.8073394495412843,9253,0.882882882882883,6308,0.8363636363636363,9294,0.8468468468468469,9444,0.8288288288288288,11718,0.8545454545454545,9514,0.8392857142857142,11769,0.8440366972477064,9442,0.8288288288288288,11664,0.8380952380952381,9421,0.8363636363636363,11686,0.8363636363636363,11313,0.8288288288288288,12361,0.8288288288288288,11320,0.8288288288288288,12385,0.8288288288288288,11317,0.8288288288288288,12348,0.8363636363636363,11312,0.8288288288288288,12410,0.8288288288288288,50,0.8269230769230769
241,2,55,0.8717948717948718,0.8717948717948718,17,0.8717948717948718,33,0.8717948717948718,13,0.8717948717948718,13,0.8717948717948718,16,0.8717948717948718,32,0.8717948717948718,12,0.8717948717948718,12,0.8793103448275862,140,0.8793103448275862,236,0.8717948717948718,128,0.8717948717948718,286,0.8717948717948718,132,0.8717948717948718,226,0.8717948717948718,123,0.8888888888888888,297,0.8620689655172414,640,0.8620689655172414,1171,0.8717948717948718,601,0.8620689655172414,1120,0.8717948717948718,568,0.8620689655172414,1088,0.8717948717948718,652,0.8717948717948718,1484,0.8695652173913043,1270,0.8448275862068966,2439,0.8103448275862069,1213,0.8275862068965517,2304,0.8403361344537815,1285,0.8376068376068375,2432,0.8547008547008547,1215,0.8547008547008547,2291,0.8596491228070176,3113,0.8521739130434782,5345,0.8717948717948718,3172,0.8032786885245902,5442,0.8521739130434782,3171,0.831858407079646,5417,0.8245614035087719,3087,0.828828828828829,5534,0.8620689655172414,6226,0.8275862068965517,9364,0.8034188034188033,6331,0.8596491228070176,9256,0.8103448275862069,6204,0.8347826086956522,9132,0.8547008547008547,6326,0.8245614035087719,9317,0.8135593220338982,9441,0.8347826086956522,11603,0.8495575221238938,9493,0.8596491228070176,11753,0.8521739130434782,9456,0.8421052631578947,11603,0.8347826086956522,9401,0.8521739130434782,11589,0.8771929824561403,11226,0.8521739130434782,12363,0.8495575221238938,11249,0.8596491228070176,12368,0.8495575221238938,11300,0.8596491228070176,12380,0.8521739130434782,11312,0.8521739130434782,12370,0.8596491228070176,52,0.8468468468468467
242,2,51,0.890909090909091,0.890909090909091,15,0.890909090909091,63,0.890909090909091,8,0.890909090909091,24,0.890909090909091,13,0.890909090909091,13,0.890909090909091,11,0.890909090909091,11,0.8807339449541285,112,0.8807339449541285,255,0.890909090909091,127,0.890909090909091,303,0.890909090909091,141,0.890909090909091,251,0.890909090909091,109,0.890909090909091,189,0.8990825688073395,648,0.8990825688073395,1061,0.8807339449541285,624,0.8727272727272728,1267,0.890909090909091,595,0.890909090909091,1108,0.890909090909091,648,0.8807339449541285,1384,0.890909090909091,1337,0.8148148148148148,2404,0.8727272727272728,1274,0.8411214953271028,2400,0.890909090909091,1236,0.890909090909091,2217,0.890909090909091,1230,0.8727272727272728,1943,0.8807339449541285,3118,0.8363636363636364,5180,0.8623853211009174,3148,0.8623853211009174,5362,0.8363636363636364,3231,0.8440366972477064,5460,0.8807339449541285,3252,0.8108108108108109,5538,0.8545454545454545,6285,0.8333333333333333,9304,0.8807339449541285,6244,0.8073394495412843,9279,0.8035714285714285,6193,0.8214285714285715,8998,0.8440366972477064,6247,0.8440366972477064,9322,0.8440366972477064,9381,0.8440366972477064,11586,0.8598130841121496,9523,0.8440366972477064,11612,0.8440366972477064,9357,0.8181818181818181,11527,0.8181818181818181,9366,0.8256880733944953,11674,0.8440366972477064,11318,0.8440366972477064,12388,0.8440366972477064,11329,0.8440366972477064,12325,0.8440366972477064,11277,0.8256880733944953,12362,0.8440366972477064,11336,0.8256880733944953,12364,0.8440366972477064,50,0.8380952380952381
243,2,51,0.909090909090909,0.909090909090909,13,0.909090909090909,45,0.909090909090909,12,0.909090909090909,12,0.909090909090909,17,0.909090909090909,17,0.909090909090909,15,0.909090909090909,15,0.909090909090909,109,0.909090909090909,171,0.909090909090909,143,0.909090909090909,204,0.909090909090909,132,0.909090909090909,196,0.909090909090909,140,0.909090909090909,300,0.9174311926605504,622,0.9174311926605504,1259,0.888888888888889,644,0.888888888888889,1385,0.9074074074074074,621,0.9074074074074074,1069,0.8990825688073395,628,0.890909090909091,1149,0.9074074074074074,1265,0.9174311926605504,2111,0.909090909090909,1237,0.8990825688073395,2211,0.890909090909091,1238,0.890909090909091,2139,0.888888888888889,1256,0.8598130841121496,2395,0.8490566037735849,3111,0.8269230769230769,5412,0.8807339449541285,3160,0.8623853211009174,5366,0.8411214953271028,3150,0.8545454545454545,5266,0.8679245283018868,3144,0.8785046728971962,5351,0.8518518518518519,6298,0.8703703703703702,9377,0.819047619047619,6281,0.8490566037735849,9268,0.888888888888889,6284,0.8727272727272728,9250,0.888888888888889,6285,0.8490566037735849,9292,0.8411214953271028,9392,0.888888888888889,11602,0.8703703703703702,9373,0.8598130841121496,11666,0.8468468468468469,9340,0.8703703703703702,11571,0.8490566037735849,9394,0.8703703703703702,11656,0.8363636363636364,11364,0.8703703703703702,12377,0.8518518518518519,11266,0.8703703703703702,12362,0.8679245283018868,11267,0.8703703703703702,12329,0.8623853211009174,11285,0.8703703703703702,12388,0.8703703703703702,49,0.8269230769230769
244,2,54,0.9217391304347826,0.9217391304347826,12,0.9217391304347826,44,0.9217391304347826,12,0.9217391304347826,12,0.9217391304347826,4,0.9217391304347826,4,0.9217391304347826,10,0.9217391304347826,10,0.9217391304347826,117,0.9391304347826086,291,0.9217391304347826,125,0.9137931034482758,252,0.9217391304347826,115,0.9217391304347826,210,0.9298245614035088,115,0.9298245614035088,179,0.9217391304347826,619,0.9310344827586207,1111,0.9298245614035088,594,0.9298245614035088,1177,0.912280701754386,641,0.9298245614035088,1312,0.9217391304347826,667,0.9043478260869565,1182,0.9217391304347826,1222,0.9043478260869565,2311,0.8771929824561403,1208,0.8849557522123893,2246,0.9298245614035088,1246,0.8947368421052632,2255,0.8965517241379309,1286,0.912280701754386,2496,0.9026548672566372,3205,0.8596491228070176,5501,0.8421052631578947,3178,0.8620689655172413,5257,0.9043478260869565,3164,0.9217391304347826,5328,0.8347826086956522,3132,0.8521739130434782,5280,0.8947368421052632,6288,0.8347826086956522,9102,0.9203539823008848,6254,0.8288288288288288,9287,0.8750000000000001,6263,0.8623853211009173,9126,0.8495575221238939,6347,0.8571428571428571,9461,0.8495575221238939,9467,0.8571428571428571,11755,0.8545454545454545,9421,0.8545454545454545,11629,0.8750000000000001,9318,0.882882882882883,11604,0.8623853211009173,9465,0.8468468468468469,11723,0.8392857142857142,11290,0.8468468468468469,12375,0.8468468468468469,11264,0.8392857142857142,12354,0.8727272727272727,11295,0.8468468468468469,12359,0.8448275862068965,11342,0.8750000000000001,12415,0.8468468468468469,50,0.8623853211009173
245,2,54,0.9310344827586207,0.9310344827586207,10,0.9310344827586207,10,0.9310344827586207,13,0.9310344827586207,13,0.9310344827586207,8,0.9310344827586207,8,0.9310344827586207,16,0.9310344827586207,48,0.9310344827586207,130,0.9310344827586207,178,0.9310344827586207,105,0.9310344827586207,217,0.9310344827586207,149,0.9310344827586207,292,0.9137931034482759,130,0.9137931034482759,146,0.923076923076923,646,0.8813559322033899,1164,0.9310344827586207,574,0.9310344827586207,969,0.9310344827586207,618,0.9310344827586207,1373,0.9137931034482759,627,0.9310344827586207,1126,0.9217391304347826,1217,0.9217391304347826,2196,0.923076923076923,1274,0.923076923076923,2420,0.9137931034482759,1244,0.8888888888888888,2559,0.9217391304347826,1288,0.8947368421052632,2550,0.9043478260869565,3153,0.8571428571428571,5293,0.9122807017543859,3097,0.9122807017543859,5239,0.896551724137931,3125,0.8141592920353982,5404,0.9043478260869565,3171,0.8849557522123893,5328,0.8245614035087719,6259,0.7894736842105263,9049,0.8749999999999999,6261,0.828828828828829,9427,0.831858407079646,6321,0.8495575221238938,9452,0.8672566371681416,6372,0.8245614035087719,9293,0.8521739130434782,9343,0.8571428571428571,11596,0.8571428571428571,9437,0.8392857142857143,11635,0.8571428571428571,9414,0.8468468468468467,11583,0.8392857142857143,9420,0.831858407079646,11667,0.8468468468468467,11312,0.8468468468468467,12308,0.8571428571428571,11289,0.8468468468468467,12410,0.8571428571428571,11344,0.8648648648648648,12390,0.8468468468468467,11272,0.8392857142857143,12365,0.8468468468468467,49,0.8333333333333333
246,2,55,0.8965517241379309,0.8965517241379309,18,0.8965517241379309,66,0.8965517241379309,8,0.8965517241379309,56,0.8965517241379309,13,0.8965517241379309,29,0.8965517241379309,13,0.8965517241379309,13,0.8965517241379309,130,0.8965517241379309,306,0.8965517241379309,126,0.8965517241379309,269,0.8965517241379309,133,0.8965517241379309,258,0.8965517241379309,126,0.8695652173913043,253,0.8965517241379309,645,0.8965517241379309,1133,0.8869565217391304,619,0.8869565217391304,1093,0.888888888888889,615,0.8695652173913043,1239,0.9059829059829059,614,0.8965517241379309,1080,0.8965517241379309,1276,0.8717948717948717,2298,0.8813559322033898,1229,0.8547008547008548,2232,0.8793103448275862,1255,0.8245614035087719,2398,0.8869565217391304,1280,0.8596491228070176,2299,0.8869565217391304,3116,0.8495575221238939,5188,0.8869565217391304,3145,0.8421052631578947,5541,0.8205128205128205,3222,0.817391304347826,5509,0.8813559322033898,3196,0.8448275862068965,5503,0.7927927927927928,6237,0.8181818181818182,9411,0.8108108108108109,6219,0.8108108108108109,9216,0.8108108108108109,6268,0.8214285714285715,9295,0.7927927927927928,6273,0.7962962962962963,9304,0.8035714285714285,9488,0.8181818181818182,11652,0.8108108108108109,9493,0.8,11634,0.8181818181818182,9344,0.8181818181818182,11590,0.8148148148148149,9464,0.8181818181818182,11709,0.8108108108108109,11346,0.8181818181818182,12413,0.8288288288288288,11337,0.8363636363636363,12419,0.8181818181818182,11311,0.8181818181818182,12368,0.8288288288288288,11336,0.8181818181818182,12344,0.8181818181818182,49,0.822429906542056
247,2,54,0.9203539823008849,0.9203539823008849,6,0.9203539823008849,6,0.9203539823008849,4,0.9203539823008849,4,0.9203539823008849,15,0.9203539823008849,15,0.9203539823008849,14,0.9203539823008849,14,0.9203539823008849,136,0.9203539823008849,216,0.9203539823008849,116,0.9203539823008849,243,0.9203539823008849,104,0.9203539823008849,230,0.9203539823008849,114,0.9203539823008849,193,0.9380530973451328,619,0.909090909090909,1317,0.9298245614035089,669,0.9203539823008849,1288,0.9298245614035089,611,0.9298245614035089,1204,0.9107142857142857,630,0.9107142857142857,1340,0.9203539823008849,1238,0.8623853211009174,2262,0.9107142857142857,1211,0.888888888888889,2240,0.875,1272,0.890909090909091,2343,0.909090909090909,1268,0.909090909090909,2470,0.875,3096,0.8545454545454545,5209,0.9203539823008849,3102,0.8288288288288288,5537,0.9026548672566371,3086,0.8828828828828829,5433,0.918918918918919,3122,0.8828828828828829,5373,0.8468468468468469,6214,0.7927927927927929,9202,0.8288288288288288,6249,0.8256880733944953,9164,0.8518518518518519,6318,0.8411214953271028,9213,0.890909090909091,6332,0.8468468468468469,9449,0.8035714285714285,9468,0.8648648648648649,11651,0.8333333333333333,9494,0.8545454545454545,11678,0.8288288288288288,9397,0.8363636363636364,11614,0.8440366972477064,9358,0.8333333333333333,11543,0.8256880733944953,11309,0.8648648648648649,12401,0.8440366972477064,11307,0.8648648648648649,12342,0.8363636363636364,11314,0.8648648648648649,12360,0.8545454545454545,11305,0.8648648648648649,12387,0.8648648648648649,52,0.8301886792452831
248,2,52,0.9107142857142857,0.9107142857142857,15,0.9107142857142857,31,0.9107142857142857,14,0.9107142857142857,14,0.9107142857142857,15,0.9107142857142857,15,0.9107142857142857,11,0.9107142857142857,27,0.9203539823008849,134,0.9107142857142857,293,0.9107142857142857,136,0.9107142857142857,247,0.9107142857142857,111,0.9107142857142857,190,0.9009009009009009,108,0.9009009009009009,218,0.9107142857142857,639,0.9107142857142857,1140,0.9009009009009009,612,0.9009009009009009,1076,0.9090909090909091,634,0.9009009009009009,1011,0.9009009009009009,634,0.8727272727272728,1290,0.9090909090909091,1237,0.9009009009009009,2342,0.9285714285714286,1210,0.9189189189189189,2229,0.9107142857142857,1191,0.9107142857142857,2205,0.882882882882883,1256,0.8749999999999999,2494,0.8545454545454546,3103,0.8440366972477065,5242,0.8749999999999999,3111,0.8545454545454546,5310,0.9009009009009009,3084,0.9107142857142857,4902,0.9189189189189189,3167,0.8411214953271028,5211,0.8703703703703703,6202,0.7889908256880733,9260,0.8440366972477065,6363,0.822429906542056,9300,0.8598130841121495,6282,0.8333333333333334,9212,0.8288288288288289,6248,0.8363636363636363,9421,0.8333333333333334,9413,0.8411214953271028,11655,0.7962962962962963,9360,0.8333333333333334,11642,0.8518518518518519,9431,0.8333333333333334,11592,0.8288288288288289,9461,0.8411214953271028,11696,0.8256880733944955,11284,0.8411214953271028,12364,0.8301886792452831,11299,0.8411214953271028,12328,0.8411214953271028,11265,0.8411214953271028,12395,0.849056603773585,11300,0.8411214953271028,12347,0.8411214953271028,47,0.838095238095238
249,2,54,0.9380530973451328,0.9380530973451328,11,0.9380530973451328,43,0.9380530973451328,14,0.9380530973451328,30,0.9380530973451328,8,0.9380530973451328,8,0.9380530973451328,17,0.9380530973451328,49,0.9380530973451328,130,0.9380530973451328,209,0.9380530973451328,114,0.9380530973451328,320,0.9380530973451328,112,0.9203539823008849,224,0.9380530973451328,134,0.9380530973451328,278,0.9380530973451328,640,0.918918918918919,1389,0.9380530973451328,601,0.9380530973451328,1114,0.9380530973451328,610,0.9285714285714285,1287,0.9285714285714285,598,0.9174311926605504,1056,0.9380530973451328,1304,0.9464285714285715,2382,0.918918918918919,1218,0.8679245283018868,2427,0.9285714285714285,1314,0.936936936936937,2465,0.918918918918919,1280,0.918918918918919,2442,0.8990825688073395,3052,0.8679245283018868,5154,0.9107142857142857,3106,0.8440366972477064,5694,0.890909090909091,3090,0.857142857142857,5175,0.909090909090909,3122,0.9074074074074074,5197,0.8623853211009174,6241,0.857142857142857,9290,0.8598130841121496,6315,0.8411214953271028,9326,0.8867924528301886,6323,0.8543689320388349,9132,0.8411214953271028,6175,0.8333333333333333,8960,0.822429906542056,9375,0.8301886792452831,11654,0.857142857142857,9427,0.8461538461538463,11717,0.8333333333333333,9463,0.857142857142857,11804,0.8411214953271028,9482,0.8461538461538463,11702,0.8380952380952381,11223,0.8461538461538463,12387,0.8461538461538463,11313,0.8461538461538463,12325,0.8461538461538463,11358,0.8461538461538463,12338,0.8461538461538463,11342,0.8461538461538463,12406,0.8461538461538463,45,0.8653846153846153
250,2,53,0.9203539823008849,0.9203539823008849,7,0.9203539823008849,7,0.9203539823008849,17,0.9203539823008849,33,0.9203539823008849,10,0.9203539823008849,26,0.9203539823008849,12,0.9203539823008849,28,0.9107142857142857,136,0.9107142857142857,200,0.9203539823008849,128,0.8928571428571429,224,0.9203539823008849,137,0.9107142857142857,296,0.9026548672566371,142,0.9026548672566371,238,0.890909090909091,624,0.882882882882883,1308,0.9203539823008849,620,0.9203539823008849,1095,0.9203539823008849,545,0.9203539823008849,1034,0.9026548672566371,610,0.9026548672566371,1103,0.8928571428571429,1232,0.8749999999999999,2190,0.9203539823008849,1218,0.890909090909091,2306,0.9107142857142857,1267,0.8727272727272728,2430,0.9009009009009009,1251,0.8727272727272728,2375,0.8411214953271028,2994,0.8076923076923077,5017,0.890909090909091,3099,0.8518518518518519,5297,0.8928571428571429,3119,0.7818181818181817,5504,0.890909090909091,3135,0.8440366972477065,5437,0.8623853211009175,6370,0.8076923076923077,9341,0.8037383177570094,6349,0.7884615384615384,9109,0.7850467289719626,6331,0.7843137254901961,9240,0.8190476190476191,6334,0.7735849056603774,9071,0.822429906542056,9372,0.8,11590,0.803921568627451,9508,0.7766990291262136,11625,0.7809523809523808,9365,0.7766990291262136,11636,0.766355140186916,9385,0.7843137254901961,11607,0.7843137254901961,11334,0.7766990291262136,12383,0.7692307692307692,11278,0.7692307692307692,12342,0.7766990291262136,11293,0.7766990291262136,12360,0.7843137254901961,11219,0.7766990291262136,12384,0.7766990291262136,43,0.7572815533980582
251,2,52,0.9026548672566372,0.912280701754386,13,0.912280701754386,13,0.9026548672566372,17,0.9026548672566372,17,0.9026548672566372,17,0.9026548672566372,65,0.9026548672566372,14,0.9026548672566372,14,0.912280701754386,123,0.912280701754386,233,0.9026548672566372,127,0.9026548672566372,298,0.9026548672566372,129,0.9026548672566372,225,0.912280701754386,147,0.912280701754386,259,0.8928571428571428,629,0.8750000000000001,1289,0.912280701754386,643,0.912280701754386,1158,0.912280701754386,663,0.9026548672566372,1294,0.9026548672566372,666,0.8928571428571428,1202,0.8727272727272727,1286,0.822429906542056,2360,0.8928571428571428,1293,0.882882882882883,2429,0.882882882882883,1262,0.9026548672566372,2272,0.9026548672566372,1285,0.8620689655172413,2354,0.8256880733944955,3201,0.8181818181818182,5431,0.8468468468468469,3140,0.8108108108108109,5594,0.8727272727272727,3091,0.7706422018348624,5125,0.8750000000000001,3137,0.8148148148148149,5545,0.8333333333333334,6325,0.7927927927927928,9345,0.8148148148148149,6275,0.7777777777777777,9126,0.8518518518518519,6322,0.8288288288288288,9073,0.8333333333333334,6327,0.7964601769911505,9306,0.7636363636363637,9408,0.7889908256880733,11591,0.7358490566037736,9334,0.7962962962962963,11646,0.8148148148148149,9419,0.7850467289719626,11601,0.7818181818181819,9461,0.8,11721,0.7777777777777777,11285,0.7777777777777777,12366,0.7777777777777777,11241,0.7777777777777777,12332,0.7747747747747747,11341,0.7777777777777777,12356,0.7735849056603773,11320,0.7777777777777777,12392,0.7777777777777777,47,0.7766990291262135
252,2,48,0.8846153846153847,0.8846153846153847,12,0.8846153846153847,28,0.8846153846153847,13,0.8846153846153847,29,0.8846153846153847,18,0.8846153846153847,34,0.8846153846153847,12,0.8846153846153847,28,0.8846153846153847,124,0.8846153846153847,219,0.8846153846153847,120,0.8952380952380952,247,0.8846153846153847,137,0.8846153846153847,265,0.8952380952380952,128,0.8846153846153847,287,0.8846153846153847,641,0.8846153846153847,1250,0.8846153846153847,619,0.8846153846153847,1171,0.8846153846153847,664,0.8846153846153847,1136,0.8846153846153847,571,0.8761904761904763,1008,0.8952380952380952,1325,0.819047619047619,2311,0.8846153846153847,1220,0.8461538461538461,2032,0.8461538461538461,1258,0.8235294117647057,2317,0.8952380952380952,1276,0.8761904761904763,2345,0.8703703703703703,3178,0.8490566037735849,5717,0.830188679245283,3195,0.8349514563106796,5667,0.838095238095238,3201,0.7999999999999999,5764,0.8737864077669905,3182,0.8653846153846154,5366,0.8235294117647057,6182,0.7884615384615384,9151,0.792079207920792,6255,0.7961165048543688,9229,0.854368932038835,6323,0.8039215686274508,9323,0.7961165048543688,6288,0.8039215686274508,9299,0.7809523809523811,9301,0.8039215686274508,11649,0.8118811881188118,9367,0.7843137254901961,11599,0.8,9257,0.792079207920792,11582,0.7647058823529412,9488,0.792079207920792,11679,0.792079207920792,11349,0.792079207920792,12373,0.8155339805825244,11279,0.792079207920792,12367,0.7722772277227722,11359,0.792079207920792,12365,0.7961165048543688,11380,0.7843137254901961,12380,0.792079207920792,45,0.8316831683168316
253,2,42,0.836734693877551,0.836734693877551,16,0.836734693877551,16,0.836734693877551,10,0.836734693877551,10,0.836734693877551,13,0.836734693877551,29,0.836734693877551,5,0.836734693877551,5,0.836734693877551,116,0.836734693877551,276,0.836734693877551,132,0.836734693877551,305,0.836734693877551,129,0.836734693877551,334,0.836734693877551,120,0.836734693877551,228,0.8484848484848485,626,0.8484848484848485,1209,0.836734693877551,626,0.836734693877551,1096,0.8484848484848485,614,0.8484848484848485,1008,0.8484848484848485,637,0.8484848484848485,1191,0.8247422680412371,1243,0.836734693877551,2331,0.8484848484848485,1210,0.8484848484848485,2198,0.836734693877551,1291,0.86,2570,0.8484848484848485,1282,0.836734693877551,2400,0.8041237113402062,3142,0.7799999999999999,5463,0.8484848484848485,3095,0.8118811881188118,5387,0.8247422680412371,3144,0.8247422680412371,5259,0.8041237113402062,3163,0.7959183673469388,5333,0.7916666666666667,6319,0.7835051546391752,9324,0.7789473684210526,6281,0.75,9303,0.7789473684210526,6335,0.7755102040816326,9372,0.7446808510638298,6210,0.7789473684210526,9194,0.7916666666666667,9393,0.7835051546391752,11639,0.7916666666666667,9418,0.7551020408163266,11647,0.7916666666666667,9485,0.7676767676767676,11661,0.7755102040816326,9354,0.7346938775510204,11557,0.7755102040816326,11319,0.7628865979381443,12418,0.7708333333333333,11301,0.7708333333333333,12355,0.7755102040816326,11321,0.7628865979381443,12362,0.7789473684210526,11321,0.7628865979381443,12414,0.7628865979381443,41,0.7956989247311829
254,2,43,0.7959183673469388,0.7959183673469388,15,0.7959183673469388,31,0.7959183673469388,11,0.7959183673469388,11,0.7959183673469388,10,0.7959183673469388,26,0.8163265306122448,9,0.8163265306122448,9,0.7959183673469388,142,0.7959183673469388,377,0.7959183673469388,127,0.7959183673469388,191,0.7959183673469388,131,0.7959183673469388,243,0.7959183673469388,130,0.7959183673469388,242,0.8163265306122448,619,0.8163265306122448,1232,0.8080808080808082,630,0.8080808080808082,1273,0.7959183673469388,617,0.7959183673469388,1080,0.8041237113402062,630,0.7959183673469388,1223,0.8041237113402062,1257,0.8041237113402062,2265,0.7708333333333333,1309,0.7708333333333333,2362,0.8163265306122448,1289,0.7835051546391754,2725,0.8041237113402062,1333,0.7628865979381443,2367,0.7422680412371134,3171,0.7157894736842104,5497,0.8041237113402062,3200,0.7578947368421052,5236,0.7878787878787878,3141,0.7368421052631579,5368,0.7878787878787878,3087,0.7599999999999999,5229,0.7551020408163266,6274,0.7346938775510204,9323,0.7422680412371134,6308,0.7083333333333334,9203,0.7578947368421052,6263,0.7291666666666666,9122,0.7800000000000001,6370,0.7200000000000001,9499,0.7291666666666666,9462,0.6875,11677,0.7083333333333334,9364,0.6947368421052632,11560,0.7157894736842104,9363,0.6947368421052632,11593,0.723404255319149,9445,0.6875,11716,0.7083333333333334,11273,0.6947368421052632,12398,0.6947368421052632,11317,0.6947368421052632,12373,0.6875,11249,0.6947368421052632,12328,0.6804123711340206,11300,0.6947368421052632,12365,0.6947368421052632,40,0.7368421052631579
255,2,47,0.88,0.88,17,0.88,33,0.88,8,0.88,24,0.88,17,0.88,49,0.888888888888889,13,0.888888888888889,13,0.88,120,0.88,183,0.88,124,0.88,218,0.88,127,0.88,268,0.888888888888889,141,0.888888888888889,330,0.9,612,0.888888888888889,1193,0.8686868686868686,623,0.888888888888889,1139,0.8571428571428572,626,0.8571428571428572,1153,0.8686868686868686,655,0.8775510204081634,1202,0.8979591836734695,1276,0.9,2293,0.8910891089108911,1326,0.9,2552,0.888888888888889,1235,0.9,2240,0.88,1283,0.8453608247422681,2431,0.8453608247422681,3166,0.8400000000000001,5331,0.8484848484848485,3105,0.7722772277227722,5135,0.8600000000000001,3136,0.8571428571428572,5400,0.9,3102,0.865979381443299,5608,0.8247422680412373,6244,0.8333333333333334,9258,0.8571428571428572,6245,0.7959183673469387,9295,0.88,6352,0.8571428571428572,9391,0.7962962962962964,6311,0.811881188118812,9423,0.8367346938775511,9385,0.8210526315789474,11616,0.8210526315789474,9442,0.8247422680412373,11671,0.8484848484848485,9398,0.8333333333333334,11701,0.8333333333333334,9434,0.8247422680412373,11613,0.8333333333333334,11332,0.8247422680412373,12360,0.8163265306122449,11355,0.8247422680412373,12372,0.8247422680412373,11338,0.8247422680412373,12383,0.8453608247422681,11338,0.8247422680412373,12386,0.8247422680412373,44,0.8172043010752688
256,2,48,0.8737864077669902,0.8737864077669902,13,0.8737864077669902,13,0.8737864077669902,22,0.8737864077669902,54,0.8737864077669902,14,0.8737864077669902,46,0.8737864077669902,9,0.8737864077669902,41,0.8737864077669902,138,0.8846153846153846,296,0.8737864077669902,136,0.8737864077669902,199,0.8737864077669902,131,0.8737864077669902,211,0.8846153846153846,115,0.8846153846153846,227,0.8737864077669902,614,0.8846153846153846,1226,0.8952380952380952,634,0.8952380952380952,1107,0.8952380952380952,630,0.8846153846153846,1184,0.8846153846153846,630,0.8846153846153846,1301,0.8737864077669902,1289,0.8349514563106797,2467,0.854368932038835,1271,0.8737864077669902,2299,0.8737864077669902,1253,0.8653846153846154,2217,0.8823529411764706,1229,0.8712871287128713,2415,0.8431372549019609,3221,0.8514851485148516,5327,0.854368932038835,3180,0.8627450980392157,5433,0.8823529411764706,3144,0.84,5228,0.8712871287128713,3079,0.8846153846153846,5255,0.8461538461538463,6381,0.854368932038835,9446,0.8163265306122448,6324,0.8367346938775511,9206,0.8431372549019609,6252,0.8235294117647058,9262,0.8282828282828283,6331,0.8282828282828283,9378,0.845360824742268,9386,0.8282828282828283,11502,0.84,9436,0.8627450980392157,11567,0.8349514563106797,9471,0.8514851485148516,11711,0.8282828282828283,9469,0.8431372549019609,11648,0.8316831683168316,11274,0.84,12314,0.854368932038835,11286,0.8514851485148516,12357,0.86,11295,0.8514851485148516,12371,0.8200000000000001,11307,0.84,12401,0.8514851485148516,46,0.8041237113402062
257,2,46,0.8200000000000001,0.8200000000000001,13,0.8200000000000001,13,0.8200000000000001,9,0.8200000000000001,25,0.8200000000000001,14,0.8200000000000001,30,0.8200000000000001,11,0.8200000000000001,11,0.8118811881188118,123,0.8118811881188118,266,0.8200000000000001,115,0.8200000000000001,194,0.8200000000000001,141,0.8200000000000001,284,0.8200000000000001,104,0.8200000000000001,264,0.808080808080808,624,0.808080808080808,1127,0.8163265306122449,641,0.8163265306122449,1119,0.8118811881188118,604,0.7999999999999999,1242,0.8163265306122449,640,0.8163265306122449,1277,0.808080808080808,1204,0.808080808080808,2075,0.808080808080808,1198,0.808080808080808,2307,0.7959183673469388,1260,0.8200000000000001,2175,0.84,1228,0.84,2375,0.836734693877551,3194,0.75,5338,0.84,3137,0.7474747474747475,5174,0.8163265306122449,3135,0.7835051546391752,5316,0.8200000000000001,3161,0.7835051546391752,5257,0.7878787878787877,6270,0.7628865979381443,9180,0.78,6334,0.7216494845360826,9508,0.76,6322,0.7346938775510203,9266,0.7368421052631579,6264,0.7474747474747475,8980,0.6990291262135923,9439,0.7272727272727272,11639,0.7142857142857143,9415,0.7291666666666669,11672,0.75,9447,0.7291666666666669,11709,0.7551020408163266,9479,0.7346938775510203,11592,0.7346938775510203,11292,0.7346938775510203,12352,0.707070707070707,11334,0.7346938775510203,12377,0.7551020408163266,11299,0.7474747474747475,12354,0.7142857142857143,11295,0.7422680412371134,12367,0.7346938775510203,44,0.7368421052631579
258,2,42,0.8247422680412371,0.8247422680412371,10,0.8247422680412371,26,0.8247422680412371,17,0.8247422680412371,49,0.8247422680412371,11,0.8247422680412371,11,0.8247422680412371,12,0.8247422680412371,12,0.8247422680412371,107,0.8247422680412371,282,0.8247422680412371,122,0.8247422680412371,298,0.8247422680412371,137,0.8085106382978723,329,0.8247422680412371,115,0.8247422680412371,195,0.8125,661,0.8247422680412371,1270,0.7916666666666667,619,0.7916666666666667,1061,0.8163265306122448,657,0.8282828282828283,1264,0.8247422680412371,613,0.8247422680412371,1135,0.8210526315789474,1225,0.8085106382978723,2489,0.8247422680412371,1292,0.8247422680412371,2231,0.8163265306122448,1317,0.8041237113402062,2331,0.8125,1276,0.8041237113402062,2334,0.8,3169,0.8163265306122448,5414,0.8210526315789474,3098,0.7916666666666667,5130,0.8247422680412371,3085,0.8484848484848485,5193,0.8,3118,0.8367346938775511,5332,0.7708333333333333,6310,0.723404255319149,9307,0.8163265306122448,6198,0.7708333333333333,9172,0.7835051546391754,6212,0.7708333333333333,9211,0.7142857142857143,6271,0.7010309278350516,9103,0.7368421052631579,9432,0.7021276595744681,11646,0.7368421052631579,9364,0.7157894736842104,11514,0.7157894736842104,9452,0.7157894736842104,11693,0.7446808510638298,9530,0.7291666666666666,11662,0.7157894736842104,11297,0.7157894736842104,12376,0.7157894736842104,11327,0.7157894736842104,12363,0.7157894736842104,11257,0.7021276595744681,12342,0.7291666666666666,11355,0.7157894736842104,12388,0.7157894736842104,40,0.6966292134831461
259,2,53,0.9259259259259259,0.9259259259259259,14,0.9259259259259259,14,0.9259259259259259,14,0.9259259259259259,30,0.9259259259259259,11,0.9259259259259259,43,0.9259259259259259,16,0.9259259259259259,32,0.9259259259259259,140,0.9259259259259259,283,0.9259259259259259,131,0.9259259259259259,209,0.9259259259259259,121,0.9259259259259259,296,0.9259259259259259,128,0.9259259259259259,176,0.9074074074074073,643,0.9074074074074073,1210,0.9174311926605504,613,0.9259259259259259,1265,0.9259259259259259,657,0.9259259259259259,1248,0.9056603773584905,597,0.9056603773584905,1290,0.9074074074074073,1255,0.897196261682243,2184,0.9074074074074073,1217,0.9259259259259259,2242,0.9245283018867925,1229,0.9056603773584905,2402,0.9074074074074073,1323,0.9074074074074073,2405,0.8440366972477065,3174,0.8256880733944955,5344,0.9174311926605504,3107,0.8518518518518519,5333,0.9056603773584905,3139,0.897196261682243,5277,0.8867924528301887,3057,0.8679245283018867,5437,0.8679245283018867,6176,0.8113207547169811,9097,0.8598130841121494,6250,0.8073394495412846,9418,0.7857142857142858,6395,0.8380952380952381,9307,0.8461538461538463,6247,0.8076923076923076,9268,0.8037383177570092,9377,0.7777777777777778,11628,0.8073394495412846,9442,0.7850467289719626,11605,0.7924528301886793,9445,0.7924528301886793,11657,0.7924528301886793,9396,0.7850467289719626,11493,0.7777777777777778,11326,0.7850467289719626,12402,0.7850467289719626,11292,0.7850467289719626,12337,0.8113207547169811,11325,0.7850467289719626,12353,0.7777777777777778,11331,0.7850467289719626,12395,0.7850467289719626,52,0.7961165048543689
260,2,52,0.9056603773584906,0.9056603773584906,17,0.9056603773584906,65,0.9056603773584906,17,0.9056603773584906,17,0.9056603773584906,12,0.9056603773584906,28,0.9056603773584906,19,0.9056603773584906,19,0.9056603773584906,102,0.9056603773584906,133,0.9056603773584906,135,0.9056603773584906,309,0.9056603773584906,128,0.9056603773584906,394,0.9056603773584906,136,0.9259259259259259,295,0.9142857142857143,650,0.9158878504672898,1198,0.9056603773584906,609,0.8867924528301887,1090,0.9142857142857143,599,0.9142857142857143,1109,0.9056603773584906,607,0.9056603773584906,1162,0.9056603773584906,1227,0.9056603773584906,2140,0.9245283018867925,1255,0.9444444444444444,2418,0.9158878504672898,1300,0.9259259259259259,2445,0.8952380952380952,1241,0.9345794392523364,2403,0.9245283018867925,3072,0.8785046728971964,5205,0.8761904761904761,3140,0.8461538461538461,5569,0.912621359223301,3170,0.9038461538461539,5350,0.9056603773584906,3240,0.9158878504672898,5563,0.8867924528301887,6280,0.8598130841121496,9330,0.897196261682243,6230,0.8785046728971964,9062,0.8846153846153846,6216,0.8932038834951458,9407,0.84,6381,0.8316831683168316,9295,0.826923076923077,9358,0.8461538461538461,11537,0.8599999999999999,9454,0.8543689320388349,11644,0.8571428571428571,9458,0.8490566037735849,11728,0.823529411764706,9463,0.8349514563106796,11725,0.8543689320388349,11277,0.8543689320388349,12343,0.8349514563106796,11285,0.8543689320388349,12390,0.8571428571428571,11271,0.8543689320388349,12372,0.8431372549019608,11328,0.8543689320388349,12387,0.8543689320388349,49,0.8484848484848485
261,2,51,0.8952380952380952,0.8952380952380952,12,0.8952380952380952,12,0.8952380952380952,9,0.8952380952380952,9,0.8952380952380952,17,0.8952380952380952,17,0.8952380952380952,17,0.8952380952380952,49,0.8952380952380952,128,0.8952380952380952,222,0.9038461538461539,113,0.9038461538461539,176,0.8952380952380952,132,0.8952380952380952,227,0.8952380952380952,123,0.9038461538461539,251,0.923076923076923,633,0.9245283018867925,1241,0.9038461538461539,671,0.9038461538461539,1225,0.923076923076923,596,0.9038461538461539,1013,0.9038461538461539,673,0.9038461538461539,1267,0.9142857142857143,1277,0.9038461538461539,2230,0.8910891089108911,1242,0.8910891089108911,2071,0.8846153846153846,1278,0.8910891089108911,2301,0.9038461538461539,1200,0.9038461538461539,2070,0.8846153846153846,3124,0.9038461538461539,5319,0.8823529411764706,3213,0.8823529411764706,5255,0.9038461538461539,3159,0.8846153846153846,5443,0.923076923076923,3161,0.8823529411764706,5447,0.912621359223301,6407,0.8514851485148516,9503,0.8823529411764706,6276,0.84,9353,0.8490566037735849,6324,0.8349514563106796,9254,0.8484848484848485,6286,0.8599999999999999,9242,0.8316831683168316,9474,0.8484848484848485,11631,0.84,9451,0.836734693877551,11723,0.8461538461538461,9480,0.8200000000000001,11728,0.8461538461538461,9386,0.8200000000000001,11617,0.8282828282828282,11277,0.836734693877551,12402,0.7920792079207921,11290,0.836734693877551,12317,0.84,11270,0.836734693877551,12375,0.8333333333333334,11367,0.836734693877551,12399,0.836734693877551,44,0.8333333333333334
262,2,49,0.9514563106796117,0.9514563106796117,12,0.9514563106796117,28,0.9514563106796117,16,0.9306930693069307,32,0.9514563106796117,11,0.9514563106796117,59,0.9514563106796117,7,0.9514563106796117,23,0.9514563106796117,122,0.9514563106796117,233,0.9411764705882353,123,0.9215686274509804,281,0.9514563106796117,134,0.9514563106796117,277,0.9514563106796117,126,0.9514563106796117,252,0.9514563106796117,587,0.9514563106796117,1020,0.9514563106796117,639,0.9514563106796117,1055,0.9514563106796117,599,0.9411764705882353,1171,0.9514563106796117,613,0.9514563106796117,1144,0.9514563106796117,1279,0.9514563106796117,2416,0.9514563106796117,1259,0.9514563106796117,2351,0.9423076923076924,1248,0.9423076923076924,2224,0.9514563106796117,1258,0.8543689320388349,2342,0.923076923076923,3102,0.9333333333333333,5207,0.8737864077669903,3117,0.8686868686868687,5301,0.9320388349514563,3157,0.8910891089108911,5419,0.9514563106796117,3133,0.8653846153846153,5331,0.8712871287128713,6344,0.8800000000000001,9436,0.9,6090,0.8653846153846153,9147,0.8910891089108911,6266,0.8888888888888888,9335,0.8543689320388349,6236,0.84,9236,0.8910891089108911,9442,0.8800000000000001,11636,0.9019607843137256,9408,0.8712871287128713,11513,0.8823529411764706,9395,0.8800000000000001,11579,0.8888888888888888,9400,0.8800000000000001,11664,0.8712871287128713,11293,0.8800000000000001,12382,0.8910891089108911,11302,0.8800000000000001,12363,0.8910891089108911,11369,0.8800000000000001,12379,0.8910891089108911,11324,0.8800000000000001,12360,0.8800000000000001,46,0.8686868686868687
263,2,50,0.923076923076923,0.923076923076923,11,0.923076923076923,11,0.923076923076923,17,0.923076923076923,33,0.923076923076923,16,0.923076923076923,48,0.923076923076923,10,0.923076923076923,10,0.923076923076923,124,0.923076923076923,266,0.923076923076923,124,0.923076923076923,188,0.923076923076923,125,0.923076923076923,268,0.923076923076923,131,0.923076923076923,208,0.923076923076923,589,0.9320388349514563,1353,0.9038461538461539,643,0.912621359223301,1170,0.923076923076923,597,0.923076923076923,1063,0.9320388349514563,622,0.9215686274509804,1192,0.9108910891089108,1178,0.9108910891089108,2231,0.923076923076923,1241,0.923076923076923,2148,0.9142857142857143,1228,0.923076923076923,2211,0.8737864077669903,1274,0.8910891089108911,2422,0.8910891089108911,3102,0.8910891089108911,5319,0.8823529411764706,3081,0.8910891089108911,5381,0.9108910891089108,3111,0.9019607843137256,5695,0.8653846153846153,3153,0.8932038834951458,5540,0.8823529411764706,6288,0.8543689320388349,9225,0.9019607843137256,6177,0.8543689320388349,8952,0.8846153846153846,6278,0.8679245283018868,9221,0.912621359223301,6291,0.8514851485148516,9229,0.8823529411764706,9394,0.8712871287128713,11560,0.8846153846153846,9359,0.8627450980392156,11744,0.8653846153846153,9484,0.8846153846153846,11738,0.8910891089108911,9497,0.8712871287128713,11606,0.8712871287128713,11323,0.8712871287128713,12339,0.8712871287128713,11312,0.8712871287128713,12386,0.8823529411764706,11350,0.8823529411764706,12391,0.8823529411764706,11364,0.8627450980392156,12375,0.8712871287128713,47,0.84
264,2,48,0.910891089108911,0.910891089108911,14,0.910891089108911,14,0.910891089108911,7,0.910891089108911,7,0.910891089108911,10,0.910891089108911,26,0.910891089108911,16,0.910891089108911,16,0.9199999999999999,161,0.9199999999999999,254,0.910891089108911,132,0.910891089108911,260,0.910891089108911,124,0.910891089108911,219,0.910891089108911,133,0.910891089108911,197,0.910891089108911,644,0.8910891089108911,1270,0.910891089108911,630,0.9215686274509803,1192,0.910891089108911,640,0.910891089108911,1199,0.888888888888889,650,0.9199999999999999,1322,0.912621359223301,1212,0.9215686274509803,2205,0.9199999999999999,1267,0.9306930693069307,2437,0.9019607843137256,1259,0.9019607843137256,2479,0.9,1176,0.9090909090909092,2138,0.912621359223301,3164,0.9038461538461539,5446,0.9306930693069307,3147,0.910891089108911,5490,0.9306930693069307,3097,0.9199999999999999,5297,0.9411764705882353,3134,0.9320388349514563,5206,0.888888888888889,6260,0.8627450980392157,9017,0.9215686274509803,6240,0.8823529411764707,9128,0.9038461538461539,6265,0.8653846153846154,9324,0.912621359223301,6302,0.8627450980392157,9115,0.8712871287128713,9328,0.8823529411764707,11527,0.8823529411764707,9403,0.8823529411764707,11681,0.8737864077669903,9423,0.8910891089108911,11692,0.8712871287128713,9447,0.8910891089108911,11721,0.8627450980392157,11352,0.8712871287128713,12428,0.8627450980392157,11336,0.8712871287128713,12365,0.8600000000000001,11335,0.8712871287128713,12396,0.8823529411764707,11322,0.8712871287128713,12380,0.8712871287128713,48,0.8775510204081634
265,2,51,0.9038461538461539,0.9038461538461539,14,0.9038461538461539,30,0.9038461538461539,21,0.9038461538461539,36,0.9038461538461539,18,0.9038461538461539,18,0.9038461538461539,12,0.9038461538461539,44,0.923076923076923,134,0.923076923076923,261,0.9038461538461539,124,0.9038461538461539,281,0.9038461538461539,129,0.9038461538461539,192,0.9038461538461539,112,0.9038461538461539,286,0.8846153846153846,623,0.8653846153846154,1281,0.8653846153846154,631,0.8653846153846154,1030,0.9019607843137256,624,0.9019607843137256,1023,0.912621359223301,637,0.912621359223301,1122,0.912621359223301,1270,0.912621359223301,2279,0.8932038834951457,1277,0.9019607843137256,2248,0.9215686274509803,1273,0.9215686274509803,2306,0.8932038834951457,1231,0.8932038834951457,2282,0.88,3117,0.88,5018,0.8932038834951457,3189,0.8543689320388349,5528,0.8737864077669903,3169,0.8823529411764707,5588,0.9019607843137256,3081,0.8932038834951457,5254,0.8600000000000001,6438,0.8235294117647058,9264,0.8461538461538461,6382,0.8200000000000001,9323,0.8712871287128713,6341,0.8200000000000001,9394,0.8484848484848485,6232,0.8282828282828283,9272,0.8163265306122449,9462,0.8080808080808081,11635,0.8484848484848485,9403,0.8200000000000001,11648,0.8431372549019608,9508,0.8282828282828283,11726,0.7878787878787878,9430,0.8080808080808081,11604,0.8080808080808081,11377,0.8080808080808081,12387,0.8235294117647058,11338,0.8235294117647058,12361,0.8080808080808081,11319,0.8080808080808081,12341,0.8400000000000001,11301,0.8080808080808081,12412,0.8080808080808081,46,0.8333333333333334
266,2,51,0.9423076923076923,0.9423076923076923,17,0.9423076923076923,33,0.9423076923076923,8,0.9423076923076923,8,0.9423076923076923,6,0.9423076923076923,22,0.9423076923076923,11,0.9423076923076923,11,0.9423076923076923,117,0.9423076923076923,306,0.923076923076923,116,0.923076923076923,244,0.9423076923076923,118,0.9423076923076923,212,0.9423076923076923,138,0.9423076923076923,250,0.9320388349514563,618,0.9320388349514563,1195,0.9423076923076923,625,0.9423076923076923,988,0.9423076923076923,631,0.9423076923076923,1216,0.923076923076923,628,0.912621359223301,1087,0.9215686274509803,1268,0.865979381443299,2497,0.9215686274509803,1233,0.9215686274509803,2329,0.9423076923076923,1326,0.9423076923076923,2404,0.9320388349514563,1253,0.923076923076923,2497,0.9215686274509803,3052,0.9215686274509803,5232,0.9320388349514563,3041,0.8823529411764707,5105,0.912621359223301,3127,0.8932038834951457,5391,0.9019607843137256,3093,0.8653846153846154,4809,0.8823529411764707,6285,0.8712871287128713,9262,0.8653846153846154,6291,0.8737864077669903,9186,0.9,6205,0.88659793814433,9100,0.888888888888889,6378,0.8775510204081634,9410,0.8775510204081634,9360,0.8775510204081634,11588,0.8910891089108911,9335,0.8979591836734695,11636,0.88659793814433,9378,0.8775510204081634,11599,0.8712871287128713,9421,0.88659793814433,11641,0.8979591836734695,11322,0.8775510204081634,12320,0.9,11385,0.888888888888889,12400,0.8775510204081634,11320,0.88659793814433,12348,0.888888888888889,11322,0.8775510204081634,12389,0.8775510204081634,45,0.8571428571428572
267,2,50,0.912621359223301,0.912621359223301,11,0.912621359223301,27,0.912621359223301,18,0.912621359223301,18,0.912621359223301,16,0.912621359223301,16,0.912621359223301,16,0.912621359223301,48,0.912621359223301,130,0.912621359223301,224,0.912621359223301,106,0.912621359223301,137,0.912621359223301,116,0.912621359223301,228,0.912621359223301,138,0.912621359223301,340,0.912621359223301,616,0.912621359223301,1236,0.912621359223301,615,0.910891089108911,1281,0.912621359223301,632,0.8932038834951457,1353,0.8823529411764707,639,0.9,1132,0.923076923076923,1299,0.923076923076923,2422,0.9215686274509803,1287,0.9215686274509803,2379,0.9019607843137256,1228,0.9019607843137256,2369,0.912621359223301,1245,0.9,2174,0.912621359223301,3099,0.8627450980392157,5216,0.9038461538461539,3200,0.8600000000000001,5454,0.9074074074074073,3158,0.923076923076923,5384,0.912621359223301,3112,0.923076923076923,5466,0.9019607843137256,6257,0.8712871287128713,9323,0.8823529411764707,6320,0.8686868686868686,9163,0.8737864077669903,6262,0.8600000000000001,9202,0.8712871287128713,6373,0.8712871287128713,9406,0.88,9383,0.8712871287128713,11495,0.8484848484848485,9380,0.8686868686868686,11629,0.8627450980392157,9463,0.8686868686868686,11681,0.8543689320388349,9360,0.8686868686868686,11526,0.8600000000000001,11329,0.8600000000000001,12387,0.8686868686868686,11333,0.8600000000000001,12377,0.8737864077669903,11357,0.8600000000000001,12327,0.8627450980392157,11292,0.8600000000000001,12350,0.8600000000000001,47,0.8484848484848485
268,2,48,0.9019607843137256,0.9019607843137256,11,0.9019607843137256,11,0.9019607843137256,12,0.9019607843137256,28,0.9019607843137256,14,0.9019607843137256,14,0.9019607843137256,15,0.9019607843137256,47,0.9019607843137256,111,0.9019607843137256,190,0.9019607843137256,137,0.9019607843137256,245,0.9019607843137256,142,0.9019607843137256,238,0.9019607843137256,134,0.9019607843137256,260,0.912621359223301,639,0.8846153846153846,1175,0.9038461538461539,629,0.9038461538461539,1085,0.8932038834951458,630,0.8846153846153846,1374,0.9019607843137256,654,0.9019607843137256,1172,0.9019607843137256,1210,0.8932038834951458,2158,0.912621359223301,1247,0.912621359223301,2204,0.912621359223301,1232,0.8867924528301887,2273,0.8952380952380952,1306,0.8712871287128713,2371,0.8867924528301887,3119,0.8679245283018868,5274,0.8653846153846153,3113,0.8461538461538461,5260,0.8627450980392156,3177,0.8190476190476189,5545,0.8461538461538461,3166,0.8316831683168316,5506,0.8431372549019608,6260,0.8155339805825242,9294,0.830188679245283,6206,0.8190476190476189,9227,0.8076923076923077,6228,0.826923076923077,9340,0.84,6362,0.796116504854369,9312,0.8490566037735849,9431,0.796116504854369,11614,0.830188679245283,9466,0.796116504854369,11592,0.8155339805825242,9421,0.8076923076923077,11600,0.8039215686274509,9457,0.796116504854369,11595,0.8039215686274509,11331,0.796116504854369,12383,0.8155339805825242,11265,0.796116504854369,12374,0.8039215686274509,11308,0.796116504854369,12344,0.8113207547169811,11304,0.796116504854369,12414,0.796116504854369,49,0.8316831683168316
269,2,46,0.8800000000000001,0.8800000000000001,11,0.8686868686868687,26,0.8800000000000001,9,0.8800000000000001,25,0.8800000000000001,6,0.8800000000000001,6,0.8800000000000001,15,0.8800000000000001,47,0.8800000000000001,121,0.8800000000000001,249,0.8800000000000001,104,0.8800000000000001,151,0.8599999999999999,122,0.8599999999999999,184,0.8800000000000001,129,0.8910891089108911,161,0.9019607843137256,651,0.8823529411764706,1313,0.8910891089108911,646,0.9019607843137256,1058,0.8800000000000001,662,0.8514851485148516,1261,0.8800000000000001,619,0.8800000000000001,1161,0.8627450980392156,1293,0.8823529411764706,2435,0.9019607843137256,1233,0.8910891089108911,2290,0.9019607843137256,1248,0.8910891089108911,2323,0.8599999999999999,1242,0.8599999999999999,2129,0.912621359223301,3143,0.8599999999999999,5500,0.8686868686868687,3162,0.8431372549019608,5648,0.8484848484848485,3203,0.7920792079207921,5628,0.8737864077669903,3091,0.8514851485148516,5278,0.9142857142857143,6177,0.8543689320388349,8956,0.8514851485148516,6356,0.8461538461538461,9368,0.8113207547169811,6247,0.8349514563106796,9018,0.845360824742268,6279,0.8761904761904761,9456,0.7843137254901961,9401,0.8039215686274509,11618,0.8571428571428571,9418,0.8761904761904761,11691,0.8039215686274509,9416,0.8039215686274509,11672,0.8490566037735849,9465,0.823529411764706,11695,0.8431372549019608,11272,0.823529411764706,12386,0.8037383177570094,11313,0.823529411764706,12348,0.8761904761904761,11305,0.8349514563106796,12324,0.8431372549019608,11368,0.823529411764706,12362,0.823529411764706,48,0.7920792079207921
270,2,45,0.8888888888888888,0.8888888888888888,7,0.8888888888888888,7,0.8888888888888888,8,0.8888888888888888,24,0.8888888888888888,13,0.8888888888888888,29,0.8888888888888888,12,0.8888888888888888,12,0.8888888888888888,148,0.8888888888888888,273,0.8888888888888888,119,0.8888888888888888,183,0.8888888888888888,119,0.8800000000000001,215,0.8888888888888888,129,0.8888888888888888,206,0.8888888888888888,643,0.9,1363,0.8888888888888888,610,0.8888888888888888,1061,0.8888888888888888,627,0.8888888888888888,1050,0.8888888888888888,684,0.8888888888888888,1438,0.9,1255,0.9019607843137256,2138,0.9,1282,0.8888888888888888,2382,0.8775510204081632,1289,0.8686868686868687,2320,0.8888888888888888,1207,0.8571428571428572,2389,0.8888888888888888,3087,0.8846153846153846,5268,0.8484848484848485,3179,0.8155339805825242,5301,0.9,3162,0.7920792079207921,5396,0.8888888888888888,3149,0.8514851485148516,5295,0.8039215686274509,6306,0.7722772277227723,9302,0.8627450980392156,6414,0.8349514563106796,9480,0.84,6343,0.7920792079207921,9405,0.8200000000000001,6296,0.7843137254901961,9148,0.7722772277227723,9437,0.78,11677,0.7647058823529411,9445,0.78,11720,0.7999999999999999,9383,0.7647058823529411,11620,0.8039215686274509,9477,0.8039215686274509,11658,0.7722772277227723,11343,0.78,12380,0.7722772277227723,11314,0.78,12381,0.78,11268,0.78,12377,0.78,11240,0.78,12367,0.78,46,0.8000000000000002
271,2,45,0.88659793814433,0.88659793814433,19,0.88659793814433,51,0.88659793814433,16,0.88659793814433,32,0.88659793814433,18,0.88659793814433,18,0.88659793814433,12,0.88659793814433,28,0.88659793814433,131,0.875,338,0.88659793814433,138,0.8659793814432989,266,0.88659793814433,101,0.88659793814433,229,0.88659793814433,115,0.88659793814433,162,0.88659793814433,591,0.875,1236,0.8659793814432989,641,0.88659793814433,1271,0.88659793814433,656,0.88659793814433,1454,0.8979591836734695,610,0.8979591836734695,1094,0.88659793814433,1202,0.875,2016,0.8979591836734695,1280,0.8659793814432989,2541,0.88659793814433,1293,0.875,2606,0.88659793814433,1235,0.8659793814432989,2355,0.8571428571428572,3195,0.8484848484848485,5410,0.8571428571428572,3219,0.8400000000000001,5647,0.8979591836734695,3074,0.8686868686868686,5143,0.875,3175,0.8200000000000001,5483,0.9090909090909091,6273,0.8282828282828283,9055,0.8316831683168318,6277,0.8235294117647058,9120,0.8627450980392156,6303,0.8282828282828283,9295,0.8799999999999999,6256,0.8247422680412372,9151,0.8799999999999999,9498,0.8514851485148514,11630,0.8400000000000001,9467,0.8163265306122449,11756,0.86,9473,0.8163265306122449,11733,0.8686868686868686,9511,0.8686868686868686,11687,0.8080808080808081,11386,0.8163265306122449,12393,0.8163265306122449,11319,0.8163265306122449,12410,0.8163265306122449,11309,0.8163265306122449,12366,0.8247422680412372,11324,0.8247422680412372,12377,0.8163265306122449,46,0.8125000000000001
272,2,46,0.8979591836734695,0.8979591836734695,12,0.8979591836734695,28,0.8979591836734695,9,0.8979591836734695,25,0.8979591836734695,10,0.8979591836734695,10,0.8979591836734695,20,0.8979591836734695,20,0.8979591836734695,129,0.8979591836734695,225,0.8979591836734695,117,0.8979591836734695,245,0.8775510204081632,125,0.8775510204081632,221,0.8979591836734695,134,0.8979591836734695,338,0.8979591836734695,649,0.8979591836734695,1104,0.8979591836734695,630,0.8979591836734695,1220,0.8979591836734695,586,0.8979591836734695,1277,0.8979591836734695,583,0.8888888888888888,1025,0.8888888888888888,1224,0.8775510204081632,2290,0.88659793814433,1306,0.875,2214,0.8979591836734695,1270,0.8888888888888888,2337,0.8979591836734695,1222,0.9,2270,0.88659793814433,3178,0.8484848484848485,5394,0.8686868686868686,3145,0.8400000000000001,5362,0.8775510204081632,3183,0.8686868686868686,5189,0.8659793814432989,3232,0.8041237113402062,5360,0.8333333333333333,6362,0.836734693877551,9218,0.8484848484848485,6300,0.8316831683168318,9214,0.8541666666666667,6265,0.8333333333333333,9227,0.8200000000000001,6241,0.8514851485148514,9030,0.8484848484848485,9415,0.8571428571428572,11651,0.86,9422,0.8541666666666667,11631,0.8712871287128713,9486,0.8247422680412372,11748,0.8514851485148514,9412,0.845360824742268,11538,0.86,11289,0.845360824742268,12395,0.845360824742268,11293,0.8571428571428572,12327,0.836734693877551,11326,0.845360824742268,12387,0.8333333333333333,11315,0.845360824742268,12364,0.845360824742268,45,0.8387096774193549
273,2,45,0.88659793814433,0.88659793814433,12,0.88659793814433,27,0.88659793814433,12,0.88659793814433,28,0.88659793814433,13,0.88659793814433,45,0.88659793814433,16,0.88659793814433,32,0.88659793814433,113,0.88659793814433,159,0.88659793814433,127,0.88659793814433,175,0.88659793814433,122,0.88659793814433,297,0.88659793814433,125,0.88659793814433,237,0.8541666666666667,643,0.8541666666666667,1148,0.8541666666666667,597,0.8541666666666667,1054,0.875,619,0.8631578947368421,1152,0.875,591,0.875,1075,0.88659793814433,1231,0.88659793814433,2342,0.88659793814433,1194,0.88659793814433,2263,0.88659793814433,1232,0.8421052631578948,2213,0.8541666666666667,1255,0.7956989247311829,2239,0.8541666666666667,3125,0.8631578947368421,5168,0.8510638297872339,3220,0.8387096774193549,5705,0.8541666666666667,3231,0.8775510204081632,5657,0.875,3153,0.8247422680412372,5545,0.8,6273,0.8210526315789475,9230,0.8172043010752689,6322,0.8260869565217392,9094,0.836734693877551,6310,0.836734693877551,9233,0.8723404255319148,6212,0.8210526315789475,8945,0.8400000000000001,9493,0.8333333333333333,11693,0.8210526315789475,9367,0.8210526315789475,11562,0.8210526315789475,9436,0.8210526315789475,11549,0.8400000000000001,9401,0.8333333333333333,11603,0.8297872340425532,11322,0.8210526315789475,12407,0.8210526315789475,11251,0.8210526315789475,12342,0.8210526315789475,11338,0.8210526315789475,12392,0.845360824742268,11297,0.8210526315789475,12386,0.8210526315789475,43,0.8131868131868132
274,2,43,0.8842105263157894,0.8842105263157894,14,0.8842105263157894,62,0.8842105263157894,13,0.8842105263157894,61,0.8842105263157894,11,0.8842105263157894,27,0.8842105263157894,12,0.8842105263157894,12,0.8842105263157894,128,0.8842105263157894,238,0.8842105263157894,122,0.8842105263157894,360,0.8842105263157894,130,0.8842105263157894,241,0.8842105263157894,113,0.8842105263157894,176,0.8842105263157894,649,0.8842105263157894,1200,0.8297872340425532,632,0.8297872340425532,1197,0.8842105263157894,574,0.8842105263157894,1018,0.8842105263157894,611,0.8842105263157894,1233,0.8842105263157894,1320,0.8723404255319148,2240,0.8958333333333334,1253,0.8842105263157894,2566,0.860215053763441,1194,0.860215053763441,2031,0.8842105263157894,1270,0.8723404255319148,2294,0.8842105263157894,3151,0.860215053763441,5255,0.8723404255319148,3192,0.8842105263157894,5099,0.8387096774193549,3171,0.8387096774193549,5376,0.8631578947368421,3164,0.8541666666666667,5554,0.8131868131868132,6321,0.8172043010752689,9419,0.8631578947368421,6261,0.8510638297872339,9193,0.845360824742268,6313,0.8085106382978723,9253,0.8421052631578948,6332,0.8297872340425532,9423,0.8085106382978723,9473,0.8085106382978723,11719,0.8260869565217392,9402,0.8172043010752689,11683,0.8333333333333333,9487,0.8125000000000001,11700,0.8297872340425532,9467,0.8387096774193549,11485,0.8085106382978723,11331,0.8085106382978723,12354,0.8172043010752689,11322,0.8172043010752689,12386,0.8172043010752689,11325,0.8172043010752689,12378,0.8387096774193549,11298,0.8172043010752689,12398,0.8172043010752689,41,0.8351648351648352
275,2,41,0.891304347826087,0.891304347826087,3,0.891304347826087,19,0.891304347826087,19,0.891304347826087,35,0.891304347826087,17,0.891304347826087,33,0.891304347826087,15,0.891304347826087,47,0.891304347826087,144,0.8791208791208792,287,0.891304347826087,114,0.891304347826087,288,0.891304347826087,115,0.8791208791208792,306,0.891304347826087,122,0.891304347826087,186,0.891304347826087,655,0.891304347826087,1103,0.891304347826087,604,0.8791208791208792,1045,0.8817204301075269,599,0.8695652173913043,1058,0.891304347826087,621,0.8936170212765957,1329,0.8791208791208792,1274,0.8817204301075269,2277,0.8791208791208792,1263,0.891304347826087,2393,0.891304347826087,1238,0.9148936170212766,2246,0.891304347826087,1265,0.891304347826087,2116,0.8817204301075269,3132,0.8478260869565216,5324,0.8539325842696629,3172,0.8723404255319148,5334,0.8409090909090908,3120,0.8181818181818183,5521,0.857142857142857,3183,0.8817204301075269,5320,0.8723404255319148,6283,0.8172043010752689,9202,0.8351648351648352,6328,0.8387096774193549,9399,0.851063829787234,6295,0.8387096774193549,9345,0.851063829787234,6245,0.8387096774193549,9249,0.8387096774193549,9354,0.8351648351648352,11615,0.8351648351648352,9505,0.8351648351648352,11749,0.8351648351648352,9418,0.8478260869565216,11649,0.8351648351648352,9456,0.8351648351648352,11754,0.8602150537634408,11293,0.8478260869565216,12382,0.8478260869565216,11323,0.8351648351648352,12374,0.8351648351648352,11291,0.8351648351648352,12346,0.8351648351648352,11308,0.8351648351648352,12369,0.8351648351648352,40,0.8275862068965517
276,2,41,0.8791208791208791,0.8791208791208791,19,0.8791208791208791,51,0.8791208791208791,16,0.8791208791208791,32,0.8791208791208791,14,0.8791208791208791,14,0.8791208791208791,12,0.8791208791208791,12,0.8791208791208791,109,0.8791208791208791,189,0.8791208791208791,134,0.8791208791208791,293,0.8791208791208791,124,0.8791208791208791,251,0.8791208791208791,133,0.8791208791208791,324,0.8571428571428571,652,0.853932584269663,1321,0.8791208791208791,574,0.8791208791208791,1106,0.8666666666666667,650,0.8666666666666667,1180,0.8666666666666667,634,0.8666666666666667,1232,0.8666666666666667,1260,0.8666666666666667,2305,0.8444444444444444,1325,0.8444444444444444,2667,0.8791208791208791,1270,0.8913043478260869,2357,0.8791208791208791,1276,0.8314606741573033,2485,0.8314606741573033,3201,0.8444444444444444,5262,0.853932584269663,3175,0.8275862068965518,5331,0.8314606741573033,3145,0.8314606741573033,5407,0.8666666666666667,3092,0.8409090909090909,5565,0.8314606741573033,6388,0.8571428571428571,9265,0.8444444444444444,6340,0.853932584269663,9152,0.8351648351648352,6269,0.8314606741573033,8992,0.8409090909090909,6252,0.8571428571428571,9311,0.8444444444444444,9403,0.8444444444444444,11514,0.8478260869565217,9422,0.8314606741573033,11637,0.8351648351648352,9410,0.8444444444444444,11533,0.8260869565217391,9455,0.8444444444444444,11555,0.8314606741573033,11321,0.8314606741573033,12400,0.8314606741573033,11309,0.8314606741573033,12376,0.8314606741573033,11336,0.8314606741573033,12364,0.8444444444444444,11274,0.8444444444444444,12301,0.8314606741573033,39,0.8045977011494254
277,2,39,0.853932584269663,0.853932584269663,14,0.853932584269663,30,0.853932584269663,18,0.853932584269663,18,0.853932584269663,12,0.853932584269663,12,0.853932584269663,20,0.853932584269663,36,0.853932584269663,113,0.8444444444444444,177,0.8666666666666667,137,0.8666666666666667,201,0.8444444444444444,164,0.8444444444444444,211,0.8666666666666667,137,0.8666666666666667,232,0.8444444444444444,573,0.8444444444444444,1174,0.853932584269663,660,0.853932584269663,1197,0.8444444444444444,607,0.8444444444444444,1104,0.8666666666666667,596,0.853932584269663,1138,0.853932584269663,1224,0.853932584269663,2412,0.853932584269663,1201,0.8275862068965518,2445,0.8444444444444444,1295,0.8444444444444444,2348,0.8444444444444444,1240,0.8444444444444444,2225,0.8222222222222222,3120,0.8089887640449438,5314,0.8409090909090909,3110,0.8222222222222222,4991,0.8314606741573033,3154,0.8444444444444444,5426,0.8444444444444444,3155,0.7999999999999999,5513,0.8089887640449438,6270,0.8045977011494254,9180,0.853932584269663,6270,0.8275862068965518,9225,0.7865168539325842,6300,0.8222222222222222,9304,0.7816091954022989,6247,0.7906976744186047,8908,0.8089887640449438,9567,0.8045977011494254,11875,0.7954545454545453,9408,0.7906976744186047,11698,0.7727272727272727,9352,0.7727272727272727,11582,0.8275862068965518,9376,0.813953488372093,11569,0.7906976744186047,11317,0.7906976744186047,12357,0.8314606741573033,11300,0.7906976744186047,12361,0.7674418604651163,11326,0.7906976744186047,12377,0.8181818181818181,11307,0.813953488372093,12413,0.7906976744186047,36,0.7764705882352942
278,2,40,0.898876404494382,0.898876404494382,8,0.898876404494382,8,0.898876404494382,14,0.898876404494382,14,0.898876404494382,15,0.898876404494382,31,0.898876404494382,12,0.898876404494382,12,0.898876404494382,97,0.898876404494382,161,0.898876404494382,120,0.898876404494382,231,0.898876404494382,114,0.898876404494382,239,0.898876404494382,122,0.898876404494382,217,0.8863636363636364,635,0.8863636363636364,1353,0.898876404494382,649,0.898876404494382,1095,0.898876404494382,630,0.898876404494382,1117,0.898876404494382,612,0.898876404494382,1106,0.898876404494382,1234,0.898876404494382,2587,0.8636363636363635,1286,0.8505747126436782,2198,0.8539325842696629,1220,0.8539325842696629,2170,0.898876404494382,1215,0.8791208791208791,2268,0.8863636363636364,3152,0.8505747126436782,5125,0.8735632183908045,3035,0.8636363636363635,5153,0.8863636363636364,3152,0.8275862068965517,5362,0.8863636363636364,3194,0.8444444444444446,5487,0.8372093023255813,6266,0.8372093023255813,9167,0.8764044943820225,6349,0.8275862068965517,9093,0.8666666666666666,6263,0.8539325842696629,9275,0.8539325842696629,6185,0.8372093023255813,9160,0.813953488372093,9473,0.813953488372093,11650,0.8235294117647058,9441,0.813953488372093,11648,0.8764044943820225,9345,0.8372093023255813,11574,0.8372093023255813,9420,0.813953488372093,11665,0.8372093023255813,11272,0.8275862068965517,12373,0.8235294117647058,11327,0.813953488372093,12398,0.8235294117647058,11300,0.813953488372093,12332,0.8045977011494253,11294,0.813953488372093,12351,0.813953488372093,37,0.8333333333333333
279,2,39,0.8666666666666666,0.8666666666666666,19,0.8666666666666666,51,0.8666666666666666,15,0.8666666666666666,31,0.8666666666666666,12,0.8666666666666666,28,0.8666666666666666,13,0.8666666666666666,29,0.8666666666666666,128,0.8666666666666666,160,0.8666666666666666,127,0.8666666666666666,252,0.8666666666666666,139,0.8666666666666666,251,0.8539325842696629,117,0.8539325842696629,212,0.8351648351648352,661,0.8351648351648352,1344,0.8666666666666666,590,0.8539325842696629,1063,0.8666666666666666,585,0.8666666666666666,1241,0.8666666666666666,607,0.8666666666666666,1246,0.8539325842696629,1252,0.8539325842696629,2267,0.8444444444444443,1289,0.8314606741573034,2309,0.8351648351648352,1258,0.8351648351648352,2452,0.8539325842696629,1254,0.8387096774193549,2354,0.8666666666666666,3163,0.8131868131868133,5290,0.8260869565217392,3182,0.8043478260869564,5338,0.8260869565217392,3097,0.8297872340425532,5258,0.8172043010752689,3054,0.7872340425531916,5142,0.7777777777777778,6212,0.7865168539325842,8969,0.7956989247311828,6354,0.7741935483870968,9339,0.8172043010752689,6148,0.782608695652174,9097,0.8043478260869564,6386,0.7640449438202247,9372,0.8,9380,0.7555555555555555,11713,0.7608695652173912,9459,0.7608695652173912,11701,0.7741935483870968,9408,0.7555555555555555,11706,0.7555555555555555,9438,0.7555555555555555,11748,0.7777777777777778,11269,0.7555555555555555,12361,0.7555555555555555,11277,0.7472527472527473,12343,0.7741935483870968,11305,0.7789473684210527,12375,0.782608695652174,11305,0.7526881720430109,12357,0.7472527472527473,40,0.735632183908046
280,2,41,0.860215053763441,0.860215053763441,13,0.860215053763441,29,0.860215053763441,9,0.860215053763441,9,0.860215053763441,11,0.860215053763441,11,0.860215053763441,14,0.860215053763441,30,0.860215053763441,123,0.860215053763441,264,0.860215053763441,132,0.860215053763441,260,0.860215053763441,122,0.860215053763441,234,0.860215053763441,113,0.860215053763441,177,0.860215053763441,621,0.860215053763441,1173,0.860215053763441,618,0.860215053763441,1142,0.860215053763441,648,0.860215053763441,1215,0.860215053763441,690,0.860215053763441,1319,0.860215053763441,1271,0.8387096774193549,2379,0.860215053763441,1249,0.8478260869565216,2213,0.8387096774193549,1299,0.8260869565217392,2567,0.860215053763441,1215,0.860215053763441,2475,0.8131868131868132,3160,0.8089887640449438,5615,0.8260869565217392,3117,0.8260869565217392,5444,0.7999999999999999,3170,0.8387096774193549,5492,0.8387096774193549,3245,0.8421052631578948,5315,0.8421052631578948,6403,0.8421052631578948,9533,0.8421052631578948,6299,0.8631578947368421,9106,0.8510638297872339,6289,0.8421052631578948,9179,0.8723404255319148,6225,0.8510638297872339,9140,0.8478260869565216,9493,0.860215053763441,11615,0.860215053763441,9451,0.860215053763441,11579,0.8723404255319148,9408,0.860215053763441,11623,0.8478260869565216,9412,0.860215053763441,11587,0.860215053763441,11279,0.860215053763441,12346,0.860215053763441,11311,0.860215053763441,12415,0.860215053763441,11319,0.860215053763441,12376,0.8478260869565216,11299,0.860215053763441,12353,0.860215053763441,41,0.8089887640449438
281,2,39,0.8571428571428571,0.8571428571428571,14,0.8571428571428571,46,0.8571428571428571,12,0.8571428571428571,12,0.8571428571428571,12,0.8571428571428571,28,0.8571428571428571,12,0.8571428571428571,12,0.8571428571428571,137,0.8571428571428571,185,0.8695652173913044,145,0.8695652173913044,271,0.8571428571428571,127,0.8571428571428571,270,0.8571428571428571,114,0.8571428571428571,242,0.8571428571428571,639,0.8571428571428571,1302,0.8571428571428571,631,0.8695652173913044,1158,0.8695652173913044,644,0.860215053763441,1377,0.8571428571428571,600,0.8571428571428571,1086,0.8571428571428571,1252,0.8478260869565216,2401,0.8571428571428571,1272,0.8631578947368421,2289,0.8695652173913044,1267,0.8478260869565216,2411,0.8695652173913044,1251,0.8695652173913044,2301,0.8444444444444443,3127,0.7959183673469389,5243,0.8131868131868132,3135,0.8222222222222223,5397,0.860215053763441,3164,0.8260869565217392,5485,0.8695652173913044,3157,0.8444444444444443,5560,0.8297872340425532,6253,0.7956989247311829,9086,0.8085106382978723,6323,0.8085106382978723,9099,0.8631578947368421,6262,0.8297872340425532,9277,0.8510638297872339,6321,0.7912087912087913,9432,0.8085106382978723,9446,0.7912087912087913,11654,0.7956989247311829,9428,0.7912087912087913,11669,0.8172043010752689,9492,0.7912087912087913,11694,0.8043478260869567,9377,0.7741935483870966,11612,0.7912087912087913,11323,0.7826086956521738,12370,0.7826086956521738,11314,0.7826086956521738,12363,0.8043478260869567,11247,0.7826086956521738,12342,0.7826086956521738,11238,0.7826086956521738,12382,0.7826086956521738,40,0.7555555555555555
282,2,40,0.888888888888889,0.888888888888889,7,0.888888888888889,7,0.888888888888889,19,0.888888888888889,67,0.888888888888889,14,0.888888888888889,14,0.888888888888889,10,0.888888888888889,42,0.888888888888889,127,0.888888888888889,252,0.888888888888889,125,0.888888888888889,252,0.888888888888889,129,0.888888888888889,271,0.888888888888889,107,0.888888888888889,186,0.8764044943820225,679,0.8764044943820225,1184,0.888888888888889,619,0.8505747126436781,1289,0.8764044943820225,619,0.8636363636363636,1145,0.8764044943820225,641,0.8764044943820225,1099,0.853932584269663,1294,0.8505747126436781,2251,0.8764044943820225,1290,0.888888888888889,2160,0.8505747126436781,1223,0.8372093023255813,2154,0.8764044943820225,1192,0.8764044943820225,2025,0.8666666666666667,3108,0.8478260869565217,5340,0.8314606741573033,3188,0.8444444444444444,5393,0.8314606741573033,3122,0.853932584269663,5455,0.8636363636363636,3197,0.8505747126436781,5508,0.8666666666666667,6318,0.8478260869565217,9090,0.853932584269663,6237,0.8636363636363636,9526,0.8444444444444444,6263,0.8478260869565217,9301,0.8314606741573033,6251,0.853932584269663,9474,0.8409090909090909,9485,0.8314606741573033,11694,0.853932584269663,9438,0.853932584269663,11689,0.8409090909090909,9385,0.8409090909090909,11723,0.8275862068965518,9465,0.8409090909090909,11668,0.8444444444444444,11335,0.853932584269663,12382,0.8181818181818181,11339,0.8409090909090909,12395,0.8444444444444444,11353,0.8409090909090909,12387,0.8666666666666667,11359,0.8409090909090909,12404,0.8409090909090909,38,0.8095238095238095
283,2,42,0.9130434782608696,0.9130434782608696,12,0.9130434782608696,12,0.9130434782608696,16,0.9130434782608696,32,0.9130434782608696,13,0.9130434782608696,29,0.9130434782608696,11,0.9130434782608696,11,0.9130434782608696,124,0.9130434782608696,220,0.9130434782608696,117,0.9130434782608696,179,0.9130434782608696,138,0.9130434782608696,282,0.9130434782608696,132,0.9130434782608696,211,0.9010989010989011,641,0.9130434782608696,1199,0.9130434782608696,622,0.9130434782608696,1127,0.888888888888889,613,0.888888888888889,1107,0.9130434782608696,636,0.9130434782608696,1307,0.8791208791208791,1295,0.8666666666666667,2415,0.9010989010989011,1267,0.9148936170212766,2533,0.9010989010989011,1244,0.8695652173913043,2411,0.9130434782608696,1242,0.9010989010989011,2312,0.9010989010989011,3215,0.9010989010989011,5384,0.9010989010989011,3176,0.8936170212765958,5481,0.9130434782608696,3115,0.9052631578947369,5415,0.9010989010989011,3086,0.8387096774193548,5334,0.8817204301075269,6394,0.8695652173913043,9555,0.924731182795699,6299,0.8817204301075269,9051,0.8913043478260869,6371,0.8936170212765958,9406,0.8695652173913043,6302,0.8478260869565217,9285,0.8571428571428571,9396,0.8478260869565217,11534,0.9052631578947369,9423,0.8695652173913043,11597,0.8666666666666667,9406,0.8571428571428571,11501,0.8791208791208791,9499,0.8571428571428571,11672,0.8817204301075269,11290,0.8571428571428571,12350,0.8571428571428571,11245,0.8571428571428571,12386,0.8478260869565217,11355,0.8571428571428571,12378,0.8478260869565217,11263,0.8571428571428571,12357,0.8571428571428571,41,0.8505747126436781
284,2,39,0.8351648351648352,0.8351648351648352,11,0.8351648351648352,11,0.8351648351648352,16,0.8351648351648352,16,0.8351648351648352,13,0.8351648351648352,13,0.8351648351648352,9,0.8351648351648352,9,0.8222222222222223,111,0.8222222222222223,159,0.8351648351648352,120,0.8351648351648352,279,0.8351648351648352,126,0.8351648351648352,254,0.8351648351648352,117,0.8351648351648352,181,0.8351648351648352,621,0.8222222222222223,1140,0.8351648351648352,609,0.8351648351648352,1127,0.8478260869565216,637,0.8478260869565216,1167,0.8351648351648352,619,0.8351648351648352,1087,0.8314606741573033,1252,0.8131868131868132,2280,0.8351648351648352,1319,0.8444444444444443,2313,0.8351648351648352,1261,0.8351648351648352,2056,0.8478260869565216,1245,0.8478260869565216,2227,0.860215053763441,3201,0.860215053763441,5458,0.8478260869565216,3110,0.860215053763441,5394,0.8478260869565216,3167,0.8297872340425532,5371,0.8510638297872339,3109,0.8541666666666667,5240,0.875,6235,0.8631578947368421,9313,0.8478260869565216,6294,0.8631578947368421,9430,0.8842105263157894,6325,0.8631578947368421,9208,0.860215053763441,6214,0.8510638297872339,9215,0.8125000000000001,9405,0.8297872340425532,11622,0.8659793814432989,9407,0.8333333333333333,11565,0.8125000000000001,9418,0.875,11708,0.8631578947368421,9411,0.8631578947368421,11627,0.8541666666666667,11291,0.8631578947368421,12409,0.8510638297872339,11370,0.8631578947368421,12412,0.875,11325,0.8631578947368421,12373,0.8541666666666667,11266,0.8631578947368421,12391,0.8631578947368421,43,0.8222222222222223
285,2,40,0.888888888888889,0.888888888888889,12,0.888888888888889,12,0.888888888888889,11,0.888888888888889,27,0.888888888888889,12,0.888888888888889,12,0.888888888888889,12,0.888888888888889,12,0.888888888888889,132,0.888888888888889,290,0.888888888888889,137,0.888888888888889,230,0.8764044943820225,119,0.8764044943820225,214,0.888888888888889,138,0.888888888888889,233,0.8764044943820225,627,0.8764044943820225,1184,0.8764044943820225,599,0.8764044943820225,1114,0.8505747126436781,672,0.8275862068965518,1230,0.888888888888889,629,0.9130434782608696,1238,0.8764044943820225,1202,0.8764044943820225,2225,0.8764044943820225,1262,0.888888888888889,2362,0.853932584269663,1273,0.8666666666666667,2295,0.853932584269663,1291,0.8409090909090909,2486,0.8764044943820225,3156,0.8695652173913043,5597,0.8409090909090909,3171,0.8505747126436781,5524,0.8764044943820225,3093,0.8444444444444444,5314,0.8636363636363636,3097,0.8478260869565217,5434,0.8666666666666667,6202,0.8571428571428571,9226,0.8444444444444444,6269,0.8172043010752689,9045,0.9032258064516129,6279,0.8666666666666667,9233,0.8695652173913043,6342,0.8387096774193548,9120,0.8131868131868132,9405,0.8043478260869565,11623,0.8444444444444444,9459,0.8260869565217391,11667,0.8260869565217391,9451,0.8131868131868132,11621,0.8444444444444444,9493,0.8478260869565217,11714,0.8260869565217391,11363,0.8131868131868132,12364,0.8222222222222222,11275,0.8131868131868132,12386,0.8131868131868132,11310,0.8131868131868132,12356,0.8131868131868132,11263,0.8131868131868132,12380,0.8131868131868132,41,0.8409090909090909
286,2,40,0.8764044943820225,0.8764044943820225,14,0.8764044943820225,14,0.8764044943820225,15,0.8764044943820225,31,0.8764044943820225,14,0.8764044943820225,14,0.8764044943820225,17,0.8764044943820225,17,0.8764044943820225,131,0.8764044943820225,303,0.8764044943820225,135,0.8764044943820225,214,0.8764044943820225,115,0.8764044943820225,274,0.8764044943820225,127,0.8764044943820225,286,0.8636363636363635,627,0.8505747126436782,1085,0.8735632183908045,663,0.8863636363636364,1132,0.8539325842696629,582,0.8409090909090908,1059,0.8863636363636364,629,0.8863636363636364,1096,0.8604651162790697,1204,0.8505747126436782,2264,0.8666666666666666,1272,0.8863636363636364,2272,0.8636363636363635,1250,0.8604651162790697,2094,0.8636363636363635,1218,0.8636363636363635,2329,0.8636363636363635,3244,0.8636363636363635,5359,0.8863636363636364,3110,0.8764044943820225,5284,0.8505747126436782,3134,0.8539325842696629,5388,0.898876404494382,3126,0.898876404494382,5399,0.8666666666666666,6326,0.8636363636363635,9096,0.8636363636363635,6197,0.8539325842696629,9167,0.8863636363636364,6227,0.8539325842696629,9247,0.8863636363636364,6342,0.8539325842696629,9142,0.8735632183908045,9411,0.8314606741573034,11516,0.8505747126436782,9374,0.8409090909090908,11650,0.8409090909090908,9349,0.8409090909090908,11650,0.8735632183908045,9404,0.8505747126436782,11671,0.8505747126436782,11373,0.8314606741573034,12349,0.8409090909090908,11317,0.8314606741573034,12391,0.8539325842696629,11294,0.8409090909090908,12375,0.8409090909090908,11338,0.8314606741573034,12380,0.8314606741573034,40,0.8275862068965517
287,2,38,0.8837209302325582,0.8837209302325582,19,0.8837209302325582,51,0.8837209302325582,7,0.8837209302325582,7,0.8837209302325582,8,0.8837209302325582,8,0.8705882352941177,14,0.8705882352941177,30,0.8837209302325582,135,0.8837209302325582,262,0.8837209302325582,124,0.8837209302325582,251,0.8837209302325582,120,0.8837209302325582,215,0.8837209302325582,131,0.8837209302325582,240,0.8837209302325582,659,0.8837209302325582,1246,0.8837209302325582,623,0.8604651162790697,1105,0.8705882352941177,674,0.8837209302325582,1349,0.8705882352941177,635,0.8837209302325582,1380,0.8837209302325582,1280,0.8988764044943819,2412,0.8372093023255814,1276,0.8604651162790697,2321,0.896551724137931,1244,0.896551724137931,2016,0.896551724137931,1248,0.8837209302325582,2336,0.8837209302325582,3203,0.8837209302325582,5328,0.896551724137931,3185,0.8863636363636362,5569,0.8837209302325582,3117,0.8837209302325582,5391,0.896551724137931,3082,0.8571428571428571,5197,0.8604651162790697,6258,0.8863636363636362,8974,0.8837209302325582,6398,0.8705882352941177,9336,0.8705882352941177,6160,0.8470588235294119,8983,0.896551724137931,6274,0.8735632183908045,9167,0.8505747126436781,9379,0.8735632183908045,11597,0.8735632183908045,9392,0.8735632183908045,11684,0.8735632183908045,9388,0.8735632183908045,11518,0.8735632183908045,9435,0.8735632183908045,11539,0.8735632183908045,11316,0.8735632183908045,12384,0.8863636363636362,11285,0.8735632183908045,12391,0.8735632183908045,11339,0.8735632183908045,12325,0.8735632183908045,11281,0.8735632183908045,12376,0.8735632183908045,39,0.8433734939759037
288,2,39,0.896551724137931,0.896551724137931,11,0.896551724137931,27,0.896551724137931,11,0.896551724137931,27,0.896551724137931,11,0.896551724137931,11,0.896551724137931,15,0.896551724137931,15,0.896551724137931,117,0.896551724137931,275,0.896551724137931,128,0.8705882352941177,256,0.896551724137931,146,0.896551724137931,258,0.896551724137931,128,0.896551724137931,208,0.896551724137931,637,0.8705882352941177,1183,0.896551724137931,601,0.896551724137931,1137,0.8837209302325582,647,0.896551724137931,1345,0.8837209302325582,653,0.8837209302325582,1074,0.896551724137931,1250,0.8705882352941177,2348,0.9090909090909091,1320,0.8705882352941177,2569,0.896551724137931,1267,0.896551724137931,2401,0.8863636363636362,1191,0.9213483146067416,2183,0.896551724137931,3146,0.8988764044943819,5567,0.896551724137931,3139,0.896551724137931,5439,0.896551724137931,3228,0.8863636363636362,5538,0.8863636363636362,3232,0.896551724137931,5441,0.8988764044943819,6339,0.8863636363636362,9223,0.9090909090909091,6363,0.8863636363636362,9483,0.8735632183908045,6275,0.8764044943820225,9132,0.8863636363636362,6219,0.888888888888889,9144,0.8988764044943819,9394,0.8863636363636362,11572,0.8636363636363635,9393,0.8863636363636362,11584,0.8988764044943819,9410,0.8863636363636362,11678,0.8735632183908045,9434,0.8863636363636362,11631,0.8863636363636362,11335,0.8863636363636362,12365,0.8863636363636362,11308,0.8863636363636362,12383,0.8988764044943819,11324,0.8863636363636362,12403,0.8863636363636362,11306,0.8863636363636362,12371,0.8863636363636362,40,0.8837209302325582
289,2,39,0.8604651162790696,0.8604651162790696,18,0.8604651162790696,66,0.8604651162790696,12,0.8604651162790696,28,0.8604651162790696,11,0.8604651162790696,11,0.8604651162790696,11,0.8604651162790696,27,0.8604651162790696,140,0.8604651162790696,330,0.8604651162790696,130,0.8604651162790696,241,0.8604651162790696,119,0.8604651162790696,245,0.8604651162790696,141,0.8604651162790696,252,0.8735632183908046,649,0.8604651162790696,1242,0.8470588235294116,633,0.8470588235294116,1152,0.8604651162790696,631,0.8505747126436781,1328,0.8735632183908046,592,0.8735632183908046,1055,0.8735632183908046,1224,0.888888888888889,2487,0.8604651162790696,1237,0.8863636363636364,2281,0.8604651162790696,1270,0.8735632183908046,2341,0.8735632183908046,1291,0.8735632183908046,2509,0.8863636363636364,3161,0.8735632183908046,5610,0.8604651162790696,3161,0.8636363636363636,5422,0.8735632183908046,3162,0.8735632183908046,5245,0.8604651162790696,3025,0.8735632183908046,5197,0.8666666666666666,6303,0.8764044943820225,9187,0.8505747126436781,6350,0.8636363636363636,9411,0.8735632183908046,6235,0.853932584269663,9061,0.8863636363636364,6267,0.888888888888889,9243,0.8636363636363636,9383,0.8636363636363636,11681,0.8764044943820225,9502,0.8764044943820225,11667,0.888888888888889,9327,0.9010989010989012,11533,0.8666666666666666,9462,0.8764044943820225,11673,0.8444444444444444,11311,0.8764044943820225,12391,0.8764044943820225,11367,0.8764044943820225,12395,0.8764044943820225,11240,0.8764044943820225,12362,0.8791208791208791,11307,0.8764044943820225,12373,0.8764044943820225,42,0.8235294117647057
290,2,39,0.8837209302325582,0.8837209302325582,11,0.8837209302325582,27,0.8837209302325582,14,0.896551724137931,46,0.8837209302325582,17,0.8837209302325582,17,0.896551724137931,11,0.896551724137931,11,0.8705882352941177,127,0.8705882352941177,271,0.8705882352941177,128,0.8705882352941177,254,0.8837209302325582,117,0.8837209302325582,210,0.8837209302325582,121,0.8837209302325582,264,0.8705882352941177,628,0.8705882352941177,1124,0.896551724137931,592,0.896551724137931,1064,0.8837209302325582,651,0.896551724137931,1255,0.896551724137931,590,0.896551724137931,1082,0.8705882352941177,1211,0.8837209302325582,2057,0.8705882352941177,1260,0.8837209302325582,2390,0.8470588235294116,1228,0.8604651162790696,2329,0.898876404494382,1303,0.9213483146067415,2247,0.8863636363636364,3080,0.8837209302325582,5160,0.8433734939759036,3085,0.896551724137931,5393,0.8571428571428571,3116,0.8837209302325582,5175,0.896551724137931,3251,0.9090909090909092,5267,0.9090909090909092,6243,0.9090909090909092,9303,0.8837209302325582,6282,0.8837209302325582,9070,0.8735632183908046,6344,0.896551724137931,9321,0.896551724137931,6284,0.9090909090909092,9303,0.8837209302325582,9411,0.8837209302325582,11587,0.8837209302325582,9339,0.8837209302325582,11617,0.8837209302325582,9406,0.8837209302325582,11734,0.9213483146067415,9437,0.896551724137931,11602,0.896551724137931,11300,0.8837209302325582,12379,0.8837209302325582,11370,0.8837209302325582,12366,0.8837209302325582,11302,0.8837209302325582,12344,0.8837209302325582,11285,0.8837209302325582,12383,0.8837209302325582,39,0.8705882352941177
291,2,35,0.8292682926829269,0.8048780487804879,11,0.8048780487804879,27,0.8292682926829269,9,0.8292682926829269,9,0.8292682926829269,8,0.8292682926829269,24,0.8292682926829269,14,0.8292682926829269,14,0.8148148148148149,141,0.8148148148148149,282,0.8292682926829269,134,0.8148148148148149,292,0.8292682926829269,127,0.8292682926829269,270,0.8292682926829269,111,0.8292682926829269,222,0.8148148148148149,598,0.8148148148148149,1108,0.8292682926829269,636,0.8292682926829269,1033,0.8292682926829269,611,0.8292682926829269,1128,0.8192771084337349,611,0.7951807228915662,1115,0.8192771084337349,1231,0.8333333333333334,2386,0.8148148148148149,1235,0.8292682926829269,2534,0.8333333333333334,1258,0.8470588235294116,2478,0.8192771084337349,1203,0.8333333333333334,2115,0.8192771084337349,3101,0.7951807228915662,5224,0.8470588235294116,3107,0.8192771084337349,5251,0.8148148148148149,3206,0.8095238095238095,5455,0.8048780487804879,3150,0.8470588235294116,5199,0.8604651162790696,6306,0.8372093023255814,9318,0.7951807228915662,6311,0.8235294117647057,9328,0.813953488372093,6233,0.8372093023255814,8970,0.8095238095238095,6362,0.8372093023255814,9282,0.8235294117647057,9485,0.8,11659,0.8235294117647057,9458,0.8235294117647057,11608,0.7954545454545454,9447,0.8235294117647057,11751,0.8,9430,0.8235294117647057,11739,0.8372093023255814,11341,0.8235294117647057,12384,0.8409090909090909,11358,0.8235294117647057,12385,0.813953488372093,11332,0.813953488372093,12387,0.8235294117647057,11245,0.8235294117647057,12401,0.8235294117647057,38,0.75
292,2,38,0.8470588235294116,0.8470588235294116,16,0.8470588235294116,16,0.8470588235294116,9,0.8470588235294116,25,0.8470588235294116,9,0.8470588235294116,9,0.8470588235294116,11,0.8470588235294116,27,0.8604651162790696,141,0.8604651162790696,269,0.8470588235294116,156,0.8470588235294116,235,0.8470588235294116,125,0.8705882352941177,188,0.8470588235294116,130,0.8470588235294116,242,0.8470588235294116,640,0.8735632183908046,1249,0.8333333333333334,607,0.8705882352941177,1136,0.8470588235294116,650,0.8470588235294116,1310,0.8604651162790696,597,0.8470588235294116,1172,0.8604651162790696,1260,0.8705882352941177,2306,0.8604651162790696,1262,0.8192771084337349,2385,0.8372093023255814,1234,0.7901234567901235,2375,0.8235294117647057,1219,0.8,2198,0.8604651162790696,3187,0.8333333333333334,5569,0.8705882352941177,3113,0.8,5437,0.8433734939759036,3098,0.8095238095238095,5244,0.8604651162790696,3166,0.8409090909090909,5296,0.8192771084337349,6376,0.7906976744186047,9422,0.8395061728395062,6322,0.813953488372093,9466,0.8095238095238095,6292,0.8,9436,0.8275862068965516,6222,0.813953488372093,9206,0.7906976744186047,9461,0.7906976744186047,11730,0.813953488372093,9416,0.7906976744186047,11716,0.813953488372093,9380,0.7906976744186047,11720,0.8275862068965516,9481,0.8045977011494252,11739,0.7906976744186047,11264,0.7906976744186047,12348,0.7906976744186047,11343,0.7906976744186047,12388,0.7906976744186047,11359,0.7906976744186047,12361,0.8045977011494252,11337,0.7906976744186047,12361,0.7906976744186047,39,0.7951807228915662
293,2,38,0.8705882352941177,0.8705882352941177,14,0.8705882352941177,30,0.8705882352941177,15,0.8705882352941177,31,0.8705882352941177,11,0.8705882352941177,11,0.8705882352941177,14,0.8705882352941177,30,0.8705882352941177,116,0.8705882352941177,244,0.8705882352941177,139,0.8705882352941177,202,0.8705882352941177,113,0.8705882352941177,225,0.8705882352941177,119,0.8571428571428571,229,0.8705882352941177,617,0.8235294117647057,1252,0.8705882352941177,631,0.8705882352941177,1164,0.8837209302325582,639,0.8705882352941177,1189,0.8705882352941177,612,0.8571428571428571,1207,0.8571428571428571,1263,0.8705882352941177,2138,0.8705882352941177,1277,0.8571428571428571,2333,0.8333333333333334,1244,0.8333333333333334,2325,0.8837209302325582,1279,0.896551724137931,2214,0.8292682926829269,3031,0.8333333333333334,5104,0.8705882352941177,3154,0.8333333333333334,5423,0.8192771084337349,3155,0.8433734939759036,5459,0.8837209302325582,3105,0.8470588235294116,5285,0.8505747126436781,6348,0.8505747126436781,9329,0.8470588235294116,6284,0.8636363636363636,9346,0.8433734939759036,6274,0.8837209302325582,9201,0.8095238095238095,6336,0.8604651162790696,9366,0.8604651162790696,9424,0.8409090909090909,11716,0.8604651162790696,9471,0.8505747126436781,11670,0.8735632183908046,9478,0.8505747126436781,11701,0.8505747126436781,9392,0.8505747126436781,11644,0.8636363636363636,11350,0.8505747126436781,12414,0.8505747126436781,11324,0.8505747126436781,12381,0.8636363636363636,11296,0.8505747126436781,12367,0.8505747126436781,11368,0.8505747126436781,12379,0.8505747126436781,40,0.7901234567901235
294,2,36,0.8674698795180723,0.8674698795180723,14,0.8674698795180723,30,0.8674698795180723,9,0.8674698795180723,25,0.8674698795180723,12,0.8674698795180723,12,0.8674698795180723,9,0.8674698795180723,9,0.8674698795180723,138,0.8674698795180723,296,0.880952380952381,134,0.880952380952381,258,0.8674698795180723,141,0.8674698795180723,331,0.8674698795180723,135,0.8536585365853657,359,0.8536585365853657,613,0.8674698795180723,1266,0.8536585365853657,632,0.8292682926829269,1369,0.8674698795180723,657,0.8674698795180723,1342,0.8536585365853657,617,0.8395061728395062,1191,0.8536585365853657,1279,0.8536585365853657,2606,0.8674698795180723,1251,0.8674698795180723,2185,0.8395061728395062,1228,0.8674698795180723,2102,0.8536585365853657,1260,0.8674698795180723,2386,0.8433734939759036,3188,0.8674698795180723,5434,0.8571428571428571,3124,0.8941176470588235,5313,0.8470588235294116,3172,0.8941176470588235,5503,0.8536585365853657,3155,0.8604651162790696,5483,0.8941176470588235,6208,0.8941176470588235,9248,0.8705882352941177,6274,0.880952380952381,9142,0.8705882352941177,6355,0.896551724137931,9463,0.9069767441860465,6295,0.8863636363636364,9218,0.8705882352941177,9415,0.8837209302325582,11662,0.8837209302325582,9358,0.8705882352941177,11668,0.8636363636363636,9422,0.8735632183908046,11646,0.9069767441860465,9317,0.8941176470588235,11510,0.8837209302325582,11294,0.8837209302325582,12355,0.8604651162790696,11297,0.8837209302325582,12392,0.8372093023255814,11361,0.8837209302325582,12426,0.9069767441860465,11311,0.8837209302325582,12367,0.8837209302325582,39,0.810126582278481
295,2,37,0.880952380952381,0.880952380952381,15,0.880952380952381,15,0.880952380952381,14,0.880952380952381,14,0.880952380952381,8,0.880952380952381,24,0.880952380952381,16,0.880952380952381,16,0.880952380952381,144,0.880952380952381,304,0.880952380952381,127,0.880952380952381,222,0.880952380952381,145,0.880952380952381,303,0.880952380952381,147,0.880952380952381,274,0.8674698795180723,628,0.8674698795180723,1101,0.880952380952381,651,0.880952380952381,1270,0.8674698795180723,618,0.8536585365853657,1317,0.8674698795180723,631,0.8674698795180723,1127,0.8433734939759036,1242,0.8863636363636364,2345,0.8674698795180723,1312,0.8433734939759036,2281,0.8433734939759036,1195,0.8674698795180723,2421,0.8048780487804879,1264,0.8395061728395062,2410,0.8333333333333334,3219,0.8604651162790696,5429,0.8674698795180723,3169,0.8837209302325582,5107,0.8536585365853657,3167,0.8604651162790696,5377,0.8571428571428571,3184,0.898876404494382,5475,0.8604651162790696,6280,0.8666666666666666,9226,0.8571428571428571,6278,0.8791208791208791,9157,0.9090909090909092,6305,0.8372093023255814,9304,0.8735632183908046,6227,0.8764044943820225,9283,0.8372093023255814,9398,0.8314606741573034,11611,0.8636363636363636,9450,0.8314606741573034,11625,0.8470588235294116,9358,0.8409090909090909,11629,0.813953488372093,9508,0.8314606741573034,11738,0.8444444444444444,11345,0.8314606741573034,12339,0.8409090909090909,11295,0.8314606741573034,12368,0.8275862068965516,11393,0.8314606741573034,12381,0.8409090909090909,11340,0.8314606741573034,12364,0.8314606741573034,42,0.8048780487804879
296,2,38,0.8941176470588235,0.880952380952381,16,0.880952380952381,32,0.8941176470588235,15,0.8941176470588235,31,0.8941176470588235,10,0.8941176470588235,26,0.8941176470588235,18,0.8941176470588235,18,0.8941176470588235,104,0.8941176470588235,136,0.8941176470588235,142,0.8941176470588235,238,0.8941176470588235,128,0.8941176470588235,176,0.880952380952381,116,0.880952380952381,260,0.880952380952381,662,0.8863636363636364,1248,0.880952380952381,645,0.8941176470588235,1345,0.9069767441860465,647,0.9069767441860465,1334,0.9069767441860465,623,0.8863636363636364,1209,0.880952380952381,1321,0.8470588235294116,2344,0.8837209302325582,1281,0.8764044943820225,2464,0.8941176470588235,1213,0.8941176470588235,2147,0.9195402298850576,1270,0.898876404494382,2331,0.8837209302325582,3203,0.8505747126436781,5123,0.880952380952381,3106,0.896551724137931,5317,0.9195402298850576,3121,0.8372093023255814,5510,0.8941176470588235,3120,0.8863636363636364,5316,0.8505747126436781,6167,0.8505747126436781,9310,0.8409090909090909,6232,0.8636363636363636,9260,0.8636363636363636,6224,0.8636363636363636,9201,0.8735632183908046,6283,0.8735632183908046,9100,0.8863636363636364,9430,0.8505747126436781,11637,0.8505747126436781,9503,0.8505747126436781,11690,0.8636363636363636,9377,0.8604651162790696,11601,0.8505747126436781,9435,0.8505747126436781,11767,0.8505747126436781,11280,0.8505747126436781,12374,0.8505747126436781,11312,0.8505747126436781,12397,0.8505747126436781,11280,0.8505747126436781,12366,0.8505747126436781,11233,0.8505747126436781,12339,0.8505747126436781,40,0.8604651162790696
297,2,37,0.8470588235294119,0.8470588235294119,4,0.8470588235294119,4,0.8470588235294119,13,0.8470588235294119,13,0.8470588235294119,12,0.8470588235294119,12,0.8470588235294119,14,0.8470588235294119,14,0.8470588235294119,116,0.8470588235294119,243,0.8470588235294119,130,0.8571428571428571,287,0.8470588235294119,138,0.8470588235294119,265,0.8470588235294119,133,0.8470588235294119,244,0.8604651162790697,609,0.8604651162790697,1222,0.8470588235294119,689,0.8705882352941177,1462,0.8470588235294119,670,0.8470588235294119,1336,0.8470588235294119,668,0.8837209302325582,1201,0.8470588235294119,1186,0.8604651162790697,2067,0.8470588235294119,1244,0.8470588235294119,2209,0.8235294117647058,1182,0.8235294117647058,2116,0.8470588235294119,1210,0.8604651162790697,2299,0.8470588235294119,3157,0.8470588235294119,5431,0.8470588235294119,3142,0.8837209302325582,5375,0.8705882352941177,3052,0.8604651162790697,5614,0.8505747126436781,3121,0.8470588235294119,5437,0.8372093023255814,6306,0.8275862068965517,9393,0.8505747126436781,6247,0.840909090909091,9035,0.8275862068965517,6151,0.8181818181818182,9135,0.8705882352941177,6198,0.8372093023255814,9147,0.840909090909091,9423,0.840909090909091,11648,0.8314606741573034,9417,0.840909090909091,11676,0.8863636363636362,9402,0.8505747126436781,11611,0.8275862068965517,9439,0.8505747126436781,11559,0.8505747126436781,11308,0.8505747126436781,12359,0.8505747126436781,11344,0.8505747126436781,12399,0.8505747126436781,11261,0.8505747126436781,12373,0.8636363636363635,11309,0.8505747126436781,12385,0.8505747126436781,39,0.8333333333333333
298,2,33,0.8148148148148148,0.8148148148148148,19,0.8148148148148148,19,0.8148148148148148,8,0.8148148148148148,8,0.8148148148148148,11,0.8148148148148148,27,0.8148148148148148,12,0.8148148148148148,12,0.8148148148148148,106,0.8148148148148148,185,0.8148148148148148,143,0.8148148148148148,238,0.8292682926829268,125,0.8292682926829268,205,0.8148148148148148,142,0.8148148148148148,410,0.8192771084337349,633,0.8192771084337349,1162,0.8292682926829268,627,0.7951807228915663,1164,0.8148148148148148,609,0.8433734939759037,1140,0.8433734939759037,629,0.8292682926829268,1269,0.8292682926829268,1224,0.8192771084337349,2397,0.8433734939759037,1219,0.8235294117647058,2443,0.8292682926829268,1298,0.8000000000000002,2252,0.8292682926829268,1304,0.8604651162790697,2528,0.7857142857142857,3111,0.8333333333333333,5314,0.8505747126436781,3171,0.8863636363636362,5438,0.8000000000000002,3099,0.8372093023255814,5041,0.8372093023255814,3110,0.8636363636363635,5434,0.8863636363636362,6280,0.8539325842696629,9213,0.8089887640449439,6181,0.8444444444444444,9128,0.8863636363636362,6267,0.8314606741573034,9335,0.8275862068965517,6342,0.8089887640449439,9532,0.8181818181818182,9365,0.8222222222222222,11547,0.8314606741573034,9356,0.8222222222222222,11739,0.840909090909091,9357,0.8351648351648352,11613,0.8444444444444444,9411,0.8351648351648352,11648,0.7999999999999999,11310,0.8222222222222222,12420,0.8089887640449439,11308,0.8222222222222222,12357,0.8351648351648352,11318,0.8222222222222222,12393,0.8222222222222222,11308,0.8222222222222222,12381,0.8222222222222222,42,0.7857142857142857
299,2,33,0.8148148148148148,0.8148148148148148,15,0.8148148148148148,31,0.8148148148148148,15,0.8148148148148148,47,0.8148148148148148,6,0.8148148148148148,6,0.8148148148148148,18,0.8148148148148148,18,0.8148148148148148,123,0.8292682926829268,251,0.8292682926829268,123,0.8292682926829268,283,0.8148148148148148,127,0.8148148148148148,206,0.8292682926829268,126,0.8292682926829268,237,0.8433734939759037,638,0.8433734939759037,1246,0.8,628,0.8148148148148148,1117,0.8148148148148148,584,0.8148148148148148,1045,0.8292682926829268,667,0.8148148148148148,1327,0.8148148148148148,1279,0.8292682926829268,2380,0.8433734939759037,1292,0.8705882352941177,2465,0.8148148148148148,1191,0.8292682926829268,1980,0.8292682926829268,1267,0.8292682926829268,2209,0.8571428571428571,3105,0.8863636363636362,5759,0.8571428571428571,3139,0.8604651162790697,5165,0.8863636363636362,3147,0.8764044943820225,5559,0.8470588235294119,3171,0.8735632183908045,5319,0.8988764044943819,6275,0.888888888888889,9417,0.8837209302325582,6364,0.8988764044943819,9354,0.8666666666666666,6268,0.8666666666666666,9191,0.8505747126436781,6233,0.8636363636363635,9362,0.888888888888889,9419,0.8666666666666666,11698,0.8636363636363635,9330,0.8764044943820225,11560,0.8791208791208791,9450,0.8764044943820225,11634,0.8764044943820225,9404,0.8764044943820225,11583,0.8636363636363635,11282,0.8636363636363635,12366,0.8636363636363635,11342,0.8636363636363635,12421,0.8636363636363635,11313,0.8636363636363635,12347,0.8636363636363635,11326,0.8636363636363635,12338,0.8636363636363635,40,0.8095238095238096
300,2,37,0.8705882352941177,0.8705882352941177,10,0.8705882352941177,10,0.8705882352941177,17,0.8705882352941177,65,0.8705882352941177,15,0.8705882352941177,15,0.8705882352941177,9,0.8705882352941177,9,0.8705882352941177,115,0.8705882352941177,147,0.8705882352941177,124,0.8705882352941177,250,0.8705882352941177,113,0.8705882352941177,128,0.8705882352941177,121,0.8705882352941177,215,0.8705882352941177,607,0.8571428571428571,1175,0.8571428571428571,670,0.8470588235294119,1249,0.8705882352941177,645,0.8705882352941177,1099,0.8571428571428571,644,0.8571428571428571,1222,0.8470588235294119,1278,0.8470588235294119,2364,0.8470588235294119,1239,0.8372093023255814,2394,0.8705882352941177,1243,0.9090909090909091,2212,0.8571428571428571,1245,0.8571428571428571,2400,0.8470588235294119,3154,0.8604651162790697,5454,0.8705882352941177,3100,0.8292682926829268,5312,0.8571428571428571,3141,0.8505747126436781,5413,0.8433734939759037,3096,0.8372093023255814,5248,0.8604651162790697,6359,0.8837209302325582,9250,0.8705882352941177,6336,0.896551724137931,9397,0.8604651162790697,6352,0.8636363636363635,9424,0.8604651162790697,6183,0.8735632183908045,9216,0.8735632183908045,9429,0.8863636363636362,11802,0.8604651162790697,9467,0.8505747126436781,11728,0.8372093023255814,9296,0.8181818181818182,11609,0.8735632183908045,9403,0.8735632183908045,11640,0.8505747126436781,11299,0.8735632183908045,12366,0.8735632183908045,11276,0.8735632183908045,12338,0.8735632183908045,11317,0.8735632183908045,12392,0.8505747126436781,11258,0.8505747126436781,12374,0.8735632183908045,39,0.8433734939759037
301,2,35,0.8433734939759037,0.8433734939759037,11,0.8433734939759037,11,0.8433734939759037,14,0.8433734939759037,46,0.8433734939759037,13,0.8433734939759037,13,0.8433734939759037,11,0.8433734939759037,27,0.8433734939759037,131,0.8433734939759037,290,0.8433734939759037,143,0.8433734939759037,301,0.8433734939759037,131,0.8433734939759037,179,0.8433734939759037,126,0.8433734939759037,270,0.8433734939759037,637,0.8571428571428571,1163,0.8433734939759037,601,0.8433734939759037,1305,0.8433734939759037,585,0.8433734939759037,1085,0.8433734939759037,655,0.8433734939759037,1341,0.8571428571428571,1298,0.8705882352941177,2313,0.8433734939759037,1230,0.8705882352941177,2261,0.8433734939759037,1263,0.8433734939759037,2187,0.8433734939759037,1275,0.8571428571428571,2312,0.8571428571428571,3200,0.8571428571428571,5415,0.8192771084337349,3052,0.8333333333333333,5235,0.8433734939759037,3125,0.8571428571428571,5285,0.8705882352941177,3238,0.8837209302325582,5669,0.8837209302325582,6396,0.8863636363636362,9344,0.8604651162790697,6367,0.8636363636363635,9206,0.8470588235294119,6242,0.896551724137931,9392,0.8571428571428571,6261,0.8837209302325582,9343,0.896551724137931,9454,0.8735632183908045,11661,0.8636363636363635,9436,0.8735632183908045,11568,0.896551724137931,9483,0.8735632183908045,11607,0.8636363636363635,9502,0.8735632183908045,11772,0.8863636363636362,11300,0.8636363636363635,12395,0.8735632183908045,11287,0.8636363636363635,12365,0.8735632183908045,11298,0.8636363636363635,12376,0.8735632183908045,11316,0.8636363636363635,12379,0.8636363636363635,40,0.8148148148148148
302,2,36,0.8333333333333333,0.8333333333333333,15,0.8333333333333333,31,0.8333333333333333,19,0.8333333333333333,35,0.8433734939759037,9,0.8433734939759037,9,0.8333333333333333,11,0.8333333333333333,43,0.8433734939759037,108,0.8433734939759037,220,0.8333333333333333,120,0.8333333333333333,261,0.8333333333333333,125,0.8333333333333333,156,0.8333333333333333,115,0.8333333333333333,211,0.8333333333333333,659,0.8333333333333333,1282,0.8433734939759037,587,0.8433734939759037,1078,0.8433734939759037,625,0.8571428571428571,1307,0.8333333333333333,636,0.8333333333333333,1255,0.8333333333333333,1236,0.8604651162790697,2255,0.8433734939759037,1281,0.8372093023255814,2149,0.8571428571428571,1291,0.8095238095238096,2390,0.8735632183908045,1298,0.8735632183908045,2334,0.8705882352941177,3143,0.8604651162790697,5163,0.8604651162790697,3091,0.840909090909091,5347,0.8470588235294119,3134,0.8863636363636362,5474,0.8333333333333333,3178,0.8539325842696629,5319,0.8275862068965517,6331,0.8139534883720931,9482,0.8604651162790697,6371,0.8139534883720931,9329,0.8333333333333333,6229,0.8139534883720931,9024,0.8636363636363635,6328,0.8505747126436781,9263,0.8539325842696629,9479,0.8222222222222222,11630,0.7906976744186046,9385,0.8089887640449439,11637,0.8275862068965517,9365,0.8222222222222222,11656,0.9032258064516129,9403,0.8817204301075269,11640,0.8045977011494253,11378,0.8089887640449439,12441,0.8089887640449439,11272,0.8089887640449439,12379,0.7954545454545454,11368,0.8089887640449439,12434,0.8045977011494253,11336,0.8089887640449439,12377,0.8089887640449439,41,0.8333333333333333
303,2,40,0.8863636363636362,0.8863636363636362,14,0.8863636363636362,30,0.8863636363636362,14,0.8863636363636362,14,0.8863636363636362,8,0.8863636363636362,24,0.8863636363636362,17,0.8863636363636362,49,0.8863636363636362,132,0.8863636363636362,244,0.8863636363636362,148,0.8863636363636362,291,0.8863636363636362,139,0.8863636363636362,233,0.8863636363636362,126,0.8863636363636362,252,0.8636363636363635,589,0.8636363636363635,992,0.8735632183908045,628,0.8604651162790697,1230,0.8863636363636362,641,0.8863636363636362,1152,0.8735632183908045,647,0.8735632183908045,998,0.8863636363636362,1266,0.8863636363636362,2098,0.8863636363636362,1227,0.8863636363636362,2085,0.8505747126436781,1284,0.8735632183908045,2406,0.8863636363636362,1244,0.8863636363636362,2343,0.8636363636363635,3083,0.8764044943820225,5367,0.8372093023255814,3087,0.8314606741573034,5403,0.888888888888889,3122,0.8705882352941177,5189,0.8636363636363635,3175,0.8089887640449439,5428,0.8505747126436781,6225,0.8314606741573034,9180,0.8764044943820225,6172,0.8571428571428572,9065,0.8636363636363635,6157,0.840909090909091,9082,0.8275862068965517,6230,0.8505747126436781,9143,0.8764044943820225,9442,0.8539325842696629,11646,0.8539325842696629,9334,0.8539325842696629,11674,0.8505747126436781,9358,0.8314606741573034,11668,0.8222222222222222,9420,0.8314606741573034,11572,0.8314606741573034,11328,0.8314606741573034,12379,0.8539325842696629,11330,0.8539325842696629,12388,0.8314606741573034,11280,0.8314606741573034,12381,0.8089887640449439,11308,0.8314606741573034,12380,0.8314606741573034,41,0.8275862068965517
304,2,39,0.9069767441860465,0.9069767441860465,10,0.9069767441860465,10,0.9069767441860465,11,0.9069767441860465,11,0.9069767441860465,11,0.9069767441860465,27,0.9069767441860465,11,0.9069767441860465,27,0.9069767441860465,133,0.9069767441860465,307,0.9069767441860465,125,0.9069767441860465,205,0.9069767441860465,119,0.9195402298850576,230,0.9069767441860465,124,0.9069767441860465,202,0.8941176470588235,629,0.8941176470588235,1107,0.9195402298850576,622,0.9195402298850576,1090,0.8941176470588235,608,0.8941176470588235,1176,0.9069767441860465,609,0.9195402298850576,1185,0.9195402298850576,1238,0.9195402298850576,2163,0.9069767441860465,1242,0.9195402298850576,2156,0.9195402298850576,1234,0.8837209302325582,2223,0.8837209302325582,1263,0.896551724137931,2335,0.9069767441860465,3190,0.9069767441860465,5454,0.8941176470588235,3156,0.9069767441860465,5383,0.8837209302325582,3166,0.8275862068965516,5232,0.9195402298850576,3176,0.8470588235294116,5365,0.8837209302325582,6390,0.8735632183908046,9304,0.9195402298850576,6312,0.8372093023255814,9470,0.8705882352941177,6203,0.8372093023255814,9025,0.8705882352941177,6231,0.8470588235294116,9106,0.8604651162790696,9427,0.8604651162790696,11710,0.8372093023255814,9442,0.8604651162790696,11590,0.8275862068965516,9473,0.8470588235294116,11677,0.8372093023255814,9488,0.8604651162790696,11580,0.8470588235294116,11374,0.8470588235294116,12381,0.8470588235294116,11332,0.8470588235294116,12340,0.8470588235294116,11307,0.8470588235294116,12398,0.8470588235294116,11252,0.8470588235294116,12339,0.8470588235294116,38,0.8333333333333334
305,2,37,0.8705882352941177,0.8705882352941177,17,0.8705882352941177,33,0.8705882352941177,15,0.8705882352941177,47,0.8705882352941177,15,0.8705882352941177,15,0.8705882352941177,16,0.8705882352941177,16,0.8705882352941177,108,0.8705882352941177,249,0.8705882352941177,114,0.8705882352941177,194,0.8837209302325582,122,0.8705882352941177,217,0.8705882352941177,130,0.8705882352941177,239,0.8837209302325582,607,0.8705882352941177,1269,0.8604651162790697,626,0.8505747126436781,1262,0.8571428571428571,576,0.8571428571428571,1296,0.8705882352941177,582,0.8837209302325582,1215,0.8837209302325582,1233,0.8636363636363635,2119,0.8705882352941177,1294,0.8705882352941177,2588,0.8571428571428571,1241,0.8433734939759037,2396,0.8571428571428571,1280,0.8571428571428571,2393,0.8705882352941177,3229,0.8333333333333333,5392,0.8470588235294119,3176,0.8470588235294119,5304,0.8705882352941177,3167,0.8433734939759037,5385,0.8636363636363635,3176,0.8505747126436781,5330,0.8505747126436781,6360,0.8505747126436781,9566,0.8470588235294119,6318,0.8372093023255814,9180,0.8372093023255814,6298,0.8372093023255814,9236,0.8372093023255814,6247,0.8095238095238096,8970,0.8505747126436781,9350,0.8372093023255814,11563,0.8372093023255814,9512,0.8372093023255814,11761,0.8235294117647058,9481,0.8372093023255814,11637,0.8505747126436781,9398,0.8505747126436781,11602,0.840909090909091,11323,0.8372093023255814,12397,0.8275862068965517,11261,0.8372093023255814,12347,0.8372093023255814,11349,0.8372093023255814,12361,0.8275862068965517,11271,0.8372093023255814,12376,0.8372093023255814,38,0.8235294117647058
306,2,36,0.8571428571428571,0.8571428571428571,14,0.8571428571428571,30,0.8571428571428571,10,0.8571428571428571,10,0.8571428571428571,9,0.8571428571428571,9,0.8571428571428571,14,0.8571428571428571,46,0.8571428571428571,125,0.8705882352941177,346,0.8571428571428571,134,0.8571428571428571,309,0.8571428571428571,109,0.8571428571428571,219,0.8571428571428571,129,0.8333333333333333,191,0.8571428571428571,620,0.8705882352941177,1189,0.8705882352941177,594,0.8571428571428571,1028,0.8571428571428571,656,0.8571428571428571,1176,0.8333333333333333,639,0.8333333333333333,1130,0.8433734939759037,1292,0.8433734939759037,2324,0.8433734939759037,1229,0.8192771084337349,2300,0.8292682926829268,1264,0.8148148148148148,2369,0.8571428571428571,1316,0.8048780487804877,2532,0.8571428571428571,3202,0.8571428571428571,5600,0.8604651162790697,3159,0.8235294117647058,5318,0.8470588235294119,3095,0.8571428571428571,5330,0.8837209302325582,3133,0.8571428571428571,5306,0.8705882352941177,6359,0.8705882352941177,9103,0.8604651162790697,6178,0.8470588235294119,9129,0.8571428571428571,6259,0.8470588235294119,9292,0.8604651162790697,6163,0.8705882352941177,9173,0.8837209302325582,9509,0.8571428571428571,11738,0.8837209302325582,9398,0.8571428571428571,11695,0.8470588235294119,9449,0.8571428571428571,11717,0.8470588235294119,9381,0.8571428571428571,11495,0.8705882352941177,11312,0.8571428571428571,12393,0.8571428571428571,11301,0.8571428571428571,12382,0.8705882352941177,11274,0.8571428571428571,12366,0.8571428571428571,11255,0.8571428571428571,12338,0.8571428571428571,36,0.8292682926829268
307,2,36,0.8571428571428571,0.8571428571428571,10,0.8571428571428571,26,0.8571428571428571,13,0.8571428571428571,13,0.8571428571428571,17,0.8571428571428571,33,0.8571428571428571,4,0.8571428571428571,4,0.8571428571428571,127,0.8571428571428571,174,0.8571428571428571,123,0.8,248,0.8571428571428571,134,0.8571428571428571,229,0.8433734939759037,104,0.8433734939759037,183,0.7901234567901234,654,0.7901234567901234,1262,0.8433734939759037,629,0.8433734939759037,1160,0.8571428571428571,605,0.775,1194,0.8433734939759037,645,0.8571428571428571,1288,0.8571428571428571,1227,0.8433734939759037,2181,0.8571428571428571,1240,0.8604651162790697,2272,0.8333333333333333,1258,0.8,2302,0.8571428571428571,1179,0.8571428571428571,2177,0.8837209302325582,3191,0.8433734939759037,5388,0.8571428571428571,3161,0.8863636363636362,5371,0.8192771084337349,3241,0.8333333333333333,5564,0.8148148148148148,3132,0.8433734939759037,5207,0.8705882352941177,6320,0.8604651162790697,9144,0.8372093023255814,6193,0.8604651162790697,9324,0.8604651162790697,6163,0.8275862068965517,9190,0.8705882352941177,6208,0.8470588235294119,9141,0.8333333333333333,9441,0.8470588235294119,11687,0.8571428571428571,9406,0.8571428571428571,11693,0.8505747126436781,9336,0.8470588235294119,11636,0.8705882352941177,9379,0.8705882352941177,11587,0.8470588235294119,11292,0.8470588235294119,12411,0.8470588235294119,11337,0.8470588235294119,12368,0.8470588235294119,11334,0.8470588235294119,12369,0.8470588235294119,11280,0.8470588235294119,12295,0.8470588235294119,37,0.775
308,2,38,0.8837209302325582,0.8837209302325582,13,0.8837209302325582,13,0.8837209302325582,14,0.8837209302325582,30,0.8837209302325582,25,0.8837209302325582,41,0.8837209302325582,11,0.8837209302325582,27,0.8837209302325582,101,0.8837209302325582,195,0.8604651162790697,121,0.8604651162790697,185,0.8837209302325582,134,0.8837209302325582,229,0.8837209302325582,130,0.8837209302325582,191,0.8604651162790697,627,0.8604651162790697,1098,0.8837209302325582,646,0.896551724137931,1115,0.896551724137931,640,0.8505747126436781,1203,0.8705882352941177,658,0.8837209302325582,1437,0.9090909090909091,1232,0.8837209302325582,2148,0.8837209302325582,1227,0.8735632183908045,2204,0.8837209302325582,1283,0.8470588235294119,2533,0.8470588235294119,1279,0.8837209302325582,2341,0.8095238095238096,3149,0.8333333333333333,5258,0.8470588235294119,3158,0.8604651162790697,5379,0.8571428571428571,3128,0.8000000000000002,5428,0.8333333333333333,3076,0.8192771084337349,5185,0.8095238095238096,6329,0.7906976744186046,9129,0.8045977011494253,6314,0.744186046511628,9498,0.840909090909091,6317,0.7906976744186046,9428,0.8470588235294119,6229,0.7816091954022988,9127,0.7816091954022988,9438,0.7954545454545454,11730,0.8045977011494253,9472,0.8045977011494253,11661,0.8000000000000002,9399,0.7954545454545454,11690,0.7865168539325843,9409,0.7954545454545454,11561,0.7865168539325843,11343,0.7954545454545454,12353,0.7816091954022988,11303,0.7865168539325843,12363,0.8045977011494253,11288,0.7954545454545454,12356,0.7816091954022988,11275,0.7954545454545454,12330,0.7954545454545454,40,0.7951807228915663
309,2,39,0.896551724137931,0.896551724137931,20,0.896551724137931,35,0.896551724137931,7,0.896551724137931,7,0.896551724137931,16,0.896551724137931,32,0.896551724137931,16,0.896551724137931,16,0.896551724137931,130,0.896551724137931,271,0.8837209302325582,138,0.896551724137931,376,0.896551724137931,120,0.896551724137931,247,0.896551724137931,125,0.896551724137931,252,0.896551724137931,610,0.8837209302325582,975,0.8837209302325582,623,0.8705882352941177,1154,0.896551724137931,677,0.9090909090909091,1396,0.896551724137931,650,0.896551724137931,1143,0.896551724137931,1262,0.8433734939759037,2358,0.8837209302325582,1245,0.8837209302325582,2196,0.8705882352941177,1240,0.8571428571428571,2376,0.8837209302325582,1261,0.8837209302325582,2376,0.8571428571428571,3173,0.8505747126436781,5254,0.8705882352941177,3152,0.8275862068965517,5505,0.8735632183908045,3166,0.8735632183908045,5413,0.8571428571428571,3183,0.8604651162790697,5413,0.8235294117647058,6407,0.8275862068965517,9245,0.8863636363636362,6389,0.840909090909091,9631,0.8636363636363635,6271,0.8539325842696629,9200,0.8764044943820225,6233,0.8539325842696629,9216,0.8666666666666666,9331,0.8539325842696629,11610,0.8045977011494253,9524,0.840909090909091,11789,0.8181818181818182,9437,0.840909090909091,11546,0.8372093023255814,9465,0.840909090909091,11767,0.8314606741573034,11275,0.840909090909091,12357,0.8539325842696629,11283,0.840909090909091,12359,0.840909090909091,11302,0.840909090909091,12358,0.8666666666666666,11248,0.840909090909091,12377,0.840909090909091,40,0.8048780487804877
310,2,39,0.896551724137931,0.896551724137931,8,0.896551724137931,8,0.896551724137931,8,0.896551724137931,8,0.896551724137931,12,0.896551724137931,12,0.896551724137931,13,0.896551724137931,13,0.896551724137931,142,0.896551724137931,348,0.896551724137931,132,0.8333333333333333,243,0.896551724137931,143,0.8837209302325582,333,0.896551724137931,132,0.896551724137931,291,0.8735632183908045,710,0.8333333333333333,1281,0.896551724137931,641,0.896551724137931,1234,0.8837209302325582,615,0.8705882352941177,1264,0.8837209302325582,602,0.896551724137931,1168,0.8837209302325582,1259,0.8837209302325582,2525,0.8235294117647058,1247,0.8095238095238096,2373,0.8470588235294119,1260,0.8571428571428571,2515,0.8705882352941177,1240,0.8470588235294119,2143,0.8705882352941177,3172,0.8764044943820225,5274,0.8837209302325582,3210,0.8470588235294119,5478,0.8837209302325582,3109,0.8705882352941177,5277,0.8705882352941177,3109,0.8292682926829268,5499,0.8863636363636362,6327,0.8666666666666666,9257,0.8604651162790697,6268,0.8735632183908045,9137,0.8372093023255814,6141,0.8636363636363635,9083,0.8705882352941177,6266,0.8604651162790697,9381,0.8604651162790697,9382,0.8539325842696629,11554,0.8764044943820225,9428,0.8636363636363635,11596,0.8505747126436781,9389,0.8636363636363635,11651,0.8539325842696629,9427,0.8636363636363635,11643,0.8571428571428572,11323,0.8444444444444444,12366,0.8505747126436781,11321,0.8539325842696629,12393,0.8539325842696629,11328,0.8539325842696629,12389,0.8539325842696629,11302,0.8539325842696629,12401,0.8539325842696629,41,0.7951807228915663
311,2,36,0.8674698795180723,0.8674698795180723,9,0.8674698795180723,9,0.8674698795180723,13,0.8674698795180723,45,0.8674698795180723,16,0.880952380952381,80,0.8674698795180723,11,0.8674698795180723,43,0.8674698795180723,129,0.8674698795180723,223,0.8674698795180723,133,0.8674698795180723,165,0.880952380952381,132,0.880952380952381,321,0.8674698795180723,142,0.880952380952381,269,0.880952380952381,605,0.880952380952381,1150,0.880952380952381,666,0.8674698795180723,1141,0.880952380952381,625,0.880952380952381,1307,0.8674698795180723,656,0.8674698795180723,1320,0.8536585365853657,1236,0.8674698795180723,2512,0.8674698795180723,1264,0.8941176470588235,2166,0.8941176470588235,1264,0.9069767441860465,2356,0.8674698795180723,1279,0.9195402298850576,2507,0.8433734939759036,3068,0.8604651162790696,5401,0.8536585365853657,3193,0.8571428571428571,5267,0.8735632183908046,3189,0.8505747126436781,5379,0.8571428571428571,3179,0.8571428571428571,5255,0.8604651162790696,6259,0.8505747126436781,9109,0.8571428571428571,6296,0.8372093023255814,9302,0.8837209302325582,6234,0.8636363636363636,9163,0.8735632183908046,6239,0.8505747126436781,9251,0.8470588235294116,9417,0.8409090909090909,11654,0.8764044943820225,9488,0.8735632183908046,11692,0.8470588235294116,9512,0.8735632183908046,11730,0.8735632183908046,9364,0.8636363636363636,11584,0.8636363636363636,11317,0.8636363636363636,12397,0.8636363636363636,11361,0.8636363636363636,12357,0.853932584269663,11340,0.8636363636363636,12400,0.8735632183908046,11311,0.8636363636363636,12376,0.8636363636363636,41,0.8235294117647057
312,2,33,0.825,0.825,17,0.825,33,0.825,16,0.825,48,0.825,10,0.825,26,0.825,16,0.825,32,0.825,122,0.825,217,0.825,132,0.825,274,0.825,118,0.825,293,0.825,121,0.825,281,0.8395061728395062,674,0.8395061728395062,1345,0.825,651,0.825,1116,0.825,604,0.7999999999999999,1171,0.825,613,0.8395061728395062,1242,0.8292682926829269,1241,0.8292682926829269,2181,0.8433734939759036,1197,0.8571428571428571,2341,0.7948717948717948,1247,0.810126582278481,2246,0.8292682926829269,1241,0.8292682926829269,2110,0.8433734939759036,3120,0.8941176470588235,5286,0.8395061728395062,3134,0.8941176470588235,5280,0.8395061728395062,3085,0.8674698795180723,5303,0.8674698795180723,3074,0.8571428571428571,5170,0.8941176470588235,6225,0.8292682926829269,9003,0.880952380952381,6185,0.8705882352941177,9162,0.8395061728395062,6287,0.8571428571428571,9356,0.8941176470588235,6293,0.880952380952381,9343,0.8433734939759036,9455,0.8333333333333334,11598,0.8674698795180723,9502,0.8470588235294116,11759,0.8292682926829269,9581,0.8333333333333334,11743,0.8674698795180723,9427,0.8333333333333334,11604,0.8333333333333334,11226,0.8333333333333334,12328,0.8333333333333334,11345,0.8333333333333334,12379,0.8333333333333334,11285,0.8571428571428571,12412,0.8571428571428571,11246,0.8333333333333334,12352,0.8333333333333334,37,0.7948717948717948
313,2,36,0.8571428571428571,0.8571428571428571,12,0.8571428571428571,60,0.8571428571428571,10,0.8571428571428571,26,0.8571428571428571,12,0.8571428571428571,28,0.8571428571428571,8,0.8571428571428571,8,0.8571428571428571,120,0.8571428571428571,215,0.8571428571428571,134,0.8433734939759037,293,0.8433734939759037,130,0.8433734939759037,272,0.8433734939759037,120,0.8433734939759037,232,0.8292682926829268,660,0.8433734939759037,1236,0.8292682926829268,658,0.8148148148148148,1207,0.8571428571428571,655,0.8571428571428571,1034,0.8433734939759037,661,0.8433734939759037,1257,0.8148148148148148,1307,0.7901234567901234,2285,0.8433734939759037,1252,0.8571428571428571,2400,0.8571428571428571,1217,0.8148148148148148,2196,0.8292682926829268,1302,0.8192771084337349,2227,0.8571428571428571,3125,0.8705882352941177,5489,0.759493670886076,3339,0.8372093023255814,5564,0.8192771084337349,3157,0.8333333333333333,5412,0.8292682926829268,3174,0.8048780487804877,5202,0.8470588235294119,6221,0.8333333333333333,9132,0.8048780487804877,6284,0.8192771084337349,9132,0.8837209302325582,6317,0.8604651162790697,9099,0.8148148148148148,6223,0.8333333333333333,9183,0.8192771084337349,9488,0.8192771084337349,11730,0.8470588235294119,9496,0.8333333333333333,11676,0.8372093023255814,9432,0.8470588235294119,11609,0.8470588235294119,9392,0.8333333333333333,11680,0.8433734939759037,11323,0.8333333333333333,12407,0.8333333333333333,11331,0.8333333333333333,12395,0.8192771084337349,11349,0.8333333333333333,12426,0.8333333333333333,11379,0.8333333333333333,12395,0.8333333333333333,36,0.7692307692307693
314,2,37,0.8571428571428571,0.8571428571428571,12,0.8571428571428571,28,0.8571428571428571,12,0.8571428571428571,12,0.8571428571428571,11,0.8571428571428571,11,0.8571428571428571,14,0.8571428571428571,46,0.8571428571428571,141,0.8571428571428571,204,0.8571428571428571,130,0.8571428571428571,240,0.8433734939759036,116,0.8433734939759036,179,0.8571428571428571,101,0.8571428571428571,213,0.8433734939759036,609,0.8292682926829269,1139,0.8433734939759036,625,0.8148148148148149,1297,0.8433734939759036,632,0.8433734939759036,1100,0.8571428571428571,642,0.8433734939759036,1309,0.8571428571428571,1283,0.8048780487804879,2103,0.8395061728395062,1255,0.8433734939759036,2283,0.8571428571428571,1224,0.8705882352941177,2348,0.8571428571428571,1285,0.8433734939759036,2352,0.8048780487804879,3199,0.8235294117647057,5354,0.8705882352941177,3160,0.8705882352941177,5379,0.8148148148148149,3198,0.8333333333333334,5314,0.8705882352941177,3147,0.8433734939759036,5183,0.8095238095238095,6224,0.8275862068965516,9192,0.8333333333333334,6273,0.8372093023255814,9450,0.8048780487804879,6330,0.8333333333333334,9417,0.8192771084337349,6265,0.8505747126436781,9203,0.8505747126436781,9332,0.8505747126436781,11596,0.8505747126436781,9350,0.8372093023255814,11622,0.8235294117647057,9425,0.8505747126436781,11684,0.8505747126436781,9415,0.8505747126436781,11731,0.8372093023255814,11247,0.8505747126436781,12370,0.8505747126436781,11286,0.8505747126436781,12377,0.8275862068965516,11375,0.8505747126436781,12381,0.8372093023255814,11359,0.8505747126436781,12354,0.8505747126436781,40,0.7901234567901235
315,2,33,0.825,0.825,11,0.825,11,0.825,19,0.825,19,0.810126582278481,18,0.810126582278481,65,0.825,18,0.775,50,0.825,112,0.8395061728395062,285,0.825,130,0.825,192,0.825,140,0.825,232,0.825,134,0.825,213,0.7848101265822784,655,0.7901234567901235,1123,0.825,651,0.825,1281,0.7999999999999999,652,0.7999999999999999,1324,0.825,599,0.8148148148148149,1033,0.8395061728395062,1279,0.8292682926829269,2469,0.810126582278481,1260,0.7999999999999999,2345,0.825,1265,0.8333333333333334,2249,0.825,1279,0.8148148148148149,2352,0.8048780487804879,3168,0.8505747126436781,5267,0.8292682926829269,3217,0.775,5509,0.825,3219,0.8333333333333334,5411,0.7804878048780487,3206,0.7901234567901235,5409,0.7951807228915662,6221,0.8095238095238095,9274,0.759493670886076,6264,0.8095238095238095,9217,0.7804878048780487,6205,0.7951807228915662,9170,0.7901234567901235,6247,0.8095238095238095,9415,0.8372093023255814,9414,0.8372093023255814,11799,0.8505747126436781,9385,0.8505747126436781,11544,0.8095238095238095,9424,0.8235294117647057,11710,0.8470588235294116,9452,0.8372093023255814,11649,0.8505747126436781,11268,0.8235294117647057,12377,0.8235294117647057,11296,0.8235294117647057,12373,0.8372093023255814,11313,0.8235294117647057,12387,0.8372093023255814,11330,0.8235294117647057,12378,0.8235294117647057,38,0.759493670886076
316,2,34,0.8395061728395062,0.8395061728395062,11,0.8395061728395062,11,0.8395061728395062,17,0.8395061728395062,49,0.8395061728395062,20,0.8395061728395062,36,0.8395061728395062,9,0.8395061728395062,9,0.8395061728395062,133,0.8395061728395062,165,0.8395061728395062,137,0.8395061728395062,167,0.8395061728395062,134,0.8395061728395062,325,0.8395061728395062,137,0.8395061728395062,249,0.8433734939759036,614,0.8433734939759036,1181,0.8292682926829269,633,0.7999999999999999,1189,0.8292682926829269,595,0.7948717948717948,1334,0.8395061728395062,608,0.8395061728395062,1217,0.8433734939759036,1276,0.8433734939759036,2386,0.8433734939759036,1265,0.8433734939759036,2226,0.825,1299,0.8292682926829269,2327,0.8571428571428571,1198,0.8433734939759036,2250,0.825,3055,0.8048780487804879,5038,0.8048780487804879,3170,0.8,5271,0.7901234567901235,3172,0.8148148148148149,5195,0.825,3118,0.825,4993,0.8235294117647057,6305,0.853932584269663,9320,0.8505747126436781,6340,0.8604651162790696,9434,0.8433734939759036,6294,0.8604651162790696,9317,0.8604651162790696,6362,0.8470588235294116,9375,0.8636363636363636,9448,0.8505747126436781,11573,0.8636363636363636,9412,0.8505747126436781,11704,0.8636363636363636,9475,0.8636363636363636,11710,0.8636363636363636,9499,0.8505747126436781,11621,0.8372093023255814,11360,0.8505747126436781,12367,0.8505747126436781,11309,0.8505747126436781,12387,0.8505747126436781,11297,0.8505747126436781,12371,0.8505747126436781,11366,0.8505747126436781,12401,0.8505747126436781,40,0.8148148148148149
317,2,35,0.8750000000000001,0.8750000000000001,13,0.8750000000000001,29,0.8750000000000001,11,0.8750000000000001,11,0.8750000000000001,16,0.8750000000000001,48,0.8750000000000001,11,0.8750000000000001,11,0.8750000000000001,119,0.8750000000000001,212,0.8750000000000001,140,0.8750000000000001,282,0.8750000000000001,117,0.8750000000000001,133,0.8750000000000001,133,0.8750000000000001,292,0.8750000000000001,594,0.8750000000000001,1188,0.8750000000000001,593,0.888888888888889,1199,0.8607594936708861,610,0.8607594936708861,1153,0.846153846153846,604,0.8607594936708861,1176,0.846153846153846,1312,0.8750000000000001,2406,0.8641975308641976,1243,0.8641975308641976,2326,0.8354430379746834,1231,0.8354430379746834,2244,0.8607594936708861,1223,0.846153846153846,2334,0.8750000000000001,3164,0.846153846153846,5172,0.85,3071,0.8250000000000001,5374,0.8354430379746834,3079,0.8354430379746834,5314,0.888888888888889,3241,0.8101265822784811,5463,0.8395061728395062,6280,0.8536585365853658,9255,0.8536585365853658,6361,0.8780487804878049,9218,0.85,6309,0.8395061728395062,9227,0.8536585365853658,6343,0.8101265822784811,9351,0.8250000000000001,9317,0.8101265822784811,11588,0.8250000000000001,9398,0.8101265822784811,11639,0.8536585365853658,9449,0.8250000000000001,11694,0.8354430379746834,9390,0.8250000000000001,11648,0.8250000000000001,11250,0.8101265822784811,12344,0.8641975308641976,11278,0.8101265822784811,12370,0.8395061728395062,11296,0.8101265822784811,12372,0.8101265822784811,11328,0.8101265822784811,12371,0.8101265822784811,34,0.8051948051948051
318,2,35,0.8641975308641976,0.8641975308641976,18,0.8641975308641976,66,0.8641975308641976,7,0.8641975308641976,7,0.8641975308641976,10,0.8641975308641976,10,0.8641975308641976,12,0.8641975308641976,28,0.8641975308641976,118,0.8641975308641976,277,0.8641975308641976,122,0.8641975308641976,280,0.8641975308641976,133,0.8641975308641976,323,0.8641975308641976,118,0.8641975308641976,274,0.8641975308641976,611,0.8641975308641976,1176,0.8395061728395062,593,0.853658536585366,1110,0.8641975308641976,626,0.8641975308641976,1206,0.85,609,0.891566265060241,1073,0.8641975308641976,1256,0.8641975308641976,2234,0.8641975308641976,1283,0.8641975308641976,2329,0.878048780487805,1212,0.878048780487805,2246,0.878048780487805,1230,0.8641975308641976,2120,0.85,3123,0.9176470588235294,5319,0.891566265060241,3132,0.8292682926829269,5393,0.853658536585366,3068,0.8571428571428571,5240,0.8641975308641976,3174,0.8292682926829269,5709,0.8235294117647058,6272,0.8333333333333333,9356,0.8674698795180723,6148,0.8470588235294118,9261,0.8571428571428571,6246,0.8571428571428571,9342,0.8095238095238095,6372,0.8192771084337348,9209,0.8333333333333333,9477,0.8470588235294118,11567,0.8433734939759038,9443,0.8333333333333333,11645,0.8571428571428571,9452,0.8333333333333333,11677,0.8235294117647058,9434,0.8333333333333333,11538,0.8333333333333333,11314,0.8333333333333333,12398,0.8333333333333333,11293,0.8470588235294118,12361,0.8333333333333333,11241,0.8333333333333333,12370,0.8333333333333333,11366,0.8333333333333333,12378,0.8333333333333333,38,0.8148148148148148
319,2,35,0.8641975308641976,0.8641975308641976,9,0.8641975308641976,9,0.8641975308641976,11,0.8641975308641976,11,0.8641975308641976,12,0.8641975308641976,44,0.8641975308641976,16,0.8641975308641976,16,0.8641975308641976,118,0.8641975308641976,182,0.8641975308641976,137,0.8641975308641976,264,0.8641975308641976,137,0.8641975308641976,262,0.8641975308641976,140,0.8641975308641976,347,0.8641975308641976,608,0.8641975308641976,1103,0.8641975308641976,694,0.8641975308641976,1099,0.8641975308641976,608,0.8641975308641976,1210,0.85,638,0.85,1153,0.8641975308641976,1242,0.85,2352,0.8433734939759038,1293,0.8470588235294118,2397,0.853658536585366,1267,0.853658536585366,2189,0.85,1243,0.8641975308641976,2141,0.8641975308641976,3193,0.853658536585366,5373,0.810126582278481,3101,0.7948717948717949,5212,0.8395061728395062,3128,0.853658536585366,5556,0.810126582278481,3075,0.8205128205128205,5338,0.8292682926829269,6138,0.8292682926829269,8996,0.8395061728395062,6244,0.825,9132,0.8192771084337348,6390,0.8192771084337348,9185,0.825,6300,0.825,9162,0.8292682926829269,9461,0.8048780487804877,11649,0.8333333333333333,9442,0.8395061728395062,11742,0.8292682926829269,9450,0.8148148148148148,11597,0.8292682926829269,9388,0.8148148148148148,11699,0.8048780487804877,11356,0.8148148148148148,12364,0.8192771084337348,11247,0.8148148148148148,12362,0.8148148148148148,11244,0.8148148148148148,12395,0.8674698795180723,11325,0.8148148148148148,12367,0.8292682926829269,36,0.7948717948717949
320,2,34,0.846153846153846,0.846153846153846,13,0.846153846153846,13,0.846153846153846,20,0.846153846153846,52,0.846153846153846,8,0.846153846153846,8,0.846153846153846,7,0.846153846153846,7,0.846153846153846,127,0.846153846153846,238,0.8607594936708862,135,0.8607594936708862,262,0.846153846153846,126,0.846153846153846,237,0.8205128205128205,147,0.8205128205128205,289,0.846153846153846,632,0.846153846153846,1286,0.846153846153846,626,0.8607594936708862,1193,0.8607594936708862,646,0.8607594936708862,1049,0.846153846153846,657,0.846153846153846,1204,0.846153846153846,1300,0.846153846153846,2534,0.846153846153846,1247,0.8607594936708862,2463,0.8354430379746834,1247,0.8354430379746834,2356,0.846153846153846,1277,0.8607594936708862,2271,0.8354430379746834,3203,0.85,5506,0.8311688311688312,3163,0.8157894736842106,5398,0.846153846153846,3086,0.8641975308641975,5290,0.8051948051948052,3141,0.8250000000000001,5427,0.8148148148148148,6225,0.8292682926829269,9220,0.85,6325,0.8354430379746834,9241,0.85,6345,0.8536585365853658,9278,0.8354430379746834,6342,0.8354430379746834,9453,0.8354430379746834,9478,0.8148148148148148,11654,0.8250000000000001,9421,0.8250000000000001,11595,0.8250000000000001,9393,0.8395061728395061,11582,0.8395061728395061,9359,0.8148148148148148,11547,0.8048780487804879,11255,0.8148148148148148,12353,0.8148148148148148,11295,0.8148148148148148,12351,0.8250000000000001,11278,0.8148148148148148,12423,0.8148148148148148,11324,0.8148148148148148,12415,0.8148148148148148,37,0.7894736842105263
321,2,33,0.846153846153846,0.846153846153846,7,0.846153846153846,7,0.846153846153846,15,0.846153846153846,31,0.846153846153846,16,0.846153846153846,32,0.846153846153846,12,0.846153846153846,44,0.846153846153846,141,0.846153846153846,269,0.846153846153846,133,0.846153846153846,226,0.846153846153846,123,0.846153846153846,218,0.846153846153846,123,0.846153846153846,216,0.846153846153846,686,0.846153846153846,1191,0.846153846153846,677,0.846153846153846,1139,0.846153846153846,584,0.846153846153846,1183,0.8311688311688311,630,0.8205128205128205,1236,0.846153846153846,1200,0.8607594936708861,2280,0.846153846153846,1266,0.85,2384,0.846153846153846,1314,0.8205128205128205,2442,0.8607594936708861,1230,0.8311688311688311,2257,0.8607594936708861,3091,0.8395061728395062,5185,0.85,3188,0.8292682926829269,5484,0.8101265822784811,3233,0.8536585365853658,5495,0.8,3164,0.8292682926829269,5353,0.8674698795180723,6189,0.8292682926829269,9343,0.8433734939759038,6179,0.8433734939759038,9196,0.8292682926829269,6233,0.8292682926829269,9375,0.8536585365853658,6373,0.8292682926829269,9261,0.8292682926829269,9388,0.8536585365853658,11635,0.8148148148148148,9355,0.8395061728395062,11614,0.8148148148148148,9381,0.8395061728395062,11566,0.8292682926829269,9370,0.8395061728395062,11704,0.8395061728395062,11316,0.8395061728395062,12401,0.8192771084337349,11290,0.8395061728395062,12384,0.8536585365853658,11278,0.8395061728395062,12351,0.8148148148148148,11316,0.8395061728395062,12373,0.8395061728395062,36,0.8051948051948051
322,2,34,0.8607594936708861,0.8607594936708861,13,0.8607594936708861,13,0.8607594936708861,13,0.8607594936708861,13,0.8607594936708861,13,0.8607594936708861,13,0.8607594936708861,15,0.8607594936708861,15,0.8607594936708861,121,0.8607594936708861,201,0.8607594936708861,116,0.8607594936708861,226,0.846153846153846,115,0.846153846153846,194,0.8607594936708861,125,0.8607594936708861,267,0.8607594936708861,613,0.846153846153846,1221,0.8354430379746834,605,0.8395061728395062,1203,0.8607594936708861,627,0.8354430379746834,1200,0.8607594936708861,612,0.846153846153846,1233,0.8205128205128205,1300,0.8674698795180723,2347,0.8750000000000001,1298,0.846153846153846,2576,0.846153846153846,1255,0.8607594936708861,2367,0.846153846153846,1229,0.85,2307,0.8607594936708861,3150,0.8780487804878049,5438,0.846153846153846,3128,0.8292682926829269,5277,0.85,3100,0.8780487804878049,5178,0.846153846153846,3123,0.9047619047619048,5326,0.8536585365853658,6261,0.8571428571428571,9371,0.8536585365853658,6389,0.8433734939759038,9496,0.8433734939759038,6412,0.8536585365853658,9289,0.8250000000000001,6284,0.8809523809523809,9203,0.8536585365853658,9454,0.8536585365853658,11711,0.8536585365853658,9458,0.8571428571428571,11538,0.8395061728395062,9423,0.8433734939759038,11704,0.8433734939759038,9450,0.8433734939759038,11666,0.8333333333333333,11310,0.8433734939759038,12372,0.8433734939759038,11352,0.8433734939759038,12392,0.8809523809523809,11325,0.8433734939759038,12384,0.8433734939759038,11287,0.8433734939759038,12355,0.8433734939759038,38,0.8051948051948051
323,2,34,0.8607594936708861,0.8607594936708861,8,0.8607594936708861,8,0.8607594936708861,14,0.8607594936708861,14,0.8607594936708861,9,0.8607594936708861,9,0.8607594936708861,17,0.85,33,0.8607594936708861,113,0.8607594936708861,161,0.8607594936708861,123,0.8607594936708861,234,0.8607594936708861,126,0.8607594936708861,174,0.8607594936708861,137,0.8607594936708861,278,0.85,596,0.8433734939759038,1185,0.8641975308641976,661,0.8641975308641976,1286,0.8641975308641976,617,0.8250000000000001,1179,0.8607594936708861,636,0.8607594936708861,1262,0.8395061728395062,1261,0.8433734939759038,2465,0.8354430379746834,1241,0.8354430379746834,2367,0.846153846153846,1240,0.846153846153846,2277,0.85,1261,0.85,2293,0.8641975308641976,3113,0.823529411764706,5305,0.8750000000000001,3161,0.8192771084337349,5255,0.8750000000000001,3124,0.8292682926829269,5250,0.8607594936708861,3093,0.8433734939759038,5582,0.8148148148148148,6303,0.8148148148148148,9405,0.8048780487804879,6300,0.8148148148148148,9399,0.7951807228915663,6295,0.8192771084337349,9276,0.8250000000000001,6334,0.7951807228915663,9268,0.7901234567901234,9452,0.8148148148148148,11611,0.8433734939759038,9412,0.8148148148148148,11643,0.8292682926829269,9455,0.8148148148148148,11607,0.8148148148148148,9513,0.8148148148148148,11677,0.8148148148148148,11373,0.8148148148148148,12408,0.8148148148148148,11330,0.8148148148148148,12387,0.8292682926829269,11340,0.8148148148148148,12416,0.8148148148148148,11329,0.8148148148148148,12425,0.8148148148148148,36,0.8250000000000001
324,2,33,0.846153846153846,0.846153846153846,8,0.846153846153846,40,0.846153846153846,9,0.846153846153846,25,0.846153846153846,10,0.846153846153846,26,0.846153846153846,11,0.846153846153846,27,0.8750000000000001,138,0.8205128205128205,281,0.846153846153846,136,0.846153846153846,231,0.846153846153846,135,0.846153846153846,199,0.846153846153846,111,0.846153846153846,190,0.846153846153846,568,0.891566265060241,1088,0.846153846153846,630,0.846153846153846,1074,0.846153846153846,614,0.8607594936708861,1058,0.8750000000000001,622,0.8750000000000001,1265,0.8607594936708861,1292,0.7894736842105263,2466,0.8607594936708861,1277,0.8750000000000001,2243,0.8311688311688311,1262,0.846153846153846,2194,0.8607594936708861,1258,0.846153846153846,2418,0.85,3238,0.8148148148148148,5679,0.846153846153846,3156,0.8433734939759038,5366,0.8205128205128205,3133,0.85,5208,0.846153846153846,3041,0.8780487804878049,5361,0.85,6211,0.8571428571428571,8844,0.8571428571428571,6231,0.8333333333333333,9335,0.8536585365853658,6297,0.8292682926829269,9066,0.8354430379746834,6275,0.8641975308641976,9229,0.8250000000000001,9385,0.8,11681,0.8395061728395062,9387,0.8148148148148148,11609,0.8641975308641976,9394,0.8292682926829269,11500,0.8433734939759038,9404,0.8536585365853658,11539,0.8148148148148148,11308,0.8048780487804879,12399,0.7901234567901234,11328,0.8048780487804879,12393,0.8048780487804879,11356,0.7901234567901234,12391,0.8395061728395062,11309,0.8192771084337349,12386,0.8048780487804879,37,0.7894736842105263
325,2,32,0.8311688311688311,0.8311688311688311,12,0.8311688311688311,28,0.8311688311688311,15,0.8311688311688311,62,0.8311688311688311,19,0.8311688311688311,19,0.8311688311688311,8,0.8311688311688311,24,0.8311688311688311,114,0.8311688311688311,209,0.8311688311688311,128,0.8157894736842105,238,0.8311688311688311,136,0.8311688311688311,231,0.8311688311688311,109,0.8311688311688311,188,0.8311688311688311,688,0.8311688311688311,1289,0.8311688311688311,584,0.8157894736842105,1007,0.8311688311688311,644,0.8311688311688311,1268,0.846153846153846,601,0.846153846153846,1052,0.846153846153846,1265,0.8641975308641976,2478,0.8311688311688311,1292,0.8311688311688311,2505,0.8607594936708861,1318,0.8750000000000001,2299,0.8311688311688311,1240,0.8311688311688311,2317,0.8607594936708861,3168,0.8395061728395062,5477,0.8354430379746834,3110,0.8101265822784811,5256,0.8536585365853658,3157,0.8250000000000001,5380,0.8157894736842105,3099,0.8205128205128205,5084,0.8205128205128205,6283,0.8205128205128205,9251,0.8395061728395062,6223,0.8101265822784811,9332,0.7848101265822784,6287,0.7792207792207793,9199,0.8205128205128205,6273,0.8205128205128205,9202,0.7848101265822784,9476,0.7654320987654321,11669,0.8354430379746834,9430,0.7848101265822784,11613,0.8051948051948051,9464,0.775,11710,0.8,9425,0.775,11617,0.7848101265822784,11282,0.775,12408,0.7948717948717948,11339,0.775,12376,0.8205128205128205,11298,0.7848101265822784,12353,0.775,11326,0.775,12356,0.775,35,0.7894736842105263
326,2,35,0.8750000000000001,0.8750000000000001,16,0.8750000000000001,64,0.8750000000000001,10,0.8750000000000001,10,0.8750000000000001,8,0.8750000000000001,8,0.8750000000000001,8,0.8750000000000001,8,0.8750000000000001,119,0.8750000000000001,199,0.8750000000000001,121,0.8750000000000001,215,0.8607594936708861,132,0.8607594936708861,242,0.8750000000000001,117,0.8750000000000001,197,0.8311688311688311,671,0.8311688311688311,1035,0.8750000000000001,606,0.8750000000000001,1317,0.85,613,0.8641975308641976,1117,0.8750000000000001,605,0.8750000000000001,1038,0.8750000000000001,1266,0.8607594936708861,2341,0.8607594936708861,1228,0.8780487804878049,2339,0.8750000000000001,1282,0.8750000000000001,2291,0.8607594936708861,1274,0.8607594936708861,2417,0.888888888888889,3142,0.8780487804878049,5349,0.8607594936708861,3097,0.8148148148148148,5203,0.8641975308641976,3125,0.8354430379746834,5502,0.846153846153846,3082,0.8354430379746834,5232,0.8354430379746834,6367,0.8250000000000001,9216,0.8395061728395062,6317,0.7901234567901234,9429,0.8536585365853658,6236,0.8250000000000001,9183,0.8250000000000001,6211,0.8395061728395062,9109,0.8148148148148148,9424,0.8148148148148148,11620,0.8101265822784811,9438,0.8101265822784811,11667,0.8,9461,0.8,11653,0.8,9416,0.7901234567901234,11589,0.8,11271,0.8,12355,0.8,11278,0.8,12353,0.8101265822784811,11269,0.8,12360,0.8,11297,0.8,12376,0.8,35,0.8311688311688311
327,2,35,0.8860759493670886,0.8860759493670886,12,0.8860759493670886,44,0.8860759493670886,16,0.8860759493670886,48,0.8860759493670886,9,0.8860759493670886,25,0.8860759493670886,11,0.8860759493670886,27,0.8860759493670886,111,0.9,191,0.8860759493670886,120,0.9135802469135803,342,0.8860759493670886,112,0.8860759493670886,192,0.8860759493670886,131,0.8860759493670886,272,0.8860759493670886,665,0.8717948717948718,1316,0.8717948717948718,619,0.8717948717948718,1218,0.8860759493670886,681,0.8860759493670886,1126,0.8860759493670886,593,0.9,1117,0.8717948717948718,1295,0.8717948717948718,2393,0.8717948717948718,1242,0.9,2290,0.8860759493670886,1209,0.8860759493670886,2369,0.9,1274,0.9,2462,0.8860759493670886,3115,0.8888888888888891,5360,0.8860759493670886,3112,0.8536585365853658,5281,0.8860759493670886,3145,0.8888888888888891,5304,0.9024390243902439,3128,0.875,5236,0.9,6252,0.9,9393,0.8860759493670886,6241,0.85,9245,0.8860759493670886,6225,0.8888888888888891,8976,0.9135802469135803,6314,0.8641975308641975,9303,0.8536585365853658,9442,0.85,11640,0.8780487804878049,9339,0.85,11669,0.9024390243902439,9410,0.85,11521,0.8354430379746834,9425,0.85,11678,0.8354430379746834,11332,0.8354430379746834,12397,0.8354430379746834,11296,0.8354430379746834,12353,0.8354430379746834,11328,0.8354430379746834,12387,0.8354430379746834,11318,0.8354430379746834,12374,0.8354430379746834,35,0.8157894736842106
328,2,34,0.8607594936708861,0.8607594936708861,13,0.8607594936708861,13,0.8607594936708861,8,0.8607594936708861,8,0.8607594936708861,11,0.8607594936708861,27,0.8607594936708861,12,0.8607594936708861,28,0.8607594936708861,145,0.8607594936708861,352,0.8607594936708861,133,0.8607594936708861,199,0.8607594936708861,141,0.8607594936708861,250,0.8607594936708861,132,0.8607594936708861,321,0.8607594936708861,636,0.8607594936708861,1189,0.8607594936708861,599,0.8354430379746834,1068,0.8607594936708861,637,0.8607594936708861,1048,0.8607594936708861,622,0.8607594936708861,1173,0.8157894736842105,1197,0.8101265822784811,2244,0.8607594936708861,1285,0.8607594936708861,2182,0.846153846153846,1255,0.7894736842105263,2198,0.8157894736842105,1245,0.8157894736842105,2189,0.846153846153846,3125,0.8,5360,0.8607594936708861,3196,0.8354430379746834,5195,0.888888888888889,3114,0.8641975308641976,5265,0.8311688311688311,3213,0.763157894736842,5749,0.8250000000000001,6179,0.8250000000000001,9129,0.8,6297,0.8101265822784811,9344,0.7848101265822784,6285,0.8,9072,0.8101265822784811,6291,0.8354430379746834,9434,0.7792207792207793,9405,0.7692307692307692,11651,0.8250000000000001,9430,0.7848101265822784,11542,0.7848101265822784,9375,0.7692307692307692,11586,0.775,9385,0.7848101265822784,11711,0.7848101265822784,11235,0.7692307692307692,12381,0.7692307692307692,11350,0.7692307692307692,12414,0.7848101265822784,11326,0.7848101265822784,12367,0.7948717948717948,11347,0.7848101265822784,12423,0.7692307692307692,33,0.7733333333333334
329,2,35,0.8860759493670886,0.8860759493670886,12,0.8860759493670886,12,0.8860759493670886,14,0.8860759493670886,14,0.8860759493670886,20,0.8860759493670886,36,0.8860759493670886,14,0.8860759493670886,14,0.8860759493670886,135,0.8860759493670886,214,0.8860759493670886,129,0.8860759493670886,241,0.8860759493670886,119,0.8860759493670886,182,0.8860759493670886,121,0.8860759493670886,169,0.8860759493670886,649,0.8860759493670886,1124,0.8571428571428571,659,0.8571428571428571,1350,0.8860759493670886,645,0.8571428571428571,1198,0.8860759493670886,666,0.8860759493670886,1283,0.8717948717948718,1262,0.8571428571428571,2386,0.8571428571428571,1247,0.8571428571428571,2147,0.8717948717948718,1253,0.8717948717948718,2289,0.8717948717948718,1325,0.8717948717948718,2256,0.846153846153846,3155,0.7894736842105263,5233,0.8051948051948052,3235,0.8354430379746834,5392,0.9,3088,0.8354430379746834,5269,0.8266666666666667,3099,0.8311688311688312,5315,0.8311688311688312,6195,0.8354430379746834,9116,0.846153846153846,6159,0.8205128205128205,9196,0.8571428571428571,6296,0.8311688311688312,9192,0.8717948717948718,6335,0.8311688311688312,9311,0.8205128205128205,9367,0.8157894736842106,11535,0.8311688311688312,9441,0.8157894736842106,11711,0.8607594936708862,9436,0.8157894736842106,11629,0.8157894736842106,9322,0.8157894736842106,11497,0.8311688311688312,11285,0.8157894736842106,12326,0.8157894736842106,11320,0.8157894736842106,12349,0.8157894736842106,11334,0.8157894736842106,12402,0.8051948051948052,11320,0.8157894736842106,12390,0.8157894736842106,32,0.8108108108108109
330,2,32,0.8311688311688311,0.8311688311688311,9,0.8311688311688311,9,0.8311688311688311,10,0.8311688311688311,26,0.8311688311688311,17,0.8311688311688311,33,0.8311688311688311,16,0.846153846153846,32,0.8311688311688311,141,0.8157894736842105,333,0.8311688311688311,122,0.8311688311688311,201,0.8311688311688311,130,0.8311688311688311,208,0.846153846153846,145,0.846153846153846,257,0.8311688311688311,598,0.8205128205128205,1142,0.8157894736842105,629,0.8157894736842105,1264,0.8311688311688311,625,0.846153846153846,1066,0.8051948051948051,635,0.8205128205128205,1305,0.846153846153846,1288,0.8750000000000001,2401,0.8607594936708861,1247,0.8148148148148148,2142,0.8607594936708861,1250,0.8607594936708861,2292,0.8607594936708861,1229,0.8157894736842105,2246,0.8354430379746834,3159,0.8101265822784811,5475,0.8205128205128205,3174,0.846153846153846,5334,0.8311688311688311,3139,0.8311688311688311,5319,0.8157894736842105,3135,0.8157894736842105,5477,0.8205128205128205,6207,0.8354430379746834,9212,0.7894736842105263,6287,0.7948717948717948,9272,0.8607594936708861,6303,0.8536585365853658,9355,0.846153846153846,6301,0.85,9183,0.846153846153846,9478,0.8250000000000001,11562,0.8205128205128205,9413,0.8101265822784811,11602,0.8205128205128205,9402,0.8101265822784811,11561,0.8311688311688311,9412,0.8101265822784811,11620,0.8250000000000001,11273,0.8395061728395062,12350,0.8,11285,0.8250000000000001,12357,0.8101265822784811,11295,0.8250000000000001,12395,0.8250000000000001,11329,0.8250000000000001,12406,0.8250000000000001,35,0.8
331,2,34,0.8717948717948718,0.8717948717948718,16,0.8717948717948718,16,0.8717948717948718,11,0.8717948717948718,11,0.8717948717948718,7,0.8717948717948718,23,0.8571428571428571,12,0.8571428571428571,12,0.8571428571428571,137,0.8571428571428571,280,0.8571428571428571,149,0.8571428571428571,356,0.8717948717948718,129,0.8717948717948718,177,0.8717948717948718,136,0.8717948717948718,248,0.8717948717948718,648,0.8717948717948718,1077,0.8571428571428571,595,0.8421052631578948,1194,0.8717948717948718,632,0.8421052631578948,1145,0.8717948717948718,643,0.8421052631578948,1265,0.8311688311688312,1238,0.8354430379746834,2356,0.8571428571428571,1230,0.8888888888888891,2210,0.8717948717948718,1298,0.8571428571428571,2437,0.8717948717948718,1196,0.8157894736842106,2029,0.8,3091,0.8,5359,0.8157894736842106,3192,0.846153846153846,5313,0.8421052631578948,3146,0.8,5489,0.8717948717948718,3085,0.8311688311688312,5279,0.8205128205128205,6284,0.7837837837837838,9388,0.8717948717948718,6249,0.7733333333333332,9231,0.8571428571428571,6373,0.8421052631578948,9163,0.8266666666666667,6149,0.8421052631578948,9028,0.8,9385,0.8,11701,0.7894736842105263,9463,0.8,11613,0.8051948051948052,9439,0.8,11747,0.8205128205128205,9408,0.7733333333333332,11670,0.8,11329,0.8,12353,0.8,11323,0.8,12393,0.8311688311688312,11262,0.8,12370,0.8157894736842106,11333,0.8,12402,0.8,31,0.7837837837837838
332,2,34,0.8607594936708861,0.8607594936708861,10,0.8607594936708861,10,0.8607594936708861,16,0.8607594936708861,16,0.8607594936708861,15,0.8607594936708861,15,0.8607594936708861,15,0.8607594936708861,47,0.8607594936708861,127,0.8607594936708861,206,0.8607594936708861,143,0.8607594936708861,254,0.8607594936708861,123,0.8750000000000001,218,0.8607594936708861,127,0.8607594936708861,175,0.8311688311688311,609,0.7733333333333334,1172,0.846153846153846,654,0.8311688311688311,1271,0.8311688311688311,686,0.8607594936708861,1333,0.8607594936708861,591,0.8750000000000001,1093,0.8205128205128205,1222,0.8311688311688311,2233,0.85,1279,0.85,2407,0.846153846153846,1297,0.8607594936708861,2463,0.846153846153846,1279,0.8051948051948051,2576,0.8607594936708861,3192,0.8354430379746834,5352,0.8311688311688311,3197,0.8311688311688311,5302,0.85,3158,0.85,5310,0.8157894736842105,3199,0.8148148148148148,5511,0.8205128205128205,6192,0.7901234567901234,9132,0.8607594936708861,6242,0.8205128205128205,9366,0.7901234567901234,6238,0.7804878048780488,9228,0.8395061728395062,6235,0.7804878048780488,9322,0.8205128205128205,9448,0.8101265822784811,11728,0.8250000000000001,9535,0.8,11776,0.775,9399,0.775,11653,0.8,9455,0.8101265822784811,11714,0.8250000000000001,11297,0.8101265822784811,12373,0.8,11265,0.8101265822784811,12362,0.8101265822784811,11355,0.8,12360,0.8205128205128205,11333,0.8101265822784811,12375,0.8101265822784811,34,0.8
333,2,31,0.8266666666666667,0.8266666666666667,10,0.8266666666666667,10,0.8266666666666667,12,0.8266666666666667,12,0.8266666666666667,9,0.8266666666666667,25,0.8266666666666667,13,0.8266666666666667,13,0.8266666666666667,107,0.8266666666666667,282,0.8266666666666667,140,0.8266666666666667,283,0.8266666666666667,134,0.8266666666666667,230,0.8266666666666667,130,0.8266666666666667,240,0.8266666666666667,646,0.8,1213,0.8108108108108109,611,0.8108108108108109,1239,0.8108108108108109,631,0.8108108108108109,1155,0.8108108108108109,643,0.7945205479452054,1181,0.8266666666666667,1263,0.8108108108108109,2400,0.8108108108108109,1212,0.7837837837837838,2338,0.8266666666666667,1285,0.8108108108108109,2344,0.7945205479452054,1255,0.8266666666666667,2195,0.8108108108108109,3164,0.8157894736842106,5348,0.8108108108108109,3126,0.8108108108108109,5353,0.8108108108108109,3088,0.7945205479452054,5177,0.7777777777777778,3118,0.7837837837837838,5278,0.794871794871795,6255,0.7733333333333332,9198,0.8,6198,0.7894736842105263,9151,0.8421052631578948,6340,0.7837837837837838,9525,0.7945205479452054,6274,0.7837837837837838,9412,0.8,9507,0.7837837837837838,11663,0.7837837837837838,9516,0.7837837837837838,11743,0.7894736842105263,9414,0.7837837837837838,11638,0.8157894736842106,9485,0.7837837837837838,11754,0.8,11348,0.7837837837837838,12384,0.7837837837837838,11352,0.7837837837837838,12389,0.8,11319,0.7837837837837838,12398,0.7733333333333332,11286,0.7837837837837838,12315,0.7837837837837838,30,0.7777777777777778
334,2,33,0.846153846153846,0.846153846153846,15,0.846153846153846,15,0.846153846153846,15,0.846153846153846,15,0.846153846153846,12,0.846153846153846,12,0.846153846153846,14,0.846153846153846,14,0.846153846153846,131,0.846153846153846,227,0.846153846153846,125,0.846153846153846,268,0.846153846153846,131,0.846153846153846,177,0.846153846153846,139,0.8157894736842105,251,0.846153846153846,645,0.846153846153846,1230,0.846153846153846,624,0.846153846153846,1130,0.8311688311688311,625,0.8311688311688311,1034,0.8311688311688311,663,0.8311688311688311,1222,0.8157894736842105,1299,0.8051948051948051,2358,0.8311688311688311,1193,0.8311688311688311,2142,0.8157894736842105,1329,0.8205128205128205,2474,0.8607594936708861,1260,0.846153846153846,2295,0.8157894736842105,3208,0.8,5513,0.8,3136,0.8051948051948051,5440,0.8051948051948051,3127,0.8101265822784811,5594,0.8205128205128205,3186,0.8051948051948051,5337,0.7948717948717948,6208,0.7692307692307692,9325,0.8205128205128205,6252,0.8205128205128205,9067,0.7948717948717948,6279,0.8051948051948051,9253,0.8051948051948051,6357,0.7948717948717948,9382,0.7792207792207793,9406,0.7792207792207793,11633,0.8101265822784811,9407,0.8205128205128205,11567,0.7792207792207793,9513,0.7792207792207793,11628,0.7692307692307692,9338,0.7792207792207793,11558,0.7792207792207793,11389,0.7792207792207793,12382,0.7792207792207793,11307,0.7792207792207793,12403,0.7792207792207793,11238,0.7792207792207793,12380,0.7792207792207793,11316,0.7792207792207793,12368,0.7792207792207793,32,0.7733333333333334
335,2,33,0.8311688311688312,0.8311688311688312,11,0.8311688311688312,43,0.8311688311688312,11,0.8311688311688312,11,0.8311688311688312,16,0.8311688311688312,16,0.8311688311688312,14,0.8311688311688312,30,0.8311688311688312,117,0.8311688311688312,165,0.8311688311688312,112,0.8311688311688312,191,0.8311688311688312,115,0.8311688311688312,211,0.8311688311688312,120,0.8311688311688312,213,0.8311688311688312,633,0.8311688311688312,1107,0.8311688311688312,626,0.8311688311688312,1162,0.8311688311688312,649,0.8266666666666667,1224,0.8266666666666667,635,0.8108108108108109,1292,0.8157894736842106,1265,0.8266666666666667,2403,0.8421052631578948,1315,0.8354430379746834,2418,0.8311688311688312,1254,0.8421052631578948,2306,0.8311688311688312,1222,0.8421052631578948,2296,0.8266666666666667,3149,0.8421052631578948,5403,0.8571428571428571,3215,0.8717948717948718,5489,0.8,3157,0.8421052631578948,5302,0.8,3146,0.8,5620,0.8108108108108109,6309,0.8,9255,0.8311688311688312,6357,0.8266666666666667,9345,0.8266666666666667,6226,0.8,9307,0.8571428571428571,6234,0.8157894736842106,9346,0.8266666666666667,9407,0.8,11530,0.8051948051948052,9417,0.8,11665,0.8311688311688312,9436,0.8157894736842106,11594,0.8311688311688312,9480,0.8205128205128205,11700,0.8,11355,0.8,12407,0.8,11356,0.8,12403,0.8157894736842106,11349,0.8,12375,0.8,11289,0.8,12372,0.8,31,0.7945205479452054
336,2,35,0.8354430379746834,0.8354430379746834,14,0.8354430379746834,30,0.8354430379746834,12,0.8354430379746834,12,0.8354430379746834,16,0.8354430379746834,64,0.8354430379746834,10,0.8354430379746834,41,0.8205128205128205,120,0.8205128205128205,232,0.8354430379746834,130,0.8354430379746834,305,0.8354430379746834,135,0.8354430379746834,262,0.8354430379746834,114,0.8354430379746834,194,0.8157894736842106,668,0.8157894736842106,1171,0.846153846153846,625,0.846153846153846,1194,0.8051948051948052,597,0.810126582278481,1163,0.8205128205128205,586,0.8354430379746834,1197,0.8717948717948718,1262,0.8250000000000001,2247,0.8148148148148148,1280,0.9047619047619048,2607,0.8311688311688312,1227,0.8354430379746834,2288,0.8354430379746834,1233,0.8051948051948052,2157,0.8292682926829269,3198,0.7792207792207791,5517,0.810126582278481,3173,0.8250000000000001,5317,0.8205128205128205,3171,0.8205128205128205,5206,0.810126582278481,3191,0.7792207792207791,5390,0.794871794871795,6310,0.775,9395,0.810126582278481,6191,0.8095238095238095,9267,0.7999999999999999,6267,0.7999999999999999,9200,0.7999999999999999,6345,0.8148148148148148,9422,0.794871794871795,9382,0.775,11605,0.7999999999999999,9443,0.7999999999999999,11734,0.8148148148148148,9401,0.810126582278481,11631,0.8250000000000001,9422,0.7848101265822784,11652,0.7848101265822784,11366,0.7848101265822784,12444,0.7848101265822784,11367,0.7999999999999999,12414,0.7848101265822784,11321,0.7999999999999999,12394,0.8250000000000001,11232,0.7848101265822784,12323,0.7999999999999999,36,0.763157894736842
337,2,33,0.868421052631579,0.868421052631579,11,0.868421052631579,11,0.868421052631579,9,0.868421052631579,25,0.868421052631579,9,0.868421052631579,9,0.868421052631579,9,0.868421052631579,25,0.868421052631579,120,0.8831168831168831,247,0.8831168831168831,122,0.8831168831168831,248,0.868421052631579,101,0.868421052631579,196,0.868421052631579,116,0.868421052631579,195,0.8831168831168831,614,0.8533333333333333,1169,0.868421052631579,590,0.868421052631579,1185,0.8831168831168831,626,0.8378378378378378,1139,0.868421052631579,601,0.868421052631579,1116,0.8571428571428571,1241,0.8533333333333333,2414,0.8860759493670887,1232,0.8860759493670887,2040,0.8533333333333333,1306,0.8533333333333333,2527,0.868421052631579,1253,0.868421052631579,2401,0.8219178082191781,3095,0.810810810810811,5268,0.810810810810811,3208,0.8051948051948051,5371,0.9113924050632911,3118,0.9249999999999999,5480,0.8717948717948717,3112,0.8378378378378378,5522,0.8051948051948051,6265,0.8051948051948051,9112,0.8157894736842105,6298,0.8421052631578948,9112,0.8266666666666667,6361,0.8717948717948717,9510,0.8266666666666667,6277,0.7894736842105263,9151,0.8266666666666667,9335,0.8157894736842105,11679,0.7945205479452055,9441,0.8157894736842105,11697,0.7894736842105263,9300,0.7948717948717948,11527,0.8157894736842105,9362,0.7948717948717948,11625,0.8000000000000002,11347,0.8157894736842105,12376,0.8157894736842105,11330,0.8157894736842105,12377,0.8157894736842105,11337,0.8157894736842105,12388,0.8157894736842105,11258,0.8157894736842105,12398,0.8157894736842105,33,0.7837837837837838
338,2,33,0.8571428571428571,0.8571428571428571,8,0.8571428571428571,8,0.8571428571428571,11,0.8571428571428571,11,0.8717948717948718,16,0.8571428571428571,48,0.8571428571428571,20,0.8571428571428571,51,0.8571428571428571,109,0.8571428571428571,236,0.8717948717948718,127,0.8717948717948718,223,0.8571428571428571,135,0.8717948717948718,309,0.8571428571428571,122,0.8571428571428571,198,0.8860759493670886,615,0.8860759493670886,1029,0.8571428571428571,600,0.8571428571428571,1102,0.8421052631578948,608,0.8,1208,0.8571428571428571,644,0.8571428571428571,1308,0.8266666666666667,1240,0.8266666666666667,2262,0.8421052631578948,1189,0.9,2297,0.8421052631578948,1232,0.8266666666666667,2290,0.8717948717948718,1233,0.8641975308641975,2218,0.8266666666666667,3169,0.8205128205128205,5364,0.8860759493670886,3120,0.8157894736842106,5412,0.846153846153846,3169,0.8421052631578948,5482,0.7671232876712328,3105,0.8205128205128205,5201,0.8,6367,0.8051948051948052,9406,0.8354430379746834,6323,0.7792207792207791,9244,0.7837837837837838,6268,0.7792207792207791,9132,0.8266666666666667,6178,0.8051948051948052,8864,0.8157894736842106,9333,0.7792207792207791,11550,0.794871794871795,9424,0.7792207792207791,11674,0.794871794871795,9415,0.7792207792207791,11613,0.7733333333333332,9366,0.7792207792207791,11635,0.7792207792207791,11293,0.7792207792207791,12353,0.7692307692307693,11365,0.7792207792207791,12336,0.7792207792207791,11233,0.7792207792207791,12364,0.7792207792207791,11369,0.7792207792207791,12402,0.7792207792207791,33,0.7837837837837838
339,2,36,0.85,0.85,13,0.85,13,0.85,18,0.85,34,0.85,12,0.85,28,0.8641975308641975,13,0.8641975308641975,29,0.875,115,0.875,227,0.8641975308641975,143,0.8641975308641975,382,0.85,141,0.85,300,0.8354430379746834,121,0.8354430379746834,232,0.85,577,0.85,910,0.8205128205128205,639,0.8051948051948052,1257,0.85,614,0.8354430379746834,1137,0.8205128205128205,626,0.8205128205128205,1106,0.8051948051948052,1277,0.8205128205128205,2542,0.8051948051948052,1289,0.8354430379746834,2530,0.8888888888888891,1282,0.8888888888888891,2264,0.8051948051948052,1194,0.8205128205128205,2146,0.846153846153846,3165,0.8607594936708862,5263,0.8250000000000001,3148,0.8205128205128205,5364,0.8311688311688312,3101,0.794871794871795,5115,0.8354430379746834,3192,0.8395061728395061,5374,0.775,6379,0.7901234567901235,9434,0.8205128205128205,6198,0.8048780487804879,9169,0.810126582278481,6172,0.775,9095,0.8205128205128205,6215,0.7901234567901235,9122,0.759493670886076,9520,0.759493670886076,11652,0.7848101265822784,9253,0.7692307692307693,11576,0.7848101265822784,9368,0.7848101265822784,11571,0.7848101265822784,9470,0.7692307692307693,11595,0.7692307692307693,11285,0.7692307692307693,12372,0.794871794871795,11332,0.7692307692307693,12353,0.7692307692307693,11213,0.7692307692307693,12373,0.7692307692307693,11361,0.7692307692307693,12366,0.7692307692307693,34,0.7733333333333332
340,2,31,0.7733333333333332,0.7733333333333332,9,0.7894736842105263,25,0.7733333333333332,7,0.7733333333333332,7,0.7733333333333332,13,0.7733333333333332,13,0.7733333333333332,15,0.7733333333333332,15,0.7733333333333332,121,0.7733333333333332,216,0.763157894736842,107,0.7894736842105263,218,0.7733333333333332,107,0.7733333333333332,138,0.7792207792207791,132,0.7792207792207791,242,0.763157894736842,643,0.7532467532467532,1254,0.7894736842105263,623,0.763157894736842,1134,0.7792207792207791,580,0.763157894736842,1003,0.7733333333333332,573,0.763157894736842,1076,0.8051948051948052,1281,0.810126582278481,2266,0.7733333333333332,1271,0.7397260273972602,2271,0.8,1272,0.7894736842105263,2429,0.7733333333333332,1303,0.763157894736842,2323,0.763157894736842,3171,0.7792207792207791,5367,0.7532467532467532,3122,0.7692307692307693,5406,0.763157894736842,3124,0.763157894736842,5332,0.7792207792207791,3180,0.7466666666666666,5500,0.763157894736842,6244,0.7499999999999999,8927,0.8205128205128205,6327,0.759493670886076,9238,0.7532467532467532,6293,0.7368421052631579,9310,0.7692307692307693,6301,0.7792207792207791,9241,0.794871794871795,9416,0.759493670886076,11674,0.7532467532467532,9414,0.759493670886076,11686,0.7532467532467532,9436,0.759493670886076,11734,0.7692307692307693,9483,0.7848101265822784,11678,0.7692307692307693,11293,0.759493670886076,12341,0.759493670886076,11377,0.759493670886076,12413,0.7341772151898734,11346,0.759493670886076,12381,0.7848101265822784,11261,0.759493670886076,12360,0.759493670886076,35,0.7397260273972602
341,2,28,0.7605633802816901,0.7605633802816901,10,0.7605633802816901,10,0.7605633802816901,12,0.7605633802816901,12,0.7605633802816901,11,0.7605633802816901,43,0.7605633802816901,15,0.7605633802816901,15,0.7605633802816901,135,0.7605633802816901,245,0.7605633802816901,114,0.7777777777777779,241,0.7605633802816901,109,0.7777777777777779,268,0.7605633802816901,117,0.7605633802816901,291,0.7605633802816901,631,0.7428571428571429,1144,0.7605633802816901,590,0.7777777777777779,1086,0.7605633802816901,633,0.7605633802816901,1200,0.7777777777777779,625,0.7499999999999999,1284,0.7777777777777779,1209,0.7605633802816901,2178,0.7777777777777779,1295,0.7605633802816901,2324,0.7714285714285715,1284,0.7536231884057971,2144,0.7605633802816901,1240,0.7323943661971831,2162,0.7605633802816901,3194,0.7714285714285715,5290,0.7605633802816901,3057,0.7777777777777779,5017,0.7428571428571429,3137,0.7323943661971831,5415,0.7714285714285715,3088,0.7887323943661972,5167,0.7945205479452055,6258,0.7499999999999999,9218,0.7499999999999999,6276,0.7945205479452055,9378,0.7945205479452055,6200,0.7837837837837838,9016,0.7945205479452055,6231,0.8000000000000002,9212,0.7466666666666667,9511,0.7567567567567568,11729,0.767123287671233,9475,0.7567567567567568,11727,0.7567567567567568,9449,0.7567567567567568,11605,0.7733333333333334,9427,0.7567567567567568,11709,0.7466666666666667,11302,0.7567567567567568,12397,0.7567567567567568,11275,0.7567567567567568,12383,0.7567567567567568,11293,0.7567567567567568,12365,0.7567567567567568,11356,0.7567567567567568,12408,0.7567567567567568,31,0.7352941176470588
342,2,30,0.8055555555555556,0.8055555555555556,11,0.8055555555555556,11,0.8055555555555556,14,0.8055555555555556,30,0.8055555555555556,15,0.8055555555555556,15,0.7714285714285715,15,0.7714285714285715,31,0.8055555555555556,109,0.8055555555555556,236,0.8055555555555556,119,0.8055555555555556,198,0.7887323943661971,116,0.7887323943661971,242,0.8055555555555556,135,0.8055555555555556,247,0.782608695652174,620,0.8,1127,0.8333333333333333,655,0.8,1188,0.7777777777777778,597,0.8055555555555556,1035,0.8055555555555556,626,0.8055555555555556,1189,0.8055555555555556,1264,0.8493150684931507,2308,0.7605633802816901,1288,0.8108108108108109,2360,0.8055555555555556,1271,0.7605633802816901,2194,0.8169014084507042,1273,0.821917808219178,2287,0.8,3071,0.8169014084507042,5232,0.782608695652174,3096,0.8333333333333333,5488,0.821917808219178,3093,0.8,5201,0.8493150684931507,3136,0.8493150684931507,5265,0.8055555555555556,6333,0.7945205479452055,9266,0.8333333333333333,6289,0.7777777777777778,9024,0.8169014084507042,6291,0.821917808219178,9286,0.8055555555555556,6283,0.8169014084507042,9140,0.8055555555555556,9409,0.8,11536,0.7733333333333333,9385,0.8,11652,0.8169014084507042,9461,0.8,11641,0.7945205479452055,9387,0.8169014084507042,11636,0.8169014084507042,11326,0.8,12381,0.8,11263,0.8,12335,0.8,11294,0.8,12348,0.8055555555555556,11348,0.8,12379,0.8,28,0.782608695652174
343,2,27,0.8387096774193549,0.8387096774193549,4,0.8387096774193549,4,0.8387096774193549,14,0.8387096774193549,14,0.8387096774193549,10,0.8387096774193549,26,0.8387096774193549,17,0.8387096774193549,33,0.8387096774193549,110,0.8064516129032259,285,0.8387096774193549,145,0.8387096774193549,241,0.8387096774193549,120,0.8387096774193549,184,0.8387096774193549,121,0.8387096774193549,214,0.8387096774193549,655,0.8064516129032259,1212,0.8387096774193549,651,0.7812500000000001,1232,0.8387096774193549,610,0.8387096774193549,1098,0.8387096774193549,642,0.8387096774193549,1128,0.8387096774193549,1279,0.8387096774193549,2288,0.8387096774193549,1251,0.8387096774193549,2332,0.8387096774193549,1276,0.8387096774193549,2342,0.8064516129032259,1281,0.7868852459016394,2327,0.7868852459016394,3193,0.8064516129032259,5427,0.8387096774193549,3143,0.8253968253968255,5238,0.7741935483870968,3194,0.8064516129032259,5334,0.8064516129032259,3096,0.819672131147541,5308,0.8064516129032259,6299,0.7936507936507937,9348,0.7868852459016394,6285,0.8064516129032259,9509,0.8253968253968255,6344,0.819672131147541,9294,0.7999999999999999,6207,0.8253968253968255,9317,0.8064516129032259,9333,0.819672131147541,11566,0.8064516129032259,9487,0.819672131147541,11653,0.7936507936507937,9382,0.8125,11550,0.8125,9474,0.8064516129032259,11739,0.819672131147541,11281,0.819672131147541,12334,0.819672131147541,11300,0.819672131147541,12389,0.7999999999999999,11336,0.819672131147541,12417,0.8253968253968255,11324,0.819672131147541,12342,0.819672131147541,26,0.7868852459016394
344,2,27,0.8571428571428571,0.8571428571428571,10,0.8571428571428571,10,0.8571428571428571,11,0.8571428571428571,11,0.8571428571428571,12,0.8571428571428571,12,0.8571428571428571,12,0.8571428571428571,12,0.8571428571428571,129,0.8571428571428571,253,0.8571428571428571,112,0.8571428571428571,302,0.8571428571428571,142,0.8571428571428571,237,0.8571428571428571,123,0.8571428571428571,267,0.8571428571428571,592,0.8387096774193548,1053,0.8387096774193548,696,0.8571428571428571,1345,0.8571428571428571,606,0.8571428571428571,1042,0.8571428571428571,661,0.8253968253968254,1254,0.8571428571428571,1252,0.8387096774193548,1992,0.8387096774193548,1276,0.8064516129032258,2439,0.8571428571428571,1266,0.8387096774193548,2387,0.8064516129032258,1188,0.7936507936507936,2176,0.8253968253968254,3193,0.8064516129032258,5485,0.7741935483870968,3164,0.8,5205,0.8064516129032258,3107,0.8064516129032258,5144,0.8064516129032258,3138,0.8,5386,0.7868852459016393,6236,0.8,9319,0.7936507936507936,6210,0.8181818181818182,9163,0.8,6219,0.8064516129032258,9269,0.8387096774193548,6274,0.8064516129032258,9136,0.8,9506,0.7868852459016393,11678,0.8125000000000001,9377,0.8064516129032258,11677,0.819672131147541,9434,0.8064516129032258,11659,0.8253968253968254,9360,0.8387096774193548,11716,0.8387096774193548,11329,0.8387096774193548,12395,0.8064516129032258,11301,0.8064516129032258,12355,0.8387096774193548,11276,0.819672131147541,12328,0.8253968253968254,11297,0.8064516129032258,12360,0.8064516129032258,26,0.7936507936507936
345,2,30,0.9523809523809523,0.9523809523809523,13,0.9523809523809523,13,0.9523809523809523,8,0.9523809523809523,8,0.9523809523809523,9,0.9523809523809523,9,0.9523809523809523,17,0.9523809523809523,49,0.9523809523809523,106,0.9523809523809523,168,0.9523809523809523,109,0.9523809523809523,235,0.9523809523809523,117,0.9354838709677419,181,0.9523809523809523,107,0.9523809523809523,234,0.9354838709677419,631,0.9,1158,0.9180327868852458,624,0.9,1215,0.9180327868852458,612,0.9523809523809523,988,0.9354838709677419,625,0.9354838709677419,1018,0.9180327868852458,1331,0.9180327868852458,2631,0.9523809523809523,1248,0.9374999999999999,2239,0.9206349206349207,1215,0.9032258064516129,2126,0.9180327868852458,1251,0.9180327868852458,2309,0.96875,3240,0.9032258064516129,5706,0.9206349206349207,3106,0.8524590163934426,5524,0.9206349206349207,3088,0.90625,5227,0.9180327868852458,3152,0.9,5570,0.9538461538461539,6381,0.9032258064516129,9447,0.8709677419354839,6240,0.8524590163934426,9235,0.875,6229,0.84375,9207,0.888888888888889,6382,0.8709677419354839,9386,0.8307692307692308,9479,0.8709677419354839,11700,0.8787878787878788,9413,0.8571428571428572,11671,0.8709677419354839,9413,0.8709677419354839,11658,0.8571428571428572,9367,0.8709677419354839,11775,0.8571428571428572,11291,0.8709677419354839,12401,0.8709677419354839,11319,0.8709677419354839,12413,0.8709677419354839,11337,0.8709677419354839,12369,0.8709677419354839,11336,0.8709677419354839,12392,0.8709677419354839,29,0.8813559322033898
346,2,30,0.9523809523809523,0.9523809523809523,13,0.9523809523809523,13,0.9523809523809523,21,0.9374999999999999,69,0.9523809523809523,12,0.9523809523809523,12,0.9523809523809523,14,0.9523809523809523,14,0.9523809523809523,141,0.9523809523809523,300,0.9523809523809523,125,0.9523809523809523,186,0.9354838709677419,128,0.9354838709677419,222,0.9523809523809523,126,0.9523809523809523,156,0.9354838709677419,599,0.9354838709677419,1145,0.9354838709677419,614,0.9354838709677419,1116,0.9354838709677419,608,0.9354838709677419,1154,0.96875,638,0.9523809523809523,1184,0.9354838709677419,1271,0.9206349206349207,2328,0.9523809523809523,1330,0.8709677419354839,2426,0.9032258064516129,1268,0.9032258064516129,2253,0.9374999999999999,1298,0.9354838709677419,2400,0.9032258064516129,3202,0.8709677419354839,5228,0.9354838709677419,3159,0.8709677419354839,5544,0.9180327868852458,3042,0.9354838709677419,5206,0.9523809523809523,3092,0.9032258064516129,5148,0.8852459016393442,6178,0.9180327868852458,9258,0.8709677419354839,6254,0.888888888888889,9096,0.8709677419354839,6245,0.8709677419354839,9293,0.9354838709677419,6301,0.9032258064516129,9278,0.9032258064516129,9486,0.9180327868852458,11705,0.9206349206349207,9436,0.9180327868852458,11510,0.888888888888889,9355,0.9180327868852458,11584,0.9180327868852458,9496,0.9180327868852458,11730,0.9180327868852458,11293,0.9180327868852458,12386,0.9180327868852458,11381,0.9180327868852458,12372,0.9180327868852458,11302,0.9180327868852458,12386,0.9180327868852458,11327,0.9180327868852458,12370,0.9180327868852458,28,0.8813559322033898
347,2,30,0.9375,0.9375,11,0.9375,11,0.9375,10,0.9375,10,0.9375,16,0.9375,32,0.9375,14,0.9375,46,0.9375,130,0.9375,255,0.9375,108,0.9375,155,0.9375,123,0.9375,186,0.9375,130,0.9375,274,0.9206349206349206,616,0.9206349206349206,1105,0.9375,639,0.9375,1243,0.9206349206349206,618,0.8749999999999999,1138,0.9206349206349206,614,0.9206349206349206,1196,0.9206349206349206,1246,0.8387096774193549,2402,0.9206349206349206,1267,0.90625,2288,0.9206349206349206,1288,0.8387096774193549,2370,0.8524590163934426,1231,0.8253968253968255,2144,0.9032258064516129,3154,0.9032258064516129,5567,0.8571428571428571,3191,0.8253968253968255,5395,0.8749999999999999,3095,0.8387096774193549,5490,0.8709677419354839,3100,0.8387096774193549,5365,0.806451612903226,6292,0.8387096774193549,9198,0.8709677419354839,6280,0.819672131147541,9311,0.888888888888889,6264,0.7741935483870968,9289,0.8253968253968255,6303,0.819672131147541,9361,0.8524590163934426,9404,0.819672131147541,11620,0.7936507936507937,9382,0.819672131147541,11600,0.7619047619047619,9405,0.819672131147541,11678,0.819672131147541,9522,0.819672131147541,11625,0.8000000000000002,11309,0.819672131147541,12358,0.806451612903226,11331,0.819672131147541,12384,0.819672131147541,11270,0.819672131147541,12352,0.806451612903226,11318,0.819672131147541,12391,0.819672131147541,27,0.8333333333333333
348,2,31,0.909090909090909,0.909090909090909,12,0.909090909090909,12,0.909090909090909,13,0.909090909090909,45,0.909090909090909,18,0.909090909090909,18,0.909090909090909,17,0.909090909090909,49,0.909090909090909,137,0.8955223880597014,296,0.909090909090909,118,0.909090909090909,228,0.909090909090909,125,0.909090909090909,237,0.909090909090909,127,0.909090909090909,223,0.909090909090909,663,0.8787878787878788,1205,0.8923076923076922,609,0.8923076923076922,1195,0.8923076923076922,662,0.8571428571428572,1223,0.909090909090909,620,0.8615384615384616,1222,0.909090909090909,1229,0.8787878787878788,2385,0.909090909090909,1292,0.8985507246376812,2355,0.909090909090909,1260,0.8615384615384616,2466,0.8955223880597014,1309,0.8787878787878788,2228,0.8615384615384616,3122,0.8059701492537314,5410,0.909090909090909,3094,0.8405797101449276,5282,0.8,3088,0.7812500000000001,5417,0.8955223880597014,3126,0.8484848484848486,5170,0.787878787878788,6227,0.787878787878788,9186,0.8115942028985507,6300,0.8,9213,0.8484848484848486,6269,0.8484848484848486,9123,0.8437500000000001,6250,0.7761194029850748,9209,0.8059701492537314,9370,0.787878787878788,11579,0.8307692307692307,9352,0.8,11552,0.8307692307692307,9449,0.8307692307692307,11649,0.7941176470588236,9403,0.8,11566,0.787878787878788,11373,0.8,12393,0.787878787878788,11315,0.8,12403,0.8181818181818182,11288,0.8,12384,0.8181818181818182,11404,0.8,12387,0.8,30,0.8307692307692307
349,2,31,0.923076923076923,0.923076923076923,18,0.923076923076923,66,0.923076923076923,12,0.923076923076923,12,0.923076923076923,15,0.923076923076923,63,0.923076923076923,6,0.923076923076923,6,0.923076923076923,135,0.923076923076923,247,0.923076923076923,144,0.923076923076923,256,0.923076923076923,122,0.923076923076923,313,0.923076923076923,109,0.923076923076923,236,0.923076923076923,666,0.923076923076923,1209,0.923076923076923,604,0.90625,1119,0.923076923076923,645,0.90625,1116,0.90625,643,0.90625,1344,0.923076923076923,1263,0.8709677419354839,2325,0.923076923076923,1255,0.90625,2288,0.90625,1235,0.9090909090909091,2278,0.923076923076923,1295,0.8749999999999999,2446,0.888888888888889,3137,0.8749999999999999,5299,0.90625,3192,0.8387096774193549,5298,0.923076923076923,3124,0.8615384615384616,5584,0.8115942028985507,3182,0.888888888888889,5467,0.8749999999999999,6244,0.84375,9058,0.84375,6327,0.888888888888889,9387,0.8749999999999999,6317,0.8571428571428571,9245,0.8749999999999999,6370,0.8307692307692308,9410,0.8571428571428571,9419,0.8571428571428571,11536,0.8571428571428571,9396,0.8709677419354839,11656,0.84375,9452,0.8571428571428571,11633,0.8709677419354839,9514,0.8709677419354839,11642,0.8749999999999999,11254,0.8709677419354839,12364,0.8571428571428571,11317,0.8709677419354839,12365,0.8571428571428571,11406,0.8709677419354839,12402,0.8709677419354839,11380,0.8709677419354839,12380,0.8709677419354839,28,0.8709677419354839
350,2,31,0.9374999999999999,0.9374999999999999,13,0.9374999999999999,29,0.9374999999999999,10,0.9374999999999999,26,0.9374999999999999,12,0.9374999999999999,12,0.9374999999999999,12,0.9374999999999999,12,0.9206349206349207,105,0.9206349206349207,152,0.9374999999999999,131,0.9374999999999999,242,0.9374999999999999,130,0.9374999999999999,321,0.9374999999999999,142,0.9374999999999999,269,0.9374999999999999,658,0.888888888888889,1187,0.9032258064516129,663,0.8524590163934426,1245,0.9206349206349207,649,0.9206349206349207,1209,0.9374999999999999,556,0.9374999999999999,1014,0.9374999999999999,1284,0.90625,2128,0.9374999999999999,1215,0.9374999999999999,2084,0.90625,1186,0.9032258064516129,2169,0.9374999999999999,1290,0.875,2390,0.888888888888889,3177,0.8253968253968254,5342,0.888888888888889,3113,0.888888888888889,5211,0.9032258064516129,3216,0.9206349206349207,5388,0.888888888888889,3120,0.8709677419354839,5354,0.875,6337,0.8709677419354839,9467,0.8709677419354839,6218,0.9032258064516129,9130,0.8387096774193549,6254,0.8709677419354839,9256,0.8615384615384615,6260,0.8524590163934426,9163,0.8571428571428572,9402,0.8852459016393442,11573,0.888888888888889,9469,0.9032258064516129,11793,0.8666666666666665,9371,0.9032258064516129,11695,0.8307692307692308,9391,0.9032258064516129,11666,0.8852459016393442,11324,0.9032258064516129,12377,0.888888888888889,11271,0.9032258064516129,12395,0.888888888888889,11341,0.9032258064516129,12389,0.8709677419354839,11298,0.9032258064516129,12363,0.9032258064516129,29,0.8666666666666665
351,2,32,0.9375,0.9375,10,0.9375,26,0.9375,13,0.9375,13,0.9375,11,0.9375,43,0.9375,12,0.9375,12,0.9375,110,0.9375,235,0.9375,137,0.9375,216,0.9375,120,0.9375,215,0.9375,122,0.9375,249,0.8888888888888888,611,0.9032258064516129,1021,0.9375,614,0.9375,1146,0.9523809523809523,616,0.9523809523809523,1265,0.9206349206349206,640,0.9032258064516129,1295,0.9523809523809523,1286,0.8888888888888888,2593,0.9206349206349206,1224,0.9206349206349206,2325,0.9523809523809523,1281,0.870967741935484,2340,0.9032258064516129,1246,0.9032258064516129,2449,0.9375,3125,0.90625,5553,0.8888888888888888,3159,0.8571428571428571,5194,0.9523809523809523,3085,0.8852459016393444,5283,0.8852459016393444,3160,0.8852459016393444,5433,0.8852459016393444,6331,0.8387096774193549,9420,0.9032258064516129,6317,0.8571428571428571,9140,0.8852459016393444,6239,0.8524590163934426,9047,0.8852459016393444,6280,0.8852459016393444,9231,0.8852459016393444,9429,0.8524590163934426,11705,0.8524590163934426,9440,0.8524590163934426,11790,0.8666666666666666,9431,0.8666666666666666,11604,0.8524590163934426,9491,0.8666666666666666,11709,0.8999999999999999,11332,0.8666666666666666,12350,0.8666666666666666,11307,0.8666666666666666,12379,0.8666666666666666,11319,0.8666666666666666,12399,0.8666666666666666,11317,0.8666666666666666,12383,0.8666666666666666,28,0.8666666666666666
352,2,31,0.9538461538461539,0.9538461538461539,12,0.9538461538461539,12,0.9538461538461539,12,0.9538461538461539,44,0.9538461538461539,6,0.9538461538461539,6,0.9538461538461539,11,0.9538461538461539,43,0.9538461538461539,122,0.9538461538461539,234,0.9538461538461539,128,0.9538461538461539,382,0.9538461538461539,135,0.9538461538461539,199,0.9538461538461539,138,0.9538461538461539,314,0.9538461538461539,619,0.90625,1133,0.9375,636,0.9375,1067,0.9538461538461539,644,0.9538461538461539,1344,0.9538461538461539,602,0.9538461538461539,1144,0.9375,1317,0.9375,2129,0.9206349206349206,1297,0.9206349206349206,2304,0.90625,1252,0.9538461538461539,2202,0.9538461538461539,1248,0.9538461538461539,2318,0.9538461538461539,3178,0.8571428571428571,5291,0.8615384615384616,3171,0.8749999999999999,5461,0.8484848484848485,3217,0.888888888888889,5494,0.9375,3181,0.9206349206349206,5464,0.8923076923076922,6289,0.888888888888889,9260,0.923076923076923,6256,0.9032258064516129,9330,0.9206349206349206,6237,0.888888888888889,9360,0.9032258064516129,6288,0.9032258064516129,9436,0.8571428571428571,9464,0.9032258064516129,11661,0.8749999999999999,9440,0.888888888888889,11710,0.90625,9456,0.888888888888889,11637,0.90625,9425,0.888888888888889,11611,0.888888888888889,11287,0.9032258064516129,12361,0.9032258064516129,11317,0.9032258064516129,12386,0.9032258064516129,11307,0.9032258064516129,12370,0.9032258064516129,11333,0.9032258064516129,12437,0.9032258064516129,28,0.888888888888889
353,2,30,0.923076923076923,0.923076923076923,10,0.923076923076923,10,0.923076923076923,14,0.923076923076923,14,0.923076923076923,11,0.923076923076923,11,0.923076923076923,7,0.923076923076923,7,0.923076923076923,129,0.923076923076923,192,0.923076923076923,125,0.923076923076923,269,0.923076923076923,107,0.923076923076923,171,0.923076923076923,119,0.909090909090909,263,0.923076923076923,616,0.8923076923076922,1136,0.923076923076923,642,0.923076923076923,1109,0.9393939393939393,648,0.9393939393939393,1155,0.923076923076923,619,0.90625,1355,0.8923076923076922,1288,0.8571428571428572,2424,0.923076923076923,1262,0.923076923076923,2384,0.923076923076923,1195,0.923076923076923,2184,0.90625,1266,0.8750000000000001,2307,0.8787878787878788,3060,0.8064516129032259,5489,0.9393939393939393,3183,0.923076923076923,5268,0.8387096774193549,3199,0.819672131147541,5634,0.8750000000000001,3233,0.870967741935484,5498,0.8571428571428572,6308,0.8064516129032259,9286,0.8571428571428572,6306,0.8253968253968255,9393,0.870967741935484,6206,0.8333333333333333,9225,0.8387096774193549,6315,0.819672131147541,9285,0.870967741935484,9389,0.8333333333333333,11597,0.8387096774193549,9490,0.8387096774193549,11757,0.8064516129032259,9379,0.8333333333333333,11491,0.8387096774193549,9466,0.8333333333333333,11741,0.8524590163934427,11290,0.8333333333333333,12362,0.819672131147541,11285,0.8333333333333333,12367,0.8387096774193549,11279,0.8333333333333333,12373,0.870967741935484,11313,0.8524590163934427,12403,0.8333333333333333,25,0.8333333333333333
354,2,31,0.9393939393939393,0.9393939393939393,15,0.9393939393939393,47,0.9393939393939393,11,0.9393939393939393,11,0.9393939393939393,13,0.9393939393939393,13,0.9393939393939393,14,0.9393939393939393,14,0.923076923076923,146,0.923076923076923,290,0.9393939393939393,133,0.9393939393939393,243,0.9393939393939393,115,0.9393939393939393,241,0.9393939393939393,137,0.9393939393939393,249,0.923076923076923,641,0.923076923076923,1239,0.923076923076923,614,0.923076923076923,1246,0.9393939393939393,698,0.90625,1272,0.923076923076923,647,0.90625,1253,0.9393939393939393,1295,0.9393939393939393,2335,0.923076923076923,1239,0.90625,2316,0.9393939393939393,1295,0.90625,2117,0.9393939393939393,1238,0.909090909090909,2240,0.888888888888889,3142,0.90625,5334,0.8787878787878788,3181,0.888888888888889,5066,0.8923076923076922,3131,0.8955223880597014,5320,0.8923076923076922,3185,0.8750000000000001,5436,0.8750000000000001,6271,0.888888888888889,9261,0.888888888888889,6233,0.8307692307692307,9283,0.8750000000000001,6203,0.923076923076923,8968,0.8615384615384616,6326,0.8787878787878788,9309,0.870967741935484,9405,0.870967741935484,11653,0.870967741935484,9438,0.870967741935484,11763,0.888888888888889,9413,0.870967741935484,11729,0.8571428571428572,9437,0.870967741935484,11587,0.870967741935484,11238,0.870967741935484,12385,0.8571428571428572,11295,0.870967741935484,12381,0.8571428571428572,11264,0.870967741935484,12363,0.870967741935484,11327,0.870967741935484,12365,0.870967741935484,27,0.870967741935484
355,2,29,0.9206349206349206,0.9206349206349206,13,0.9206349206349206,45,0.9206349206349206,15,0.9206349206349206,31,0.9206349206349206,20,0.9206349206349206,52,0.90625,15,0.90625,31,0.90625,130,0.90625,256,0.9206349206349206,115,0.9206349206349206,258,0.9206349206349206,140,0.9206349206349206,295,0.888888888888889,127,0.888888888888889,172,0.90625,596,0.90625,1196,0.90625,635,0.90625,1226,0.90625,618,0.90625,1156,0.90625,603,0.8615384615384616,1120,0.90625,1276,0.9032258064516129,2313,0.90625,1292,0.9206349206349206,2304,0.9206349206349206,1261,0.90625,2284,0.90625,1237,0.9206349206349206,2451,0.90625,3131,0.9032258064516129,5400,0.8524590163934426,3156,0.8852459016393442,5500,0.90625,3195,0.9090909090909091,5399,0.8709677419354839,3135,0.8709677419354839,5229,0.8709677419354839,6192,0.8387096774193549,9054,0.8571428571428571,6338,0.8571428571428571,9468,0.8253968253968255,6308,0.8615384615384616,9401,0.8524590163934426,6327,0.8387096774193549,9343,0.84375,9425,0.8571428571428571,11627,0.84375,9432,0.8524590163934426,11686,0.84375,9371,0.8524590163934426,11585,0.8387096774193549,9419,0.8524590163934426,11688,0.888888888888889,11279,0.8709677419354839,12391,0.8709677419354839,11331,0.8524590163934426,12348,0.8709677419354839,11321,0.8524590163934426,12338,0.84375,11291,0.8524590163934426,12344,0.8524590163934426,27,0.8666666666666666
356,2,32,0.927536231884058,0.927536231884058,10,0.927536231884058,10,0.927536231884058,11,0.927536231884058,27,0.927536231884058,8,0.927536231884058,8,0.927536231884058,13,0.927536231884058,29,0.927536231884058,131,0.927536231884058,274,0.927536231884058,143,0.927536231884058,493,0.927536231884058,148,0.927536231884058,321,0.927536231884058,118,0.927536231884058,229,0.8985507246376812,585,0.8823529411764706,1105,0.927536231884058,594,0.911764705882353,1221,0.911764705882353,610,0.911764705882353,1160,0.927536231884058,626,0.927536231884058,1115,0.927536231884058,1317,0.927536231884058,2243,0.927536231884058,1234,0.9014084507042254,2170,0.927536231884058,1297,0.8985507246376812,2444,0.927536231884058,1251,0.927536231884058,2233,0.8484848484848485,3130,0.8955223880597014,5271,0.8955223880597014,3109,0.8656716417910447,5355,0.8823529411764706,3118,0.8985507246376812,5202,0.8955223880597014,3077,0.8181818181818181,5286,0.8695652173913043,6283,0.8695652173913043,9119,0.8484848484848485,6237,0.8484848484848485,9068,0.8823529411764706,6183,0.8955223880597014,9253,0.8484848484848485,6306,0.8484848484848485,9565,0.8695652173913043,9428,0.8615384615384616,11682,0.8484848484848485,9448,0.8615384615384616,11731,0.8615384615384616,9358,0.8615384615384616,11590,0.8615384615384616,9397,0.8615384615384616,11595,0.8615384615384616,11262,0.8615384615384616,12370,0.8484848484848485,11284,0.8615384615384616,12350,0.8955223880597014,11341,0.8615384615384616,12380,0.8484848484848485,11274,0.8615384615384616,12365,0.8615384615384616,28,0.8437499999999999
357,2,31,0.911764705882353,0.911764705882353,10,0.911764705882353,10,0.911764705882353,11,0.911764705882353,11,0.911764705882353,15,0.911764705882353,31,0.911764705882353,10,0.911764705882353,26,0.911764705882353,117,0.911764705882353,275,0.911764705882353,130,0.911764705882353,242,0.911764705882353,134,0.911764705882353,197,0.911764705882353,137,0.911764705882353,232,0.911764705882353,612,0.911764705882353,1158,0.8787878787878788,592,0.8787878787878788,1106,0.911764705882353,641,0.911764705882353,1288,0.911764705882353,598,0.911764705882353,1272,0.911764705882353,1276,0.911764705882353,2404,0.911764705882353,1290,0.911764705882353,2193,0.911764705882353,1245,0.911764705882353,2431,0.8985507246376812,1242,0.8823529411764706,2284,0.8529411764705881,3062,0.8695652173913043,5197,0.927536231884058,3204,0.8985507246376812,5448,0.8955223880597014,3086,0.8955223880597014,5204,0.8656716417910447,3145,0.8787878787878788,5287,0.8955223880597014,6174,0.8823529411764706,9130,0.8955223880597014,6271,0.8656716417910447,9159,0.835820895522388,6289,0.8115942028985507,9178,0.8181818181818181,6284,0.8181818181818181,9272,0.787878787878788,9383,0.8307692307692307,11653,0.8529411764705881,9452,0.8484848484848485,11611,0.8529411764705881,9423,0.8484848484848485,11659,0.8307692307692307,9467,0.8307692307692307,11618,0.8307692307692307,11325,0.8307692307692307,12377,0.8437499999999999,11328,0.8307692307692307,12341,0.8307692307692307,11306,0.8307692307692307,12381,0.8307692307692307,11292,0.8307692307692307,12375,0.8307692307692307,28,0.8253968253968255
358,2,33,0.9428571428571428,0.9428571428571428,10,0.9428571428571428,10,0.9428571428571428,10,0.9428571428571428,10,0.9428571428571428,12,0.9428571428571428,28,0.9428571428571428,17,0.9428571428571428,49,0.9428571428571428,125,0.927536231884058,315,0.9428571428571428,130,0.9428571428571428,258,0.9428571428571428,134,0.9428571428571428,230,0.9428571428571428,112,0.9428571428571428,206,0.9577464788732395,590,0.9295774647887325,985,0.927536231884058,636,0.8985507246376812,1240,0.9142857142857143,672,0.9166666666666667,1298,0.9428571428571428,627,0.9428571428571428,1088,0.8985507246376812,1283,0.911764705882353,2273,0.9428571428571428,1261,0.9428571428571428,2426,0.9577464788732395,1263,0.9428571428571428,2133,0.927536231884058,1267,0.8695652173913043,2251,0.9428571428571428,3073,0.888888888888889,5364,0.8656716417910447,3178,0.835820895522388,5537,0.8823529411764706,3120,0.8985507246376812,5313,0.9142857142857143,3145,0.9428571428571428,5526,0.9014084507042254,6273,0.8571428571428571,9347,0.8985507246376812,6415,0.8823529411764706,9307,0.9428571428571428,6250,0.8857142857142858,9223,0.8529411764705881,6200,0.823529411764706,9291,0.8529411764705881,9354,0.8955223880597014,11517,0.8787878787878788,9400,0.8484848484848485,11552,0.8955223880597014,9430,0.8787878787878788,11608,0.8615384615384616,9387,0.8615384615384616,11678,0.8787878787878788,11280,0.8787878787878788,12360,0.8484848484848485,11322,0.8615384615384616,12381,0.8529411764705881,11318,0.8787878787878788,12359,0.8615384615384616,11306,0.8615384615384616,12335,0.8787878787878788,29,0.8437499999999999
359,2,34,0.9295774647887325,0.9295774647887325,8,0.9295774647887325,8,0.9295774647887325,16,0.9295774647887325,48,0.9295774647887325,15,0.9295774647887325,15,0.9295774647887325,15,0.9295774647887325,31,0.9295774647887325,130,0.9295774647887325,162,0.9295774647887325,122,0.9295774647887325,170,0.9295774647887325,116,0.9295774647887325,148,0.9295774647887325,136,0.9295774647887325,262,0.9295774647887325,605,0.8985507246376812,1203,0.9577464788732395,583,0.9428571428571428,1107,0.9295774647887325,618,0.9295774647887325,1275,0.9577464788732395,646,0.9428571428571428,1125,0.8695652173913043,1270,0.8985507246376812,2311,0.9295774647887325,1308,0.9014084507042254,2353,0.9428571428571428,1247,0.927536231884058,2483,0.9428571428571428,1255,0.911764705882353,2142,0.8484848484848485,3072,0.835820895522388,5208,0.9295774647887325,3154,0.9166666666666667,5272,0.911764705882353,3178,0.9014084507042254,5325,0.9142857142857143,3166,0.9142857142857143,5353,0.8695652173913043,6340,0.8571428571428571,9365,0.8732394366197184,6245,0.911764705882353,9165,0.8529411764705881,6309,0.8823529411764706,9316,0.8985507246376812,6276,0.8985507246376812,9117,0.8656716417910447,9377,0.8787878787878788,11627,0.927536231884058,9458,0.8955223880597014,11709,0.8656716417910447,9430,0.8787878787878788,11628,0.8985507246376812,9468,0.8656716417910447,11718,0.8656716417910447,11292,0.8787878787878788,12374,0.8529411764705881,11295,0.8787878787878788,12395,0.8787878787878788,11326,0.8787878787878788,12383,0.8955223880597014,11252,0.8787878787878788,12320,0.8787878787878788,29,0.8437499999999999
360,2,33,0.9428571428571428,0.9428571428571428,14,0.9428571428571428,14,0.9428571428571428,14,0.9428571428571428,30,0.9577464788732395,17,0.9577464788732395,17,0.9428571428571428,14,0.9428571428571428,30,0.9577464788732395,129,0.9577464788732395,241,0.9428571428571428,108,0.9577464788732395,266,0.9428571428571428,123,0.9428571428571428,170,0.9577464788732395,133,0.9577464788732395,244,0.9722222222222222,649,0.9863013698630138,1240,0.9428571428571428,595,0.9428571428571428,1062,0.9295774647887325,664,0.9428571428571428,1351,0.927536231884058,635,0.927536231884058,1280,0.9722222222222222,1212,0.9142857142857143,2259,0.9722222222222222,1263,0.9577464788732395,2171,0.9428571428571428,1293,0.9142857142857143,2565,0.927536231884058,1218,0.9142857142857143,2334,0.8955223880597014,3123,0.8823529411764706,5374,0.9166666666666667,3304,0.9014084507042254,5535,0.9142857142857143,3011,0.9577464788732395,5179,0.9577464788732395,3135,0.9589041095890412,5269,0.9315068493150684,6303,0.9295774647887325,9192,0.8571428571428571,6266,0.8823529411764706,9196,0.8857142857142858,6262,0.8571428571428571,9262,0.8823529411764706,6261,0.8695652173913043,9107,0.8656716417910447,9340,0.8656716417910447,11635,0.8857142857142858,9397,0.8823529411764706,11603,0.8656716417910447,9427,0.8656716417910447,11606,0.8529411764705881,9438,0.8529411764705881,11615,0.8823529411764706,11326,0.8823529411764706,12387,0.8823529411764706,11313,0.8823529411764706,12384,0.8857142857142858,11277,0.8656716417910447,12357,0.8529411764705881,11313,0.8656716417910447,12336,0.8656716417910447,30,0.8615384615384616
361,2,35,0.9722222222222222,0.9722222222222222,15,0.9722222222222222,31,0.9722222222222222,15,0.9722222222222222,31,0.9722222222222222,21,0.9577464788732395,69,0.9722222222222222,12,0.9722222222222222,12,0.9722222222222222,126,0.9577464788732395,235,0.9722222222222222,132,0.9577464788732395,258,0.9722222222222222,112,0.9577464788732395,255,0.9428571428571428,127,0.9428571428571428,175,0.9722222222222222,652,0.9722222222222222,1064,0.9722222222222222,605,0.9295774647887325,1203,0.9428571428571428,630,0.911764705882353,1265,0.9428571428571428,650,0.9428571428571428,1246,0.9295774647887325,1278,0.9295774647887325,2416,0.9577464788732395,1202,0.9577464788732395,2213,0.9577464788732395,1297,0.927536231884058,2654,0.9142857142857143,1292,0.9444444444444445,2494,0.9014084507042254,3120,0.9014084507042254,5450,0.9166666666666667,3140,0.8823529411764706,5465,0.8985507246376812,3104,0.8285714285714285,5068,0.8985507246376812,3190,0.8787878787878788,5282,0.835820895522388,6227,0.8484848484848485,9236,0.8450704225352113,6323,0.8732394366197184,9338,0.9142857142857143,6371,0.8857142857142858,9255,0.8823529411764706,6231,0.8985507246376812,9427,0.8823529411764706,9425,0.8656716417910447,11601,0.8695652173913043,9474,0.8405797101449275,11747,0.823529411764706,9453,0.8656716417910447,11752,0.8405797101449275,9501,0.8405797101449275,11637,0.8656716417910447,11305,0.8656716417910447,12375,0.8695652173913043,11343,0.8823529411764706,12404,0.8529411764705881,11309,0.8656716417910447,12349,0.8529411764705881,11291,0.8656716417910447,12370,0.8656716417910447,30,0.835820895522388
362,2,33,0.8918918918918919,0.8918918918918919,18,0.8918918918918919,34,0.8918918918918919,15,0.8918918918918919,31,0.8918918918918919,10,0.8918918918918919,10,0.8918918918918919,18,0.8918918918918919,18,0.8918918918918919,118,0.8918918918918919,182,0.8918918918918919,140,0.8918918918918919,203,0.8918918918918919,142,0.8918918918918919,206,0.8918918918918919,134,0.8918918918918919,277,0.9066666666666667,620,0.9066666666666667,1109,0.8767123287671234,627,0.8767123287671234,1143,0.9066666666666667,619,0.9066666666666667,1092,0.9066666666666667,677,0.9066666666666667,1448,0.8918918918918919,1315,0.8918918918918919,2433,0.8918918918918919,1258,0.8611111111111112,2539,0.8767123287671234,1251,0.8918918918918919,2228,0.9066666666666667,1231,0.9066666666666667,2273,0.8648648648648648,3149,0.8421052631578947,5364,0.8767123287671234,3135,0.75,5474,0.8918918918918919,3146,0.8055555555555556,5395,0.8767123287671234,3126,0.8493150684931506,5397,0.8333333333333334,6314,0.7945205479452054,9354,0.8055555555555556,6264,0.8333333333333334,9244,0.8767123287671234,6283,0.8378378378378378,9166,0.8800000000000001,6310,0.8000000000000002,9342,0.8378378378378378,9485,0.8611111111111112,11720,0.8767123287671234,9417,0.8648648648648648,11569,0.7837837837837839,9450,0.7777777777777778,11640,0.8648648648648648,9444,0.7777777777777778,11692,0.7777777777777778,11374,0.8000000000000002,12338,0.8378378378378378,11276,0.8000000000000002,12390,0.7777777777777778,11248,0.7887323943661972,12351,0.8000000000000002,11285,0.8000000000000002,12351,0.8000000000000002,29,0.7647058823529412
363,2,38,0.9382716049382717,0.9382716049382717,10,0.9382716049382717,10,0.9382716049382717,10,0.9382716049382717,10,0.9382716049382717,14,0.9382716049382717,62,0.9382716049382717,7,0.9382716049382717,7,0.951219512195122,131,0.9135802469135803,320,0.9382716049382717,112,0.9382716049382717,221,0.9382716049382717,109,0.9382716049382717,221,0.9382716049382717,117,0.8461538461538461,323,0.9382716049382717,612,0.8974358974358974,1098,0.9135802469135803,660,0.8717948717948717,1357,0.8831168831168831,636,0.8831168831168831,1294,0.868421052631579,677,0.8717948717948717,1197,0.8888888888888888,1322,0.9113924050632911,2510,0.8888888888888888,1267,0.875,2206,0.8888888888888888,1271,0.8311688311688312,2291,0.9135802469135803,1284,0.7948717948717948,2519,0.9024390243902439,3236,0.8461538461538461,5679,0.9135802469135803,3119,0.878048780487805,5306,0.875,3195,0.8311688311688312,5428,0.8000000000000002,3108,0.7945205479452055,5078,0.7733333333333334,6328,0.7532467532467532,9388,0.8421052631578948,6370,0.7894736842105263,9477,0.7397260273972602,6181,0.7397260273972602,9296,0.7948717948717948,6359,0.7848101265822784,9226,0.7397260273972602,9389,0.7605633802816901,11624,0.8266666666666667,9419,0.7397260273972602,11659,0.8461538461538461,9430,0.8461538461538461,11673,0.7123287671232877,9469,0.7499999999999999,11721,0.7605633802816901,11330,0.7323943661971831,12372,0.7605633802816901,11337,0.7323943661971831,12383,0.7777777777777779,11312,0.7605633802816901,12373,0.7945205479452055,11331,0.7499999999999999,12375,0.7323943661971831,28,0.7428571428571429
364,2,41,0.9534883720930233,0.9534883720930233,11,0.9534883720930233,11,0.9534883720930233,18,0.9534883720930233,34,0.9534883720930233,12,0.9534883720930233,60,0.9534883720930233,13,0.9534883720930233,29,0.9534883720930233,116,0.9534883720930233,260,0.9411764705882353,139,0.9411764705882353,267,0.9534883720930233,136,0.9302325581395349,310,0.9534883720930233,123,0.9534883720930233,185,0.9534883720930233,622,0.9411764705882353,1186,0.8750000000000001,665,0.846153846153846,1156,0.9534883720930233,592,0.9534883720930233,1128,0.9534883720930233,656,0.9411764705882353,1395,0.846153846153846,1250,0.7733333333333334,2320,0.8809523809523809,1290,0.9069767441860465,2368,0.9411764705882353,1215,0.9176470588235294,2403,0.9302325581395349,1315,0.9534883720930233,2595,0.8780487804878049,3185,0.8780487804878049,5456,0.8571428571428571,3145,0.8571428571428571,5252,0.9195402298850575,3139,0.8837209302325582,4985,0.8536585365853658,3064,0.7792207792207793,5145,0.763157894736842,6238,0.7222222222222221,9175,0.8,6229,0.8,9375,0.7948717948717948,6308,0.7407407407407408,9247,0.8607594936708861,6390,0.7397260273972602,9184,0.8101265822784811,9429,0.7397260273972602,11691,0.7532467532467533,9463,0.7297297297297297,11539,0.8,9476,0.7466666666666667,11695,0.8148148148148148,9391,0.7297297297297297,11610,0.7297297297297297,11300,0.7499999999999999,12346,0.7397260273972602,11366,0.7499999999999999,12386,0.7499999999999999,11314,0.7499999999999999,12349,0.7397260273972602,11327,0.7499999999999999,12399,0.7499999999999999,27,0.7397260273972602
365,2,41,0.9176470588235294,0.9176470588235294,13,0.9176470588235294,13,0.9176470588235294,12,0.9176470588235294,28,0.9176470588235294,8,0.9176470588235294,24,0.9176470588235294,17,0.9176470588235294,33,0.9176470588235294,118,0.9176470588235294,229,0.9176470588235294,138,0.9176470588235294,154,0.9176470588235294,138,0.9176470588235294,266,0.9176470588235294,140,0.9176470588235294,282,0.9176470588235294,600,0.9176470588235294,1130,0.9024390243902439,580,0.9,991,0.9024390243902439,644,0.9135802469135803,1239,0.9285714285714285,626,0.9285714285714285,1346,0.9047619047619048,1283,0.8536585365853658,2371,0.9047619047619048,1260,0.8607594936708862,2298,0.9047619047619048,1269,0.9047619047619048,2362,0.9156626506024097,1239,0.9156626506024097,2359,0.85,3103,0.7999999999999999,5049,0.8888888888888891,3186,0.7671232876712328,5531,0.8250000000000001,3212,0.7792207792207791,5444,0.8780487804878049,3142,0.7804878048780488,5305,0.72,6285,0.732394366197183,9058,0.7901234567901235,6299,0.759493670886076,9127,0.8292682926829269,6246,0.775,8960,0.810126582278481,6341,0.7567567567567568,9403,0.8205128205128205,9397,0.7428571428571429,11686,0.7012987012987013,9433,0.7428571428571429,11629,0.7605633802816901,9446,0.732394366197183,11636,0.7428571428571429,9445,0.7605633802816901,11583,0.7027027027027029,11317,0.7605633802816901,12392,0.732394366197183,11374,0.7605633802816901,12417,0.7428571428571429,11285,0.7605633802816901,12363,0.732394366197183,11323,0.7605633802816901,12356,0.7605633802816901,27,0.7428571428571429
366,2,40,0.9411764705882353,0.9411764705882353,16,0.9411764705882353,48,0.9411764705882353,11,0.9411764705882353,11,0.9411764705882353,23,0.9411764705882353,23,0.9411764705882353,12,0.9411764705882353,44,0.9411764705882353,137,0.9411764705882353,248,0.9411764705882353,129,0.9411764705882353,225,0.888888888888889,128,0.888888888888889,174,0.9411764705882353,129,0.9411764705882353,221,0.888888888888889,649,0.846153846153846,1161,0.9047619047619048,609,0.9047619047619048,1244,0.9302325581395349,607,0.8048780487804879,1143,0.9411764705882353,596,0.9411764705882353,1107,0.891566265060241,1192,0.763157894736842,2296,0.9069767441860465,1303,0.9176470588235294,2469,0.9411764705882353,1221,0.9411764705882353,2163,0.9302325581395349,1240,0.8809523809523809,2181,0.8641975308641976,3116,0.8205128205128205,5159,0.846153846153846,3121,0.8205128205128205,5397,0.8607594936708861,3063,0.7792207792207793,5479,0.85,3205,0.8780487804878049,5578,0.763157894736842,6228,0.7567567567567567,9252,0.8048780487804879,6164,0.7200000000000001,9156,0.7792207792207793,6304,0.7692307692307692,9265,0.85,6389,0.7466666666666667,9409,0.7837837837837839,9462,0.7894736842105263,11736,0.7792207792207793,9467,0.7671232876712328,11695,0.7792207792207793,9516,0.7567567567567567,11655,0.7671232876712328,9449,0.7671232876712328,11670,0.7567567567567567,11302,0.7671232876712328,12375,0.7567567567567567,11324,0.7671232876712328,12358,0.7948717948717948,11278,0.7671232876712328,12359,0.7567567567567567,11362,0.7671232876712328,12344,0.7671232876712328,28,0.7397260273972602
367,2,42,0.9545454545454545,0.9545454545454545,7,0.9545454545454545,7,0.9545454545454545,12,0.9545454545454545,12,0.9545454545454545,14,0.9545454545454545,14,0.9545454545454545,13,0.9545454545454545,29,0.9318181818181818,118,0.9318181818181818,214,0.9545454545454545,114,0.9545454545454545,273,0.9545454545454545,143,0.9545454545454545,332,0.9545454545454545,113,0.9425287356321839,175,0.8837209302325583,633,0.8837209302325583,1119,0.9545454545454545,634,0.9545454545454545,1154,0.9195402298850575,621,0.9195402298850575,1119,0.9425287356321839,634,0.9545454545454545,1175,0.9195402298850575,1284,0.9318181818181818,2437,0.9333333333333332,1290,0.9213483146067417,2429,0.9302325581395349,1181,0.8505747126436782,2104,0.9069767441860466,1348,0.9302325581395349,2596,0.9213483146067417,3192,0.853658536585366,5367,0.8148148148148148,3125,0.7341772151898734,5543,0.8837209302325583,3109,0.7200000000000001,5460,0.8809523809523809,3174,0.8837209302325583,5178,0.8333333333333333,6357,0.7999999999999999,9512,0.7951807228915664,6239,0.7297297297297297,9274,0.8433734939759038,6273,0.725,9431,0.7297297297297297,6238,0.7532467532467533,9282,0.759493670886076,9412,0.763157894736842,11572,0.7804878048780488,9442,0.7733333333333333,11748,0.759493670886076,9419,0.7733333333333333,11651,0.8051948051948052,9379,0.7532467532467533,11543,0.7733333333333333,11300,0.7733333333333333,12364,0.7532467532467533,11390,0.7733333333333333,12399,0.7733333333333333,11298,0.7733333333333333,12363,0.763157894736842,11271,0.7733333333333333,12351,0.7733333333333333,29,0.7397260273972603
368,2,41,0.9534883720930233,0.9534883720930233,15,0.9534883720930233,47,0.9534883720930233,12,0.9534883720930233,12,0.9534883720930233,12,0.9534883720930233,12,0.9534883720930233,9,0.9534883720930233,9,0.9655172413793104,126,0.9534883720930233,221,0.9534883720930233,118,0.9534883720930233,198,0.9772727272727273,101,0.9772727272727273,101,0.9655172413793104,128,0.9655172413793104,191,0.9411764705882353,635,0.9411764705882353,1170,0.9534883720930233,641,0.9534883720930233,1174,0.9655172413793104,624,0.9655172413793104,967,0.891566265060241,638,0.8809523809523809,1405,0.9156626506024096,1237,0.8607594936708861,2300,0.9534883720930233,1196,0.9425287356321839,2189,0.9411764705882353,1296,0.9411764705882353,2330,0.9425287356321839,1249,0.9425287356321839,2206,0.8395061728395062,3153,0.7105263157894737,5185,0.85,3146,0.7733333333333334,5432,0.9024390243902439,3186,0.7123287671232876,5222,0.9156626506024096,3115,0.8048780487804879,5431,0.7848101265822784,6268,0.7466666666666667,9626,0.8157894736842105,6237,0.7894736842105263,9162,0.8148148148148148,6395,0.7027027027027027,9561,0.7948717948717948,6294,0.763157894736842,9145,0.7200000000000001,9400,0.7499999999999999,11615,0.6933333333333332,9386,0.7499999999999999,11559,0.6666666666666667,9426,0.7105263157894737,11519,0.7222222222222221,9429,0.7499999999999999,11726,0.7567567567567567,11331,0.7499999999999999,12374,0.7499999999999999,11329,0.7499999999999999,12379,0.7397260273972602,11316,0.7499999999999999,12352,0.7499999999999999,11307,0.7499999999999999,12386,0.7499999999999999,27,0.6857142857142858
369,2,39,0.9397590361445783,0.9397590361445783,12,0.9397590361445783,12,0.9397590361445783,12,0.9397590361445783,12,0.9397590361445783,8,0.9397590361445783,8,0.9397590361445783,12,0.9397590361445783,12,0.9397590361445783,139,0.9397590361445783,217,0.9397590361445783,154,0.9397590361445783,378,0.9397590361445783,122,0.9397590361445783,281,0.9397590361445783,119,0.9397590361445783,214,0.9397590361445783,627,0.9397590361445783,1092,0.9397590361445783,598,0.9156626506024097,1250,0.9268292682926829,654,0.9268292682926829,1128,0.9135802469135803,637,0.9268292682926829,1092,0.9156626506024097,1281,0.8674698795180724,2343,0.9268292682926829,1278,0.9268292682926829,2283,0.9156626506024097,1218,0.9156626506024097,2076,0.9156626506024097,1262,0.9268292682926829,2016,0.8433734939759037,3153,0.8292682926829269,5474,0.8536585365853658,3144,0.775,5230,0.8888888888888891,3075,0.8157894736842106,5357,0.8536585365853658,3219,0.8536585365853658,5515,0.717948717948718,6345,0.6933333333333334,9315,0.8354430379746834,6396,0.7397260273972602,9451,0.810126582278481,6267,0.7272727272727273,9242,0.8157894736842106,6221,0.7692307692307693,9305,0.7222222222222223,9450,0.732394366197183,11636,0.7123287671232877,9442,0.732394366197183,11624,0.7042253521126761,9350,0.732394366197183,11508,0.6923076923076923,9408,0.72,11596,0.6933333333333334,11280,0.7222222222222223,12335,0.6944444444444445,11239,0.732394366197183,12343,0.732394366197183,11357,0.732394366197183,12379,0.7123287671232877,11311,0.732394366197183,12396,0.732394366197183,27,0.7142857142857143
370,2,39,0.9285714285714286,0.9285714285714286,15,0.9285714285714286,15,0.9285714285714286,7,0.9285714285714286,7,0.9285714285714286,16,0.9285714285714286,64,0.9285714285714286,19,0.9285714285714286,35,0.9285714285714286,102,0.9285714285714286,229,0.9285714285714286,140,0.9285714285714286,268,0.9047619047619048,139,0.8536585365853658,280,0.9047619047619048,134,0.9047619047619048,242,0.9176470588235294,633,0.8809523809523809,1201,0.9024390243902439,619,0.9024390243902439,1315,0.9285714285714286,614,0.9285714285714286,1146,0.9047619047619048,640,0.8192771084337349,1149,0.8395061728395062,1254,0.8674698795180723,2207,0.9285714285714286,1224,0.9285714285714286,2053,0.9285714285714286,1242,0.9047619047619048,2481,0.8641975308641976,1249,0.8395061728395062,2189,0.8192771084337349,3187,0.8470588235294118,5369,0.9156626506024096,3176,0.9156626506024096,5317,0.8809523809523809,3205,0.7948717948717948,5362,0.9285714285714286,3213,0.9156626506024096,5448,0.8101265822784811,6236,0.7848101265822784,9158,0.775,6284,0.7397260273972602,9491,0.7792207792207793,6376,0.7532467532467533,9297,0.8,6269,0.7848101265822784,9349,0.7250000000000001,9360,0.7671232876712328,11608,0.75,9368,0.7397260273972602,11641,0.7397260273972602,9436,0.7397260273972602,11648,0.7466666666666667,9518,0.7499999999999999,11759,0.7733333333333334,11361,0.7499999999999999,12385,0.7200000000000001,11284,0.7499999999999999,12359,0.7499999999999999,11302,0.7499999999999999,12372,0.7466666666666667,11284,0.7499999999999999,12378,0.7499999999999999,27,0.7499999999999999
371,2,42,0.909090909090909,0.909090909090909,12,0.909090909090909,28,0.909090909090909,20,0.909090909090909,52,0.909090909090909,16,0.909090909090909,16,0.909090909090909,16,0.9069767441860466,32,0.909090909090909,134,0.9195402298850575,262,0.9318181818181818,122,0.9318181818181818,217,0.9213483146067417,133,0.9213483146067417,244,0.9213483146067417,127,0.9195402298850575,191,0.909090909090909,632,0.8837209302325583,1203,0.9195402298850575,637,0.9302325581395349,1164,0.9318181818181818,616,0.9318181818181818,1287,0.8965517241379309,619,0.8965517241379309,1242,0.8965517241379309,1260,0.8292682926829269,2407,0.9318181818181818,1235,0.9318181818181818,1983,0.9318181818181818,1328,0.8837209302325583,2385,0.898876404494382,1300,0.8636363636363636,2443,0.9318181818181818,3199,0.7317073170731708,5309,0.909090909090909,3046,0.9069767441860466,5181,0.8333333333333333,3168,0.725,5472,0.8735632183908046,3191,0.8735632183908046,5134,0.7857142857142858,6317,0.7088607594936709,9431,0.7848101265822786,6257,0.7160493827160495,9432,0.725,6271,0.7105263157894737,9266,0.7228915662650603,6386,0.6666666666666667,9230,0.775,9428,0.7297297297297297,11673,0.6933333333333332,9439,0.7297297297297297,11696,0.75,9512,0.7435897435897436,11609,0.6923076923076924,9292,0.6835443037974683,11626,0.7435897435897436,11326,0.7297297297297297,12381,0.7105263157894737,11261,0.7297297297297297,12345,0.7466666666666666,11272,0.7297297297297297,12362,0.7123287671232876,11324,0.7297297297297297,12366,0.7297297297297297,28,0.6944444444444445
372,2,43,0.9772727272727273,0.9772727272727273,12,0.9772727272727273,28,0.9772727272727273,16,0.9772727272727273,64,0.9772727272727273,10,0.9772727272727273,10,0.9772727272727273,17,0.9772727272727273,65,0.9772727272727273,106,0.9534883720930233,216,0.9772727272727273,129,0.9772727272727273,191,0.9662921348314608,109,0.967032967032967,236,0.9534883720930233,106,0.9534883720930233,234,0.9887640449438202,612,0.9425287356321839,1096,0.9555555555555556,647,0.9555555555555556,1167,0.9777777777777777,626,0.9545454545454545,1367,0.9302325581395349,604,0.9176470588235294,1262,0.9887640449438202,1274,0.8809523809523809,2295,0.9318181818181819,1255,0.8409090909090908,2435,0.9887640449438202,1293,0.9887640449438202,2696,0.9425287356321839,1212,0.9425287356321839,2134,0.8863636363636364,3047,0.8351648351648352,5157,0.8095238095238095,3165,0.8148148148148148,5183,0.9318181818181819,3079,0.7435897435897436,5423,0.7948717948717948,3211,0.7948717948717948,5195,0.8470588235294118,6315,0.7435897435897436,9461,0.8275862068965518,6278,0.7368421052631579,9327,0.7272727272727274,6340,0.7792207792207793,9298,0.8095238095238095,6197,0.684931506849315,9266,0.7804878048780488,9394,0.7948717948717948,11588,0.7179487179487178,9292,0.6944444444444444,11530,0.7105263157894737,9393,0.7123287671232876,11638,0.7123287671232876,9319,0.7222222222222221,11587,0.7042253521126761,11316,0.7042253521126761,12339,0.7042253521126761,11298,0.7042253521126761,12392,0.7123287671232876,11325,0.7042253521126761,12421,0.7272727272727274,11334,0.7042253521126761,12390,0.7042253521126761,26,0.6857142857142858
373,2,44,0.9662921348314608,0.9662921348314608,15,0.9662921348314608,15,0.9662921348314608,13,0.9662921348314608,13,0.9662921348314608,10,0.9662921348314608,10,0.9662921348314608,13,0.9662921348314608,29,0.9662921348314608,125,0.9662921348314608,204,0.9662921348314608,138,0.9662921348314608,170,0.9662921348314608,134,0.9662921348314608,276,0.9662921348314608,145,0.9662921348314608,304,0.9662921348314608,649,0.9662921348314608,1337,0.9655172413793104,655,0.8837209302325582,1242,0.9655172413793104,626,0.9655172413793104,1280,0.9213483146067416,611,0.9213483146067416,1021,0.9438202247191012,1301,0.9662921348314608,2319,0.9555555555555556,1318,0.9555555555555556,2404,0.9438202247191012,1269,0.9318181818181819,2599,0.9213483146067416,1292,0.8333333333333333,2437,0.9195402298850575,3131,0.8470588235294118,5211,0.9411764705882353,3104,0.8536585365853658,5313,0.8604651162790697,3080,0.8095238095238095,5332,0.9213483146067416,3203,0.8222222222222222,5341,0.8571428571428571,6223,0.7619047619047619,9173,0.7804878048780488,6336,0.6842105263157895,9190,0.7407407407407408,6312,0.7619047619047619,9428,0.8148148148148148,6289,0.7250000000000001,9154,0.7368421052631579,9546,0.7123287671232876,11684,0.6835443037974683,9441,0.7027027027027027,11547,0.7466666666666667,9401,0.7297297297297297,11656,0.7088607594936709,9439,0.6933333333333332,11742,0.7105263157894737,11291,0.7200000000000001,12355,0.7297297297297297,11295,0.7297297297297297,12377,0.6753246753246752,11250,0.7123287671232876,12350,0.7297297297297297,11256,0.7123287671232876,12383,0.7123287671232876,28,0.7042253521126761
374,2,43,0.9333333333333332,0.9333333333333332,9,0.9333333333333332,9,0.9333333333333332,7,0.9333333333333332,7,0.9333333333333332,13,0.9333333333333332,29,0.9333333333333332,17,0.9333333333333332,17,0.9333333333333332,125,0.9333333333333332,236,0.9333333333333332,110,0.9333333333333332,268,0.9333333333333332,115,0.8941176470588235,274,0.9333333333333332,118,0.9333333333333332,182,0.9318181818181819,594,0.9318181818181819,1017,0.9438202247191011,641,0.9333333333333332,1105,0.9090909090909092,646,0.888888888888889,1302,0.9318181818181819,655,0.9318181818181819,1263,0.9318181818181819,1277,0.9438202247191011,2300,0.9090909090909092,1303,0.9090909090909092,2715,0.9318181818181819,1209,0.9318181818181819,2078,0.8837209302325582,1306,0.8941176470588235,2261,0.898876404494382,3132,0.853932584269663,5215,0.8470588235294116,3218,0.8372093023255814,5417,0.8409090909090909,3126,0.8181818181818182,5408,0.7764705882352942,3180,0.8,5132,0.8,6238,0.7160493827160493,9076,0.6744186046511628,6272,0.6341463414634146,9317,0.7764705882352942,6188,0.6352941176470589,9192,0.7407407407407407,6284,0.7160493827160493,9236,0.7088607594936708,9484,0.6419753086419752,11681,0.674698795180723,9336,0.6419753086419752,11578,0.641025641025641,9375,0.6578947368421053,11587,0.6666666666666666,9393,0.6753246753246753,11609,0.65,11279,0.6578947368421053,12357,0.641025641025641,11339,0.6578947368421053,12378,0.6578947368421053,11352,0.6578947368421053,12351,0.6493506493506493,11271,0.6578947368421053,12356,0.6578947368421053,29,0.6486486486486487
375,2,45,0.9565217391304347,0.9565217391304347,8,0.9565217391304347,8,0.9565217391304347,13,0.9565217391304347,29,0.9565217391304347,21,0.9565217391304347,21,0.9565217391304347,18,0.9565217391304347,82,0.9565217391304347,122,0.9565217391304347,266,0.9565217391304347,115,0.9565217391304347,193,0.9565217391304347,134,0.9565217391304347,226,0.9565217391304347,127,0.9565217391304347,302,0.9111111111111112,614,0.9111111111111112,1197,0.9347826086956522,644,0.9347826086956522,1316,0.945054945054945,623,0.9090909090909092,1143,0.945054945054945,687,0.9230769230769231,1322,0.9230769230769231,1268,0.9230769230769231,2297,0.967032967032967,1263,0.967032967032967,2379,0.8837209302325582,1211,0.8837209302325582,2469,0.9333333333333332,1302,0.945054945054945,2575,0.8636363636363636,3173,0.8095238095238095,5418,0.8636363636363636,3156,0.8,5257,0.9213483146067415,3150,0.8314606741573034,5191,0.9213483146067415,3083,0.8409090909090909,5118,0.7901234567901235,6248,0.6923076923076925,9138,0.7407407407407407,6393,0.759493670886076,9261,0.8235294117647057,6276,0.7619047619047619,9104,0.7816091954022989,6273,0.759493670886076,9220,0.7272727272727273,9449,0.7200000000000001,11719,0.7250000000000001,9377,0.7435897435897436,11628,0.7179487179487178,9441,0.7200000000000001,11592,0.7532467532467533,9407,0.7200000000000001,11644,0.7027027027027027,11345,0.6933333333333335,12376,0.7435897435897436,11348,0.7200000000000001,12402,0.6835443037974684,11293,0.7200000000000001,12369,0.7200000000000001,11316,0.7200000000000001,12389,0.7200000000000001,28,0.7123287671232876
376,2,43,0.945054945054945,0.945054945054945,13,0.945054945054945,13,0.945054945054945,10,0.945054945054945,10,0.945054945054945,16,0.945054945054945,32,0.945054945054945,13,0.945054945054945,29,0.945054945054945,116,0.9333333333333333,275,0.945054945054945,122,0.9333333333333333,249,0.945054945054945,105,0.8604651162790697,169,0.945054945054945,127,0.945054945054945,239,0.923076923076923,580,0.923076923076923,982,0.945054945054945,595,0.9333333333333333,1025,0.945054945054945,639,0.945054945054945,1247,0.945054945054945,615,0.8913043478260869,1186,0.8539325842696629,1229,0.8636363636363635,2153,0.8333333333333333,1290,0.8095238095238096,2594,0.8837209302325582,1256,0.8837209302325582,2254,0.923076923076923,1269,0.923076923076923,2310,0.888888888888889,3099,0.8095238095238096,5431,0.7857142857142857,3200,0.7407407407407406,5412,0.8314606741573034,3146,0.7804878048780487,5425,0.8505747126436781,3181,0.8863636363636362,5512,0.8666666666666666,6257,0.8333333333333333,9324,0.8636363636363635,6293,0.8314606741573034,9243,0.7804878048780487,6376,0.7088607594936709,9365,0.7906976744186046,6260,0.7764705882352941,9155,0.7654320987654321,9506,0.7317073170731708,11704,0.7560975609756098,9411,0.7654320987654321,11617,0.7160493827160493,9341,0.7179487179487181,11594,0.725,9403,0.7088607594936709,11637,0.7179487179487181,11316,0.7179487179487181,12396,0.725,11291,0.7179487179487181,12335,0.8000000000000002,11340,0.7073170731707317,12376,0.7179487179487181,11304,0.7179487179487181,12397,0.7179487179487181,30,0.6842105263157894
377,2,45,0.9361702127659575,0.9361702127659575,13,0.9361702127659575,29,0.9361702127659575,10,0.9361702127659575,10,0.9361702127659575,8,0.9361702127659575,8,0.9361702127659575,13,0.9361702127659575,29,0.9361702127659575,134,0.9361702127659575,261,0.9361702127659575,113,0.9361702127659575,255,0.9148936170212767,118,0.9148936170212767,181,0.9361702127659575,134,0.9148936170212767,248,0.9462365591397849,603,0.9130434782608695,1121,0.9247311827956989,658,0.9247311827956989,1116,0.9111111111111111,585,0.9111111111111111,1029,0.8936170212765957,654,0.8936170212765957,1255,0.9247311827956989,1281,0.9247311827956989,2384,0.8571428571428572,1270,0.8314606741573034,2355,0.8936170212765957,1258,0.9052631578947369,2359,0.9263157894736843,1258,0.9263157894736843,2300,0.7294117647058823,3157,0.6923076923076924,5189,0.8275862068965517,3124,0.7710843373493975,5351,0.8695652173913043,3169,0.7999999999999999,5559,0.9130434782608695,3156,0.8409090909090908,5334,0.8,6279,0.7228915662650602,9214,0.7906976744186046,6265,0.7407407407407408,9369,0.7441860465116279,6329,0.7529411764705882,9372,0.7710843373493975,6329,0.7142857142857143,9037,0.7906976744186046,9461,0.75,11699,0.8181818181818182,9421,0.8048780487804877,11598,0.717948717948718,9408,0.759493670886076,11585,0.7317073170731708,9388,0.7407407407407408,11587,0.7249999999999999,11316,0.7341772151898733,12374,0.759493670886076,11225,0.759493670886076,12376,0.7764705882352941,11318,0.7407407407407408,12391,0.75,11270,0.759493670886076,12342,0.759493670886076,30,0.7105263157894737
378,2,44,0.9462365591397849,0.9462365591397849,7,0.9462365591397849,7,0.9462365591397849,14,0.9462365591397849,30,0.9462365591397849,15,0.9462365591397849,31,0.9462365591397849,9,0.9462365591397849,25,0.9574468085106383,128,0.9574468085106383,207,0.9462365591397849,132,0.9574468085106383,290,0.9462365591397849,108,0.9462365591397849,250,0.9462365591397849,134,0.9462365591397849,244,0.923076923076923,679,0.9347826086956522,1298,0.9111111111111111,570,0.8314606741573034,1284,0.923076923076923,633,0.9347826086956522,1390,0.9347826086956522,629,0.9130434782608695,1237,0.9247311827956989,1271,0.9010989010989012,2129,0.923076923076923,1237,0.9462365591397849,2228,0.923076923076923,1286,0.9111111111111111,2287,0.9347826086956522,1257,0.8913043478260869,2429,0.8409090909090908,3180,0.7088607594936709,5496,0.9052631578947369,3140,0.8181818181818182,5423,0.8863636363636364,3126,0.8444444444444446,5499,0.8571428571428572,3084,0.7865168539325842,5159,0.9130434782608695,6364,0.7954545454545455,9456,0.8045977011494253,6342,0.746987951807229,9227,0.8478260869565216,6330,0.7209302325581396,9175,0.7727272727272728,6366,0.7073170731707316,9313,0.7674418604651163,9511,0.7560975609756098,11629,0.8333333333333333,9412,0.7951807228915663,11565,0.7529411764705882,9419,0.7654320987654322,11670,0.7674418604651163,9438,0.7999999999999999,11608,0.7764705882352941,11265,0.7654320987654322,12310,0.7407407407407408,11336,0.7654320987654322,12364,0.7764705882352941,11337,0.7654320987654322,12347,0.7654320987654322,11292,0.7560975609756098,12347,0.7654320987654322,32,0.759493670886076
379,2,46,0.9473684210526316,0.9473684210526316,11,0.9473684210526316,27,0.9473684210526316,11,0.9473684210526316,11,0.9473684210526316,10,0.9473684210526316,10,0.9473684210526316,7,0.9473684210526316,7,0.9473684210526316,125,0.9473684210526316,284,0.9473684210526316,121,0.9473684210526316,247,0.9148936170212767,112,0.9148936170212767,239,0.9583333333333333,113,0.9583333333333333,225,0.9247311827956989,621,0.7804878048780488,1247,0.9361702127659575,605,0.9361702127659575,1265,0.9361702127659575,636,0.9247311827956989,1378,0.9462365591397849,652,0.8863636363636364,1264,0.9010989010989012,1211,0.8505747126436782,2447,0.9263157894736843,1254,0.8936170212765957,2477,0.968421052631579,1247,0.968421052631579,2144,0.9247311827956989,1243,0.9111111111111111,2447,0.8791208791208791,3144,0.8089887640449438,5450,0.9052631578947369,3110,0.8314606741573034,5353,0.8666666666666666,3219,0.8181818181818182,5549,0.898876404494382,3189,0.898876404494382,5539,0.6829268292682927,6247,0.6842105263157895,9270,0.8863636363636364,6135,0.7435897435897436,9204,0.8913043478260869,6186,0.8791208791208791,9201,0.691358024691358,6198,0.691358024691358,9366,0.6823529411764706,9431,0.7160493827160493,11616,0.7000000000000001,9449,0.7088607594936709,11710,0.7560975609756098,9462,0.7341772151898733,11698,0.8863636363636364,9425,0.759493670886076,11562,0.7435897435897436,11296,0.717948717948718,12352,0.7249999999999999,11349,0.7435897435897436,12372,0.7249999999999999,11324,0.7435897435897436,12401,0.7560975609756098,11316,0.7435897435897436,12378,0.7435897435897436,29,0.7272727272727273
380,2,46,0.9473684210526316,0.9473684210526316,18,0.9473684210526316,98,0.9473684210526316,7,0.9473684210526316,39,0.9473684210526316,12,0.9473684210526316,28,0.9473684210526316,15,0.9473684210526316,15,0.9473684210526316,122,0.9473684210526316,249,0.9473684210526316,130,0.9473684210526316,318,0.9473684210526316,140,0.9473684210526316,204,0.9473684210526316,138,0.9473684210526316,247,0.9361702127659575,628,0.9361702127659575,1169,0.9473684210526316,606,0.9473684210526316,1121,0.9473684210526316,652,0.9263157894736843,1251,0.9247311827956989,613,0.9148936170212767,1082,0.9361702127659575,1243,0.9010989010989012,2220,0.9473684210526316,1213,0.888888888888889,2127,0.9361702127659575,1235,0.9462365591397849,2329,0.968421052631579,1305,0.968421052631579,2411,0.9010989010989012,3161,0.9010989010989012,5616,0.9347826086956522,3178,0.9347826086956522,5402,0.9462365591397849,3189,0.8,5323,0.8936170212765957,3206,0.8791208791208791,5485,0.7586206896551724,6341,0.7906976744186046,9253,0.7804878048780488,6226,0.7317073170731708,8882,0.8351648351648353,6318,0.7816091954022989,9123,0.9010989010989012,6225,0.7249999999999999,9047,0.7228915662650602,9406,0.7407407407407408,11641,0.7804878048780488,9390,0.7249999999999999,11586,0.7674418604651163,9475,0.7341772151898733,11620,0.7951807228915663,9386,0.7407407407407408,11544,0.7249999999999999,11291,0.7249999999999999,12406,0.6987951807228915,11361,0.7249999999999999,12387,0.7160493827160493,11295,0.7249999999999999,12385,0.7249999999999999,11310,0.7160493827160493,12367,0.7249999999999999,31,0.717948717948718
381,2,47,0.9375000000000001,0.9375000000000001,12,0.9375000000000001,12,0.9375000000000001,19,0.9375000000000001,19,0.9375000000000001,12,0.9375000000000001,28,0.9375000000000001,14,0.9375000000000001,46,0.9375000000000001,119,0.9375000000000001,261,0.9375000000000001,119,0.9375000000000001,150,0.9583333333333333,124,0.9583333333333333,186,0.8913043478260869,146,0.8913043478260869,386,0.9032258064516128,613,0.8791208791208791,959,0.8571428571428572,647,0.8764044943820225,1188,0.8817204301075268,653,0.8571428571428572,1231,0.9484536082474228,672,0.9148936170212767,1423,0.9052631578947369,1170,0.8602150537634408,2227,0.7912087912087913,1256,0.7640449438202247,2305,0.9690721649484536,1225,0.9484536082474228,2367,0.9361702127659575,1231,0.9375000000000001,2252,0.9052631578947369,3161,0.8275862068965517,5598,0.8539325842696629,3139,0.8043478260869564,5385,0.8865979381443299,3177,0.7912087912087913,5173,0.8372093023255813,3153,0.7727272727272728,5444,0.7640449438202247,6318,0.6987951807228915,9307,0.7727272727272728,6363,0.6585365853658536,9471,0.7073170731707316,6203,0.6749999999999999,9324,0.8478260869565216,6320,0.735632183908046,9300,0.65,9419,0.6749999999999999,11584,0.6666666666666666,9466,0.6582278481012658,11598,0.6987951807228915,9384,0.6749999999999999,11693,0.6835443037974683,9465,0.6835443037974683,11673,0.6835443037974683,11286,0.6835443037974683,12336,0.7228915662650602,11275,0.6835443037974683,12339,0.7160493827160493,11347,0.6835443037974683,12328,0.6749999999999999,11320,0.6835443037974683,12411,0.6835443037974683,30,0.6133333333333333
382,2,47,0.9791666666666666,0.9791666666666666,8,0.9791666666666666,24,0.9791666666666666,15,0.9791666666666666,31,0.9791666666666666,9,0.9791666666666666,25,0.9791666666666666,9,0.9791666666666666,41,0.9791666666666666,114,0.9791666666666666,210,0.9791666666666666,115,0.9791666666666666,161,0.9791666666666666,125,0.9791666666666666,219,0.9791666666666666,149,0.9791666666666666,321,0.9791666666666666,628,0.9791666666666666,1079,0.9473684210526316,636,0.9473684210526316,1249,0.9791666666666666,639,0.9791666666666666,1324,0.9791666666666666,634,0.9791666666666666,1182,0.968421052631579,1315,0.9052631578947369,2531,0.9247311827956989,1242,0.8314606741573034,2217,0.9574468085106383,1222,0.898876404494382,2240,0.9111111111111111,1234,0.8505747126436782,2428,0.9361702127659575,3044,0.9166666666666666,5160,0.8817204301075268,3290,0.8695652173913043,5509,0.9111111111111111,3122,0.9010989010989012,5514,0.8863636363636364,3095,0.819277108433735,5095,0.9052631578947369,6293,0.8089887640449438,9188,0.8571428571428572,6318,0.7674418604651163,9257,0.9032258064516128,6240,0.7777777777777778,9082,0.75,6387,0.8275862068965517,9231,0.6923076923076924,9409,0.75,11663,0.746987951807229,9486,0.7407407407407408,11685,0.7000000000000001,9366,0.7407407407407408,11566,0.7191011235955055,9493,0.7209302325581396,11595,0.7317073170731708,11256,0.75,12364,0.7654320987654322,11250,0.75,12387,0.75,11321,0.75,12374,0.7317073170731708,11253,0.75,12337,0.75,31,0.717948717948718
383,2,46,0.9166666666666666,0.9166666666666666,10,0.9166666666666666,58,0.9166666666666666,15,0.9166666666666666,15,0.9166666666666666,16,0.9166666666666666,16,0.9166666666666666,9,0.9166666666666666,9,0.9166666666666666,108,0.9166666666666666,250,0.9278350515463918,120,0.9278350515463918,216,0.9166666666666666,117,0.9166666666666666,181,0.9166666666666666,137,0.9166666666666666,232,0.9166666666666666,640,0.9072164948453608,1213,0.9166666666666666,540,0.9010989010989011,937,0.9052631578947369,629,0.9148936170212766,1266,0.9032258064516129,605,0.9032258064516129,1133,0.9263157894736842,1237,0.8764044943820225,2172,0.9166666666666666,1241,0.888888888888889,2365,0.9263157894736842,1234,0.9052631578947369,2106,0.8712871287128714,1265,0.924731182795699,2339,0.8666666666666667,3205,0.8314606741573033,5316,0.853932584269663,3210,0.7619047619047621,5587,0.8817204301075269,3191,0.7865168539325842,5172,0.8351648351648352,3141,0.8089887640449438,5299,0.8275862068965518,6342,0.7441860465116279,9278,0.8,6310,0.7088607594936709,9399,0.8275862068965518,6353,0.7499999999999999,9333,0.8936170212765958,6275,0.8314606741573033,9259,0.7640449438202247,9452,0.7407407407407407,11743,0.8444444444444444,9495,0.7073170731707317,11682,0.7804878048780487,9385,0.725,11642,0.7294117647058823,9551,0.6987951807228915,11703,0.7126436781609196,11275,0.6987951807228915,12360,0.7654320987654321,11310,0.725,12321,0.7407407407407407,11262,0.725,12363,0.725,11301,0.725,12327,0.725,30,0.6753246753246753
384,2,48,0.9795918367346939,0.9795918367346939,12,0.9795918367346939,44,0.9696969696969697,11,0.9696969696969697,43,0.9795918367346939,13,0.9795918367346939,29,0.9795918367346939,7,0.9795918367346939,7,0.9494949494949495,107,0.9494949494949495,235,0.9795918367346939,96,0.9696969696969697,238,0.9583333333333334,125,0.9263157894736842,237,0.9795918367346939,124,0.9387755102040817,236,0.9795918367346939,570,0.9795918367346939,1225,0.9696969696969697,655,0.9278350515463918,1293,0.9263157894736842,620,0.9263157894736842,1129,0.9494949494949495,634,0.8817204301075269,1224,0.9278350515463918,1263,0.8602150537634408,2303,0.9263157894736842,1295,0.9148936170212766,2263,0.9484536082474226,1228,0.9183673469387755,2270,0.9795918367346939,1252,0.9795918367346939,2565,0.9183673469387755,3206,0.9052631578947369,5528,0.8936170212765958,3218,0.782608695652174,5587,0.8636363636363636,3118,0.7951807228915663,5265,0.8958333333333334,3100,0.8387096774193548,5522,0.7586206896551725,6286,0.7764705882352942,9264,0.8936170212765958,6303,0.7674418604651163,9275,0.8131868131868132,6371,0.7727272727272727,9368,0.7912087912087912,6273,0.7560975609756097,9169,0.7816091954022989,9343,0.7469879518072288,11634,0.7764705882352942,9458,0.7407407407407407,11620,0.7912087912087912,9459,0.813953488372093,11653,0.8131868131868132,9468,0.7654320987654321,11724,0.7441860465116279,11237,0.7560975609756097,12373,0.7317073170731707,11295,0.7499999999999999,12357,0.7499999999999999,11310,0.7407407407407407,12347,0.7407407407407407,11272,0.7407407407407407,12352,0.7407407407407407,31,0.7088607594936709
385,2,48,0.9795918367346939,0.9795918367346939,17,0.9795918367346939,33,0.9795918367346939,15,0.9795918367346939,63,0.9795918367346939,12,0.9795918367346939,12,0.9795918367346939,10,0.9795918367346939,10,0.9795918367346939,125,0.9795918367346939,300,0.9795918367346939,125,0.9795918367346939,221,0.9583333333333334,143,0.9484536082474226,317,0.9795918367346939,131,0.9795918367346939,227,0.9263157894736842,669,0.9148936170212766,1346,0.9484536082474226,649,0.9484536082474226,1418,0.9795918367346939,605,0.9387755102040817,1172,0.9795918367346939,609,0.9591836734693877,1094,0.9148936170212766,1289,0.8817204301075269,2235,0.9591836734693877,1274,0.9387755102040817,2659,0.9591836734693877,1266,0.9591836734693877,2221,0.8913043478260869,1177,0.9361702127659575,2217,0.8666666666666667,3176,0.8791208791208791,5336,0.7954545454545453,3164,0.7777777777777777,5386,0.9375,3068,0.8235294117647058,5145,0.8602150537634408,3177,0.7865168539325842,5453,0.8505747126436781,6383,0.7000000000000001,9302,0.7529411764705883,6337,0.7441860465116279,9190,0.8089887640449438,6185,0.7560975609756097,9167,0.8181818181818181,6234,0.7380952380952381,9268,0.7469879518072288,9381,0.7407407407407407,11685,0.7228915662650602,9473,0.7142857142857143,11689,0.7380952380952381,9372,0.7560975609756097,11607,0.7586206896551725,9457,0.7407407407407407,11661,0.7317073170731707,11287,0.7407407407407407,12365,0.7228915662650602,11303,0.7407407407407407,12388,0.725,11325,0.7407407407407407,12355,0.7380952380952381,11277,0.7407407407407407,12344,0.7407407407407407,31,0.7088607594936709
386,2,46,0.968421052631579,0.968421052631579,19,0.968421052631579,51,0.968421052631579,4,0.968421052631579,4,0.968421052631579,11,0.968421052631579,11,0.968421052631579,10,0.968421052631579,10,0.968421052631579,105,0.968421052631579,153,0.968421052631579,107,0.968421052631579,234,0.968421052631579,105,0.968421052631579,168,0.9462365591397849,142,0.9462365591397849,251,0.9010989010989012,642,0.9130434782608695,1242,0.968421052631579,576,0.9574468085106383,1021,0.9574468085106383,630,0.9574468085106383,1243,0.9361702127659575,632,0.9361702127659575,1086,0.9473684210526316,1240,0.9473684210526316,2318,0.9130434782608695,1322,0.923076923076923,2495,0.9347826086956522,1177,0.898876404494382,2208,0.968421052631579,1227,0.9347826086956522,2157,0.9130434782608695,3184,0.8222222222222222,5576,0.8275862068965517,3207,0.7380952380952381,5293,0.8604651162790697,3150,0.7619047619047618,5179,0.888888888888889,3213,0.7654320987654322,5518,0.7999999999999999,6274,0.7249999999999999,9080,0.7727272727272728,6319,0.7727272727272728,9351,0.7816091954022989,6396,0.75,9472,0.7951807228915663,6224,0.7435897435897436,8831,0.735632183908046,9375,0.75,11529,0.75,9405,0.775,11703,0.8048780487804877,9416,0.759493670886076,11616,0.8095238095238094,9309,0.775,11615,0.7901234567901235,11326,0.759493670886076,12366,0.759493670886076,11322,0.759493670886076,12396,0.75,11277,0.759493670886076,12403,0.7654320987654322,11274,0.759493670886076,12361,0.759493670886076,30,0.7105263157894737
387,2,46,0.9583333333333334,0.9583333333333334,9,0.9583333333333334,41,0.9583333333333334,10,0.9583333333333334,10,0.9583333333333334,7,0.9583333333333334,23,0.9690721649484536,5,0.9690721649484536,5,0.9583333333333334,126,0.9583333333333334,173,0.9583333333333334,117,0.9473684210526316,164,0.9361702127659575,150,0.9361702127659575,356,0.9583333333333334,139,0.9583333333333334,218,0.9583333333333334,643,0.924731182795699,1213,0.9148936170212766,623,0.9130434782608696,1183,0.9583333333333334,632,0.9148936170212766,1229,0.9583333333333334,626,0.9361702127659575,1335,0.9361702127659575,1275,0.8842105263157894,2340,0.9130434782608696,1241,0.8695652173913043,2219,0.9690721649484536,1300,0.9032258064516129,2187,0.9690721649484536,1282,0.9375,2419,0.8791208791208791,3168,0.8764044943820225,5246,0.8571428571428571,3099,0.7555555555555556,5311,0.853932584269663,3068,0.7906976744186047,5088,0.8791208791208791,3128,0.8131868131868132,5488,0.7912087912087912,6241,0.7228915662650602,9310,0.8351648351648352,6220,0.7469879518072288,9468,0.8791208791208791,6204,0.7529411764705883,9069,0.7816091954022989,6267,0.7560975609756097,9373,0.7906976744186047,9493,0.7619047619047621,11729,0.7142857142857143,9445,0.7073170731707317,11546,0.7469879518072288,9382,0.7073170731707317,11514,0.7073170731707317,9437,0.7160493827160493,11552,0.7160493827160493,11306,0.7160493827160493,12403,0.7317073170731707,11286,0.7160493827160493,12369,0.725,11344,0.7160493827160493,12391,0.7294117647058823,11303,0.7160493827160493,12354,0.7160493827160493,31,0.7160493827160493
388,2,46,0.9278350515463919,0.9278350515463919,15,0.9278350515463919,15,0.9278350515463919,10,0.9278350515463919,26,0.9278350515463919,13,0.9278350515463919,77,0.9278350515463919,10,0.9278350515463919,26,0.9278350515463919,124,0.9278350515463919,203,0.9072164948453608,111,0.9072164948453608,236,0.9278350515463919,119,0.9278350515463919,213,0.9278350515463919,138,0.9278350515463919,297,0.9166666666666665,605,0.8958333333333333,1141,0.9278350515463919,591,0.9278350515463919,1021,0.9375,598,0.9375,1019,0.9387755102040817,647,0.9387755102040817,1159,0.8723404255319148,1267,0.8602150537634408,2406,0.9183673469387754,1222,0.9148936170212766,2392,0.9278350515463919,1279,0.9166666666666665,2361,0.9166666666666665,1302,0.9166666666666665,2409,0.8958333333333333,3105,0.8958333333333333,5122,0.8260869565217392,3150,0.8314606741573034,5354,0.9148936170212766,3163,0.8297872340425532,5161,0.7912087912087913,3162,0.8260869565217392,5487,0.8222222222222223,6300,0.7228915662650602,9297,0.8817204301075269,6257,0.857142857142857,9265,0.8000000000000002,6285,0.7816091954022987,9162,0.7191011235955056,6268,0.7209302325581395,9145,0.7058823529411764,9444,0.7058823529411764,11686,0.8222222222222223,9401,0.7640449438202247,11531,0.7586206896551724,9417,0.6987951807228915,11649,0.7209302325581395,9421,0.7142857142857143,11575,0.735632183908046,11342,0.7142857142857143,12387,0.7529411764705882,11321,0.7073170731707317,12345,0.7126436781609194,11343,0.6987951807228915,12377,0.7142857142857143,11321,0.6987951807228915,12386,0.7073170731707317,31,0.6913580246913581
389,2,47,0.9387755102040817,0.9387755102040817,9,0.9387755102040817,9,0.9387755102040817,10,0.9387755102040817,10,0.9387755102040817,10,0.9387755102040817,42,0.9387755102040817,19,0.9387755102040817,51,0.9387755102040817,114,0.9387755102040817,209,0.9278350515463919,129,0.9278350515463919,257,0.9387755102040817,114,0.9387755102040817,224,0.9387755102040817,140,0.9387755102040817,314,0.9387755102040817,636,0.9387755102040817,1187,0.9183673469387754,650,0.8631578947368421,1298,0.9387755102040817,628,0.9375,1164,0.9166666666666665,561,0.8666666666666666,1107,0.9292929292929293,1280,0.9148936170212766,2493,0.8936170212765957,1211,0.8000000000000002,2184,0.8958333333333333,1225,0.7529411764705882,2216,0.9090909090909091,1255,0.891304347826087,2336,0.7916666666666666,3196,0.7586206896551724,5544,0.9183673469387754,3205,0.8602150537634408,5261,0.7727272727272727,3031,0.6341463414634145,5245,0.8089887640449439,3121,0.7415730337078651,5493,0.738095238095238,6284,0.738095238095238,9240,0.8314606741573034,6298,0.7640449438202247,9169,0.7708333333333334,6295,0.711111111111111,9167,0.7608695652173912,6260,0.7045454545454545,9243,0.674698795180723,9360,0.6829268292682927,11571,0.6976744186046512,9316,0.6829268292682927,11636,0.6823529411764706,9393,0.6913580246913581,11629,0.7228915662650602,9507,0.6987951807228915,11659,0.674698795180723,11291,0.6829268292682927,12365,0.6904761904761905,11260,0.6913580246913581,12362,0.7073170731707317,11347,0.6913580246913581,12407,0.6829268292682927,11314,0.6913580246913581,12354,0.6913580246913581,30,0.6493506493506493
390,2,44,0.9263157894736842,0.9263157894736842,12,0.9263157894736842,28,0.9263157894736842,9,0.9263157894736842,9,0.9263157894736842,13,0.9263157894736842,29,0.9263157894736842,14,0.9263157894736842,14,0.9263157894736842,100,0.9263157894736842,148,0.9263157894736842,127,0.9263157894736842,287,0.9032258064516129,142,0.9032258064516129,333,0.8666666666666666,136,0.8666666666666666,311,0.9375,618,0.9148936170212766,1045,0.9263157894736842,631,0.9263157894736842,1122,0.9263157894736842,601,0.9263157894736842,1115,0.9052631578947369,650,0.9166666666666665,1058,0.9148936170212766,1300,0.8723404255319148,2392,0.8817204301075269,1240,0.8817204301075269,2289,0.9263157894736842,1296,0.8275862068965517,2447,0.9263157894736842,1313,0.8631578947368421,2341,0.8409090909090908,3082,0.8,5071,0.891304347826087,3148,0.735632183908046,5231,0.8602150537634408,3094,0.8936170212765957,5543,0.8478260869565216,3199,0.7865168539325842,5542,0.6987951807228915,6305,0.7317073170731707,9215,0.7710843373493976,6237,0.7160493827160493,9250,0.851063829787234,6348,0.7865168539325842,9271,0.7764705882352942,6244,0.6904761904761905,9288,0.6987951807228915,9414,0.725,11683,0.7228915662650602,9463,0.7160493827160493,11605,0.813953488372093,9518,0.7407407407407407,11668,0.738095238095238,9373,0.7407407407407407,11651,0.7407407407407407,11298,0.725,12387,0.7073170731707317,11333,0.725,12353,0.7142857142857143,11354,0.725,12372,0.7160493827160493,11362,0.725,12408,0.725,29,0.6753246753246753
391,2,46,0.9583333333333334,0.9583333333333334,9,0.9583333333333334,9,0.9583333333333334,20,0.9583333333333334,36,0.9583333333333334,17,0.9583333333333334,33,0.9583333333333334,13,0.9583333333333334,29,0.9583333333333334,122,0.9583333333333334,216,0.9583333333333334,127,0.9484536082474226,333,0.9583333333333334,114,0.9473684210526316,177,0.9583333333333334,129,0.9583333333333334,228,0.924731182795699,663,0.9361702127659575,1372,0.9484536082474226,621,0.9387755102040817,1215,0.9263157894736842,636,0.8958333333333334,1245,0.9583333333333334,670,0.9263157894736842,1239,0.9263157894736842,1281,0.8723404255319149,2323,0.9484536082474226,1199,0.8260869565217391,2353,0.9473684210526316,1207,0.9263157894736842,2063,0.9473684210526316,1183,0.9278350515463918,2269,0.8631578947368421,3178,0.8571428571428571,5399,0.8297872340425532,3187,0.7500000000000001,5567,0.9473684210526316,3145,0.7415730337078651,5411,0.8936170212765958,3213,0.8314606741573033,5651,0.7872340425531915,6209,0.6896551724137931,9033,0.7228915662650602,6317,0.7380952380952381,9216,0.8571428571428571,6266,0.6904761904761905,9061,0.8089887640449438,6315,0.7586206896551725,9242,0.7469879518072288,9366,0.7499999999999999,11602,0.7469879518072288,9420,0.7499999999999999,11633,0.7619047619047621,9379,0.7228915662650602,11624,0.8045977011494254,9347,0.725,11591,0.7857142857142857,11301,0.7407407407407407,12337,0.7560975609756097,11318,0.7499999999999999,12398,0.7317073170731707,11341,0.7499999999999999,12356,0.7317073170731707,11252,0.7499999999999999,12361,0.7499999999999999,30,0.725
392,2,46,0.9574468085106383,0.9574468085106383,13,0.9574468085106383,13,0.9574468085106383,12,0.9574468085106383,44,0.9574468085106383,17,0.9574468085106383,33,0.9574468085106383,15,0.9361702127659574,31,0.9574468085106383,120,0.9574468085106383,231,0.9574468085106383,142,0.9574468085106383,220,0.9574468085106383,113,0.9574468085106383,256,0.9574468085106383,135,0.8863636363636362,355,0.9574468085106383,662,0.967741935483871,1147,0.9347826086956522,649,0.946236559139785,1212,0.946236559139785,605,0.9565217391304348,1281,0.9574468085106383,604,0.9361702127659574,1245,0.923076923076923,1254,0.9347826086956522,2330,0.8842105263157894,1206,0.8444444444444444,2246,0.851063829787234,1262,0.8602150537634408,2400,0.967741935483871,1248,0.9347826086956522,2290,0.9130434782608695,3167,0.7674418604651162,5450,0.8936170212765957,3145,0.8695652173913043,5505,0.7999999999999999,3163,0.7654320987654321,5504,0.946236559139785,3120,0.8478260869565218,5190,0.744186046511628,6269,0.7529411764705882,9106,0.8571428571428572,6237,0.7472527472527473,9317,0.7804878048780487,6304,0.7160493827160493,9426,0.8444444444444444,6223,0.7764705882352941,9149,0.7816091954022988,9367,0.7906976744186046,11704,0.7529411764705882,9409,0.7469879518072288,11615,0.7654320987654321,9444,0.7407407407407406,11631,0.7317073170731708,9481,0.7000000000000001,11598,0.7179487179487181,11305,0.7179487179487181,12430,0.7160493827160493,11283,0.7088607594936709,12392,0.7000000000000001,11380,0.7179487179487181,12398,0.7088607594936709,11312,0.7179487179487181,12343,0.7179487179487181,30,0.7272727272727274
393,2,43,0.9438202247191011,0.9438202247191011,14,0.9438202247191011,14,0.9438202247191011,11,0.9438202247191011,11,0.9438202247191011,13,0.9438202247191011,61,0.9438202247191011,9,0.9438202247191011,25,0.9318181818181818,132,0.9318181818181818,244,0.9195402298850575,151,0.9195402298850575,278,0.9438202247191011,110,0.9438202247191011,190,0.9438202247191011,121,0.9438202247191011,168,0.9318181818181818,583,0.9318181818181818,1161,0.9438202247191011,638,0.9195402298850575,1318,0.9438202247191011,632,0.9438202247191011,1247,0.9318181818181818,649,0.9318181818181818,1205,0.8837209302325583,1211,0.8837209302325583,2081,0.9318181818181818,1189,0.9195402298850575,2208,0.9318181818181818,1239,0.9069767441860466,2224,0.9318181818181818,1270,0.9318181818181818,2233,0.9545454545454545,3193,0.9195402298850575,5455,0.8395061728395062,3176,0.7848101265822786,5647,0.8571428571428571,3162,0.8048780487804877,5382,0.9069767441860466,3149,0.853658536585366,5249,0.7532467532467533,6305,0.8051948051948052,9201,0.8333333333333333,6231,0.8148148148148148,9151,0.8395061728395062,6326,0.8205128205128205,9152,0.8604651162790697,6302,0.759493670886076,9522,0.7272727272727272,9391,0.7733333333333333,11577,0.7948717948717949,9447,0.763157894736842,11713,0.7105263157894737,9377,0.7435897435897436,11584,0.7948717948717949,9419,0.7792207792207793,11577,0.7532467532467533,11311,0.7733333333333333,12379,0.7733333333333333,11311,0.7733333333333333,12396,0.7733333333333333,11297,0.7733333333333333,12327,0.7733333333333333,11255,0.7733333333333333,12373,0.7733333333333333,29,0.7397260273972603
394,2,41,0.9411764705882352,0.9411764705882352,12,0.9411764705882352,12,0.9411764705882352,12,0.9411764705882352,12,0.9411764705882352,12,0.9411764705882352,28,0.9411764705882352,13,0.9411764705882352,45,0.9411764705882352,125,0.9411764705882352,317,0.9411764705882352,122,0.9411764705882352,297,0.9411764705882352,124,0.9411764705882352,188,0.9411764705882352,138,0.9411764705882352,186,0.9411764705882352,610,0.9411764705882352,1157,0.9523809523809523,650,0.9523809523809523,1389,0.9523809523809523,651,0.9523809523809523,1255,0.9285714285714285,616,0.9285714285714285,1135,0.9523809523809523,1302,0.9411764705882352,2312,0.9285714285714285,1284,0.9047619047619048,2350,0.9523809523809523,1237,0.7397260273972602,2602,0.9176470588235294,1204,0.9176470588235294,2250,0.9285714285714285,3104,0.9411764705882352,5213,0.8809523809523809,3181,0.8470588235294119,5577,0.8717948717948718,3226,0.8354430379746834,5666,0.9523809523809523,3115,0.9024390243902439,5231,0.7792207792207791,6277,0.7567567567567568,9060,0.846153846153846,6366,0.7792207792207791,9423,0.8333333333333334,6382,0.7567567567567568,9242,0.8780487804878049,6312,0.8641975308641975,9274,0.8,9523,0.7945205479452054,11708,0.7341772151898734,9460,0.763157894736842,11623,0.7567567567567568,9424,0.7945205479452054,11654,0.7567567567567568,9424,0.7945205479452054,11637,0.7837837837837838,11346,0.7945205479452054,12391,0.7894736842105263,11272,0.7945205479452054,12375,0.7671232876712328,11324,0.7945205479452054,12409,0.7837837837837838,11366,0.7945205479452054,12362,0.7945205479452054,29,0.7428571428571429
395,2,42,0.9195402298850575,0.9195402298850575,10,0.9195402298850575,10,0.9195402298850575,21,0.9195402298850575,37,0.9195402298850575,15,0.9302325581395349,47,0.9195402298850575,10,0.9195402298850575,26,0.9195402298850575,115,0.9195402298850575,255,0.9425287356321839,126,0.9425287356321839,190,0.896551724137931,140,0.896551724137931,310,0.8837209302325582,117,0.8837209302325582,180,0.8941176470588236,627,0.896551724137931,1143,0.8604651162790697,591,0.8941176470588236,1158,0.9090909090909092,613,0.8372093023255814,993,0.8333333333333333,602,0.8536585365853658,1139,0.8941176470588236,1306,0.8395061728395062,2575,0.9195402298850575,1271,0.896551724137931,2327,0.9425287356321839,1303,0.8809523809523809,2316,0.9047619047619048,1231,0.8809523809523809,2240,0.8674698795180723,3190,0.7105263157894737,5493,0.6913580246913581,3145,0.7228915662650601,5162,0.9069767441860465,3215,0.8372093023255814,5458,0.8764044943820225,3152,0.7466666666666667,5423,0.7160493827160493,6229,0.7317073170731707,9153,0.6842105263157895,6323,0.6666666666666667,9229,0.7435897435897436,6251,0.7012987012987012,9451,0.631578947368421,6346,0.6666666666666666,9425,0.6756756756756757,9327,0.6756756756756757,11617,0.6842105263157895,9470,0.6842105263157895,11697,0.7368421052631579,9388,0.6756756756756757,11658,0.6666666666666666,9485,0.7012987012987012,11675,0.7027027027027027,11316,0.7200000000000001,12356,0.64,11294,0.6842105263157895,12358,0.6666666666666667,11324,0.6933333333333332,12358,0.7105263157894737,11339,0.6933333333333332,12322,0.6933333333333332,30,0.6285714285714286
396,2,43,0.9555555555555556,0.9555555555555556,15,0.9555555555555556,31,0.9555555555555556,17,0.9555555555555556,49,0.9555555555555556,11,0.9555555555555556,11,0.9555555555555556,16,0.9555555555555556,32,0.9555555555555556,116,0.8705882352941177,308,0.8941176470588235,127,0.9318181818181819,159,0.9318181818181819,127,0.9318181818181819,238,0.9555555555555556,119,0.9555555555555556,309,0.9555555555555556,626,0.9438202247191011,1139,0.9555555555555556,657,0.9555555555555556,1269,0.9195402298850576,667,0.9195402298850576,1241,0.880952380952381,624,0.880952380952381,1211,0.9195402298850576,1255,0.8837209302325582,2354,0.9333333333333332,1292,0.898876404494382,2316,0.8705882352941177,1244,0.8433734939759036,2185,0.9069767441860465,1207,0.8433734939759036,2196,0.9438202247191011,3146,0.9195402298850576,5466,0.8433734939759036,3140,0.7317073170731707,5607,0.898876404494382,3124,0.7857142857142857,5337,0.8837209302325582,3189,0.75,5302,0.7469879518072289,6223,0.7560975609756098,9224,0.6666666666666667,6224,0.7027027027027027,9375,0.75,6289,0.7654320987654322,9117,0.7901234567901235,6237,0.7272727272727273,8974,0.7692307692307693,9377,0.7272727272727273,11639,0.7179487179487178,9484,0.7368421052631579,11663,0.7012987012987012,9506,0.7200000000000001,11737,0.6756756756756757,9466,0.7200000000000001,11641,0.7200000000000001,11304,0.7200000000000001,12408,0.7532467532467533,11260,0.7200000000000001,12391,0.7027027027027027,11326,0.7200000000000001,12355,0.7027027027027027,11313,0.7027027027027027,12374,0.7200000000000001,28,0.6666666666666666
397,2,44,0.9347826086956522,0.9347826086956522,14,0.9347826086956522,14,0.9347826086956522,15,0.9347826086956522,15,0.9347826086956522,16,0.9347826086956522,64,0.9347826086956522,12,0.9347826086956522,12,0.9347826086956522,106,0.9347826086956522,200,0.9347826086956522,122,0.9347826086956522,218,0.9347826086956522,128,0.9347826086956522,224,0.9347826086956522,138,0.9347826086956522,199,0.945054945054945,682,0.945054945054945,1237,0.9347826086956522,647,0.9347826086956522,1115,0.923076923076923,642,0.875,1167,0.9347826086956522,652,0.9213483146067416,1179,0.9111111111111111,1323,0.8988764044943819,2308,0.9347826086956522,1260,0.9347826086956522,2228,0.9111111111111111,1212,0.8863636363636362,2129,0.9347826086956522,1213,0.8470588235294119,2186,0.9347826086956522,3136,0.8478260869565218,5419,0.8791208791208791,3095,0.8000000000000002,5433,0.8095238095238096,3178,0.8,5321,0.8333333333333333,3088,0.8048780487804877,5250,0.7654320987654321,6338,0.7654320987654321,9143,0.8139534883720931,6313,0.8275862068965517,9267,0.8000000000000002,6282,0.8,9015,0.8433734939759037,6242,0.8048780487804877,9169,0.8095238095238096,9450,0.775,11693,0.8505747126436781,9356,0.775,11756,0.7407407407407406,9394,0.775,11627,0.761904761904762,9419,0.7901234567901234,11636,0.775,11296,0.775,12358,0.7560975609756098,11363,0.775,12370,0.8048780487804877,11354,0.775,12376,0.7654320987654321,11321,0.775,12411,0.775,32,0.7368421052631579
398,2,44,0.9247311827956989,0.9247311827956989,11,0.9247311827956989,27,0.9247311827956989,15,0.9247311827956989,15,0.9247311827956989,9,0.9247311827956989,41,0.9247311827956989,10,0.9247311827956989,10,0.9247311827956989,108,0.9247311827956989,172,0.9247311827956989,130,0.9247311827956989,289,0.9247311827956989,125,0.9052631578947369,331,0.9247311827956989,118,0.9247311827956989,278,0.9247311827956989,663,0.9032258064516128,1222,0.9247311827956989,628,0.9347826086956522,1266,0.9247311827956989,642,0.9247311827956989,1121,0.9148936170212767,596,0.9010989010989012,1110,0.9130434782608695,1272,0.9010989010989012,2240,0.9010989010989012,1275,0.8913043478260869,2407,0.9010989010989012,1300,0.8913043478260869,2354,0.923076923076923,1262,0.923076923076923,2370,0.8817204301075268,3114,0.8275862068965517,5632,0.8636363636363635,3169,0.8666666666666666,5306,0.8444444444444446,3182,0.7640449438202247,5444,0.8604651162790697,3192,0.7088607594936709,5028,0.7954545454545455,6255,0.7249999999999999,9479,0.7407407407407408,6302,0.7058823529411765,9090,0.7586206896551724,6321,0.7000000000000001,9279,0.8235294117647058,6218,0.7804878048780488,8918,0.7160493827160493,9443,0.7088607594936709,11611,0.7317073170731708,9464,0.7088607594936709,11680,0.7710843373493975,9346,0.7088607594936709,11543,0.7294117647058823,9350,0.7160493827160493,11575,0.7088607594936709,11314,0.7249999999999999,12395,0.7160493827160493,11306,0.7249999999999999,12362,0.7160493827160493,11292,0.7249999999999999,12381,0.7317073170731708,11347,0.7249999999999999,12357,0.7249999999999999,31,0.6753246753246754
399,2,45,0.9263157894736842,0.9263157894736842,11,0.9263157894736842,27,0.9263157894736842,9,0.9263157894736842,9,0.9263157894736842,14,0.9263157894736842,30,0.9263157894736842,14,0.9263157894736842,14,0.9263157894736842,126,0.9263157894736842,267,0.9166666666666666,122,0.9166666666666666,186,0.9166666666666666,130,0.9166666666666666,210,0.9263157894736842,135,0.9263157894736842,260,0.9032258064516129,616,0.8666666666666667,1194,0.9166666666666666,608,0.8958333333333334,973,0.8842105263157894,663,0.8842105263157894,1366,0.9263157894736842,619,0.9166666666666666,1133,0.8817204301075269,1304,0.8695652173913043,2369,0.8842105263157894,1326,0.8089887640449438,2311,0.8695652173913043,1230,0.8695652173913043,2370,0.8936170212765958,1237,0.8723404255319149,2252,0.853932584269663,3164,0.8444444444444444,5627,0.8478260869565217,3248,0.7727272727272727,5745,0.8571428571428571,3162,0.7142857142857143,5495,0.8260869565217391,3160,0.7954545454545453,5447,0.7764705882352942,6169,0.7209302325581396,9237,0.853932584269663,6353,0.675,9231,0.8181818181818181,6332,0.7058823529411764,9194,0.7529411764705883,6264,0.6506024096385542,9321,0.6428571428571429,9454,0.6419753086419753,11665,0.6419753086419753,9484,0.625,11691,0.6,9323,0.65,11573,0.6823529411764706,9376,0.6341463414634146,11678,0.6666666666666666,11264,0.65,12325,0.6666666666666666,11297,0.65,12372,0.6506024096385542,11283,0.65,12344,0.65,11279,0.65,12354,0.65,30,0.6233766233766234
400,2,47,0.8979591836734694,0.8979591836734694,11,0.8979591836734694,11,0.8979591836734694,18,0.8979591836734694,18,0.8979591836734694,7,0.8979591836734694,7,0.8979591836734694,7,0.8979591836734694,23,0.9072164948453608,126,0.9072164948453608,332,0.8979591836734694,132,0.8979591836734694,290,0.8979591836734694,117,0.9278350515463919,213,0.8979591836734694,108,0.8979591836734694,203,0.8775510204081632,642,0.8775510204081632,1133,0.8958333333333333,685,0.8842105263157896,1191,0.8979591836734694,641,0.8979591836734694,1053,0.8842105263157896,596,0.9052631578947369,964,0.9052631578947369,1273,0.8936170212765957,2270,0.8865979381443299,1239,0.8686868686868686,2328,0.9072164948453608,1271,0.8043478260869564,2166,0.8602150537634408,1236,0.857142857142857,2344,0.8333333333333334,3172,0.8041237113402062,5505,0.8222222222222223,3111,0.8000000000000002,5381,0.8666666666666666,3093,0.7816091954022987,5185,0.8539325842696629,3124,0.8089887640449439,5289,0.7816091954022987,6344,0.7209302325581395,9210,0.7674418604651163,6357,0.7294117647058823,9145,0.735632183908046,6298,0.7073170731707317,9260,0.8387096774193549,6283,0.6829268292682927,9320,0.7586206896551724,9486,0.6913580246913581,11668,0.7499999999999999,9465,0.6913580246913581,11688,0.738095238095238,9448,0.6913580246913581,11743,0.7586206896551724,9436,0.7906976744186046,11623,0.7142857142857143,11326,0.6913580246913581,12387,0.6913580246913581,11377,0.6913580246913581,12383,0.6666666666666667,11291,0.6913580246913581,12342,0.6913580246913581,11306,0.6913580246913581,12341,0.6913580246913581,30,0.6410256410256411
401,2,47,0.9484536082474226,0.9484536082474226,14,0.9484536082474226,14,0.9484536082474226,9,0.9484536082474226,9,0.9484536082474226,8,0.9484536082474226,8,0.9484536082474226,19,0.9484536082474226,35,0.9484536082474226,117,0.9183673469387755,292,0.9484536082474226,111,0.9484536082474226,254,0.9484536082474226,110,0.9484536082474226,173,0.9484536082474226,140,0.8936170212765958,313,0.9278350515463918,657,0.9278350515463918,1101,0.9166666666666666,586,0.8865979381443299,1119,0.9484536082474226,656,0.9484536082474226,1081,0.9072164948453608,596,0.8979591836734694,1142,0.9263157894736842,1223,0.9375,2329,0.9148936170212766,1179,0.8571428571428571,1924,0.9263157894736842,1195,0.8936170212765958,2342,0.9032258064516129,1219,0.8571428571428571,2246,0.8181818181818181,3249,0.7209302325581396,5646,0.9052631578947369,3160,0.8817204301075269,5401,0.7529411764705883,3134,0.6666666666666666,5612,0.8749999999999999,3201,0.7441860465116279,5486,0.7045454545454546,6240,0.7317073170731707,9332,0.8387096774193548,6352,0.6987951807228915,9431,0.7674418604651163,6268,0.7209302325581396,9160,0.7727272727272727,6343,0.7380952380952381,9339,0.6582278481012658,9414,0.6419753086419753,11599,0.7228915662650602,9432,0.7088607594936709,11612,0.6923076923076923,9371,0.691358024691358,11726,0.6829268292682927,9410,0.65,11651,0.6666666666666666,11290,0.6666666666666666,12335,0.7586206896551725,11331,0.6666666666666666,12431,0.6582278481012658,11250,0.675,12374,0.6582278481012658,11330,0.675,12401,0.675,30,0.6578947368421052
402,2,47,0.9090909090909091,0.9090909090909091,14,0.9090909090909091,62,0.9090909090909091,11,0.9090909090909091,27,0.9090909090909091,16,0.9090909090909091,16,0.9090909090909091,10,0.9090909090909091,10,0.9090909090909091,139,0.9090909090909091,281,0.9199999999999999,125,0.9199999999999999,284,0.9090909090909091,121,0.8979591836734695,357,0.8888888888888888,121,0.8888888888888888,199,0.8979591836734695,643,0.88659793814433,1250,0.9072164948453608,586,0.9072164948453608,1044,0.9,616,0.9,1080,0.8775510204081632,603,0.8888888888888888,1138,0.8842105263157894,1216,0.8958333333333334,2122,0.8842105263157894,1238,0.88659793814433,2053,0.8979591836734695,1245,0.8799999999999999,2178,0.8686868686868686,1308,0.7959183673469389,2194,0.8,3174,0.8125000000000001,5246,0.8571428571428572,3072,0.7608695652173914,4850,0.8181818181818181,3127,0.7191011235955056,5639,0.8631578947368421,3106,0.7826086956521738,5513,0.7272727272727274,6307,0.7045454545454546,9255,0.8247422680412372,6234,0.7272727272727274,9277,0.7826086956521738,6294,0.6588235294117647,9294,0.7826086956521738,6343,0.6904761904761905,9604,0.689655172413793,9471,0.7294117647058823,11663,0.7865168539325843,9400,0.7294117647058823,11654,0.7191011235955056,9453,0.7294117647058823,11682,0.7692307692307692,9399,0.7356321839080461,11657,0.6904761904761905,11320,0.7058823529411764,12374,0.7415730337078652,11260,0.7294117647058823,12357,0.7294117647058823,11266,0.7294117647058823,12329,0.7045454545454546,11325,0.7209302325581395,12400,0.7294117647058823,33,0.65
403,2,47,0.9292929292929293,0.9292929292929293,9,0.9292929292929293,9,0.9292929292929293,10,0.9292929292929293,26,0.9292929292929293,15,0.9292929292929293,47,0.9292929292929293,10,0.9292929292929293,42,0.9400000000000001,143,0.9400000000000001,223,0.9090909090909091,132,0.9090909090909091,257,0.9292929292929293,142,0.9292929292929293,333,0.9292929292929293,137,0.8541666666666667,361,0.9183673469387755,618,0.9183673469387755,1146,0.9400000000000001,690,0.9400000000000001,1540,0.9400000000000001,623,0.9306930693069307,1172,0.9292929292929293,653,0.9292929292929293,1330,0.9183673469387755,1243,0.8125000000000001,2395,0.9504950495049506,1219,0.9292929292929293,2286,0.9199999999999999,1269,0.9,2473,0.8631578947368421,1246,0.8631578947368421,2180,0.8043478260869567,3132,0.6666666666666667,5347,0.8842105263157894,3117,0.7415730337078652,5339,0.74468085106383,3222,0.6666666666666666,5554,0.8260869565217392,3160,0.7111111111111111,5216,0.7526881720430108,6275,0.6966292134831461,9360,0.7272727272727274,6220,0.6904761904761905,9182,0.7956989247311829,6245,0.6666666666666666,9482,0.7674418604651162,6356,0.6585365853658537,9331,0.689655172413793,9416,0.6987951807228916,11568,0.6746987951807228,9446,0.6987951807228916,11622,0.7741935483870966,9392,0.7865168539325843,11646,0.7391304347826088,9454,0.7356321839080461,11604,0.6823529411764707,11354,0.6987951807228916,12332,0.7126436781609196,11351,0.7142857142857143,12378,0.6987951807228916,11292,0.6829268292682926,12344,0.7209302325581395,11318,0.6987951807228916,12408,0.6987951807228916,31,0.65
404,2,49,0.9411764705882353,0.9411764705882353,4,0.9411764705882353,4,0.9411764705882353,10,0.9411764705882353,42,0.9411764705882353,9,0.9411764705882353,9,0.9411764705882353,10,0.9411764705882353,10,0.9411764705882353,129,0.9411764705882353,256,0.9411764705882353,115,0.9411764705882353,226,0.9411764705882353,135,0.9411764705882353,246,0.9411764705882353,110,0.9411764705882353,302,0.9411764705882353,628,0.8775510204081634,1213,0.910891089108911,675,0.8484848484848485,1337,0.9072164948453608,668,0.863157894736842,1396,0.910891089108911,626,0.9306930693069307,1098,0.9306930693069307,1232,0.9199999999999999,2222,0.9411764705882353,1219,0.8686868686868686,2164,0.875,1240,0.8210526315789474,2325,0.9072164948453608,1230,0.8085106382978724,2343,0.8910891089108911,3214,0.8,5631,0.7872340425531914,3121,0.8,5166,0.8210526315789474,3067,0.7916666666666666,5042,0.8712871287128713,3206,0.8712871287128713,5333,0.7526881720430108,6284,0.7446808510638298,9080,0.7252747252747254,6216,0.7058823529411765,9190,0.7628865979381443,6187,0.7472527472527473,9353,0.7368421052631579,6337,0.7045454545454545,9238,0.7045454545454545,9419,0.6823529411764705,11480,0.6813186813186812,9420,0.6666666666666666,11618,0.7252747252747254,9407,0.6746987951807228,11600,0.6521739130434783,9381,0.6976744186046512,11491,0.6666666666666666,11360,0.6904761904761905,12358,0.6976744186046512,11338,0.6746987951807228,12438,0.6588235294117648,11296,0.6746987951807228,12356,0.7209302325581395,11307,0.6904761904761905,12331,0.6904761904761905,31,0.6506024096385542
405,2,46,0.8865979381443299,0.8865979381443299,13,0.8865979381443299,29,0.8865979381443299,10,0.8865979381443299,26,0.8865979381443299,13,0.8865979381443299,29,0.8979591836734694,13,0.8979591836734694,13,0.8979591836734694,135,0.8775510204081632,294,0.8749999999999999,101,0.8749999999999999,149,0.8979591836734694,128,0.8979591836734694,254,0.8958333333333333,115,0.8865979381443299,211,0.8979591836734694,627,0.8775510204081632,1180,0.851063829787234,632,0.851063829787234,1293,0.8979591836734694,636,0.8958333333333333,1164,0.8749999999999999,596,0.8749999999999999,1042,0.9,1299,0.8799999999999999,2328,0.8602150537634408,1277,0.8602150537634408,2529,0.8421052631578948,1300,0.8043478260869564,2692,0.8979591836734694,1270,0.8749999999999999,2350,0.8260869565217392,3153,0.7912087912087913,5628,0.7096774193548386,3131,0.7032967032967032,5196,0.7916666666666666,3157,0.7608695652173912,5284,0.7789473684210527,3105,0.7526881720430109,5237,0.7499999999999999,6340,0.7294117647058823,9262,0.7555555555555555,6330,0.7499999999999999,9466,0.8131868131868133,6333,0.7555555555555555,9126,0.7912087912087913,6296,0.7191011235955056,9219,0.7272727272727273,9442,0.7209302325581395,11575,0.7058823529411764,9480,0.6904761904761905,11652,0.7209302325581395,9381,0.7058823529411764,11546,0.7415730337078651,9368,0.7142857142857143,11627,0.7126436781609194,11371,0.7142857142857143,12370,0.7294117647058823,11300,0.7142857142857143,12381,0.6987951807228915,11323,0.7142857142857143,12368,0.7058823529411764,11322,0.7142857142857143,12380,0.7142857142857143,33,0.65
406,2,45,0.9072164948453608,0.9072164948453608,9,0.9072164948453608,25,0.9072164948453608,9,0.9072164948453608,9,0.9072164948453608,5,0.9072164948453608,5,0.9072164948453608,13,0.9072164948453608,29,0.9278350515463918,121,0.9278350515463918,153,0.9072164948453608,110,0.9072164948453608,253,0.9278350515463918,135,0.9183673469387755,263,0.9072164948453608,111,0.9072164948453608,191,0.8936170212765957,607,0.8723404255319148,1086,0.8936170212765957,602,0.8723404255319148,1061,0.88659793814433,659,0.8979591836734695,1300,0.9072164948453608,636,0.8936170212765957,1194,0.9072164948453608,1329,0.860215053763441,2830,0.8958333333333334,1269,0.88659793814433,2388,0.88659793814433,1231,0.8297872340425532,2047,0.9072164948453608,1205,0.8958333333333334,2174,0.9278350515463918,3112,0.8210526315789475,5356,0.860215053763441,3151,0.8297872340425532,5585,0.8089887640449438,3085,0.7529411764705882,5526,0.8541666666666667,3177,0.7608695652173914,5385,0.8172043010752689,6335,0.7142857142857143,9162,0.7865168539325843,6320,0.6976744186046512,9066,0.7252747252747251,6257,0.7391304347826088,9432,0.7692307692307692,6251,0.7228915662650601,9042,0.7674418604651162,9410,0.7529411764705882,11530,0.7356321839080461,9401,0.7142857142857143,11755,0.7272727272727274,9380,0.7228915662650601,11579,0.7142857142857143,9321,0.7294117647058823,11542,0.7142857142857143,11374,0.7228915662650601,12406,0.7294117647058823,11340,0.7228915662650601,12426,0.7228915662650601,11383,0.7228915662650601,12399,0.7228915662650601,11356,0.7228915662650601,12377,0.7228915662650601,31,0.7073170731707317
407,2,48,0.9600000000000001,0.9600000000000001,20,0.9600000000000001,20,0.9600000000000001,10,0.9600000000000001,26,0.9600000000000001,18,0.9600000000000001,50,0.9600000000000001,12,0.9600000000000001,44,0.9600000000000001,124,0.9600000000000001,268,0.9600000000000001,122,0.9600000000000001,296,0.9600000000000001,114,0.9600000000000001,208,0.9600000000000001,133,0.9600000000000001,181,0.9400000000000001,612,0.7777777777777778,1236,0.9292929292929293,628,0.9292929292929293,1135,0.9494949494949495,624,0.9600000000000001,1367,0.9504950495049506,666,0.9504950495049506,1210,0.9072164948453608,1263,0.8631578947368421,2368,0.9504950495049506,1250,0.9411764705882353,2406,0.9504950495049506,1288,0.9411764705882353,2320,0.9278350515463918,1255,0.8,2525,0.8351648351648352,3121,0.7912087912087913,5459,0.8297872340425532,3199,0.7356321839080461,5600,0.9090909090909091,3149,0.8333333333333333,5657,0.8888888888888888,3178,0.8333333333333333,5134,0.7608695652173914,6178,0.689655172413793,9121,0.8200000000000001,6218,0.7692307692307692,9077,0.75,6345,0.7058823529411764,9273,0.7555555555555555,6214,0.6976744186046512,8940,0.6741573033707865,9492,0.6666666666666667,11739,0.7391304347826088,9398,0.7272727272727274,11714,0.6904761904761905,9396,0.6666666666666667,11559,0.744186046511628,9450,0.6588235294117647,11716,0.6904761904761905,11382,0.6823529411764707,12391,0.75,11279,0.6666666666666667,12364,0.6818181818181818,11299,0.6666666666666667,12387,0.6904761904761905,11307,0.6666666666666667,12368,0.6666666666666667,32,0.6666666666666666
408,2,46,0.9090909090909092,0.9090909090909092,9,0.9090909090909092,9,0.9090909090909092,14,0.9090909090909092,14,0.9090909090909092,11,0.9090909090909092,43,0.9090909090909092,10,0.9090909090909092,26,0.9183673469387755,125,0.9183673469387755,253,0.9090909090909092,121,0.9090909090909092,153,0.9199999999999999,139,0.9199999999999999,249,0.8979591836734695,124,0.9090909090909092,235,0.8979591836734695,649,0.8979591836734695,1260,0.9090909090909092,598,0.8541666666666667,1082,0.8979591836734695,681,0.8979591836734695,1131,0.8910891089108911,656,0.9072164948453608,1242,0.8775510204081634,1251,0.8085106382978724,2336,0.875,1245,0.8043478260869565,2153,0.9400000000000001,1288,0.9199999999999999,2252,0.875,1250,0.875,2130,0.875,3130,0.8421052631578947,5389,0.8484848484848485,3073,0.8571428571428572,5488,0.851063829787234,3101,0.7826086956521738,5163,0.9,3133,0.8085106382978724,5238,0.769230769230769,6347,0.7058823529411765,9241,0.8172043010752688,6241,0.6818181818181818,9085,0.7956989247311829,6238,0.7272727272727272,9190,0.7956989247311829,6310,0.7640449438202246,9327,0.7126436781609194,9452,0.7126436781609194,11635,0.6976744186046512,9385,0.6904761904761905,11590,0.7058823529411765,9514,0.6987951807228916,11664,0.7126436781609194,9415,0.6904761904761905,11678,0.7058823529411765,11298,0.6987951807228916,12378,0.6987951807228916,11287,0.7073170731707317,12377,0.696629213483146,11336,0.7073170731707317,12432,0.6904761904761905,11367,0.6987951807228916,12370,0.6987951807228916,30,0.6987951807228916
409,2,43,0.875,0.875,12,0.875,44,0.875,15,0.8775510204081634,47,0.875,16,0.875,32,0.875,10,0.875,10,0.88659793814433,126,0.8775510204081634,349,0.875,135,0.875,215,0.875,121,0.865979381443299,264,0.88659793814433,124,0.88659793814433,267,0.8421052631578947,637,0.8723404255319149,1190,0.88659793814433,633,0.875,1119,0.8686868686868686,620,0.8686868686868686,1103,0.863157894736842,621,0.863157894736842,1156,0.9072164948453608,1269,0.8958333333333334,2458,0.88,1283,0.8282828282828283,2571,0.8775510204081634,1295,0.8387096774193549,2546,0.8453608247422681,1304,0.8484848484848485,2331,0.863157894736842,3156,0.8260869565217391,5428,0.851063829787234,3152,0.8085106382978724,5358,0.8602150537634409,3160,0.8351648351648352,5363,0.8210526315789474,3142,0.8041237113402062,5288,0.7640449438202246,6296,0.7126436781609194,9111,0.7526881720430108,6270,0.735632183908046,9233,0.7391304347826088,6321,0.7126436781609194,9271,0.8387096774193549,6261,0.7311827956989247,9186,0.7126436781609194,9405,0.7126436781609194,11648,0.7391304347826088,9434,0.6904761904761905,11631,0.7391304347826088,9463,0.6904761904761905,11678,0.7252747252747254,9452,0.6904761904761905,11552,0.6904761904761905,11296,0.6904761904761905,12391,0.7142857142857144,11368,0.7209302325581395,12361,0.7058823529411765,11326,0.7058823529411765,12354,0.696629213483146,11331,0.6904761904761905,12373,0.6904761904761905,31,0.6823529411764705
410,2,45,0.9278350515463918,0.9278350515463918,21,0.9278350515463918,21,0.9278350515463918,18,0.9278350515463918,18,0.9387755102040816,22,0.9387755102040816,22,0.9387755102040816,17,0.9387755102040816,17,0.9278350515463918,109,0.9278350515463918,157,0.9278350515463918,139,0.9278350515463918,264,0.9166666666666666,121,0.9292929292929293,232,0.9278350515463918,127,0.9400000000000001,222,0.9387755102040816,646,0.9278350515463918,1437,0.9278350515463918,629,0.8775510204081632,1246,0.9072164948453608,649,0.9072164948453608,1188,0.8775510204081632,650,0.88659793814433,1138,0.9166666666666666,1297,0.8478260869565216,2403,0.9090909090909091,1260,0.8686868686868686,2337,0.8958333333333334,1246,0.88659793814433,2182,0.9199999999999999,1254,0.7826086956521738,2406,0.8979591836734695,3148,0.8043478260869567,5351,0.8695652173913044,3138,0.8351648351648352,5398,0.8085106382978723,3142,0.7472527472527474,5506,0.8041237113402062,3113,0.7526881720430108,5441,0.7640449438202248,6242,0.738095238095238,9131,0.8351648351648352,6298,0.7954545454545455,9172,0.8085106382978723,6347,0.7674418604651162,9408,0.7816091954022988,6291,0.738095238095238,9407,0.7777777777777778,9426,0.738095238095238,11581,0.75,9457,0.744186046511628,11584,0.7727272727272727,9424,0.7586206896551724,11687,0.7777777777777778,9420,0.7294117647058823,11616,0.738095238095238,11313,0.738095238095238,12379,0.738095238095238,11310,0.738095238095238,12412,0.7209302325581395,11292,0.738095238095238,12377,0.7529411764705882,11309,0.738095238095238,12373,0.738095238095238,32,0.738095238095238
411,2,46,0.9183673469387755,0.9183673469387755,8,0.9183673469387755,24,0.9183673469387755,11,0.9183673469387755,11,0.9183673469387755,18,0.9183673469387755,18,0.9072164948453608,8,0.9072164948453608,8,0.9183673469387755,128,0.9183673469387755,240,0.8958333333333334,124,0.88659793814433,219,0.9183673469387755,135,0.9183673469387755,373,0.9183673469387755,115,0.9183673469387755,194,0.9292929292929293,680,0.9292929292929293,1401,0.9183673469387755,622,0.9183673469387755,983,0.8979591836734695,653,0.8888888888888888,1227,0.9292929292929293,613,0.7954545454545455,1098,0.8888888888888888,1244,0.8888888888888888,2162,0.8571428571428571,1251,0.8260869565217392,2123,0.9494949494949495,1312,0.8478260869565216,2350,0.9278350515463918,1294,0.9183673469387755,2350,0.8510638297872339,3058,0.7777777777777778,5186,0.9183673469387755,3192,0.7865168539325843,5401,0.88659793814433,3221,0.8478260869565216,5399,0.8387096774193549,3059,0.8541666666666667,5072,0.744186046511628,6347,0.7058823529411764,9293,0.8541666666666667,6354,0.738095238095238,9444,0.8131868131868132,6265,0.7058823529411764,9278,0.8172043010752689,6352,0.6823529411764707,9319,0.7356321839080461,9444,0.7058823529411764,11690,0.7294117647058823,9428,0.7142857142857143,11631,0.7209302325581395,9470,0.7294117647058823,11701,0.7356321839080461,9403,0.7142857142857143,11618,0.744186046511628,11359,0.7142857142857143,12388,0.7142857142857143,11326,0.7142857142857143,12411,0.7356321839080461,11313,0.7142857142857143,12390,0.7142857142857143,11334,0.7142857142857143,12414,0.7142857142857143,32,0.6987951807228916
412,2,43,0.9052631578947368,0.9052631578947368,12,0.9052631578947368,12,0.9052631578947368,10,0.9052631578947368,26,0.9052631578947368,17,0.9052631578947368,17,0.9052631578947368,13,0.9052631578947368,29,0.9052631578947368,121,0.9052631578947368,185,0.88659793814433,119,0.8979591836734695,261,0.8958333333333334,125,0.8510638297872339,253,0.9052631578947368,131,0.9052631578947368,274,0.8958333333333334,625,0.9,1219,0.8775510204081632,618,0.8775510204081632,1121,0.8799999999999999,613,0.8387096774193549,1121,0.8979591836734695,606,0.8775510204081632,1029,0.9072164948453608,1251,0.8979591836734695,2392,0.8541666666666667,1245,0.8421052631578948,2226,0.860215053763441,1280,0.7999999999999999,2369,0.8799999999999999,1213,0.9108910891089108,2214,0.8775510204081632,3218,0.8333333333333333,5474,0.8478260869565216,3194,0.8172043010752689,5606,0.86,3122,0.8163265306122449,5275,0.7777777777777778,3144,0.6818181818181818,5238,0.8297872340425532,6251,0.6987951807228916,9174,0.7777777777777778,6200,0.7865168539325843,8913,0.7865168539325843,6284,0.7209302325581395,9122,0.7865168539325843,6237,0.7058823529411764,9327,0.7356321839080461,9451,0.7142857142857143,11649,0.744186046511628,9383,0.7142857142857143,11732,0.6987951807228916,9446,0.6987951807228916,11751,0.6666666666666667,9439,0.6823529411764707,11586,0.6987951807228916,11294,0.6987951807228916,12394,0.6904761904761905,11312,0.6987951807228916,12351,0.6904761904761905,11274,0.6987951807228916,12385,0.6904761904761905,11308,0.6987951807228916,12394,0.6987951807228916,31,0.6987951807228916
413,2,43,0.8958333333333334,0.8958333333333334,8,0.8958333333333334,8,0.8958333333333334,11,0.8958333333333334,11,0.8958333333333334,14,0.8958333333333334,14,0.8958333333333334,16,0.8958333333333334,16,0.8979591836734695,142,0.8979591836734695,267,0.88,127,0.88,316,0.88,142,0.8712871287128713,348,0.8979591836734695,137,0.88659793814433,248,0.9,599,0.8910891089108911,1078,0.9072164948453608,636,0.8541666666666667,1120,0.8686868686868686,630,0.8163265306122449,1321,0.863157894736842,611,0.8387096774193549,1146,0.863157894736842,1232,0.7555555555555555,2050,0.8421052631578947,1212,0.7555555555555555,2388,0.865979381443299,1329,0.8484848484848485,2571,0.8421052631578947,1247,0.7912087912087911,2257,0.8124999999999999,3109,0.7659574468085106,5466,0.7640449438202246,3056,0.7500000000000001,5124,0.7826086956521738,3005,0.7368421052631579,5542,0.7872340425531914,3042,0.8043478260869565,5169,0.7045454545454545,6282,0.6823529411764705,9412,0.7499999999999999,6297,0.6588235294117648,9328,0.7346938775510203,6269,0.6736842105263159,9189,0.7741935483870968,6315,0.6818181818181818,9022,0.7272727272727272,9471,0.6363636363636364,11673,0.6666666666666666,9433,0.6588235294117648,11661,0.6881720430107526,9389,0.6428571428571428,11563,0.6744186046511628,9484,0.6588235294117648,11684,0.6744186046511628,11317,0.6588235294117648,12366,0.6744186046511628,11319,0.6588235294117648,12370,0.696629213483146,11282,0.6588235294117648,12351,0.6818181818181818,11295,0.6588235294117648,12345,0.6588235294117648,32,0.6588235294117648
414,2,45,0.8958333333333333,0.8958333333333333,7,0.8958333333333333,23,0.8958333333333333,12,0.8695652173913043,60,0.8958333333333333,10,0.8958333333333333,10,0.8958333333333333,8,0.8958333333333333,8,0.8958333333333333,135,0.8958333333333333,279,0.8979591836734694,135,0.8979591836734694,342,0.8958333333333333,136,0.8842105263157896,248,0.8958333333333333,124,0.8865979381443299,283,0.8958333333333333,638,0.8478260869565216,1299,0.8571428571428571,656,0.8958333333333333,1280,0.9072164948453608,612,0.8749999999999999,1314,0.8817204301075269,579,0.8817204301075269,1132,0.9052631578947369,1263,0.8817204301075269,2636,0.8089887640449439,1279,0.8478260869565216,2311,0.8865979381443299,1227,0.8131868131868133,2168,0.865979381443299,1195,0.888888888888889,2176,0.8842105263157896,3139,0.8749999999999999,5465,0.8749999999999999,3146,0.7816091954022987,5384,0.857142857142857,3088,0.8351648351648352,5146,0.7954545454545455,3137,0.7954545454545455,5313,0.7586206896551724,6323,0.7816091954022987,9095,0.7294117647058823,6243,0.761904761904762,9218,0.8210526315789474,6288,0.7529411764705882,9330,0.7674418604651163,6201,0.7674418604651163,9128,0.738095238095238,9414,0.7317073170731707,11600,0.7640449438202247,9422,0.7816091954022987,11715,0.8045977011494253,9477,0.7560975609756097,11718,0.7529411764705882,9417,0.761904761904762,11612,0.738095238095238,11283,0.761904761904762,12371,0.7469879518072288,11309,0.7469879518072288,12351,0.761904761904762,11280,0.761904761904762,12379,0.7469879518072288,11285,0.7906976744186046,12397,0.761904761904762,33,0.6913580246913581
415,2,43,0.9148936170212766,0.9148936170212766,13,0.9148936170212766,13,0.9148936170212766,13,0.9148936170212766,29,0.9148936170212766,11,0.9148936170212766,27,0.9148936170212766,15,0.9148936170212766,31,0.9148936170212766,116,0.9263157894736842,257,0.9148936170212766,117,0.9148936170212766,260,0.9148936170212766,121,0.9148936170212766,215,0.9148936170212766,132,0.9148936170212766,274,0.9032258064516129,623,0.9032258064516129,1267,0.9166666666666665,669,0.851063829787234,1196,0.9148936170212766,674,0.8817204301075269,1326,0.9263157894736842,659,0.9263157894736842,1263,0.8842105263157896,1199,0.8723404255319148,2357,0.9032258064516129,1215,0.9148936170212766,2247,0.8817204301075269,1224,0.7912087912087913,2459,0.9032258064516129,1269,0.8936170212765957,2507,0.8181818181818183,3086,0.7441860465116279,5272,0.8333333333333334,3187,0.8125,5223,0.8297872340425532,3141,0.7441860465116279,5416,0.9263157894736842,3179,0.8723404255319148,5275,0.8222222222222223,6326,0.7674418604651163,9261,0.8045977011494253,6182,0.7441860465116279,9181,0.8131868131868133,6235,0.7640449438202247,9228,0.8131868131868133,6244,0.7764705882352942,9198,0.7692307692307692,9483,0.7586206896551724,11726,0.7674418604651163,9463,0.7529411764705882,11642,0.738095238095238,9401,0.738095238095238,11539,0.7529411764705882,9443,0.7586206896551724,11710,0.7674418604651163,11237,0.738095238095238,12350,0.7727272727272727,11370,0.738095238095238,12418,0.7529411764705882,11335,0.7674418604651163,12393,0.738095238095238,11305,0.738095238095238,12409,0.738095238095238,33,0.7228915662650602
416,2,46,0.9387755102040816,0.9387755102040816,14,0.9387755102040816,14,0.9387755102040816,18,0.9387755102040816,18,0.9387755102040816,8,0.9387755102040816,8,0.9387755102040816,12,0.9387755102040816,28,0.9387755102040816,118,0.9387755102040816,164,0.9072164948453608,120,0.9072164948453608,294,0.9387755102040816,131,0.9494949494949495,290,0.9387755102040816,132,0.9387755102040816,305,0.9090909090909091,619,0.9090909090909091,1309,0.9090909090909091,637,0.9400000000000001,1311,0.9387755102040816,613,0.9387755102040816,1022,0.9387755102040816,622,0.9400000000000001,1018,0.9183673469387755,1277,0.9072164948453608,2230,0.8842105263157894,1260,0.8842105263157894,2302,0.9199999999999999,1286,0.8979591836734695,2423,0.9072164948453608,1243,0.875,2200,0.8297872340425532,3110,0.7872340425531914,5040,0.8089887640449438,3149,0.7073170731707317,5475,0.8444444444444443,3129,0.7912087912087913,5039,0.8387096774193549,3161,0.7727272727272727,5322,0.7472527472527474,6256,0.7142857142857143,9215,0.8,6266,0.7999999999999999,8939,0.7272727272727274,6355,0.7356321839080461,9242,0.7826086956521738,6360,0.6976744186046512,9246,0.7126436781609196,9408,0.7356321839080461,11576,0.7356321839080461,9430,0.7209302325581395,11684,0.7912087912087913,9458,0.7356321839080461,11757,0.7142857142857143,9406,0.7126436781609196,11506,0.744186046511628,11340,0.7294117647058823,12360,0.7356321839080461,11343,0.7294117647058823,12375,0.744186046511628,11276,0.7294117647058823,12342,0.7415730337078652,11320,0.7294117647058823,12391,0.7294117647058823,33,0.7142857142857143
417,2,48,0.9400000000000001,0.9400000000000001,7,0.9400000000000001,39,0.9400000000000001,17,0.9400000000000001,33,0.9400000000000001,17,0.9400000000000001,33,0.9199999999999999,22,0.9199999999999999,38,0.9400000000000001,134,0.9072164948453608,230,0.9400000000000001,127,0.9400000000000001,222,0.9400000000000001,134,0.9400000000000001,277,0.9400000000000001,125,0.9400000000000001,205,0.9387755102040816,593,0.9090909090909091,1159,0.9072164948453608,627,0.8631578947368421,1091,0.9292929292929293,639,0.9292929292929293,1185,0.9400000000000001,627,0.9199999999999999,1174,0.9278350515463918,1254,0.88659793814433,2438,0.9292929292929293,1243,0.875,2447,0.9278350515463918,1270,0.9292929292929293,2388,0.9400000000000001,1291,0.9400000000000001,2365,0.9,3180,0.7472527472527474,5322,0.88659793814433,3134,0.8089887640449438,5707,0.8478260869565216,3089,0.8089887640449438,5332,0.9090909090909091,3152,0.845360824742268,5273,0.8172043010752689,6243,0.7912087912087913,9339,0.8043478260869567,6276,0.7058823529411764,9027,0.8631578947368421,6259,0.7872340425531914,9372,0.7586206896551724,6387,0.7640449438202248,9306,0.75,9438,0.7209302325581395,11626,0.7640449438202248,9422,0.75,11772,0.8421052631578948,9454,0.7356321839080461,11614,0.7126436781609196,9419,0.7209302325581395,11725,0.7356321839080461,11251,0.7356321839080461,12367,0.7191011235955056,11362,0.7356321839080461,12377,0.7126436781609196,11315,0.7356321839080461,12386,0.7865168539325843,11300,0.7356321839080461,12391,0.7356321839080461,35,0.7209302325581395
418,2,44,0.9052631578947369,0.9052631578947369,9,0.9052631578947369,9,0.9052631578947369,13,0.9052631578947369,13,0.9052631578947369,13,0.9052631578947369,61,0.9052631578947369,12,0.9052631578947369,12,0.9263157894736842,122,0.9263157894736842,248,0.9052631578947369,145,0.9052631578947369,401,0.9052631578947369,130,0.9052631578947369,304,0.9052631578947369,116,0.9052631578947369,179,0.8842105263157896,641,0.8842105263157896,1379,0.9166666666666665,638,0.9166666666666665,1179,0.9263157894736842,641,0.9263157894736842,1334,0.9166666666666665,652,0.8723404255319148,1286,0.9375,1269,0.9375,2403,0.9052631578947369,1293,0.9052631578947369,2236,0.9166666666666665,1250,0.8351648351648352,2372,0.9148936170212766,1205,0.9052631578947369,2282,0.8842105263157896,3198,0.8602150537634408,5454,0.8541666666666666,3126,0.7764705882352942,5245,0.9072164948453608,3157,0.8541666666666666,5229,0.8791208791208792,3148,0.8275862068965517,5321,0.8222222222222223,6303,0.7727272727272727,9295,0.8131868131868133,6302,0.7777777777777778,9084,0.8043478260869564,6276,0.8045977011494253,8969,0.7727272727272727,6338,0.8181818181818183,9199,0.8222222222222223,9413,0.8089887640449439,11643,0.7954545454545455,9498,0.7906976744186046,11751,0.7816091954022987,9493,0.7906976744186046,11697,0.7674418604651163,9431,0.7906976744186046,11624,0.7816091954022987,11228,0.7906976744186046,12401,0.7954545454545455,11328,0.7906976744186046,12374,0.7816091954022987,11285,0.7906976744186046,12320,0.8045977011494253,11340,0.7906976744186046,12368,0.7906976744186046,35,0.7764705882352942
419,2,48,0.9199999999999999,0.9199999999999999,10,0.9199999999999999,26,0.9199999999999999,15,0.9199999999999999,15,0.9199999999999999,11,0.9199999999999999,27,0.9199999999999999,11,0.9199999999999999,27,0.9199999999999999,121,0.9199999999999999,249,0.9199999999999999,107,0.9199999999999999,251,0.9199999999999999,127,0.9306930693069307,317,0.9199999999999999,133,0.9199999999999999,180,0.9090909090909091,639,0.8631578947368421,1264,0.9090909090909091,653,0.875,1001,0.9090909090909091,646,0.8958333333333334,1355,0.9292929292929293,602,0.88659793814433,1159,0.9292929292929293,1279,0.9183673469387755,2450,0.9090909090909091,1259,0.9090909090909091,2303,0.8979591836734695,1218,0.88659793814433,2280,0.9108910891089108,1288,0.8297872340425532,2451,0.88659793814433,3141,0.8541666666666667,5195,0.8775510204081632,3128,0.7826086956521738,5174,0.8444444444444443,3151,0.8444444444444443,5537,0.8686868686868686,3180,0.875,5296,0.7865168539325843,6253,0.7586206896551724,9139,0.8172043010752689,6407,0.8181818181818181,9146,0.8260869565217392,6259,0.7608695652173914,9284,0.7999999999999999,6323,0.7555555555555555,9393,0.7356321839080461,9411,0.7674418604651162,11536,0.7816091954022988,9421,0.7586206896551724,11640,0.7912087912087913,9491,0.7586206896551724,11767,0.8043478260869567,9562,0.7586206896551724,11806,0.7865168539325843,11271,0.7586206896551724,12392,0.7674418604651162,11317,0.7586206896551724,12391,0.7727272727272727,11296,0.7586206896551724,12346,0.75,11340,0.7586206896551724,12338,0.7586206896551724,35,0.7764705882352941
420,2,48,0.9215686274509804,0.9215686274509804,8,0.9215686274509804,8,0.9215686274509804,15,0.9215686274509804,15,0.9215686274509804,16,0.9215686274509804,32,0.9215686274509804,8,0.9215686274509804,24,0.9215686274509804,130,0.9215686274509804,257,0.9215686274509804,120,0.9215686274509804,215,0.9108910891089108,127,0.9108910891089108,222,0.9108910891089108,110,0.9108910891089108,172,0.9108910891089108,623,0.9108910891089108,1148,0.9108910891089108,657,0.9108910891089108,1208,0.9306930693069307,617,0.92,1139,0.9215686274509804,622,0.9215686274509804,1256,0.8888888888888888,1306,0.8571428571428572,2316,0.8979591836734693,1219,0.8775510204081632,2408,0.9,1221,0.8979591836734693,2235,0.8910891089108911,1203,0.8686868686868687,2228,0.8599999999999999,3118,0.8333333333333334,5564,0.8823529411764706,3120,0.8155339805825242,5209,0.8541666666666667,3198,0.8,5502,0.8041237113402061,3117,0.7692307692307693,5432,0.8541666666666667,6253,0.7789473684210526,9270,0.7252747252747254,6281,0.7692307692307693,9368,0.7741935483870968,6289,0.7391304347826088,9072,0.7526881720430108,6302,0.7640449438202247,9247,0.7727272727272727,9492,0.7777777777777778,11636,0.7472527472527473,9451,0.7555555555555556,11689,0.7659574468085106,9358,0.7555555555555556,11674,0.7640449438202247,9401,0.7640449438202247,11700,0.7608695652173912,11360,0.7472527472527473,12329,0.7472527472527473,11305,0.7640449438202247,12313,0.7912087912087912,11315,0.7912087912087912,12397,0.7777777777777778,11323,0.7640449438202247,12362,0.7640449438202247,35,0.7499999999999999
421,2,48,0.9411764705882353,0.9411764705882353,9,0.9411764705882353,9,0.9411764705882353,11,0.9411764705882353,27,0.9411764705882353,12,0.9411764705882353,44,0.9411764705882353,13,0.9411764705882353,13,0.9411764705882353,127,0.9411764705882353,207,0.9411764705882353,121,0.9411764705882353,201,0.9411764705882353,168,0.9514563106796117,310,0.9411764705882353,121,0.9411764705882353,297,0.8979591836734693,629,0.8979591836734693,1272,0.8775510204081632,619,0.8775510204081632,1117,0.9108910891089108,645,0.92,1236,0.92,635,0.92,1011,0.8979591836734693,1274,0.8659793814432991,2263,0.9108910891089108,1233,0.8172043010752689,2337,0.9215686274509804,1230,0.9108910891089108,2189,0.92,1240,0.9108910891089108,2273,0.9423076923076924,3159,0.8431372549019608,5341,0.8571428571428572,3183,0.845360824742268,5171,0.8775510204081632,3130,0.8775510204081632,5253,0.9019607843137256,3106,0.8541666666666667,5010,0.7777777777777778,6310,0.7472527472527473,9035,0.7912087912087912,6233,0.7727272727272727,9368,0.8421052631578947,6185,0.7777777777777778,9072,0.8659793814432991,6294,0.7472527472527473,9335,0.8043478260869565,9507,0.7555555555555556,11730,0.8043478260869565,9317,0.782608695652174,11462,0.7777777777777778,9424,0.7555555555555556,11583,0.8043478260869565,9429,0.7912087912087912,11588,0.7555555555555556,11301,0.7472527472527473,12355,0.7555555555555556,11302,0.7608695652173912,12380,0.7472527472527473,11265,0.7472527472527473,12389,0.7912087912087912,11348,0.7472527472527473,12397,0.7472527472527473,37,0.7333333333333334
422,2,47,0.9306930693069307,0.9306930693069307,12,0.9306930693069307,12,0.9306930693069307,10,0.9306930693069307,10,0.9306930693069307,7,0.9306930693069307,7,0.9306930693069307,12,0.9306930693069307,12,0.9306930693069307,124,0.9306930693069307,267,0.9306930693069307,131,0.9306930693069307,195,0.9306930693069307,143,0.9306930693069307,238,0.92,124,0.92,186,0.9306930693069307,667,0.9306930693069307,1325,0.9306930693069307,604,0.9215686274509804,1065,0.9090909090909091,631,0.8888888888888888,1207,0.8910891089108911,621,0.8910891089108911,1447,0.9090909090909091,1254,0.8631578947368421,2196,0.8979591836734693,1278,0.8775510204081632,2567,0.8686868686868687,1315,0.8800000000000001,2300,0.92,1247,0.9090909090909091,1920,0.8172043010752689,3107,0.8297872340425532,5275,0.836734693877551,3106,0.7916666666666667,5634,0.9306930693069307,3090,0.8297872340425532,5542,0.8910891089108911,3225,0.9,5769,0.8043478260869565,6245,0.7499999999999999,9370,0.8775510204081632,6211,0.782608695652174,9258,0.8571428571428572,6195,0.7555555555555556,8986,0.8297872340425532,6264,0.8,9361,0.8888888888888888,9505,0.7499999999999999,11589,0.7912087912087912,9433,0.782608695652174,11609,0.7640449438202247,9355,0.7640449438202247,11483,0.8043478260869565,9466,0.7777777777777778,11671,0.7777777777777778,11338,0.7499999999999999,12412,0.7727272727272727,11246,0.7499999999999999,12401,0.7415730337078652,11362,0.7499999999999999,12381,0.7692307692307693,11272,0.7499999999999999,12428,0.7499999999999999,34,0.7441860465116279
423,2,49,0.9514563106796117,0.9514563106796117,15,0.9514563106796117,31,0.9514563106796117,10,0.9514563106796117,42,0.9514563106796117,13,0.9514563106796117,13,0.9514563106796117,15,0.9514563106796117,15,0.9514563106796117,115,0.9108910891089108,211,0.9514563106796117,139,0.9514563106796117,313,0.9514563106796117,122,0.9514563106796117,296,0.9514563106796117,131,0.9514563106796117,275,0.9514563106796117,623,0.9514563106796117,1123,0.9514563106796117,635,0.8775510204081632,1286,0.9306930693069307,614,0.9108910891089108,1188,0.8846153846153846,616,0.8932038834951458,1055,0.9514563106796117,1280,0.8571428571428572,2349,0.9019607843137256,1257,0.8775510204081632,2296,0.9423076923076924,1275,0.9423076923076924,2382,0.8686868686868687,1222,0.8823529411764706,2169,0.9411764705882353,3094,0.8125000000000001,5329,0.8979591836734693,3096,0.8421052631578947,5208,0.8865979381443299,3143,0.8541666666666667,5408,0.8541666666666667,3209,0.7789473684210526,5381,0.8247422680412371,6234,0.8125000000000001,9421,0.8247422680412371,6389,0.8210526315789473,9258,0.8125000000000001,6333,0.8041237113402061,9377,0.8125000000000001,6285,0.7777777777777778,9314,0.8387096774193548,9375,0.8131868131868133,11587,0.7865168539325843,9370,0.7865168539325843,11555,0.7608695652173912,9441,0.7912087912087912,11667,0.8131868131868133,9390,0.7865168539325843,11598,0.7865168539325843,11306,0.7865168539325843,12364,0.7916666666666667,11247,0.7912087912087912,12372,0.7865168539325843,11347,0.7865168539325843,12408,0.8085106382978724,11326,0.7912087912087912,12408,0.7865168539325843,35,0.7586206896551725
424,2,47,0.9199999999999999,0.9199999999999999,12,0.9199999999999999,28,0.9199999999999999,15,0.9199999999999999,15,0.9199999999999999,9,0.9199999999999999,9,0.9199999999999999,13,0.9199999999999999,45,0.9199999999999999,132,0.9199999999999999,225,0.9199999999999999,126,0.9199999999999999,158,0.9199999999999999,134,0.9199999999999999,228,0.9199999999999999,115,0.9199999999999999,146,0.9199999999999999,606,0.9199999999999999,1257,0.9199999999999999,636,0.8571428571428572,1215,0.9090909090909092,705,0.88,1245,0.9199999999999999,621,0.9199999999999999,1216,0.9090909090909092,1217,0.8260869565217391,2385,0.9199999999999999,1221,0.8172043010752688,2394,0.9199999999999999,1216,0.8541666666666667,2294,0.9199999999999999,1275,0.9199999999999999,2328,0.7872340425531914,3151,0.7608695652173912,5571,0.888888888888889,3102,0.8367346938775511,5487,0.888888888888889,3082,0.8823529411764707,5271,0.8775510204081634,3154,0.7777777777777778,5332,0.7755102040816326,6290,0.769230769230769,9398,0.8,6222,0.7415730337078651,9275,0.8124999999999999,6234,0.8541666666666667,9156,0.8571428571428572,6407,0.7216494845360825,9461,0.8131868131868132,9425,0.769230769230769,11564,0.7912087912087911,9531,0.7777777777777778,11703,0.723404255319149,9471,0.769230769230769,11639,0.8387096774193549,9325,0.7777777777777778,11564,0.7777777777777778,11350,0.7777777777777778,12406,0.7826086956521738,11298,0.7777777777777778,12332,0.7912087912087911,11292,0.7777777777777778,12360,0.7826086956521738,11293,0.7777777777777778,12399,0.7777777777777778,37,0.7777777777777778
425,2,47,0.9387755102040817,0.9387755102040817,16,0.9387755102040817,16,0.9387755102040817,10,0.9387755102040817,10,0.9387755102040817,15,0.9387755102040817,47,0.9387755102040817,12,0.9387755102040817,28,0.9387755102040817,99,0.9387755102040817,211,0.9387755102040817,122,0.9387755102040817,309,0.9387755102040817,128,0.9387755102040817,176,0.9387755102040817,136,0.9387755102040817,295,0.9387755102040817,578,0.9183673469387754,1113,0.8817204301075269,611,0.8478260869565216,1059,0.9484536082474228,616,0.9375,1198,0.9484536082474228,625,0.9484536082474228,1104,0.9052631578947369,1264,0.8865979381443299,2344,0.9166666666666665,1238,0.9148936170212766,2235,0.8842105263157896,1287,0.8314606741573034,2308,0.9278350515463919,1251,0.8791208791208792,2352,0.9166666666666665,3184,0.8749999999999999,5493,0.8695652173913043,3181,0.8045977011494253,5412,0.9052631578947369,3058,0.8958333333333333,5433,0.9052631578947369,3136,0.9263157894736842,5315,0.8695652173913043,6281,0.8181818181818183,9517,0.8333333333333334,6221,0.8000000000000002,9307,0.7954545454545455,6291,0.8000000000000002,9231,0.8444444444444443,6349,0.8275862068965517,9394,0.8131868131868133,9412,0.8275862068965517,11588,0.8539325842696629,9465,0.8409090909090908,11645,0.8181818181818183,9367,0.8181818181818183,11667,0.8181818181818183,9434,0.8275862068965517,11628,0.8181818181818183,11314,0.8275862068965517,12377,0.8181818181818183,11324,0.8275862068965517,12382,0.8181818181818183,11313,0.8275862068965517,12374,0.8275862068965517,11280,0.8275862068965517,12366,0.8275862068965517,36,0.813953488372093
426,2,44,0.9052631578947369,0.9052631578947369,14,0.9052631578947369,30,0.9052631578947369,20,0.9052631578947369,20,0.9052631578947369,6,0.9052631578947369,22,0.9052631578947369,12,0.9052631578947369,12,0.9052631578947369,146,0.9052631578947369,288,0.9052631578947369,112,0.9052631578947369,240,0.9052631578947369,131,0.9052631578947369,227,0.9052631578947369,136,0.9052631578947369,216,0.9052631578947369,585,0.8958333333333333,990,0.8958333333333333,620,0.8958333333333333,1057,0.9052631578947369,592,0.9052631578947369,1000,0.8817204301075269,620,0.8936170212765957,1199,0.8958333333333333,1233,0.8958333333333333,2231,0.9052631578947369,1283,0.9052631578947369,2295,0.9052631578947369,1293,0.8602150537634408,2407,0.8695652173913043,1251,0.8387096774193549,2363,0.8958333333333333,3214,0.8842105263157896,5395,0.8749999999999999,3165,0.8409090909090908,5867,0.9052631578947369,3163,0.8791208791208792,5400,0.8131868131868133,3043,0.8387096774193549,5177,0.8791208791208792,6332,0.8666666666666666,9241,0.8842105263157896,6313,0.8791208791208792,9287,0.8275862068965517,6277,0.8791208791208792,9167,0.8089887640449439,6261,0.8222222222222223,9231,0.9052631578947369,9371,0.8539325842696629,11680,0.8539325842696629,9345,0.8539325842696629,11663,0.8936170212765957,9347,0.8444444444444443,11557,0.8842105263157896,9486,0.8444444444444443,11651,0.8444444444444443,11297,0.8444444444444443,12329,0.8444444444444443,11315,0.8444444444444443,12373,0.8444444444444443,11323,0.8444444444444443,12401,0.8444444444444443,11260,0.8444444444444443,12332,0.8444444444444443,39,0.8181818181818183
427,2,46,0.9090909090909092,0.9,14,0.9,14,0.9,15,0.9,47,0.9090909090909092,15,0.9090909090909092,15,0.9090909090909092,14,0.9090909090909092,30,0.9090909090909092,130,0.9090909090909092,257,0.9,120,0.9,216,0.9090909090909092,127,0.9090909090909092,253,0.9090909090909092,128,0.9090909090909092,238,0.9,605,0.9,1199,0.888888888888889,627,0.865979381443299,1205,0.9199999999999999,647,0.8979591836734695,1111,0.9,651,0.9019607843137256,1160,0.88659793814433,1246,0.865979381443299,2436,0.8910891089108911,1275,0.88659793814433,2225,0.8979591836734695,1249,0.8979591836734695,2551,0.9215686274509803,1235,0.8571428571428572,2283,0.888888888888889,3074,0.8453608247422681,5335,0.888888888888889,3147,0.8686868686868686,5411,0.88659793814433,3150,0.875,5235,0.9090909090909092,3247,0.9,5738,0.8172043010752688,6282,0.8297872340425531,9167,0.863157894736842,6224,0.8043478260869565,9136,0.8333333333333334,6356,0.851063829787234,9408,0.865979381443299,6280,0.8387096774193549,9284,0.8260869565217391,9409,0.8131868131868132,11615,0.7912087912087911,9457,0.8043478260869565,11630,0.8131868131868132,9435,0.8172043010752688,11701,0.8387096774193549,9451,0.8172043010752688,11715,0.8297872340425531,11262,0.8172043010752688,12331,0.8247422680412373,11322,0.8172043010752688,12368,0.8260869565217391,11326,0.8172043010752688,12367,0.8172043010752688,11335,0.8172043010752688,12355,0.8172043010752688,40,0.8131868131868132
428,2,48,0.9504950495049505,0.9411764705882353,18,0.9411764705882353,18,0.9504950495049505,6,0.9504950495049505,6,0.9504950495049505,15,0.9504950495049505,15,0.9504950495049505,11,0.9504950495049505,27,0.9504950495049505,115,0.9504950495049505,162,0.9607843137254902,123,0.9514563106796116,235,0.9504950495049505,129,0.9504950495049505,288,0.9411764705882353,114,0.9411764705882353,193,0.9292929292929293,672,0.9400000000000001,1301,0.9306930693069307,614,0.9090909090909092,1028,0.9306930693069307,616,0.888888888888889,1042,0.9514563106796116,645,0.9400000000000001,1410,0.9199999999999999,1230,0.9504950495049505,2261,0.9607843137254902,1287,0.9090909090909092,2443,0.8958333333333334,1301,0.88659793814433,2207,0.8686868686868686,1298,0.8979591836734695,2430,0.8958333333333334,3152,0.875,5168,0.9,3108,0.851063829787234,5541,0.9199999999999999,3146,0.8958333333333334,5449,0.888888888888889,3099,0.8979591836734695,5134,0.9504950495049505,6272,0.88659793814433,9241,0.9090909090909092,6318,0.8387096774193549,9228,0.8842105263157896,6303,0.8387096774193549,9319,0.8541666666666667,6341,0.8602150537634409,9162,0.8453608247422681,9432,0.8333333333333334,11775,0.8478260869565216,9444,0.8172043010752688,11692,0.8351648351648352,9339,0.8260869565217391,11572,0.9072164948453608,9390,0.8602150537634409,11627,0.8351648351648352,11315,0.8260869565217391,12371,0.8351648351648352,11343,0.8260869565217391,12380,0.8260869565217391,11353,0.8260869565217391,12414,0.8387096774193549,11281,0.8260869565217391,12368,0.8260869565217391,39,0.8131868131868132
429,2,48,0.9306930693069307,0.9306930693069307,15,0.9306930693069307,31,0.9306930693069307,10,0.9306930693069307,26,0.9306930693069307,17,0.9306930693069307,33,0.9306930693069307,7,0.9306930693069307,7,0.9306930693069307,130,0.9306930693069307,258,0.9306930693069307,116,0.9306930693069307,244,0.9306930693069307,115,0.9306930693069307,177,0.9306930693069307,108,0.9306930693069307,267,0.9306930693069307,635,0.9306930693069307,1276,0.9199999999999999,625,0.9306930693069307,1096,0.9306930693069307,623,0.9306930693069307,1091,0.9306930693069307,558,0.9306930693069307,1142,0.9292929292929293,1258,0.9183673469387755,2623,0.9072164948453608,1251,0.8842105263157896,2237,0.9306930693069307,1244,0.9306930693069307,2318,0.8842105263157896,1200,0.863157894736842,2272,0.910891089108911,3170,0.9199999999999999,5597,0.8979591836734695,3189,0.9072164948453608,5371,0.888888888888889,3159,0.8541666666666667,5563,0.88659793814433,3154,0.863157894736842,5582,0.8478260869565216,6251,0.8351648351648352,9302,0.8775510204081634,6348,0.8723404255319149,9348,0.9072164948453608,6267,0.8297872340425531,9207,0.8571428571428572,6281,0.8260869565217391,9260,0.8478260869565216,9368,0.8478260869565216,11549,0.8723404255319149,9465,0.8351648351648352,11737,0.8351648351648352,9356,0.8478260869565216,11665,0.88659793814433,9468,0.851063829787234,11686,0.8387096774193549,11296,0.8478260869565216,12383,0.8602150537634409,11343,0.8478260869565216,12399,0.8723404255319149,11341,0.8478260869565216,12363,0.8222222222222222,11299,0.8478260869565216,12409,0.8478260869565216,39,0.8222222222222222
430,2,47,0.9306930693069307,0.9306930693069307,7,0.9306930693069307,7,0.9306930693069307,13,0.9306930693069307,13,0.9306930693069307,18,0.9306930693069307,50,0.9306930693069307,14,0.9306930693069307,30,0.92,119,0.92,214,0.9306930693069307,120,0.9306930693069307,279,0.92,115,0.92,226,0.9306930693069307,107,0.9306930693069307,200,0.9215686274509804,654,0.9,1270,0.9411764705882353,615,0.9090909090909091,1308,0.9306930693069307,657,0.9,1359,0.92,641,0.92,1246,0.92,1290,0.8800000000000001,2493,0.9108910891089108,1198,0.8712871287128713,2207,0.9,1275,0.8775510204081632,2322,0.92,1240,0.8514851485148516,2511,0.8865979381443299,3066,0.8000000000000002,5406,0.8750000000000001,3129,0.8659793814432991,5284,0.8282828282828282,3146,0.851063829787234,5533,0.8979591836734693,3101,0.8421052631578947,5243,0.8125000000000001,6263,0.7956989247311828,9324,0.7578947368421053,6260,0.7659574468085106,9228,0.8333333333333334,6292,0.8333333333333334,9178,0.8000000000000002,6347,0.8041237113402061,9147,0.8210526315789473,9404,0.8000000000000002,11618,0.7578947368421053,9389,0.7659574468085106,11704,0.8210526315789473,9330,0.7578947368421053,11529,0.8125000000000001,9439,0.7789473684210526,11723,0.7659574468085106,11250,0.7659574468085106,12364,0.7789473684210526,11307,0.7659574468085106,12369,0.8085106382978724,11308,0.7789473684210526,12383,0.7659574468085106,11276,0.7659574468085106,12382,0.7659574468085106,40,0.7555555555555556
431,2,45,0.8888888888888888,0.8888888888888888,10,0.8888888888888888,10,0.8888888888888888,18,0.8775510204081632,34,0.8888888888888888,11,0.8888888888888888,11,0.8888888888888888,19,0.8888888888888888,35,0.8888888888888888,141,0.8888888888888888,236,0.8888888888888888,125,0.8888888888888888,313,0.9,123,0.9,233,0.8888888888888888,145,0.8888888888888888,273,0.8888888888888888,599,0.845360824742268,1017,0.8888888888888888,675,0.9,1217,0.8775510204081632,631,0.8659793814432991,1091,0.8800000000000001,667,0.8800000000000001,1327,0.8775510204081632,1305,0.8775510204081632,2511,0.8800000000000001,1259,0.8800000000000001,2320,0.9,1230,0.8541666666666667,2462,0.9,1277,0.8888888888888888,2295,0.9,3179,0.8659793814432991,5585,0.8823529411764706,3241,0.8514851485148516,5334,0.8541666666666667,3105,0.8888888888888888,5305,0.84,3204,0.8737864077669903,5255,0.8775510204081632,6141,0.8085106382978724,8868,0.8571428571428572,6238,0.7956989247311828,9067,0.8333333333333334,6283,0.8297872340425532,9189,0.8421052631578947,6264,0.8210526315789473,9214,0.8297872340425532,9411,0.8085106382978724,11570,0.8659793814432991,9407,0.845360824742268,11774,0.8085106382978724,9466,0.8043478260869565,11648,0.8333333333333334,9362,0.8085106382978724,11633,0.8085106382978724,11280,0.8085106382978724,12364,0.8210526315789473,11288,0.8085106382978724,12403,0.8085106382978724,11368,0.8085106382978724,12387,0.8297872340425532,11300,0.8172043010752689,12421,0.8085106382978724,40,0.782608695652174
432,2,45,0.9183673469387755,0.9183673469387755,11,0.9183673469387755,11,0.9183673469387755,14,0.9183673469387755,14,0.9183673469387755,8,0.9183673469387755,8,0.9072164948453608,19,0.9072164948453608,35,0.9183673469387755,117,0.9183673469387755,212,0.9183673469387755,160,0.9183673469387755,397,0.9183673469387755,120,0.9183673469387755,168,0.9072164948453608,130,0.9072164948453608,258,0.9183673469387755,662,0.8723404255319149,1234,0.9183673469387755,662,0.9183673469387755,1242,0.9183673469387755,674,0.9183673469387755,1240,0.9183673469387755,612,0.865979381443299,1208,0.9183673469387755,1180,0.9183673469387755,2116,0.9183673469387755,1226,0.9183673469387755,2230,0.9183673469387755,1281,0.8958333333333334,2583,0.9183673469387755,1284,0.9183673469387755,2579,0.8958333333333334,3185,0.9072164948453608,5280,0.88659793814433,3146,0.8421052631578947,5257,0.8842105263157896,3174,0.8085106382978724,5546,0.8842105263157896,3038,0.8602150537634409,5143,0.8297872340425531,6227,0.8421052631578947,8992,0.8333333333333334,6357,0.8172043010752688,9333,0.8297872340425531,6235,0.8210526315789474,9227,0.8387096774193549,6119,0.8260869565217391,9179,0.8085106382978724,9464,0.8172043010752688,11677,0.8085106382978724,9431,0.8297872340425531,11474,0.8297872340425531,9389,0.8172043010752688,11657,0.8387096774193549,9442,0.8297872340425531,11589,0.8172043010752688,11306,0.8172043010752688,12372,0.8172043010752688,11381,0.8172043010752688,12397,0.8297872340425531,11348,0.8172043010752688,12373,0.8172043010752688,11291,0.8172043010752688,12370,0.8172043010752688,40,0.7999999999999999
433,2,46,0.9583333333333334,0.9583333333333334,13,0.9583333333333334,61,0.9583333333333334,11,0.9583333333333334,27,0.9583333333333334,7,0.9583333333333334,7,0.9583333333333334,9,0.9583333333333334,41,0.9583333333333334,130,0.9583333333333334,257,0.9583333333333334,122,0.9583333333333334,264,0.9583333333333334,125,0.9583333333333334,283,0.9473684210526316,102,0.9473684210526316,262,0.9690721649484536,620,0.9583333333333334,1222,0.9583333333333334,644,0.9583333333333334,1276,0.9690721649484536,637,0.9690721649484536,1107,0.9473684210526316,632,0.9361702127659575,1097,0.9361702127659575,1256,0.9361702127659575,2227,0.9583333333333334,1264,0.9583333333333334,2514,0.924731182795699,1276,0.8791208791208791,2356,0.9473684210526316,1372,0.924731182795699,2474,0.9263157894736842,3142,0.853932584269663,5265,0.9130434782608696,3149,0.924731182795699,5464,0.9361702127659575,3128,0.8314606741573033,5105,0.9148936170212766,3183,0.8571428571428571,5453,0.8571428571428571,6344,0.8791208791208791,9399,0.853932584269663,6224,0.8181818181818181,9222,0.9148936170212766,6209,0.9032258064516129,9006,0.9052631578947369,6259,0.8791208791208791,9266,0.8444444444444444,9436,0.8181818181818181,11667,0.8314606741573033,9379,0.8181818181818181,11563,0.8636363636363636,9450,0.8181818181818181,11702,0.8275862068965518,9444,0.8275862068965518,11666,0.8181818181818181,11300,0.8181818181818181,12370,0.8181818181818181,11324,0.8181818181818181,12373,0.8181818181818181,11318,0.8181818181818181,12348,0.8181818181818181,11275,0.8181818181818181,12335,0.8181818181818181,38,0.8505747126436781
434,2,42,0.9213483146067415,0.9213483146067415,16,0.9213483146067415,32,0.9213483146067415,7,0.9213483146067415,7,0.9213483146067415,10,0.9213483146067415,10,0.9213483146067415,13,0.9213483146067415,45,0.9213483146067415,103,0.9213483146067415,182,0.9213483146067415,110,0.8433734939759036,222,0.9213483146067415,138,0.9213483146067415,264,0.9213483146067415,103,0.9213483146067415,247,0.9213483146067415,615,0.9213483146067415,1081,0.9333333333333332,654,0.945054945054945,1272,0.9213483146067415,626,0.8433734939759036,1272,0.9333333333333332,647,0.9333333333333332,1195,0.896551724137931,1226,0.896551724137931,2349,0.9213483146067415,1297,0.8837209302325582,2449,0.898876404494382,1258,0.9213483146067415,2348,0.9333333333333332,1230,0.9213483146067415,2314,0.9111111111111112,3093,0.898876404494382,5228,0.8735632183908046,3198,0.8863636363636364,5814,0.8604651162790696,3124,0.8505747126436781,5369,0.9213483146067415,3111,0.8571428571428571,5136,0.8292682926829269,6219,0.8333333333333334,9126,0.8192771084337349,6299,0.8333333333333334,9125,0.8433734939759036,6237,0.8048780487804879,9189,0.8735632183908046,6266,0.8705882352941177,9227,0.8433734939759036,9390,0.8235294117647057,11562,0.8148148148148149,9399,0.8192771084337349,11679,0.8235294117647057,9349,0.8192771084337349,11632,0.8048780487804879,9488,0.8095238095238095,11633,0.8192771084337349,11311,0.8095238095238095,12372,0.8048780487804879,11323,0.8,12374,0.8192771084337349,11365,0.8,12380,0.8333333333333334,11269,0.8,12382,0.8,38,0.7901234567901235
435,2,42,0.9545454545454545,0.9545454545454545,10,0.9545454545454545,58,0.9545454545454545,16,0.9545454545454545,16,0.9545454545454545,12,0.9545454545454545,44,0.9545454545454545,17,0.9545454545454545,49,0.9176470588235294,144,0.9176470588235294,288,0.9425287356321839,126,0.9425287356321839,270,0.9545454545454545,130,0.9302325581395349,225,0.9425287356321839,108,0.9425287356321839,139,0.9545454545454545,620,0.8941176470588235,1291,0.9302325581395349,649,0.9176470588235294,1359,0.9302325581395349,615,0.9302325581395349,1158,0.9176470588235294,610,0.9176470588235294,1112,0.9302325581395349,1342,0.9302325581395349,2681,0.9302325581395349,1298,0.9302325581395349,2483,0.9425287356321839,1261,0.878048780487805,2222,0.9302325581395349,1334,0.9047619047619047,2499,0.853658536585366,3193,0.8674698795180723,5270,0.891566265060241,3132,0.9047619047619047,5352,0.891566265060241,3172,0.878048780487805,5263,0.9176470588235294,3138,0.878048780487805,5322,0.8395061728395062,6193,0.8292682926829269,9123,0.85,6293,0.8395061728395062,9305,0.8674698795180723,6300,0.8395061728395062,9318,0.85,6314,0.8292682926829269,9273,0.8433734939759038,9336,0.8292682926829269,11584,0.853658536585366,9501,0.8292682926829269,11683,0.8433734939759038,9458,0.8292682926829269,11636,0.8148148148148148,9436,0.8292682926829269,11689,0.8292682926829269,11325,0.8292682926829269,12417,0.8433734939759038,11289,0.8292682926829269,12405,0.8292682926829269,11313,0.8292682926829269,12368,0.8148148148148148,11323,0.8292682926829269,12388,0.8292682926829269,36,0.85
436,2,40,0.963855421686747,0.963855421686747,14,0.963855421686747,62,0.963855421686747,9,0.963855421686747,9,0.963855421686747,12,0.963855421686747,44,0.963855421686747,12,0.963855421686747,12,0.963855421686747,118,0.963855421686747,310,0.963855421686747,121,0.9397590361445783,185,0.951219512195122,124,0.951219512195122,187,0.9382716049382717,129,0.8974358974358974,240,0.963855421686747,581,0.963855421686747,1084,0.963855421686747,589,0.963855421686747,1163,0.963855421686747,649,0.9249999999999999,1277,0.951219512195122,641,0.963855421686747,1232,0.951219512195122,1237,0.9113924050632911,2368,0.963855421686747,1259,0.951219512195122,2137,0.951219512195122,1189,0.9135802469135803,1973,0.9382716049382717,1262,0.951219512195122,2541,0.9382716049382717,3272,0.9249999999999999,5523,0.951219512195122,3102,0.9113924050632911,5166,0.8974358974358974,3073,0.8860759493670887,5320,0.9761904761904763,3066,0.963855421686747,5211,0.8860759493670887,6311,0.8717948717948717,9237,0.8831168831168831,6283,0.8831168831168831,9237,0.9113924050632911,6319,0.8974358974358974,9311,0.8831168831168831,6272,0.8831168831168831,9132,0.8860759493670887,9384,0.875,11566,0.8831168831168831,9474,0.8607594936708861,11683,0.8974358974358974,9398,0.8607594936708861,11795,0.8974358974358974,9400,0.875,11593,0.8607594936708861,11343,0.8607594936708861,12407,0.8607594936708861,11362,0.8607594936708861,12390,0.8717948717948717,11329,0.8607594936708861,12391,0.8860759493670887,11301,0.8607594936708861,12401,0.8607594936708861,36,0.8831168831168831
437,2,39,0.975,0.975,10,0.975,26,0.975,12,0.975,12,0.975,10,0.975,26,0.9620253164556963,14,0.975,46,0.975,146,0.975,381,0.975,118,0.975,244,0.9620253164556963,106,0.9487179487179488,185,0.975,132,0.975,212,0.9350649350649352,675,0.9350649350649352,1342,0.9620253164556963,635,0.9210526315789475,1206,0.9620253164556963,606,0.9210526315789475,1188,0.9487179487179488,676,0.9350649350649352,1363,0.9487179487179488,1303,0.9487179487179488,2492,0.9620253164556963,1250,0.9620253164556963,2080,0.975,1256,0.923076923076923,2360,0.975,1224,0.975,2116,0.9350649350649352,3136,0.9090909090909091,5242,0.9210526315789475,3223,0.8947368421052632,5381,0.9210526315789475,3138,0.9066666666666667,5227,0.8947368421052632,3071,0.8648648648648648,5192,0.9066666666666667,6292,0.8918918918918919,9211,0.8648648648648648,6247,0.8648648648648648,9280,0.8648648648648648,6341,0.9066666666666667,9161,0.9487179487179488,6303,0.8918918918918919,9153,0.9090909090909091,9426,0.8533333333333334,11670,0.8648648648648648,9410,0.8533333333333334,11678,0.9066666666666667,9469,0.8648648648648648,11674,0.9066666666666667,9378,0.8533333333333334,11661,0.8800000000000001,11263,0.8533333333333334,12355,0.8648648648648648,11290,0.8533333333333334,12357,0.8648648648648648,11326,0.8533333333333334,12361,0.8648648648648648,11370,0.8533333333333334,12379,0.8533333333333334,34,0.8648648648648648
438,2,37,0.9210526315789475,0.9210526315789475,9,0.9210526315789475,9,0.9210526315789475,15,0.9210526315789475,15,0.9210526315789475,12,0.9210526315789475,12,0.9210526315789475,11,0.9210526315789475,42,0.9210526315789475,116,0.9210526315789475,227,0.935064935064935,108,0.935064935064935,236,0.9210526315789475,123,0.9210526315789475,264,0.8918918918918919,104,0.8918918918918919,215,0.9066666666666667,638,0.8918918918918919,1194,0.9210526315789475,627,0.9230769230769231,1130,0.9210526315789475,622,0.9210526315789475,1197,0.8918918918918919,634,0.8918918918918919,1053,0.8918918918918919,1293,0.9333333333333333,2327,0.9066666666666667,1262,0.9066666666666667,2433,0.9066666666666667,1281,0.9210526315789475,2382,0.9473684210526315,1255,0.8918918918918919,2175,0.9066666666666667,3134,0.8918918918918919,5327,0.8918918918918919,3190,0.8918918918918919,5253,0.8799999999999999,3154,0.8947368421052632,5290,0.8918918918918919,3138,0.8571428571428572,5301,0.8767123287671232,6291,0.8421052631578947,9110,0.9066666666666667,6236,0.868421052631579,9099,0.8533333333333333,6240,0.8571428571428572,9030,0.8799999999999999,6205,0.8421052631578947,9161,0.8717948717948718,9335,0.8311688311688312,11633,0.8918918918918919,9435,0.8311688311688312,11734,0.8461538461538461,9368,0.8421052631578947,11665,0.8918918918918919,9359,0.8311688311688312,11634,0.8421052631578947,11311,0.8311688311688312,12410,0.8571428571428572,11283,0.8311688311688312,12375,0.8421052631578947,11309,0.8311688311688312,12367,0.8421052631578947,11269,0.8311688311688312,12373,0.8311688311688312,38,0.8767123287671232
439,2,36,0.9210526315789473,0.9210526315789473,11,0.9210526315789473,11,0.9210526315789473,5,0.9210526315789473,5,0.9210526315789473,11,0.9210526315789473,27,0.9210526315789473,10,0.9210526315789473,10,0.9210526315789473,140,0.9066666666666667,282,0.9210526315789473,134,0.9210526315789473,278,0.8974358974358975,128,0.8974358974358975,301,0.9210526315789473,123,0.9210526315789473,235,0.8918918918918919,626,0.8918918918918919,1141,0.9210526315789473,647,0.9210526315789473,1223,0.9210526315789473,622,0.9210526315789473,1147,0.9210526315789473,608,0.9210526315789473,1259,0.9066666666666667,1319,0.8918918918918919,2642,0.9210526315789473,1232,0.9210526315789473,2379,0.9066666666666667,1278,0.9066666666666667,2378,0.9210526315789473,1240,0.9210526315789473,2389,0.8918918918918919,3193,0.8918918918918919,5186,0.8767123287671234,3145,0.88,5361,0.8918918918918919,3180,0.8918918918918919,5498,0.88,3127,0.8918918918918919,5462,0.8684210526315789,6400,0.8533333333333333,9287,0.8974358974358975,6292,0.8684210526315789,9381,0.8918918918918919,6330,0.8767123287671234,9341,0.8684210526315789,6280,0.8684210526315789,9166,0.8918918918918919,9409,0.8684210526315789,11697,0.8684210526315789,9418,0.8533333333333333,11658,0.8533333333333333,9463,0.8421052631578948,11793,0.8421052631578948,9461,0.8421052631578948,11761,0.8421052631578948,11279,0.8421052631578948,12376,0.8421052631578948,11296,0.8421052631578948,12383,0.8767123287671234,11303,0.8421052631578948,12390,0.8421052631578948,11350,0.8421052631578948,12414,0.8421052631578948,36,0.8767123287671234
440,2,36,0.9600000000000001,0.9600000000000001,11,0.9600000000000001,43,0.9600000000000001,11,0.9600000000000001,43,0.9600000000000001,7,0.9600000000000001,7,0.9600000000000001,10,0.9600000000000001,10,0.9333333333333333,140,0.9333333333333333,250,0.9600000000000001,130,0.9600000000000001,209,0.9600000000000001,127,0.9600000000000001,270,0.9600000000000001,120,0.9600000000000001,294,0.9600000000000001,656,0.9736842105263158,1259,0.9600000000000001,671,0.9333333333333333,1161,0.9736842105263158,615,0.9736842105263158,1280,0.9600000000000001,654,0.9600000000000001,1447,0.9166666666666666,1285,0.9166666666666666,2738,0.9600000000000001,1286,0.945945945945946,2128,0.945945945945946,1319,0.945945945945946,2448,0.9736842105263158,1180,0.9315068493150686,2204,0.9315068493150686,3125,0.9041095890410958,5559,0.9189189189189189,3058,0.9333333333333333,5178,0.945945945945946,3156,0.9041095890410958,5516,0.9315068493150686,3156,0.9189189189189189,5297,0.9189189189189189,6277,0.9041095890410958,9182,0.9041095890410958,6330,0.9041095890410958,9482,0.945945945945946,6222,0.8888888888888888,9063,0.9333333333333333,6192,0.8888888888888888,9200,0.8888888888888888,9450,0.8888888888888888,11651,0.8888888888888888,9530,0.8888888888888888,11615,0.9166666666666666,9443,0.8888888888888888,11670,0.8888888888888888,9461,0.8888888888888888,11616,0.9041095890410958,11289,0.8888888888888888,12371,0.8888888888888888,11282,0.8888888888888888,12380,0.8888888888888888,11328,0.8888888888888888,12383,0.8888888888888888,11252,0.8888888888888888,12378,0.8888888888888888,33,0.8888888888888888
441,2,36,0.9459459459459458,0.9459459459459458,10,0.9459459459459458,26,0.9459459459459458,5,0.9459459459459458,5,0.9459459459459458,6,0.9459459459459458,22,0.9459459459459458,10,0.9459459459459458,42,0.9459459459459458,114,0.9459459459459458,226,0.9459459459459458,135,0.9459459459459458,279,0.9459459459459458,124,0.9459459459459458,218,0.9459459459459458,116,0.9459459459459458,228,0.9315068493150684,667,0.9459459459459458,1305,0.9315068493150684,606,0.9315068493150684,1246,0.9315068493150684,635,0.918918918918919,1112,0.9459459459459458,621,0.9459459459459458,1142,0.9315068493150684,1273,0.9315068493150684,2357,0.9459459459459458,1211,0.904109589041096,2445,0.9459459459459458,1238,0.9459459459459458,2286,0.918918918918919,1262,0.9459459459459458,2327,0.958904109589041,3092,0.9166666666666667,5158,0.9459459459459458,3201,0.958904109589041,5401,0.958904109589041,3158,0.958904109589041,5195,0.9295774647887324,3097,0.9295774647887324,5349,0.9166666666666667,6230,0.9166666666666667,9149,0.9014084507042254,6282,0.9166666666666667,9399,0.9166666666666667,6180,0.9166666666666667,9019,0.918918918918919,6264,0.9166666666666667,9228,0.9014084507042254,9388,0.9014084507042254,11579,0.9166666666666667,9429,0.9014084507042254,11521,0.9166666666666667,9431,0.9014084507042254,11600,0.9166666666666667,9425,0.9014084507042254,11776,0.9166666666666667,11318,0.9014084507042254,12353,0.9014084507042254,11381,0.9014084507042254,12377,0.9014084507042254,11375,0.9014084507042254,12399,0.9014084507042254,11267,0.9014084507042254,12397,0.9014084507042254,33,0.9014084507042254
442,2,34,0.9189189189189189,0.9189189189189189,16,0.9189189189189189,48,0.9189189189189189,12,0.9189189189189189,44,0.9189189189189189,8,0.9189189189189189,24,0.9189189189189189,11,0.9189189189189189,43,0.9333333333333333,127,0.9189189189189189,255,0.9189189189189189,124,0.9189189189189189,267,0.9189189189189189,120,0.9189189189189189,263,0.9189189189189189,126,0.9189189189189189,269,0.9041095890410958,640,0.9041095890410958,1070,0.9189189189189189,657,0.9189189189189189,1305,0.9041095890410958,628,0.9041095890410958,1079,0.9189189189189189,631,0.9066666666666667,1245,0.9189189189189189,1199,0.9189189189189189,2356,0.9189189189189189,1244,0.9189189189189189,2237,0.9189189189189189,1244,0.9090909090909091,2401,0.9066666666666667,1260,0.9066666666666667,2275,0.9189189189189189,3209,0.9041095890410958,5410,0.9210526315789473,3176,0.9210526315789473,5509,0.9189189189189189,3181,0.8767123287671234,5321,0.9041095890410958,3110,0.88,5416,0.8611111111111113,6322,0.8421052631578948,9174,0.8767123287671234,6232,0.8533333333333333,9264,0.9090909090909091,6286,0.8684210526315789,9007,0.9333333333333333,6308,0.8684210526315789,9408,0.8533333333333333,9501,0.8571428571428571,11660,0.8684210526315789,9381,0.8684210526315789,11678,0.8648648648648648,9332,0.8571428571428571,11572,0.8684210526315789,9501,0.8571428571428571,11682,0.8831168831168831,11300,0.8571428571428571,12367,0.8421052631578948,11301,0.8571428571428571,12380,0.8684210526315789,11330,0.8571428571428571,12384,0.8684210526315789,11274,0.8571428571428571,12401,0.8571428571428571,37,0.8918918918918919
443,2,36,0.9600000000000001,0.9600000000000001,20,0.9600000000000001,52,0.9600000000000001,12,0.9600000000000001,28,0.9600000000000001,12,0.9600000000000001,28,0.9600000000000001,8,0.9600000000000001,8,0.9600000000000001,144,0.9600000000000001,240,0.9600000000000001,115,0.9600000000000001,227,0.9600000000000001,129,0.9600000000000001,193,0.9600000000000001,130,0.9600000000000001,257,0.9600000000000001,600,0.9600000000000001,950,0.945945945945946,618,0.9315068493150686,1317,0.9315068493150686,645,0.9315068493150686,1146,0.9600000000000001,638,0.9315068493150686,1361,0.9600000000000001,1246,0.9600000000000001,2313,0.9600000000000001,1278,0.9166666666666666,2315,0.9600000000000001,1257,0.9600000000000001,2239,0.9315068493150686,1248,0.9315068493150686,2525,0.9315068493150686,3122,0.9315068493150686,5298,0.9189189189189189,3087,0.945945945945946,5574,0.945945945945946,3176,0.9315068493150686,5161,0.945945945945946,3085,0.945945945945946,5013,0.945945945945946,6184,0.9166666666666666,9084,0.9315068493150686,6306,0.9041095890410958,9195,0.9315068493150686,6235,0.9066666666666667,9317,0.9166666666666666,6307,0.9041095890410958,9263,0.9066666666666667,9365,0.8918918918918919,11728,0.9189189189189189,9443,0.9066666666666667,11625,0.9189189189189189,9455,0.9066666666666667,11581,0.8918918918918919,9353,0.8918918918918919,11559,0.8918918918918919,11259,0.8918918918918919,12335,0.9066666666666667,11309,0.8918918918918919,12367,0.9066666666666667,11347,0.8918918918918919,12384,0.9066666666666667,11320,0.9066666666666667,12363,0.8918918918918919,35,0.9166666666666666
444,2,37,0.9473684210526315,0.9473684210526315,14,0.9473684210526315,30,0.9473684210526315,11,0.9473684210526315,27,0.9473684210526315,16,0.9473684210526315,16,0.9473684210526315,15,0.9473684210526315,31,0.9473684210526315,138,0.9473684210526315,233,0.9473684210526315,142,0.9473684210526315,364,0.9333333333333333,132,0.9333333333333333,244,0.9473684210526315,132,0.9473684210526315,305,0.9473684210526315,625,0.9473684210526315,1153,0.9473684210526315,645,0.945945945945946,1248,0.9473684210526315,629,0.9473684210526315,1237,0.9333333333333333,619,0.9333333333333333,1216,0.945945945945946,1228,0.9315068493150686,2250,0.9189189189189189,1285,0.9041095890410958,2565,0.9333333333333333,1229,0.9333333333333333,2183,0.9600000000000001,1276,0.9333333333333333,2224,0.9315068493150686,3120,0.9315068493150686,5110,0.9315068493150686,3112,0.9333333333333333,5335,0.9041095890410958,3212,0.8767123287671232,5750,0.9333333333333333,3109,0.9041095890410958,5352,0.9066666666666667,6227,0.8533333333333333,9002,0.9189189189189189,6348,0.8947368421052632,9383,0.9189189189189189,6288,0.8947368421052632,9444,0.9315068493150686,6278,0.8648648648648648,9147,0.8648648648648648,9402,0.868421052631579,11587,0.8799999999999999,9411,0.8571428571428572,11609,0.8799999999999999,9479,0.8799999999999999,11661,0.8918918918918919,9479,0.868421052631579,11689,0.868421052631579,11368,0.868421052631579,12368,0.8947368421052632,11294,0.868421052631579,12348,0.8799999999999999,11245,0.868421052631579,12303,0.868421052631579,11345,0.868421052631579,12374,0.868421052631579,37,0.8493150684931507
445,2,38,0.9210526315789473,0.9210526315789473,12,0.9210526315789473,28,0.9210526315789473,22,0.9210526315789473,38,0.9210526315789473,10,0.9210526315789473,26,0.9210526315789473,12,0.9210526315789473,28,0.9210526315789473,122,0.9210526315789473,250,0.9210526315789473,119,0.9210526315789473,230,0.9066666666666667,130,0.9066666666666667,176,0.9210526315789473,124,0.9210526315789473,170,0.9066666666666667,636,0.9066666666666667,1105,0.9210526315789473,605,0.9210526315789473,1164,0.9066666666666667,627,0.9066666666666667,1335,0.9066666666666667,656,0.9210526315789473,1262,0.8493150684931505,1235,0.8493150684931505,2366,0.8947368421052632,1276,0.8947368421052632,2402,0.9066666666666667,1303,0.8918918918918918,2400,0.9066666666666667,1249,0.9066666666666667,2258,0.918918918918919,3145,0.8918918918918918,5478,0.88,3146,0.88,5460,0.918918918918919,3211,0.918918918918919,5567,0.8767123287671234,3099,0.904109589041096,5508,0.8767123287671234,6311,0.8493150684931505,9379,0.8421052631578947,6263,0.8493150684931505,9308,0.918918918918919,6333,0.8533333333333334,9140,0.918918918918919,6302,0.904109589041096,9341,0.8493150684931505,9465,0.8378378378378377,11547,0.8918918918918918,9478,0.8648648648648649,11628,0.8378378378378377,9385,0.8533333333333334,11677,0.8918918918918918,9441,0.88,11644,0.8378378378378377,11295,0.8648648648648649,12360,0.8648648648648649,11317,0.8648648648648649,12363,0.8648648648648649,11321,0.8648648648648649,12389,0.8648648648648649,11325,0.8648648648648649,12369,0.8648648648648649,36,0.861111111111111
446,2,37,0.9736842105263158,0.9736842105263158,16,0.9736842105263158,32,0.9736842105263158,14,0.9736842105263158,14,0.9736842105263158,12,0.9736842105263158,28,0.9736842105263158,16,0.9736842105263158,32,0.9743589743589743,119,0.9743589743589743,215,0.9736842105263158,133,0.9736842105263158,228,0.9736842105263158,129,0.9736842105263158,255,0.9736842105263158,110,0.9736842105263158,205,0.9473684210526315,653,0.9333333333333333,1459,0.9610389610389611,658,0.9610389610389611,1147,0.9736842105263158,629,0.9610389610389611,1136,0.9736842105263158,628,0.9736842105263158,1010,0.9473684210526315,1317,0.9210526315789475,2544,0.9610389610389611,1237,0.9610389610389611,2194,0.9473684210526315,1251,0.9473684210526315,2295,0.9333333333333333,1230,0.9230769230769231,2345,0.9210526315789475,3136,0.8947368421052632,5407,0.9210526315789475,3153,0.8947368421052632,5239,0.8947368421052632,3123,0.8947368421052632,5391,0.935064935064935,3141,0.8860759493670887,5274,0.9473684210526315,6255,0.9066666666666667,9273,0.9189189189189189,6327,0.9189189189189189,9295,0.868421052631579,6335,0.8918918918918919,9291,0.9473684210526315,6392,0.9210526315789475,9315,0.8799999999999999,9341,0.868421052631579,11541,0.8918918918918919,9463,0.868421052631579,11637,0.868421052631579,9340,0.8831168831168831,11625,0.8918918918918919,9455,0.868421052631579,11712,0.868421052631579,11274,0.868421052631579,12357,0.868421052631579,11282,0.868421052631579,12402,0.8947368421052632,11337,0.868421052631579,12384,0.868421052631579,11307,0.868421052631579,12419,0.868421052631579,37,0.9041095890410958
447,2,38,0.9487179487179489,0.9487179487179489,14,0.9487179487179489,30,0.9487179487179489,11,0.9487179487179489,27,0.9487179487179489,14,0.9487179487179489,30,0.9487179487179489,17,0.9487179487179489,17,0.9487179487179489,108,0.9487179487179489,313,0.9743589743589743,137,0.9743589743589743,281,0.9487179487179489,127,0.9487179487179489,269,0.9487179487179489,145,0.9743589743589743,320,0.9487179487179489,583,0.9487179487179489,1237,0.9230769230769231,618,0.9230769230769231,1166,0.935064935064935,628,0.935064935064935,1182,0.935064935064935,660,0.935064935064935,1078,0.935064935064935,1217,0.9230769230769231,2160,0.9487179487179489,1206,0.9487179487179489,2118,0.935064935064935,1299,0.935064935064935,2327,0.9066666666666667,1324,0.9210526315789473,2427,0.935064935064935,3075,0.8831168831168831,5479,0.9210526315789473,3175,0.8947368421052632,5452,0.9230769230769231,3126,0.8717948717948718,5510,0.8918918918918919,3123,0.88,5336,0.961038961038961,6304,0.8533333333333333,9241,0.8947368421052632,6180,0.8648648648648648,9449,0.9473684210526316,6210,0.88,9221,0.9210526315789473,6356,0.88,9022,0.8947368421052632,9309,0.8684210526315789,11559,0.8717948717948718,9419,0.8684210526315789,11684,0.8571428571428571,9481,0.8648648648648648,11655,0.8648648648648648,9433,0.8648648648648648,11584,0.88,11313,0.88,12387,0.88,11335,0.88,12385,0.8648648648648648,11306,0.88,12361,0.8648648648648648,11339,0.88,12401,0.88,35,0.8767123287671234
448,2,36,0.8607594936708861,0.875,15,0.875,31,0.8607594936708861,14,0.8607594936708861,46,0.8607594936708861,12,0.8607594936708861,12,0.8607594936708861,7,0.8607594936708861,7,0.8607594936708861,141,0.8607594936708861,253,0.8607594936708861,134,0.8461538461538461,262,0.8607594936708861,122,0.8607594936708861,233,0.8607594936708861,106,0.8607594936708861,154,0.8461538461538461,670,0.8461538461538461,1255,0.8461538461538461,660,0.8607594936708861,1207,0.8205128205128205,619,0.8354430379746837,1221,0.8205128205128205,611,0.8205128205128205,1073,0.8354430379746837,1261,0.8354430379746837,2433,0.8461538461538461,1309,0.8311688311688312,2371,0.8607594936708861,1209,0.8461538461538461,2184,0.8051948051948051,1258,0.8051948051948051,2337,0.7948717948717948,3130,0.8048780487804877,5535,0.7837837837837838,3193,0.8000000000000002,5391,0.8101265822784809,3159,0.8148148148148148,5316,0.7792207792207793,3209,0.8101265822784809,5578,0.7948717948717948,6346,0.8205128205128205,9449,0.7792207792207793,6209,0.8205128205128205,8964,0.7948717948717948,6340,0.825,9307,0.85,6346,0.8101265822784809,9433,0.8205128205128205,9485,0.8205128205128205,11704,0.7894736842105263,9437,0.7848101265822784,11600,0.7901234567901234,9483,0.7804878048780488,11666,0.8354430379746837,9476,0.8101265822784809,11638,0.8354430379746837,11366,0.8101265822784809,12352,0.8101265822784809,11320,0.8101265822784809,12365,0.8354430379746837,11261,0.8101265822784809,12403,0.8101265822784809,11322,0.8101265822784809,12401,0.8101265822784809,36,0.8000000000000002
449,2,38,0.891566265060241,0.891566265060241,11,0.891566265060241,11,0.891566265060241,5,0.891566265060241,5,0.891566265060241,8,0.891566265060241,8,0.891566265060241,6,0.891566265060241,6,0.891566265060241,125,0.891566265060241,205,0.891566265060241,114,0.891566265060241,288,0.891566265060241,130,0.891566265060241,257,0.8674698795180723,134,0.8395061728395062,244,0.891566265060241,593,0.9024390243902439,1187,0.9047619047619048,627,0.9047619047619048,1115,0.891566265060241,628,0.891566265060241,1145,0.8641975308641976,631,0.8641975308641976,1131,0.8780487804878049,1216,0.8571428571428571,2310,0.9047619047619048,1281,0.9047619047619048,2382,0.8192771084337349,1276,0.8433734939759038,2208,0.9024390243902439,1258,0.888888888888889,2389,0.8780487804878049,3122,0.8395061728395062,5354,0.8750000000000001,3143,0.8101265822784811,5219,0.8292682926829269,3236,0.8250000000000001,5457,0.8809523809523809,3137,0.9176470588235294,5121,0.8333333333333333,6399,0.8250000000000001,9248,0.891566265060241,6285,0.8395061728395062,9189,0.8354430379746834,6372,0.8433734939759038,9410,0.8148148148148148,6345,0.8395061728395062,9367,0.8536585365853658,9467,0.8292682926829269,11692,0.8705882352941177,9406,0.8292682926829269,11696,0.8395061728395062,9499,0.8192771084337349,11634,0.8433734939759038,9390,0.8292682926829269,11600,0.8433734939759038,11394,0.8292682926829269,12428,0.8292682926829269,11297,0.8292682926829269,12409,0.8292682926829269,11308,0.8292682926829269,12401,0.8148148148148148,11316,0.8292682926829269,12391,0.8292682926829269,37,0.846153846153846
450,2,39,0.9069767441860465,0.9069767441860465,15,0.9069767441860465,31,0.9069767441860465,6,0.9069767441860465,6,0.9069767441860465,8,0.9069767441860465,8,0.9069767441860465,12,0.9069767441860465,12,0.9069767441860465,132,0.9069767441860465,291,0.9069767441860465,111,0.9069767441860465,191,0.9069767441860465,129,0.9069767441860465,271,0.9069767441860465,129,0.9069767441860465,223,0.9069767441860465,662,0.8941176470588235,1372,0.9069767441860465,593,0.9195402298850576,1136,0.8837209302325582,637,0.8604651162790696,1114,0.9069767441860465,628,0.8735632183908046,1333,0.8837209302325582,1245,0.9195402298850576,2208,0.8941176470588235,1286,0.8095238095238095,2478,0.9069767441860465,1238,0.8837209302325582,2475,0.896551724137931,1241,0.896551724137931,2264,0.8048780487804879,3158,0.8095238095238095,5540,0.8571428571428571,3136,0.8705882352941177,5188,0.8372093023255814,3085,0.8235294117647057,5212,0.8941176470588235,3158,0.8372093023255814,5531,0.7804878048780487,6380,0.8048780487804879,9244,0.8571428571428571,6273,0.7710843373493975,9382,0.8192771084337349,6338,0.7901234567901235,9288,0.8275862068965516,6243,0.7710843373493975,9241,0.8,9436,0.7710843373493975,11668,0.7710843373493975,9459,0.7560975609756098,11659,0.7951807228915662,9391,0.7619047619047619,11697,0.7999999999999999,9473,0.7469879518072289,11654,0.7619047619047619,11277,0.7469879518072289,12336,0.7764705882352942,11379,0.7469879518072289,12407,0.7380952380952381,11308,0.7469879518072289,12355,0.7710843373493975,11350,0.7560975609756098,12375,0.7469879518072289,36,0.759493670886076
451,2,39,0.8666666666666666,0.8666666666666666,15,0.8666666666666666,31,0.8666666666666666,15,0.8666666666666666,15,0.8666666666666666,8,0.8666666666666666,24,0.8666666666666666,17,0.8666666666666666,33,0.8539325842696629,127,0.8539325842696629,237,0.8666666666666666,115,0.8666666666666666,291,0.8666666666666666,115,0.8666666666666666,179,0.8666666666666666,120,0.8666666666666666,215,0.8539325842696629,642,0.8275862068965517,1311,0.8444444444444443,619,0.8089887640449439,1186,0.8444444444444443,615,0.857142857142857,1209,0.8000000000000002,640,0.7865168539325842,1224,0.8539325842696629,1273,0.8409090909090908,2312,0.8089887640449439,1269,0.8351648351648352,2334,0.7692307692307692,1262,0.8045977011494253,2235,0.8666666666666666,1299,0.8541666666666666,2547,0.8181818181818183,3222,0.7272727272727273,5834,0.7954545454545455,3105,0.7415730337078651,5063,0.8351648351648352,3180,0.7499999999999999,5528,0.8351648351648352,3104,0.7555555555555555,5401,0.7142857142857143,6371,0.7586206896551724,9344,0.7816091954022987,6329,0.7294117647058823,9453,0.7865168539325842,6420,0.7640449438202247,9366,0.7640449438202247,6233,0.7529411764705882,9222,0.7674418604651163,9466,0.7441860465116279,11621,0.7586206896551724,9435,0.7586206896551724,11687,0.7865168539325842,9386,0.7727272727272727,11562,0.7640449438202247,9486,0.7586206896551724,11648,0.7586206896551724,11302,0.7586206896551724,12414,0.7727272727272727,11312,0.7586206896551724,12380,0.7586206896551724,11282,0.7586206896551724,12373,0.7586206896551724,11311,0.7586206896551724,12376,0.7586206896551724,36,0.6987951807228915
452,2,42,0.8936170212765957,0.8936170212765957,11,0.8936170212765957,27,0.8936170212765957,12,0.8936170212765957,12,0.8936170212765957,18,0.8936170212765957,34,0.8936170212765957,11,0.8936170212765957,11,0.8936170212765957,136,0.8936170212765957,279,0.8936170212765957,134,0.8936170212765957,212,0.8936170212765957,132,0.8936170212765957,196,0.8936170212765957,121,0.8936170212765957,232,0.8936170212765957,668,0.8478260869565216,1335,0.8510638297872339,625,0.8510638297872339,1251,0.8723404255319148,612,0.8723404255319148,1331,0.8936170212765957,656,0.8936170212765957,1004,0.8817204301075269,1251,0.8817204301075269,2357,0.8723404255319148,1281,0.875,2300,0.8631578947368421,1232,0.8631578947368421,2106,0.8817204301075269,1227,0.8695652173913044,2427,0.8478260869565216,3108,0.7692307692307692,5456,0.8172043010752689,3167,0.8421052631578948,5442,0.8723404255319148,3057,0.8421052631578948,5108,0.860215053763441,3168,0.8125000000000001,5182,0.8260869565217392,6263,0.8131868131868132,9273,0.8297872340425532,6287,0.7912087912087913,9205,0.7912087912087913,6345,0.8172043010752689,9160,0.8260869565217392,6180,0.7865168539325843,9280,0.7872340425531914,9446,0.8043478260869567,11618,0.8125000000000001,9359,0.7865168539325843,11434,0.845360824742268,9422,0.8085106382978723,11579,0.8043478260869567,9490,0.7999999999999999,11776,0.7912087912087913,11295,0.7999999999999999,12351,0.7956989247311829,11261,0.7999999999999999,12367,0.8131868131868132,11293,0.7999999999999999,12392,0.7912087912087913,11365,0.7999999999999999,12399,0.7999999999999999,38,0.761904761904762
453,2,46,0.9,0.9,18,0.9,18,0.9,9,0.9,25,0.9,14,0.9,62,0.9,19,0.9,51,0.9,138,0.9,359,0.9,135,0.9,262,0.9,118,0.9,166,0.8888888888888888,146,0.8888888888888888,272,0.8800000000000001,656,0.8484848484848485,1179,0.8599999999999999,638,0.8599999999999999,1130,0.9,636,0.8571428571428572,1244,0.9108910891089108,616,0.9108910891089108,1043,0.9,1264,0.8686868686868687,2568,0.8775510204081632,1206,0.8686868686868687,2278,0.836734693877551,1319,0.8599999999999999,2551,0.8686868686868687,1238,0.84,2327,0.8085106382978724,3112,0.8125000000000001,5197,0.8000000000000002,3100,0.84,5378,0.8484848484848485,3194,0.7999999999999999,5638,0.8659793814432991,3123,0.8653846153846153,5248,0.7835051546391752,6332,0.7872340425531915,9226,0.7741935483870968,6231,0.7608695652173912,9148,0.8163265306122449,6251,0.7878787878787877,9443,0.75,6299,0.7422680412371134,9266,0.7835051546391752,9444,0.7872340425531915,11583,0.8000000000000002,9395,0.7741935483870968,11584,0.7741935483870968,9421,0.7608695652173912,11626,0.7789473684210526,9395,0.7708333333333335,11640,0.7872340425531915,11370,0.7741935483870968,12417,0.7692307692307693,11333,0.7741935483870968,12376,0.7835051546391752,11309,0.7741935483870968,12399,0.7741935483870968,11312,0.7741935483870968,12385,0.7741935483870968,39,0.7499999999999999
454,2,48,0.897196261682243,0.897196261682243,20,0.897196261682243,52,0.897196261682243,10,0.897196261682243,26,0.897196261682243,11,0.897196261682243,11,0.897196261682243,10,0.897196261682243,10,0.8867924528301886,155,0.8653846153846153,282,0.897196261682243,144,0.897196261682243,398,0.897196261682243,132,0.897196261682243,304,0.8867924528301886,123,0.8867924528301886,264,0.897196261682243,630,0.8867924528301886,1201,0.8380952380952381,654,0.8490566037735849,1234,0.897196261682243,638,0.8113207547169811,1261,0.9074074074074074,616,0.9074074074074074,1186,0.8411214953271028,1294,0.8333333333333333,2610,0.8867924528301886,1263,0.9074074074074074,2533,0.897196261682243,1243,0.7999999999999999,2128,0.897196261682243,1263,0.897196261682243,2303,0.8679245283018868,3053,0.8073394495412843,5211,0.8461538461538463,3125,0.78,5445,0.7766990291262135,3198,0.8073394495412843,5741,0.8867924528301886,3124,0.7676767676767676,5450,0.7692307692307693,6332,0.7272727272727273,9179,0.8113207547169811,6255,0.7021276595744681,9237,0.7500000000000001,6346,0.6804123711340205,9223,0.8118811881188118,6340,0.7184466019417475,9421,0.7920792079207921,9418,0.7083333333333333,11566,0.7474747474747475,9451,0.7083333333333333,11745,0.74,9351,0.7157894736842105,11572,0.7999999999999999,9381,0.7010309278350517,11662,0.7142857142857142,11295,0.7142857142857142,12344,0.7422680412371134,11330,0.7346938775510206,12385,0.6938775510204083,11289,0.7142857142857142,12384,0.7083333333333333,11307,0.7216494845360825,12383,0.7216494845360825,38,0.7096774193548386
455,2,51,0.9074074074074074,0.9074074074074074,18,0.9074074074074074,34,0.9074074074074074,12,0.9074074074074074,12,0.9074074074074074,11,0.9074074074074074,11,0.9074074074074074,10,0.9074074074074074,26,0.9074074074074074,130,0.9074074074074074,224,0.9074074074074074,111,0.9074074074074074,223,0.8971962616822429,122,0.8971962616822429,217,0.9074074074074074,111,0.9074074074074074,221,0.8971962616822429,613,0.9074074074074074,1163,0.8990825688073394,615,0.8571428571428572,1075,0.8888888888888888,600,0.8301886792452831,1181,0.9074074074074074,667,0.9074074074074074,1336,0.8971962616822429,1279,0.8785046728971964,2421,0.8888888888888888,1324,0.8679245283018868,2508,0.9074074074074074,1216,0.9174311926605504,2230,0.8490566037735849,1241,0.8316831683168316,2240,0.822429906542056,3110,0.819047619047619,5390,0.8679245283018868,3101,0.8349514563106796,5018,0.8411214953271027,3158,0.8037383177570094,5122,0.9009009009009009,3149,0.7889908256880734,5194,0.8349514563106796,6235,0.8,8909,0.8076923076923077,6286,0.7692307692307693,9369,0.8301886792452831,6181,0.7628865979381444,9286,0.8256880733944955,6303,0.7835051546391752,9257,0.7524752475247524,9504,0.7878787878787878,11731,0.7647058823529413,9388,0.7843137254901961,11872,0.8316831683168316,9361,0.792079207920792,11606,0.8200000000000001,9495,0.8,11734,0.8080808080808081,11276,0.78,12349,0.7722772277227723,11283,0.8,12385,0.8,11267,0.7878787878787878,12371,0.7755102040816327,11280,0.792079207920792,12356,0.8,43,0.7708333333333334
456,2,50,0.9158878504672898,0.9158878504672898,9,0.9158878504672898,9,0.9158878504672898,15,0.9158878504672898,47,0.9158878504672898,15,0.9158878504672898,15,0.9158878504672898,15,0.9158878504672898,47,0.9158878504672898,130,0.9158878504672898,273,0.9158878504672898,117,0.9158878504672898,227,0.8867924528301887,137,0.8867924528301887,281,0.9158878504672898,132,0.9158878504672898,212,0.8952380952380952,644,0.9056603773584905,1361,0.8761904761904762,609,0.8867924528301887,1220,0.9158878504672898,608,0.8200000000000001,1226,0.9056603773584905,634,0.9259259259259259,1215,0.7843137254901961,1240,0.8431372549019609,2284,0.8703703703703703,1275,0.8301886792452831,2499,0.8867924528301887,1228,0.8867924528301887,2470,0.8971962616822429,1244,0.8679245283018868,2260,0.8118811881188119,3015,0.78,5472,0.8461538461538461,3090,0.7142857142857142,5094,0.8932038834951457,3083,0.9245283018867925,5282,0.8867924528301887,3173,0.7878787878787878,5390,0.7959183673469389,6270,0.8200000000000001,9162,0.8316831683168316,6266,0.8155339805825242,9196,0.838095238095238,6240,0.8,9217,0.8349514563106796,6291,0.7676767676767676,9314,0.8155339805825242,9415,0.7878787878787878,11668,0.7647058823529413,9383,0.8041237113402062,11606,0.7959183673469389,9377,0.8041237113402062,11558,0.78,9521,0.8041237113402062,11653,0.7755102040816327,11340,0.8041237113402062,12421,0.8118811881188119,11310,0.8041237113402062,12382,0.8041237113402062,11305,0.8041237113402062,12365,0.8080808080808081,11313,0.8041237113402062,12361,0.8041237113402062,40,0.7391304347826086
457,2,51,0.9357798165137614,0.9259259259259259,19,0.9259259259259259,35,0.9357798165137614,13,0.9357798165137614,29,0.9357798165137614,11,0.9357798165137614,11,0.9357798165137614,9,0.9357798165137614,25,0.9357798165137614,134,0.9357798165137614,304,0.9357798165137614,140,0.9357798165137614,378,0.9357798165137614,146,0.9357798165137614,242,0.9357798165137614,132,0.9357798165137614,210,0.9174311926605505,649,0.9272727272727272,1226,0.9174311926605505,611,0.888888888888889,1206,0.9259259259259259,579,0.9259259259259259,989,0.9259259259259259,661,0.897196261682243,1174,0.888888888888889,1257,0.7850467289719627,2562,0.8990825688073395,1262,0.8990825688073395,2517,0.9259259259259259,1259,0.8785046728971961,2241,0.9174311926605505,1188,0.9174311926605505,2343,0.9174311926605505,3099,0.819047619047619,5280,0.9074074074074074,3212,0.897196261682243,5561,0.8679245283018867,3192,0.7422680412371133,5656,0.822429906542056,3098,0.761904761904762,5304,0.761904761904762,6291,0.7843137254901961,9188,0.7884615384615384,6270,0.7878787878787878,9358,0.7766990291262136,6303,0.7599999999999999,9233,0.7722772277227723,6283,0.7628865979381444,9103,0.803921568627451,9327,0.7628865979381444,11562,0.7400000000000001,9453,0.7551020408163266,11536,0.7766990291262136,9483,0.75,11747,0.7920792079207921,9443,0.7346938775510204,11628,0.7400000000000001,11285,0.7346938775510204,12352,0.7676767676767676,11193,0.7551020408163266,12344,0.7346938775510204,11312,0.7346938775510204,12420,0.7326732673267328,11254,0.7422680412371133,12420,0.7422680412371133,39,0.7446808510638298
458,2,53,0.9107142857142857,0.9107142857142857,9,0.9107142857142857,9,0.9107142857142857,6,0.9107142857142857,6,0.9107142857142857,13,0.9107142857142857,29,0.9107142857142857,17,0.9107142857142857,48,0.9107142857142857,127,0.9107142857142857,238,0.918918918918919,133,0.918918918918919,181,0.890909090909091,114,0.9107142857142857,242,0.9107142857142857,143,0.9107142857142857,333,0.909090909090909,637,0.918918918918919,1231,0.9107142857142857,652,0.890909090909091,1230,0.8990825688073395,602,0.8679245283018868,1076,0.9009009009009009,601,0.918918918918919,1197,0.8807339449541285,1276,0.8807339449541285,2413,0.8807339449541285,1265,0.8807339449541285,2197,0.909090909090909,1323,0.909090909090909,2447,0.909090909090909,1318,0.918918918918919,2402,0.890909090909091,3123,0.8256880733944953,5346,0.890909090909091,3093,0.8623853211009174,5263,0.8990825688073395,3155,0.8727272727272728,5537,0.8518518518518519,3085,0.8828828828828829,5392,0.8333333333333333,6216,0.822429906542056,9030,0.8256880733944953,6220,0.8148148148148148,9172,0.8490566037735849,6332,0.803921568627451,9247,0.8113207547169811,6232,0.8113207547169811,9100,0.8155339805825244,9392,0.7920792079207921,11697,0.7843137254901962,9356,0.7843137254901962,11617,0.822429906542056,9434,0.7920792079207921,11669,0.8113207547169811,9362,0.796116504854369,11590,0.803921568627451,11279,0.803921568627451,12363,0.7843137254901962,11336,0.7920792079207921,12391,0.8269230769230769,11283,0.7920792079207921,12368,0.8076923076923076,11303,0.7920792079207921,12386,0.7920792079207921,42,0.7500000000000001
459,2,50,0.9158878504672898,0.9158878504672898,11,0.9158878504672898,11,0.9158878504672898,13,0.9158878504672898,13,0.9158878504672898,10,0.9158878504672898,10,0.9158878504672898,12,0.9158878504672898,28,0.9158878504672898,134,0.9158878504672898,213,0.9158878504672898,126,0.9158878504672898,269,0.9259259259259259,132,0.9259259259259259,321,0.9158878504672898,128,0.9158878504672898,223,0.9158878504672898,630,0.9158878504672898,1043,0.8514851485148516,627,0.8514851485148516,1113,0.8952380952380952,656,0.8846153846153846,1192,0.8971962616822429,580,0.8971962616822429,1193,0.8952380952380952,1278,0.8737864077669902,2446,0.9158878504672898,1272,0.8971962616822429,2369,0.9158878504672898,1255,0.9158878504672898,2465,0.8679245283018868,1245,0.8653846153846154,2228,0.8571428571428572,3112,0.8543689320388349,5128,0.7843137254901961,3214,0.838095238095238,5362,0.8490566037735849,3110,0.8411214953271027,5437,0.9158878504672898,3107,0.9158878504672898,5169,0.792079207920792,6319,0.78,9387,0.838095238095238,6320,0.8269230769230769,9182,0.8113207547169812,6287,0.8037383177570094,9279,0.8490566037735849,6371,0.7961165048543689,9318,0.8543689320388349,9440,0.7755102040816327,11637,0.8118811881188119,9402,0.792079207920792,11764,0.8316831683168316,9471,0.7878787878787878,11660,0.8080808080808081,9378,0.78,11638,0.78,11289,0.78,12343,0.7722772277227723,11281,0.78,12372,0.792079207920792,11336,0.78,12368,0.7878787878787878,11262,0.78,12363,0.78,43,0.7446808510638299
460,2,48,0.9038461538461539,0.9038461538461539,11,0.9038461538461539,27,0.9038461538461539,14,0.9142857142857143,30,0.9038461538461539,16,0.9038461538461539,32,0.9038461538461539,13,0.9038461538461539,13,0.8932038834951456,118,0.8932038834951456,246,0.9038461538461539,114,0.9038461538461539,226,0.9038461538461539,113,0.9038461538461539,254,0.9038461538461539,140,0.9142857142857143,315,0.9142857142857143,680,0.9038461538461539,1372,0.8737864077669905,600,0.8846153846153847,1339,0.9142857142857143,620,0.9126213592233009,1296,0.9433962264150945,655,0.8932038834951456,1449,0.8627450980392156,1331,0.8627450980392156,2274,0.8952380952380952,1314,0.8653846153846154,2364,0.8932038834951456,1253,0.9038461538461539,2439,0.9142857142857143,1283,0.9142857142857143,2250,0.8932038834951456,3054,0.9038461538461539,5277,0.8761904761904763,3142,0.897196261682243,5355,0.8761904761904763,3127,0.8737864077669905,5260,0.9038461538461539,3150,0.8514851485148515,5455,0.8653846153846154,6140,0.8316831683168316,9098,0.9056603773584904,6336,0.7961165048543688,9187,0.8653846153846154,6226,0.8712871287128713,9359,0.897196261682243,6220,0.8316831683168316,9193,0.8282828282828282,9394,0.8080808080808081,11604,0.82,9363,0.7835051546391752,11462,0.8235294117647057,9396,0.792079207920792,11546,0.8349514563106796,9378,0.8316831683168316,11585,0.82,11326,0.8080808080808081,12420,0.86,11358,0.8316831683168316,12405,0.8080808080808081,11285,0.8080808080808081,12379,0.82,11326,0.8080808080808081,12397,0.8080808080808081,43,0.7659574468085106
461,2,50,0.9433962264150945,0.9433962264150945,12,0.9433962264150945,12,0.9433962264150945,12,0.9433962264150945,12,0.9433962264150945,16,0.9433962264150945,32,0.9433962264150945,14,0.9333333333333333,30,0.9433962264150945,128,0.9433962264150945,285,0.9433962264150945,117,0.9433962264150945,258,0.9433962264150945,135,0.9433962264150945,263,0.9433962264150945,128,0.9433962264150945,240,0.9333333333333333,631,0.9038461538461539,1071,0.9142857142857143,660,0.8846153846153847,1197,0.9433962264150945,660,0.9532710280373832,1288,0.9245283018867924,652,0.9142857142857143,1404,0.9433962264150945,1281,0.9532710280373832,2113,0.9433962264150945,1252,0.9433962264150945,2286,0.9333333333333333,1314,0.8846153846153847,2592,0.9433962264150945,1288,0.9433962264150945,2435,0.9345794392523364,3177,0.9541284403669724,5354,0.9126213592233009,3060,0.9038461538461539,4989,0.9056603773584904,3108,0.888888888888889,5400,0.8737864077669905,3159,0.9259259259259259,5540,0.8679245283018867,6274,0.8453608247422679,9192,0.8932038834951456,6303,0.8712871287128713,9015,0.9158878504672897,6323,0.9174311926605505,9326,0.8785046728971961,6213,0.8679245283018867,9273,0.8514851485148515,9518,0.8282828282828282,11643,0.88,9449,0.84,11581,0.854368932038835,9420,0.84,11627,0.8235294117647057,9429,0.8484848484848485,11604,0.8484848484848485,11351,0.84,12416,0.8235294117647057,11268,0.84,12364,0.86,11301,0.8514851485148515,12374,0.8484848484848485,11284,0.84,12350,0.84,44,0.8125
462,2,47,0.8761904761904762,0.8761904761904762,11,0.8761904761904762,27,0.8761904761904762,12,0.8761904761904762,28,0.8761904761904762,15,0.8761904761904762,15,0.8761904761904762,18,0.8761904761904762,34,0.8761904761904762,118,0.8761904761904762,213,0.8761904761904762,112,0.8761904761904762,207,0.8761904761904762,121,0.8761904761904762,233,0.8761904761904762,120,0.8761904761904762,168,0.8571428571428572,627,0.8571428571428572,1267,0.8761904761904762,615,0.854368932038835,1180,0.8761904761904762,598,0.8679245283018867,983,0.8761904761904762,628,0.8867924528301887,1297,0.8571428571428572,1275,0.7884615384615384,2380,0.8380952380952381,1252,0.8571428571428572,2211,0.8679245283018867,1274,0.8679245283018867,2364,0.830188679245283,1289,0.8598130841121495,2570,0.8571428571428572,3159,0.803921568627451,5640,0.826923076923077,3131,0.78,5093,0.8155339805825242,3192,0.7924528301886793,5419,0.8118811881188119,3118,0.822429906542056,5209,0.8411214953271028,6190,0.7766990291262136,9085,0.851851851851852,6306,0.803921568627451,9068,0.7722772277227723,6166,0.7272727272727273,9053,0.830188679245283,6334,0.7722772277227723,9340,0.7676767676767676,9383,0.7474747474747474,11618,0.7920792079207921,9421,0.7599999999999999,11713,0.8155339805825242,9477,0.7599999999999999,11795,0.7850467289719627,9442,0.7692307692307693,11735,0.7676767676767676,11303,0.7599999999999999,12394,0.7524752475247525,11253,0.7599999999999999,12336,0.7722772277227723,11308,0.7599999999999999,12381,0.7676767676767676,11306,0.7722772277227723,12385,0.7599999999999999,42,0.6947368421052632
463,2,52,0.9272727272727272,0.9272727272727272,8,0.9272727272727272,8,0.9272727272727272,7,0.9272727272727272,7,0.9272727272727272,10,0.9272727272727272,10,0.9272727272727272,5,0.9272727272727272,5,0.9272727272727272,119,0.9272727272727272,214,0.9272727272727272,123,0.9272727272727272,174,0.9272727272727272,116,0.9272727272727272,212,0.9272727272727272,137,0.9272727272727272,201,0.9174311926605505,593,0.9174311926605505,1098,0.9090909090909091,651,0.8990825688073395,1413,0.9174311926605505,613,0.9174311926605505,1175,0.9272727272727272,595,0.9272727272727272,1131,0.9090909090909091,1220,0.8990825688073395,2426,0.9357798165137614,1249,0.9272727272727272,2304,0.890909090909091,1201,0.8807339449541284,2071,0.9174311926605505,1225,0.9189189189189189,2311,0.897196261682243,3146,0.8653846153846154,5354,0.890909090909091,3228,0.826923076923077,5337,0.830188679245283,3131,0.8679245283018867,5536,0.9090909090909091,3037,0.890909090909091,5109,0.8703703703703703,6377,0.8199999999999998,9514,0.8490566037735848,6307,0.8349514563106797,9312,0.8514851485148515,6287,0.7999999999999999,9357,0.854368932038835,6375,0.8653846153846154,9264,0.830188679245283,9508,0.8155339805825242,11731,0.7878787878787878,9451,0.803921568627451,11681,0.8155339805825242,9440,0.8076923076923076,11668,0.8316831683168318,9447,0.8076923076923076,11739,0.8118811881188119,11302,0.8155339805825242,12408,0.803921568627451,11307,0.8155339805825242,12378,0.8155339805825242,11284,0.8155339805825242,12338,0.8155339805825242,11289,0.803921568627451,12393,0.8155339805825242,45,0.7959183673469388
464,2,50,0.9074074074074074,0.9074074074074074,18,0.9074074074074074,34,0.9074074074074074,16,0.9074074074074074,32,0.9074074074074074,16,0.9074074074074074,32,0.9074074074074074,7,0.9074074074074074,23,0.9074074074074074,133,0.9174311926605505,369,0.897196261682243,122,0.897196261682243,234,0.897196261682243,132,0.897196261682243,212,0.9074074074074074,141,0.9074074074074074,280,0.8867924528301887,619,0.8867924528301887,1145,0.9074074074074074,650,0.9074074074074074,1261,0.888888888888889,609,0.9285714285714286,1221,0.9074074074074074,610,0.9074074074074074,1074,0.8990825688073395,1269,0.8990825688073395,2524,0.897196261682243,1189,0.9074074074074074,2160,0.9074074074074074,1244,0.897196261682243,2226,0.9074074074074074,1288,0.9369369369369369,2436,0.8703703703703703,3073,0.8490566037735848,5307,0.888888888888889,3178,0.8653846153846154,5427,0.897196261682243,3217,0.8990825688073395,5585,0.888888888888889,3229,0.830188679245283,5517,0.8380952380952381,6233,0.8490566037735848,9296,0.8761904761904762,6371,0.8490566037735848,9340,0.830188679245283,6286,0.8349514563106797,9105,0.8623853211009175,6197,0.8623853211009175,9107,0.8653846153846154,9446,0.8349514563106797,11743,0.854368932038835,9438,0.823529411764706,11585,0.8411214953271028,9448,0.823529411764706,11658,0.8761904761904762,9519,0.8349514563106797,11624,0.8349514563106797,11357,0.823529411764706,12380,0.823529411764706,11247,0.823529411764706,12335,0.8653846153846154,11340,0.823529411764706,12385,0.8349514563106797,11295,0.823529411764706,12397,0.823529411764706,44,0.7708333333333335
465,2,50,0.8971962616822429,0.8971962616822429,12,0.8971962616822429,12,0.8971962616822429,11,0.8971962616822429,27,0.8971962616822429,13,0.8971962616822429,45,0.8971962616822429,12,0.8971962616822429,12,0.8971962616822429,122,0.8971962616822429,217,0.8971962616822429,112,0.8971962616822429,239,0.9158878504672898,130,0.9158878504672898,194,0.8971962616822429,136,0.8971962616822429,326,0.8971962616822429,603,0.8971962616822429,1130,0.8490566037735849,651,0.8490566037735849,1114,0.8971962616822429,647,0.8971962616822429,1257,0.8679245283018868,642,0.8490566037735849,1282,0.8971962616822429,1264,0.8785046728971964,2513,0.8785046728971964,1252,0.9074074074074074,2270,0.9158878504672898,1212,0.9158878504672898,2332,0.8971962616822429,1276,0.8571428571428572,2529,0.819047619047619,3127,0.822429906542056,5317,0.9158878504672898,3120,0.8828828828828829,5203,0.8269230769230769,3111,0.7692307692307693,5252,0.8867924528301887,3190,0.8653846153846154,5289,0.8679245283018868,6301,0.8076923076923077,9318,0.8431372549019609,6251,0.8118811881188119,9051,0.838095238095238,6191,0.8269230769230769,9109,0.7722772277227723,6287,0.7378640776699029,9319,0.7843137254901961,9318,0.7766990291262136,11576,0.7924528301886793,9457,0.7809523809523811,11612,0.74,9340,0.7647058823529413,11620,0.8235294117647058,9394,0.7722772277227723,11688,0.7647058823529413,11322,0.7647058823529413,12398,0.7326732673267327,11293,0.7647058823529413,12394,0.7961165048543689,11283,0.7647058823529413,12401,0.7450980392156862,11301,0.7647058823529413,12391,0.7647058823529413,45,0.7216494845360825
466,2,51,0.9532710280373832,0.9532710280373832,13,0.9532710280373832,13,0.9532710280373832,20,0.9532710280373832,36,0.9532710280373832,9,0.9532710280373832,25,0.9532710280373832,19,0.9532710280373832,19,0.9532710280373832,129,0.9532710280373832,257,0.9532710280373832,113,0.9532710280373832,240,0.9532710280373832,137,0.9532710280373832,232,0.9532710280373832,122,0.9433962264150945,218,0.9532710280373832,620,0.9532710280373832,1232,0.9532710280373832,624,0.9532710280373832,1266,0.9142857142857143,630,0.9245283018867924,1186,0.9433962264150945,613,0.9433962264150945,1079,0.9433962264150945,1207,0.9433962264150945,2110,0.9056603773584904,1239,0.9056603773584904,2027,0.9245283018867924,1276,0.9345794392523364,2335,0.9038461538461539,1265,0.9038461538461539,2392,0.897196261682243,3093,0.8627450980392156,5453,0.962962962962963,3134,0.8867924528301886,5183,0.9245283018867924,3169,0.897196261682243,5480,0.9345794392523364,3136,0.888888888888889,5456,0.9056603773584904,6336,0.8411214953271029,9343,0.8316831683168316,6296,0.8282828282828282,9204,0.9019607843137255,6234,0.8039215686274508,9118,0.9090909090909091,6161,0.82,8990,0.8461538461538461,9399,0.8431372549019608,11689,0.7799999999999999,9471,0.7843137254901961,11685,0.8867924528301886,9412,0.8163265306122449,11675,0.8282828282828282,9414,0.82,11626,0.8282828282828282,11310,0.82,12377,0.8316831683168316,11299,0.82,12375,0.8118811881188118,11258,0.82,12370,0.8316831683168316,11341,0.82,12377,0.82,44,0.7916666666666667
467,2,50,0.9433962264150945,0.9433962264150945,5,0.9433962264150945,5,0.9433962264150945,9,0.9433962264150945,9,0.9433962264150945,15,0.9433962264150945,79,0.9433962264150945,16,0.9433962264150945,48,0.9433962264150945,117,0.9433962264150945,180,0.9433962264150945,132,0.9038461538461539,292,0.9433962264150945,131,0.9433962264150945,241,0.923076923076923,120,0.8712871287128713,248,0.9532710280373832,668,0.9532710280373832,1234,0.9433962264150945,655,0.9245283018867924,1248,0.9433962264150945,598,0.9245283018867924,1227,0.9433962264150945,610,0.9433962264150945,1037,0.9433962264150945,1266,0.9433962264150945,2185,0.9433962264150945,1290,0.9158878504672897,2193,0.9433962264150945,1324,0.8952380952380952,2233,0.9433962264150945,1255,0.9433962264150945,2559,0.9038461538461539,3134,0.8282828282828282,5291,0.9433962264150945,3141,0.9038461538461539,5288,0.9142857142857143,3104,0.8761904761904763,5294,0.9142857142857143,3033,0.8761904761904763,5181,0.854368932038835,6360,0.8235294117647057,9252,0.9038461538461539,6221,0.84,9133,0.8627450980392156,6219,0.82,9137,0.9142857142857143,6295,0.836734693877551,9168,0.8163265306122449,9341,0.8125,11502,0.84,9317,0.7959183673469388,11629,0.84,9432,0.8041237113402062,11657,0.8210526315789474,9504,0.8041237113402062,11645,0.7959183673469388,11264,0.8041237113402062,12360,0.8041237113402062,11320,0.8041237113402062,12356,0.8247422680412371,11321,0.8041237113402062,12380,0.8163265306122449,11296,0.8041237113402062,12349,0.8041237113402062,41,0.7741935483870968
468,2,51,0.9532710280373832,0.9532710280373832,14,0.9532710280373832,30,0.9532710280373832,15,0.9532710280373832,31,0.9532710280373832,16,0.9532710280373832,32,0.9532710280373832,9,0.9532710280373832,9,0.9532710280373832,135,0.9532710280373832,279,0.9245283018867924,143,0.9245283018867924,301,0.9532710280373832,114,0.9532710280373832,241,0.9345794392523364,120,0.9345794392523364,199,0.9245283018867924,634,0.9245283018867924,1095,0.9532710280373832,627,0.9724770642201834,1182,0.9245283018867924,651,0.8846153846153847,1280,0.9532710280373832,602,0.9532710280373832,1062,0.9056603773584904,1271,0.9142857142857143,2336,0.9345794392523364,1250,0.9345794392523364,2186,0.8952380952380952,1280,0.9056603773584904,2461,0.9056603773584904,1274,0.8867924528301886,2196,0.962962962962963,3221,0.8333333333333333,5585,0.9433962264150945,3154,0.962962962962963,5338,0.9259259259259259,3121,0.9038461538461539,5379,0.8910891089108911,3218,0.8282828282828282,5451,0.8952380952380952,6330,0.8484848484848485,9258,0.8952380952380952,6265,0.8932038834951456,9179,0.9038461538461539,6378,0.8910891089108911,9277,0.9126213592233009,6275,0.8686868686868687,9236,0.8484848484848485,9415,0.8571428571428571,11639,0.8653846153846154,9448,0.8453608247422679,11676,0.86,9331,0.8282828282828282,11613,0.8282828282828282,9328,0.8453608247422679,11666,0.8571428571428571,11295,0.8453608247422679,12361,0.8514851485148515,11372,0.8453608247422679,12374,0.8453608247422679,11310,0.8453608247422679,12434,0.8247422680412371,11239,0.8453608247422679,12348,0.8453608247422679,41,0.8085106382978724
469,2,51,0.9245283018867925,0.9245283018867925,11,0.9245283018867925,27,0.9245283018867925,11,0.9245283018867925,11,0.9245283018867925,19,0.9245283018867925,51,0.9245283018867925,15,0.9245283018867925,31,0.9245283018867925,116,0.9245283018867925,243,0.9245283018867925,117,0.9245283018867925,213,0.9038461538461537,144,0.9038461538461537,270,0.9245283018867925,133,0.9245283018867925,213,0.9142857142857144,622,0.8737864077669902,1227,0.9142857142857144,698,0.9142857142857144,1350,0.9245283018867925,611,0.9142857142857144,1147,0.9142857142857144,657,0.9142857142857144,1327,0.9333333333333333,1281,0.8952380952380952,2433,0.9245283018867925,1263,0.9245283018867925,2452,0.8932038834951457,1223,0.9142857142857144,2462,0.9038461538461537,1264,0.9038461538461537,2434,0.8653846153846154,3096,0.8316831683168316,5129,0.8571428571428572,3190,0.8737864077669902,5726,0.923076923076923,3135,0.8823529411764706,5375,0.8737864077669902,3237,0.7956989247311828,5579,0.8235294117647058,6410,0.86,9170,0.8247422680412371,6317,0.8282828282828283,9163,0.8080808080808082,6293,0.8163265306122448,9057,0.8282828282828283,6306,0.8484848484848485,9107,0.8712871287128713,9400,0.8210526315789474,11674,0.7741935483870966,9365,0.7789473684210527,11638,0.845360824742268,9372,0.8125,11624,0.8333333333333334,9398,0.8,11592,0.7872340425531915,11283,0.8,12362,0.7872340425531915,11318,0.8,12413,0.8163265306122448,11362,0.8,12378,0.8041237113402062,11329,0.8,12394,0.8,40,0.7608695652173914
470,2,48,0.912621359223301,0.912621359223301,7,0.9019607843137255,39,0.912621359223301,12,0.9019607843137255,28,0.912621359223301,14,0.912621359223301,14,0.912621359223301,12,0.912621359223301,12,0.912621359223301,134,0.912621359223301,214,0.912621359223301,135,0.912621359223301,293,0.912621359223301,117,0.912621359223301,261,0.912621359223301,125,0.912621359223301,347,0.9019607843137255,622,0.9019607843137255,1359,0.9215686274509803,658,0.9523809523809523,1320,0.9019607843137255,611,0.9019607843137255,1152,0.923076923076923,601,0.923076923076923,1054,0.8823529411764706,1284,0.8712871287128713,2273,0.9019607843137255,1242,0.9019607843137255,2096,0.9038461538461537,1261,0.8737864077669902,2281,0.9019607843137255,1210,0.9215686274509803,2157,0.8775510204081634,3150,0.8421052631578948,5517,0.9215686274509803,3183,0.8514851485148516,5479,0.912621359223301,3197,0.912621359223301,5553,0.8910891089108911,3194,0.8910891089108911,5512,0.9019607843137255,6331,0.845360824742268,9378,0.8712871287128713,6289,0.8333333333333334,9319,0.8367346938775511,6348,0.8085106382978723,9127,0.8910891089108911,6337,0.8085106382978723,9453,0.8297872340425533,9350,0.8210526315789474,11497,0.845360824742268,9313,0.8247422680412371,11553,0.8571428571428571,9407,0.8210526315789474,11712,0.8085106382978723,9510,0.7872340425531915,11619,0.8125,11363,0.8210526315789474,12372,0.8125,11335,0.8210526315789474,12383,0.8210526315789474,11329,0.8210526315789474,12364,0.8210526315789474,11339,0.8210526315789474,12351,0.8210526315789474,40,0.8043478260869564
471,2,48,0.9038461538461539,0.9038461538461539,14,0.9038461538461539,46,0.9038461538461539,12,0.9038461538461539,12,0.9038461538461539,12,0.9038461538461539,28,0.9038461538461539,6,0.9038461538461539,6,0.9038461538461539,130,0.9038461538461539,302,0.9038461538461539,128,0.9038461538461539,220,0.9038461538461539,131,0.9038461538461539,273,0.9038461538461539,111,0.9038461538461539,222,0.9038461538461539,657,0.8627450980392156,1375,0.9038461538461539,612,0.9038461538461539,1255,0.9038461538461539,585,0.9038461538461539,1046,0.9038461538461539,630,0.9038461538461539,1207,0.9142857142857143,1280,0.8349514563106796,2458,0.9142857142857143,1305,0.9142857142857143,2353,0.9038461538461539,1260,0.9245283018867924,2395,0.9038461538461539,1237,0.9245283018867924,2373,0.9142857142857143,3133,0.8,5513,0.9038461538461539,3146,0.8316831683168316,5332,0.9038461538461539,3141,0.9142857142857143,5237,0.9142857142857143,3072,0.8737864077669905,5223,0.8,6375,0.8163265306122449,9316,0.8627450980392156,6289,0.8484848484848485,9266,0.8316831683168316,6246,0.7755102040816326,9202,0.8910891089108911,6221,0.8737864077669905,9235,0.7959183673469388,9412,0.7789473684210526,11672,0.8282828282828282,9435,0.8085106382978724,11682,0.8247422680412371,9419,0.8125,11666,0.7916666666666667,9436,0.7835051546391752,11708,0.7872340425531915,11305,0.8,12378,0.7835051546391752,11340,0.8,12404,0.8125,11341,0.8,12408,0.8125,11319,0.8,12364,0.8,39,0.7391304347826088
472,2,50,0.9523809523809523,0.9523809523809523,12,0.9523809523809523,12,0.9523809523809523,15,0.9523809523809523,31,0.9523809523809523,13,0.9523809523809523,29,0.9523809523809523,12,0.9523809523809523,12,0.9523809523809523,113,0.9523809523809523,145,0.9523809523809523,126,0.9523809523809523,236,0.9523809523809523,129,0.9523809523809523,286,0.9523809523809523,115,0.9523809523809523,274,0.9523809523809523,653,0.9523809523809523,1249,0.9423076923076923,588,0.9423076923076923,1175,0.9423076923076923,625,0.9423076923076923,1218,0.9423076923076923,628,0.9038461538461537,1327,0.9523809523809523,1279,0.9622641509433962,2215,0.9038461538461537,1312,0.8932038834951457,2524,0.9333333333333333,1250,0.9433962264150944,2346,0.9523809523809523,1232,0.9523809523809523,2437,0.923076923076923,3207,0.912621359223301,5312,0.8952380952380952,3195,0.8823529411764706,5537,0.923076923076923,3099,0.8952380952380952,5301,0.912621359223301,3145,0.9019607843137255,5412,0.9,6319,0.8952380952380952,9371,0.923076923076923,6213,0.84,9191,0.8686868686868686,6322,0.8210526315789474,9271,0.923076923076923,6244,0.8823529411764706,9180,0.8712871287128713,9394,0.8297872340425533,11566,0.84,9437,0.8297872340425533,11703,0.8823529411764706,9328,0.8316831683168316,11641,0.8484848484848485,9456,0.7999999999999999,11611,0.8421052631578948,11264,0.8297872340425533,12323,0.8297872340425533,11331,0.8297872340425533,12406,0.8297872340425533,11352,0.8297872340425533,12341,0.8210526315789474,11316,0.8297872340425533,12326,0.8297872340425533,39,0.8172043010752689
473,2,49,0.9333333333333333,0.9333333333333333,11,0.9333333333333333,27,0.9333333333333333,11,0.9333333333333333,43,0.9333333333333333,13,0.9333333333333333,29,0.9333333333333333,7,0.9333333333333333,7,0.9333333333333333,125,0.9333333333333333,251,0.9333333333333333,113,0.9333333333333333,256,0.9333333333333333,115,0.9333333333333333,290,0.9333333333333333,138,0.9333333333333333,266,0.9532710280373832,637,0.9532710280373832,1153,0.9333333333333333,633,0.9333333333333333,1165,0.9433962264150945,615,0.9532710280373832,1177,0.9433962264150945,652,0.9333333333333333,1177,0.9433962264150945,1254,0.9433962264150945,2226,0.9433962264150945,1320,0.9019607843137255,2418,0.9433962264150945,1264,0.9038461538461539,2366,0.9433962264150945,1290,0.9532710280373832,2096,0.9532710280373832,3170,0.8316831683168316,5588,0.9126213592233009,3134,0.9038461538461539,5644,0.854368932038835,3154,0.8247422680412371,5493,0.9038461538461539,3167,0.923076923076923,5373,0.9019607843137255,6301,0.8125,9126,0.8490566037735849,6225,0.8041237113402062,9270,0.8712871287128713,6140,0.8484848484848485,9015,0.9357798165137615,6350,0.8952380952380952,9219,0.82,9453,0.8125,11662,0.8316831683168316,9463,0.8484848484848485,11537,0.7959183673469388,9438,0.8125,11696,0.8282828282828282,9398,0.8125,11600,0.8247422680412371,11331,0.8125,12368,0.8125,11295,0.8125,12387,0.836734693877551,11341,0.8125,12404,0.8247422680412371,11315,0.8125,12346,0.8125,40,0.7741935483870968
474,2,49,0.9142857142857143,0.9142857142857143,6,0.9142857142857143,6,0.9142857142857143,11,0.9142857142857143,11,0.9142857142857143,10,0.9142857142857143,10,0.9142857142857143,18,0.9142857142857143,18,0.9142857142857143,113,0.9142857142857143,225,0.9142857142857143,142,0.9142857142857143,254,0.9142857142857143,120,0.9142857142857143,261,0.9142857142857143,121,0.9142857142857143,200,0.9245283018867924,628,0.9245283018867924,1116,0.9142857142857143,615,0.8952380952380952,1162,0.9142857142857143,619,0.9245283018867924,1139,0.9245283018867924,634,0.9345794392523364,1327,0.9056603773584904,1275,0.8737864077669905,2314,0.9142857142857143,1277,0.9245283018867924,2316,0.9142857142857143,1240,0.9245283018867924,2263,0.9126213592233009,1265,0.8932038834951456,2180,0.9245283018867924,3153,0.8349514563106796,5443,0.8761904761904763,3046,0.8461538461538461,5184,0.8846153846153847,3120,0.8118811881188118,5207,0.9345794392523364,3073,0.9245283018867924,5109,0.854368932038835,6309,0.8484848484848485,9234,0.8679245283018867,6200,0.819047619047619,9206,0.854368932038835,6240,0.7789473684210526,9093,0.836734693877551,6196,0.8514851485148515,9125,0.7835051546391752,9435,0.8080808080808081,11591,0.836734693877551,9464,0.8163265306122449,11607,0.792079207920792,9441,0.8125,11618,0.8163265306122449,9447,0.8080808080808081,11673,0.8163265306122449,11297,0.8080808080808081,12353,0.8737864077669905,11301,0.8080808080808081,12361,0.7647058823529412,11318,0.8080808080808081,12340,0.8316831683168316,11308,0.8080808080808081,12319,0.8080808080808081,43,0.8
475,2,49,0.9333333333333333,0.9333333333333333,11,0.9333333333333333,11,0.9333333333333333,17,0.9333333333333333,17,0.9333333333333333,13,0.9333333333333333,29,0.9333333333333333,15,0.9333333333333333,15,0.9333333333333333,122,0.9333333333333333,374,0.9333333333333333,127,0.9333333333333333,285,0.9333333333333333,122,0.9333333333333333,295,0.9142857142857143,121,0.9142857142857143,249,0.9333333333333333,631,0.9333333333333333,1106,0.9333333333333333,618,0.9333333333333333,1073,0.9333333333333333,630,0.9433962264150945,1066,0.9245283018867924,618,0.8867924528301886,1206,0.9245283018867924,1276,0.9056603773584904,2254,0.9038461538461539,1220,0.9019607843137255,2257,0.9333333333333333,1259,0.9333333333333333,2308,0.9142857142857143,1228,0.9345794392523364,2415,0.88,3086,0.8823529411764706,5042,0.9158878504672897,3094,0.8932038834951456,5251,0.9038461538461539,3192,0.8316831683168316,5128,0.9433962264150945,3154,0.8952380952380952,5458,0.8431372549019608,6280,0.8247422680412371,9175,0.8316831683168316,6319,0.8316831683168316,9331,0.8484848484848485,6252,0.8085106382978724,9128,0.8484848484848485,6329,0.8125,9357,0.8686868686868687,9437,0.7835051546391752,11572,0.836734693877551,9475,0.8125,11760,0.8,9438,0.7835051546391752,11725,0.8571428571428571,9453,0.7916666666666667,11657,0.7916666666666667,11280,0.7835051546391752,12319,0.8125,11334,0.8041237113402062,12428,0.836734693877551,11277,0.7835051546391752,12338,0.82,11355,0.7835051546391752,12388,0.7835051546391752,41,0.782608695652174
476,2,48,0.923076923076923,0.923076923076923,18,0.923076923076923,18,0.923076923076923,19,0.923076923076923,35,0.923076923076923,15,0.923076923076923,31,0.923076923076923,17,0.923076923076923,17,0.9038461538461539,127,0.8932038834951456,316,0.923076923076923,138,0.923076923076923,281,0.923076923076923,101,0.923076923076923,212,0.923076923076923,125,0.923076923076923,250,0.923076923076923,611,0.923076923076923,1274,0.923076923076923,616,0.8932038834951456,1197,0.9126213592233009,640,0.923076923076923,1167,0.9038461538461539,553,0.9038461538461539,1165,0.9019607843137255,1276,0.9019607843137255,2471,0.9019607843137255,1244,0.9126213592233009,2475,0.9126213592233009,1215,0.9126213592233009,2324,0.8932038834951456,1221,0.8514851485148515,2322,0.8737864077669905,3048,0.8761904761904763,4906,0.9019607843137255,3129,0.8823529411764706,5457,0.8703703703703703,3215,0.8846153846153847,5585,0.8910891089108911,3115,0.9142857142857143,5226,0.8,6185,0.8041237113402062,9110,0.8282828282828282,6251,0.8484848484848485,9508,0.854368932038835,6260,0.7916666666666667,9259,0.8039215686274508,6272,0.8235294117647057,9312,0.8125,9333,0.8125,11735,0.8041237113402062,9435,0.8,11607,0.7878787878787877,9415,0.8,11498,0.8282828282828282,9486,0.8125,11741,0.836734693877551,11286,0.8125,12321,0.8247422680412371,11293,0.8125,12383,0.8041237113402062,11293,0.8125,12400,0.8125,11324,0.8125,12345,0.8125,40,0.7608695652173912
477,2,47,0.9215686274509803,0.9215686274509803,15,0.9215686274509803,31,0.9215686274509803,11,0.9215686274509803,11,0.9215686274509803,11,0.9215686274509803,11,0.9215686274509803,13,0.9215686274509803,13,0.9215686274509803,148,0.9215686274509803,243,0.9215686274509803,113,0.9215686274509803,209,0.9215686274509803,121,0.9108910891089108,184,0.9215686274509803,119,0.9215686274509803,214,0.9320388349514563,594,0.9215686274509803,1129,0.9215686274509803,660,0.9215686274509803,1208,0.9108910891089108,575,0.9,1205,0.9108910891089108,621,0.9,1273,0.9108910891089108,1221,0.845360824742268,2193,0.9108910891089108,1249,0.9108910891089108,2316,0.9108910891089108,1240,0.9215686274509803,2297,0.9215686274509803,1324,0.8514851485148516,2418,0.9019607843137255,3173,0.9019607843137255,5366,0.8686868686868686,3043,0.8282828282828283,5301,0.9215686274509803,3173,0.8367346938775511,5127,0.9215686274509803,3152,0.9320388349514563,5238,0.8210526315789474,6280,0.7555555555555554,9153,0.8571428571428571,6257,0.8125,9087,0.8484848484848485,6211,0.7789473684210527,8986,0.8210526315789474,6272,0.7741935483870966,9222,0.8,9380,0.7659574468085106,11693,0.7789473684210527,9399,0.7391304347826088,11670,0.7692307692307692,9412,0.782608695652174,11694,0.7391304347826088,9385,0.7472527472527473,11598,0.7311827956989247,11275,0.7391304347826088,12339,0.7555555555555554,11287,0.7391304347826088,12384,0.7391304347826088,11292,0.7391304347826088,12370,0.723404255319149,11298,0.7391304347826088,12369,0.7391304347826088,37,0.7111111111111111
478,1,35,0.8354430379746834,0.8354430379746834,24,0.8354430379746834,88,0.8354430379746834,14,0.8354430379746834,30,0.8354430379746834,15,0.8354430379746834,31,0.8354430379746834,17,0.8354430379746834,17,0.8354430379746834,124,0.8354430379746834,203,0.8354430379746834,118,0.8354430379746834,214,0.8354430379746834,116,0.8354430379746834,257,0.8354430379746834,133,0.8354430379746834,276,0.8354430379746834,602,0.8354430379746834,1178,0.8354430379746834,621,0.8354430379746834,1315,0.8354430379746834,592,0.8354430379746834,1004,0.8354430379746834,626,0.8354430379746834,1195,0.8354430379746834,1274,0.8354430379746834,2338,0.8354430379746834,1236,0.8354430379746834,2432,0.8354430379746834,1266,0.8354430379746834,2436,0.8354430379746834,1259,0.8354430379746834,2390,0.8354430379746834,3105,0.8354430379746834,5189,0.8354430379746834,3076,0.8354430379746834,5250,0.8354430379746834,3195,0.8354430379746834,5409,0.8354430379746834,3151,0.8354430379746834,5381,0.8354430379746834,6205,0.8354430379746834,9043,0.8354430379746834,6314,0.8354430379746834,9078,0.8354430379746834,6335,0.8354430379746834,9244,0.8354430379746834,6226,0.8354430379746834,9161,0.8354430379746834,9377,0.8354430379746834,11650,0.8354430379746834,9373,0.8354430379746834,11618,0.8354430379746834,9416,0.8354430379746834,11672,0.8354430379746834,9376,0.8354430379746834,11632,0.8354430379746834,11331,0.8354430379746834,12350,0.8354430379746834,11310,0.8354430379746834,12362,0.8354430379746834,11358,0.8354430379746834,12404,0.8354430379746834,11349,0.8354430379746834,12397,0.8354430379746834,35,0.8354430379746834
479,1,34,0.8607594936708861,0.8607594936708861,7,0.8607594936708861,7,0.8607594936708861,17,0.8607594936708861,17,0.8607594936708861,10,0.8607594936708861,10,0.8607594936708861,13,0.8607594936708861,13,0.8607594936708861,135,0.8607594936708861,325,0.8607594936708861,149,0.8607594936708861,274,0.8607594936708861,119,0.8607594936708861,231,0.8607594936708861,138,0.8607594936708861,250,0.8607594936708861,634,0.8607594936708861,1128,0.8607594936708861,617,0.8607594936708861,1147,0.8607594936708861,642,0.8607594936708861,1247,0.8607594936708861,600,0.8607594936708861,1153,0.8607594936708861,1243,0.8607594936708861,2197,0.8607594936708861,1267,0.8607594936708861,2462,0.8607594936708861,1239,0.8607594936708861,2325,0.8607594936708861,1324,0.8607594936708861,2375,0.8607594936708861,3199,0.8607594936708861,5489,0.8607594936708861,3106,0.8607594936708861,5588,0.8607594936708861,3193,0.8607594936708861,5491,0.8607594936708861,3139,0.8607594936708861,5075,0.8607594936708861,6255,0.8607594936708861,9297,0.8607594936708861,6277,0.8607594936708861,9314,0.8607594936708861,6337,0.8607594936708861,9333,0.8607594936708861,6328,0.8607594936708861,9124,0.8607594936708861,9432,0.8607594936708861,11594,0.8607594936708861,9420,0.8607594936708861,11608,0.8607594936708861,9418,0.8607594936708861,11626,0.8607594936708861,9429,0.8607594936708861,11545,0.8607594936708861,11260,0.8607594936708861,12425,0.8607594936708861,11344,0.8607594936708861,12388,0.8607594936708861,11328,0.8607594936708861,12338,0.8607594936708861,11362,0.8607594936708861,12363,0.8607594936708861,34,0.8607594936708861
480,1,37,0.8641975308641975,0.8641975308641975,12,0.8641975308641975,12,0.8641975308641975,11,0.8641975308641975,27,0.8641975308641975,16,0.8641975308641975,32,0.8641975308641975,13,0.8641975308641975,29,0.8641975308641975,125,0.8641975308641975,267,0.8641975308641975,132,0.8641975308641975,212,0.8641975308641975,128,0.8641975308641975,176,0.8641975308641975,135,0.8641975308641975,230,0.8641975308641975,583,0.8641975308641975,1116,0.8641975308641975,673,0.8641975308641975,1252,0.8641975308641975,609,0.8641975308641975,1122,0.8641975308641975,639,0.8641975308641975,1164,0.8641975308641975,1262,0.8641975308641975,2305,0.8641975308641975,1306,0.8641975308641975,2292,0.8641975308641975,1267,0.8641975308641975,2473,0.8641975308641975,1258,0.8641975308641975,2153,0.8641975308641975,3200,0.8641975308641975,5195,0.8641975308641975,3208,0.8641975308641975,5311,0.8641975308641975,3172,0.8641975308641975,5564,0.8641975308641975,3142,0.8641975308641975,5795,0.8641975308641975,6157,0.8641975308641975,9153,0.8641975308641975,6189,0.8641975308641975,9246,0.8641975308641975,6339,0.8641975308641975,9345,0.8641975308641975,6301,0.8641975308641975,9248,0.8641975308641975,9383,0.8641975308641975,11614,0.8641975308641975,9463,0.8641975308641975,11741,0.8641975308641975,9414,0.8641975308641975,11675,0.8641975308641975,9472,0.8641975308641975,11664,0.8641975308641975,11350,0.8641975308641975,12412,0.8641975308641975,11288,0.8641975308641975,12352,0.8641975308641975,11307,0.8641975308641975,12366,0.8641975308641975,11305,0.8641975308641975,12370,0.8641975308641975,37,0.8641975308641975
481,1,35,0.8571428571428571,0.8571428571428571,15,0.8571428571428571,31,0.8571428571428571,7,0.8571428571428571,22,0.8571428571428571,13,0.8571428571428571,29,0.8571428571428571,9,0.8571428571428571,9,0.8571428571428571,119,0.8571428571428571,245,0.8571428571428571,140,0.8571428571428571,187,0.8571428571428571,104,0.8571428571428571,230,0.8571428571428571,142,0.8571428571428571,253,0.8571428571428571,619,0.8571428571428571,1217,0.8571428571428571,632,0.8571428571428571,1098,0.8571428571428571,605,0.8571428571428571,1030,0.8571428571428571,620,0.8571428571428571,1241,0.8571428571428571,1275,0.8571428571428571,2316,0.8571428571428571,1245,0.8571428571428571,2304,0.8571428571428571,1305,0.8571428571428571,2356,0.8571428571428571,1258,0.8571428571428571,2523,0.8571428571428571,3255,0.8571428571428571,5655,0.8571428571428571,3141,0.8571428571428571,5373,0.8571428571428571,3114,0.8571428571428571,5290,0.8571428571428571,3186,0.8571428571428571,5428,0.8571428571428571,6307,0.8571428571428571,9320,0.8571428571428571,6296,0.8571428571428571,9392,0.8571428571428571,6192,0.8571428571428571,9195,0.8571428571428571,6322,0.8571428571428571,9312,0.8571428571428571,9404,0.8571428571428571,11595,0.8571428571428571,9417,0.8571428571428571,11680,0.8571428571428571,9323,0.8571428571428571,11616,0.8571428571428571,9410,0.8571428571428571,11666,0.8571428571428571,11319,0.8571428571428571,12345,0.8571428571428571,11300,0.8571428571428571,12398,0.8571428571428571,11307,0.8571428571428571,12385,0.8571428571428571,11340,0.8571428571428571,12392,0.8571428571428571,35,0.8571428571428571
482,1,34,0.8717948717948718,0.8717948717948718,18,0.8717948717948718,18,0.8717948717948718,13,0.8717948717948718,45,0.8717948717948718,8,0.8717948717948718,8,0.8717948717948718,11,0.8717948717948718,27,0.8717948717948718,143,0.8717948717948718,286,0.8717948717948718,121,0.8717948717948718,230,0.8717948717948718,115,0.8717948717948718,274,0.8717948717948718,127,0.8717948717948718,286,0.8717948717948718,621,0.8717948717948718,1159,0.8717948717948718,604,0.8717948717948718,1162,0.8717948717948718,619,0.8717948717948718,1139,0.8717948717948718,635,0.8717948717948718,1280,0.8717948717948718,1262,0.8717948717948718,2464,0.8717948717948718,1231,0.8717948717948718,2326,0.8717948717948718,1209,0.8717948717948718,2380,0.8717948717948718,1232,0.8717948717948718,2453,0.8717948717948718,3172,0.8717948717948718,5278,0.8717948717948718,3136,0.8717948717948718,5421,0.8717948717948718,3121,0.8717948717948718,5167,0.8717948717948718,3132,0.8717948717948718,5426,0.8717948717948718,6291,0.8717948717948718,9443,0.8717948717948718,6316,0.8717948717948718,9181,0.8717948717948718,6284,0.8717948717948718,9337,0.8717948717948718,6285,0.8717948717948718,9273,0.8717948717948718,9433,0.8717948717948718,11703,0.8717948717948718,9449,0.8717948717948718,11535,0.8717948717948718,9331,0.8717948717948718,11558,0.8717948717948718,9336,0.8717948717948718,11726,0.8717948717948718,11335,0.8717948717948718,12395,0.8717948717948718,11361,0.8717948717948718,12406,0.8717948717948718,11282,0.8717948717948718,12331,0.8717948717948718,11280,0.8717948717948718,12320,0.8717948717948718,34,0.8717948717948718
483,1,35,0.9090909090909091,0.9090909090909091,7,0.9090909090909091,7,0.9090909090909091,17,0.9090909090909091,33,0.9090909090909091,12,0.9090909090909091,12,0.9090909090909091,12,0.9090909090909091,44,0.9090909090909091,113,0.9090909090909091,253,0.9090909090909091,121,0.9090909090909091,199,0.9090909090909091,127,0.9090909090909091,236,0.9090909090909091,124,0.9090909090909091,204,0.9090909090909091,637,0.9090909090909091,1072,0.9090909090909091,619,0.9090909090909091,1205,0.9090909090909091,635,0.9090909090909091,1198,0.9090909090909091,652,0.9090909090909091,1194,0.9090909090909091,1325,0.9090909090909091,2175,0.9090909090909091,1246,0.9090909090909091,2497,0.9090909090909091,1187,0.9090909090909091,2188,0.9090909090909091,1262,0.9090909090909091,2392,0.9090909090909091,3113,0.9090909090909091,5321,0.9090909090909091,3155,0.9090909090909091,5419,0.9090909090909091,3129,0.9090909090909091,5441,0.9090909090909091,3124,0.9090909090909091,5285,0.9090909090909091,6269,0.9090909090909091,9284,0.9090909090909091,6309,0.9090909090909091,9139,0.9090909090909091,6227,0.9090909090909091,9198,0.9090909090909091,6217,0.9090909090909091,9218,0.9090909090909091,9390,0.9090909090909091,11698,0.9090909090909091,9488,0.9090909090909091,11706,0.9090909090909091,9384,0.9090909090909091,11566,0.9090909090909091,9409,0.9090909090909091,11675,0.9090909090909091,11290,0.9090909090909091,12383,0.9090909090909091,11303,0.9090909090909091,12369,0.9090909090909091,11292,0.9090909090909091,12353,0.9090909090909091,11278,0.9090909090909091,12376,0.9090909090909091,35,0.9090909090909091
484,1,36,0.875,0.875,14,0.875,14,0.875,10,0.875,10,0.875,7,0.875,22,0.875,16,0.875,16,0.875,128,0.875,240,0.875,130,0.875,242,0.875,133,0.875,165,0.875,120,0.875,264,0.875,630,0.875,1145,0.875,628,0.875,1221,0.875,622,0.875,1204,0.875,635,0.875,1150,0.875,1282,0.875,2331,0.875,1296,0.875,2535,0.875,1206,0.875,2135,0.875,1260,0.875,2336,0.875,3148,0.875,5490,0.875,3148,0.875,5314,0.875,3147,0.875,5391,0.875,3087,0.875,5478,0.875,6268,0.875,9268,0.875,6257,0.875,9410,0.875,6348,0.875,9261,0.875,6331,0.875,9230,0.875,9383,0.875,11636,0.875,9352,0.875,11579,0.875,9428,0.875,11734,0.875,9381,0.875,11604,0.875,11334,0.875,12405,0.875,11322,0.875,12383,0.875,11319,0.875,12388,0.875,11344,0.875,12380,0.875,36,0.875
485,1,34,0.75,0.75,14,0.75,14,0.75,15,0.75,31,0.75,16,0.75,48,0.75,11,0.75,11,0.75,125,0.75,220,0.75,153,0.75,201,0.75,120,0.75,262,0.75,99,0.75,163,0.75,593,0.75,1235,0.75,619,0.75,1185,0.75,632,0.75,1255,0.75,586,0.75,1135,0.75,1228,0.75,2404,0.75,1274,0.75,2482,0.75,1235,0.75,2437,0.75,1310,0.75,2329,0.75,3080,0.75,5104,0.75,3123,0.75,5024,0.75,3175,0.75,5154,0.75,3145,0.75,5269,0.75,6330,0.75,9282,0.75,6265,0.75,9016,0.75,6283,0.75,9224,0.75,6232,0.75,9260,0.75,9446,0.75,11666,0.75,9397,0.75,11592,0.75,9518,0.75,11698,0.75,9457,0.75,11689,0.75,11343,0.75,12393,0.75,11366,0.75,12377,0.75,11256,0.75,12376,0.75,11320,0.75,12382,0.75,34,0.75
486,1,34,0.8205128205128205,0.8205128205128205,15,0.8205128205128205,31,0.8205128205128205,16,0.8205128205128205,80,0.8205128205128205,15,0.8205128205128205,31,0.8205128205128205,20,0.8205128205128205,20,0.8205128205128205,139,0.8205128205128205,250,0.8205128205128205,128,0.8205128205128205,270,0.8205128205128205,118,0.8205128205128205,214,0.8205128205128205,138,0.8205128205128205,249,0.8205128205128205,607,0.8205128205128205,1134,0.8205128205128205,643,0.8205128205128205,1200,0.8205128205128205,627,0.8205128205128205,1100,0.8205128205128205,637,0.8205128205128205,1163,0.8205128205128205,1232,0.8205128205128205,2325,0.8205128205128205,1255,0.8205128205128205,2327,0.8205128205128205,1216,0.8205128205128205,2285,0.8205128205128205,1246,0.8205128205128205,2353,0.8205128205128205,3100,0.8205128205128205,5218,0.8205128205128205,3142,0.8205128205128205,5454,0.8205128205128205,3170,0.8205128205128205,5094,0.8205128205128205,3098,0.8205128205128205,5059,0.8205128205128205,6335,0.8205128205128205,9378,0.8205128205128205,6272,0.8205128205128205,9422,0.8205128205128205,6371,0.8205128205128205,9205,0.8205128205128205,6359,0.8205128205128205,9426,0.8205128205128205,9353,0.8205128205128205,11680,0.8205128205128205,9388,0.8205128205128205,11600,0.8205128205128205,9344,0.8205128205128205,11528,0.8205128205128205,9338,0.8205128205128205,11674,0.8205128205128205,11324,0.8205128205128205,12407,0.8205128205128205,11277,0.8205128205128205,12384,0.8205128205128205,11213,0.8205128205128205,12348,0.8205128205128205,11320,0.8205128205128205,12360,0.8205128205128205,34,0.8205128205128205
487,1,34,0.8101265822784811,0.8101265822784811,16,0.8101265822784811,48,0.8101265822784811,11,0.8101265822784811,11,0.8101265822784811,15,0.8101265822784811,47,0.8101265822784811,10,0.8101265822784811,10,0.8101265822784811,123,0.8101265822784811,266,0.8101265822784811,158,0.8101265822784811,286,0.8101265822784811,126,0.8101265822784811,269,0.8101265822784811,143,0.8101265822784811,301,0.8101265822784811,628,0.8101265822784811,1046,0.8101265822784811,615,0.8101265822784811,1176,0.8101265822784811,637,0.8101265822784811,1239,0.8101265822784811,664,0.8101265822784811,1227,0.8101265822784811,1226,0.8101265822784811,2245,0.8101265822784811,1308,0.8101265822784811,2443,0.8101265822784811,1221,0.8101265822784811,2155,0.8101265822784811,1310,0.8101265822784811,2296,0.8101265822784811,3134,0.8101265822784811,5388,0.8101265822784811,3195,0.8101265822784811,5490,0.8101265822784811,3156,0.8101265822784811,5490,0.8101265822784811,3186,0.8101265822784811,5370,0.8101265822784811,6214,0.8101265822784811,9142,0.8101265822784811,6324,0.8101265822784811,9458,0.8101265822784811,6314,0.8101265822784811,9155,0.8101265822784811,6269,0.8101265822784811,9319,0.8101265822784811,9391,0.8101265822784811,11627,0.8101265822784811,9454,0.8101265822784811,11723,0.8101265822784811,9406,0.8101265822784811,11561,0.8101265822784811,9498,0.8101265822784811,11539,0.8101265822784811,11299,0.8101265822784811,12373,0.8101265822784811,11229,0.8101265822784811,12370,0.8101265822784811,11356,0.8101265822784811,12362,0.8101265822784811,11239,0.8101265822784811,12341,0.8101265822784811,34,0.8101265822784811
488,1,34,0.846153846153846,0.846153846153846,19,0.846153846153846,19,0.846153846153846,15,0.846153846153846,47,0.846153846153846,12,0.846153846153846,28,0.846153846153846,10,0.846153846153846,10,0.846153846153846,117,0.846153846153846,276,0.846153846153846,132,0.846153846153846,306,0.846153846153846,122,0.846153846153846,326,0.846153846153846,130,0.846153846153846,257,0.846153846153846,619,0.846153846153846,1283,0.846153846153846,613,0.846153846153846,1245,0.846153846153846,589,0.846153846153846,1066,0.846153846153846,633,0.846153846153846,1088,0.846153846153846,1329,0.846153846153846,2511,0.846153846153846,1213,0.846153846153846,2096,0.846153846153846,1285,0.846153846153846,2287,0.846153846153846,1251,0.846153846153846,2127,0.846153846153846,3114,0.846153846153846,5365,0.846153846153846,3249,0.846153846153846,5473,0.846153846153846,3149,0.846153846153846,5476,0.846153846153846,3128,0.846153846153846,5540,0.846153846153846,6377,0.846153846153846,9397,0.846153846153846,6266,0.846153846153846,9449,0.846153846153846,6169,0.846153846153846,8919,0.846153846153846,6194,0.846153846153846,9005,0.846153846153846,9448,0.846153846153846,11651,0.846153846153846,9493,0.846153846153846,11667,0.846153846153846,9342,0.846153846153846,11587,0.846153846153846,9341,0.846153846153846,11589,0.846153846153846,11344,0.846153846153846,12350,0.846153846153846,11322,0.846153846153846,12397,0.846153846153846,11256,0.846153846153846,12360,0.846153846153846,11327,0.846153846153846,12397,0.846153846153846,34,0.846153846153846
489,1,33,0.810126582278481,0.810126582278481,12,0.810126582278481,28,0.810126582278481,15,0.810126582278481,15,0.810126582278481,9,0.810126582278481,9,0.810126582278481,13,0.810126582278481,13,0.810126582278481,127,0.810126582278481,222,0.810126582278481,128,0.810126582278481,303,0.810126582278481,130,0.810126582278481,210,0.810126582278481,120,0.810126582278481,295,0.810126582278481,627,0.810126582278481,1142,0.810126582278481,626,0.810126582278481,1356,0.810126582278481,676,0.810126582278481,1193,0.810126582278481,677,0.810126582278481,1257,0.810126582278481,1265,0.810126582278481,2312,0.810126582278481,1288,0.810126582278481,2409,0.810126582278481,1267,0.810126582278481,2306,0.810126582278481,1315,0.810126582278481,2549,0.810126582278481,3118,0.810126582278481,5469,0.810126582278481,3286,0.810126582278481,5528,0.810126582278481,3105,0.810126582278481,5361,0.810126582278481,3055,0.810126582278481,5159,0.810126582278481,6275,0.810126582278481,9176,0.810126582278481,6300,0.810126582278481,9308,0.810126582278481,6303,0.810126582278481,9301,0.810126582278481,6339,0.810126582278481,9216,0.810126582278481,9450,0.810126582278481,11543,0.810126582278481,9442,0.810126582278481,11572,0.810126582278481,9455,0.810126582278481,11718,0.810126582278481,9412,0.810126582278481,11638,0.810126582278481,11369,0.810126582278481,12418,0.810126582278481,11360,0.810126582278481,12404,0.810126582278481,11307,0.810126582278481,12332,0.810126582278481,11300,0.810126582278481,12418,0.810126582278481,33,0.810126582278481
490,1,34,0.8101265822784811,0.8101265822784811,17,0.8101265822784811,49,0.8101265822784811,14,0.8101265822784811,14,0.8101265822784811,12,0.8101265822784811,28,0.8101265822784811,10,0.8101265822784811,26,0.8101265822784811,124,0.8101265822784811,188,0.8101265822784811,123,0.8101265822784811,263,0.8101265822784811,116,0.8101265822784811,227,0.8101265822784811,137,0.8101265822784811,312,0.8101265822784811,611,0.8101265822784811,1197,0.8101265822784811,635,0.8101265822784811,1358,0.8101265822784811,622,0.8101265822784811,1137,0.8101265822784811,595,0.8101265822784811,1065,0.8101265822784811,1294,0.8101265822784811,2556,0.8101265822784811,1288,0.8101265822784811,2295,0.8101265822784811,1245,0.8101265822784811,2296,0.8101265822784811,1248,0.8101265822784811,2199,0.8101265822784811,3104,0.8101265822784811,5283,0.8101265822784811,3227,0.8101265822784811,5308,0.8101265822784811,3173,0.8101265822784811,5398,0.8101265822784811,3124,0.8101265822784811,5515,0.8101265822784811,6231,0.8101265822784811,9140,0.8101265822784811,6229,0.8101265822784811,8997,0.8101265822784811,6315,0.8101265822784811,9321,0.8101265822784811,6327,0.8101265822784811,9108,0.8101265822784811,9378,0.8101265822784811,11691,0.8101265822784811,9487,0.8101265822784811,11760,0.8101265822784811,9413,0.8101265822784811,11645,0.8101265822784811,9434,0.8101265822784811,11625,0.8101265822784811,11279,0.8101265822784811,12354,0.8101265822784811,11295,0.8101265822784811,12391,0.8101265822784811,11305,0.8101265822784811,12368,0.8101265822784811,11341,0.8101265822784811,12382,0.8101265822784811,34,0.8101265822784811
491,1,33,0.8205128205128205,0.8205128205128205,11,0.8205128205128205,27,0.8205128205128205,10,0.8205128205128205,26,0.8205128205128205,11,0.8205128205128205,11,0.8205128205128205,8,0.8205128205128205,8,0.8205128205128205,124,0.8205128205128205,252,0.8205128205128205,120,0.8205128205128205,228,0.8205128205128205,107,0.8205128205128205,170,0.8205128205128205,117,0.8205128205128205,181,0.8205128205128205,581,0.8205128205128205,1084,0.8205128205128205,610,0.8205128205128205,1054,0.8205128205128205,589,0.8205128205128205,1251,0.8205128205128205,583,0.8205128205128205,1119,0.8205128205128205,1195,0.8205128205128205,2335,0.8205128205128205,1217,0.8205128205128205,2286,0.8205128205128205,1279,0.8205128205128205,2183,0.8205128205128205,1286,0.8205128205128205,2428,0.8205128205128205,3198,0.8205128205128205,5684,0.8205128205128205,3080,0.8205128205128205,5295,0.8205128205128205,3123,0.8205128205128205,5250,0.8205128205128205,3169,0.8205128205128205,5336,0.8205128205128205,6229,0.8205128205128205,9125,0.8205128205128205,6223,0.8205128205128205,9129,0.8205128205128205,6235,0.8205128205128205,9173,0.8205128205128205,6244,0.8205128205128205,9182,0.8205128205128205,9457,0.8205128205128205,11697,0.8205128205128205,9446,0.8205128205128205,11600,0.8205128205128205,9338,0.8205128205128205,11655,0.8205128205128205,9373,0.8205128205128205,11599,0.8205128205128205,11312,0.8205128205128205,12388,0.8205128205128205,11345,0.8205128205128205,12366,0.8205128205128205,11270,0.8205128205128205,12363,0.8205128205128205,11352,0.8205128205128205,12382,0.8205128205128205,33,0.8205128205128205
492,1,31,0.7894736842105263,0.7894736842105263,9,0.7894736842105263,9,0.7894736842105263,12,0.7894736842105263,12,0.7894736842105263,12,0.7894736842105263,44,0.7894736842105263,12,0.7894736842105263,12,0.7894736842105263,126,0.7894736842105263,174,0.7894736842105263,120,0.7894736842105263,263,0.7894736842105263,133,0.7894736842105263,291,0.7894736842105263,120,0.7894736842105263,278,0.7894736842105263,566,0.7894736842105263,1123,0.7894736842105263,632,0.7894736842105263,1344,0.7894736842105263,637,0.7894736842105263,1242,0.7894736842105263,668,0.7894736842105263,1195,0.7894736842105263,1311,0.7894736842105263,2472,0.7894736842105263,1221,0.7894736842105263,2211,0.7894736842105263,1269,0.7894736842105263,2366,0.7894736842105263,1245,0.7894736842105263,2345,0.7894736842105263,3105,0.7894736842105263,5037,0.7894736842105263,3254,0.7894736842105263,5340,0.7894736842105263,3144,0.7894736842105263,5385,0.7894736842105263,3194,0.7894736842105263,5549,0.7894736842105263,6326,0.7894736842105263,9108,0.7894736842105263,6278,0.7894736842105263,9095,0.7894736842105263,6280,0.7894736842105263,9352,0.7894736842105263,6204,0.7894736842105263,9259,0.7894736842105263,9502,0.7894736842105263,11803,0.7894736842105263,9435,0.7894736842105263,11764,0.7894736842105263,9393,0.7894736842105263,11529,0.7894736842105263,9337,0.7894736842105263,11581,0.7894736842105263,11316,0.7894736842105263,12401,0.7894736842105263,11322,0.7894736842105263,12388,0.7894736842105263,11327,0.7894736842105263,12367,0.7894736842105263,11325,0.7894736842105263,12394,0.7894736842105263,31,0.7894736842105263
493,1,34,0.8148148148148149,0.8148148148148149,5,0.8148148148148149,5,0.8148148148148149,14,0.8148148148148149,14,0.8148148148148149,7,0.8148148148148149,7,0.8148148148148149,9,0.8148148148148149,25,0.8148148148148149,117,0.8148148148148149,165,0.8148148148148149,113,0.8148148148148149,320,0.8148148148148149,130,0.8148148148148149,209,0.8148148148148149,133,0.8148148148148149,244,0.8148148148148149,652,0.8148148148148149,1291,0.8148148148148149,638,0.8148148148148149,1207,0.8148148148148149,639,0.8148148148148149,1248,0.8148148148148149,649,0.8148148148148149,1354,0.8148148148148149,1256,0.8148148148148149,2223,0.8148148148148149,1222,0.8148148148148149,2426,0.8148148148148149,1330,0.8148148148148149,2518,0.8148148148148149,1270,0.8148148148148149,2379,0.8148148148148149,3118,0.8148148148148149,5716,0.8148148148148149,3146,0.8148148148148149,5555,0.8148148148148149,3083,0.8148148148148149,5296,0.8148148148148149,3156,0.8148148148148149,5527,0.8148148148148149,6298,0.8148148148148149,9188,0.8148148148148149,6352,0.8148148148148149,9370,0.8148148148148149,6406,0.8148148148148149,9258,0.8148148148148149,6253,0.8148148148148149,9171,0.8148148148148149,9402,0.8148148148148149,11601,0.8148148148148149,9333,0.8148148148148149,11646,0.8148148148148149,9527,0.8148148148148149,11662,0.8148148148148149,9389,0.8148148148148149,11609,0.8148148148148149,11364,0.8148148148148149,12396,0.8148148148148149,11291,0.8148148148148149,12390,0.8148148148148149,11345,0.8148148148148149,12391,0.8148148148148149,11265,0.8148148148148149,12365,0.8148148148148149,34,0.8148148148148149
494,1,36,0.8395061728395062,0.8395061728395062,10,0.8395061728395062,10,0.8395061728395062,13,0.8395061728395062,29,0.8395061728395062,11,0.8395061728395062,43,0.8395061728395062,7,0.8395061728395062,7,0.8395061728395062,113,0.8395061728395062,273,0.8395061728395062,129,0.8395061728395062,273,0.8395061728395062,133,0.8395061728395062,258,0.8395061728395062,131,0.8395061728395062,322,0.8395061728395062,654,0.8395061728395062,1262,0.8395061728395062,635,0.8395061728395062,1194,0.8395061728395062,596,0.8395061728395062,1086,0.8395061728395062,623,0.8395061728395062,1254,0.8395061728395062,1253,0.8395061728395062,2502,0.8395061728395062,1257,0.8395061728395062,2231,0.8395061728395062,1295,0.8395061728395062,2358,0.8395061728395062,1249,0.8395061728395062,2415,0.8395061728395062,3135,0.8395061728395062,5107,0.8395061728395062,3134,0.8395061728395062,5157,0.8395061728395062,3043,0.8395061728395062,5156,0.8395061728395062,3136,0.8395061728395062,5378,0.8395061728395062,6254,0.8395061728395062,9159,0.8395061728395062,6236,0.8395061728395062,9160,0.8395061728395062,6184,0.8395061728395062,9139,0.8395061728395062,6288,0.8395061728395062,9092,0.8395061728395062,9334,0.8395061728395062,11657,0.8395061728395062,9366,0.8395061728395062,11630,0.8395061728395062,9377,0.8395061728395062,11730,0.8395061728395062,9431,0.8395061728395062,11536,0.8395061728395062,11300,0.8395061728395062,12357,0.8395061728395062,11333,0.8395061728395062,12374,0.8395061728395062,11324,0.8395061728395062,12333,0.8395061728395062,11283,0.8395061728395062,12368,0.8395061728395062,36,0.8395061728395062
495,1,31,0.7894736842105263,0.7894736842105263,13,0.7894736842105263,29,0.7894736842105263,14,0.7894736842105263,30,0.7894736842105263,9,0.7894736842105263,9,0.7894736842105263,11,0.7894736842105263,11,0.7894736842105263,98,0.7894736842105263,177,0.7894736842105263,119,0.7894736842105263,167,0.7894736842105263,127,0.7894736842105263,239,0.7894736842105263,128,0.7894736842105263,222,0.7894736842105263,606,0.7894736842105263,1217,0.7894736842105263,602,0.7894736842105263,1035,0.7894736842105263,585,0.7894736842105263,1152,0.7894736842105263,636,0.7894736842105263,1228,0.7894736842105263,1245,0.7894736842105263,2308,0.7894736842105263,1199,0.7894736842105263,2290,0.7894736842105263,1234,0.7894736842105263,2194,0.7894736842105263,1235,0.7894736842105263,2203,0.7894736842105263,3062,0.7894736842105263,5214,0.7894736842105263,3157,0.7894736842105263,5350,0.7894736842105263,3068,0.7894736842105263,5378,0.7894736842105263,3189,0.7894736842105263,5495,0.7894736842105263,6274,0.7894736842105263,9163,0.7894736842105263,6223,0.7894736842105263,9136,0.7894736842105263,6327,0.7894736842105263,9242,0.7894736842105263,6251,0.7894736842105263,9220,0.7894736842105263,9420,0.7894736842105263,11582,0.7894736842105263,9358,0.7894736842105263,11654,0.7894736842105263,9397,0.7894736842105263,11682,0.7894736842105263,9462,0.7894736842105263,11636,0.7894736842105263,11293,0.7894736842105263,12366,0.7894736842105263,11317,0.7894736842105263,12409,0.7894736842105263,11390,0.7894736842105263,12403,0.7894736842105263,11325,0.7894736842105263,12364,0.7894736842105263,31,0.7894736842105263
496,1,32,0.8157894736842106,0.8157894736842106,15,0.8157894736842106,15,0.8157894736842106,17,0.8157894736842106,33,0.8157894736842106,5,0.8157894736842106,5,0.8157894736842106,10,0.8157894736842106,26,0.8157894736842106,138,0.8157894736842106,265,0.8157894736842106,127,0.8157894736842106,363,0.8157894736842106,128,0.8157894736842106,254,0.8157894736842106,125,0.8157894736842106,205,0.8157894736842106,657,0.8157894736842106,1098,0.8157894736842106,631,0.8157894736842106,1199,0.8157894736842106,657,0.8157894736842106,1119,0.8157894736842106,693,0.8157894736842106,1350,0.8157894736842106,1280,0.8157894736842106,2256,0.8157894736842106,1289,0.8157894736842106,2306,0.8157894736842106,1264,0.8157894736842106,2411,0.8157894736842106,1268,0.8157894736842106,2267,0.8157894736842106,3110,0.8157894736842106,5545,0.8157894736842106,3145,0.8157894736842106,5604,0.8157894736842106,3168,0.8157894736842106,5218,0.8157894736842106,3112,0.8157894736842106,5303,0.8157894736842106,6117,0.8157894736842106,9178,0.8157894736842106,6269,0.8157894736842106,9142,0.8157894736842106,6231,0.8157894736842106,9120,0.8157894736842106,6221,0.8157894736842106,9371,0.8157894736842106,9426,0.8157894736842106,11720,0.8157894736842106,9462,0.8157894736842106,11689,0.8157894736842106,9374,0.8157894736842106,11617,0.8157894736842106,9518,0.8157894736842106,11700,0.8157894736842106,11285,0.8157894736842106,12389,0.8157894736842106,11311,0.8157894736842106,12414,0.8157894736842106,11283,0.8157894736842106,12377,0.8157894736842106,11304,0.8157894736842106,12360,0.8157894736842106,32,0.8157894736842106
497,1,30,0.7837837837837838,0.7837837837837838,11,0.7837837837837838,11,0.7837837837837838,8,0.7837837837837838,24,0.7837837837837838,11,0.7837837837837838,11,0.7837837837837838,15,0.7837837837837838,31,0.7837837837837838,126,0.7837837837837838,238,0.7837837837837838,122,0.7837837837837838,154,0.7837837837837838,142,0.7837837837837838,302,0.7837837837837838,137,0.7837837837837838,216,0.7837837837837838,612,0.7837837837837838,1085,0.7837837837837838,631,0.7837837837837838,1221,0.7837837837837838,631,0.7837837837837838,1313,0.7837837837837838,607,0.7837837837837838,1166,0.7837837837837838,1281,0.7837837837837838,2474,0.7837837837837838,1221,0.7837837837837838,2268,0.7837837837837838,1323,0.7837837837837838,2327,0.7837837837837838,1247,0.7837837837837838,2125,0.7837837837837838,3141,0.7837837837837838,5369,0.7837837837837838,3105,0.7837837837837838,5213,0.7837837837837838,3028,0.7837837837837838,5238,0.7837837837837838,3127,0.7837837837837838,5326,0.7837837837837838,6269,0.7837837837837838,9264,0.7837837837837838,6308,0.7837837837837838,9188,0.7837837837837838,6386,0.7837837837837838,9455,0.7837837837837838,6301,0.7837837837837838,9291,0.7837837837837838,9473,0.7837837837837838,11709,0.7837837837837838,9392,0.7837837837837838,11622,0.7837837837837838,9451,0.7837837837837838,11604,0.7837837837837838,9405,0.7837837837837838,11525,0.7837837837837838,11301,0.7837837837837838,12362,0.7837837837837838,11309,0.7837837837837838,12396,0.7837837837837838,11322,0.7837837837837838,12369,0.7837837837837838,11322,0.7837837837837838,12380,0.7837837837837838,30,0.7837837837837838
498,1,33,0.8205128205128205,0.8205128205128205,20,0.8205128205128205,52,0.8205128205128205,11,0.8205128205128205,11,0.8205128205128205,9,0.8205128205128205,25,0.8205128205128205,21,0.8205128205128205,21,0.8205128205128205,113,0.8205128205128205,240,0.8205128205128205,127,0.8205128205128205,316,0.8205128205128205,141,0.8205128205128205,236,0.8205128205128205,130,0.8205128205128205,242,0.8205128205128205,623,0.8205128205128205,1355,0.8205128205128205,658,0.8205128205128205,1157,0.8205128205128205,630,0.8205128205128205,1181,0.8205128205128205,621,0.8205128205128205,1045,0.8205128205128205,1307,0.8205128205128205,2365,0.8205128205128205,1303,0.8205128205128205,2403,0.8205128205128205,1285,0.8205128205128205,2343,0.8205128205128205,1273,0.8205128205128205,2206,0.8205128205128205,3081,0.8205128205128205,5407,0.8205128205128205,3168,0.8205128205128205,5368,0.8205128205128205,3131,0.8205128205128205,5265,0.8205128205128205,3192,0.8205128205128205,5459,0.8205128205128205,6245,0.8205128205128205,9289,0.8205128205128205,6261,0.8205128205128205,9067,0.8205128205128205,6229,0.8205128205128205,9088,0.8205128205128205,6284,0.8205128205128205,9207,0.8205128205128205,9442,0.8205128205128205,11693,0.8205128205128205,9445,0.8205128205128205,11747,0.8205128205128205,9407,0.8205128205128205,11644,0.8205128205128205,9406,0.8205128205128205,11619,0.8205128205128205,11296,0.8205128205128205,12391,0.8205128205128205,11354,0.8205128205128205,12400,0.8205128205128205,11316,0.8205128205128205,12340,0.8205128205128205,11347,0.8205128205128205,12371,0.8205128205128205,33,0.8205128205128205
499,1,32,0.8157894736842106,0.8157894736842106,16,0.8157894736842106,32,0.8157894736842106,15,0.8157894736842106,79,0.8157894736842106,15,0.8157894736842106,31,0.8157894736842106,7,0.8157894736842106,7,0.8157894736842106,130,0.8157894736842106,257,0.8157894736842106,123,0.8157894736842106,203,0.8157894736842106,109,0.8157894736842106,203,0.8157894736842106,119,0.8157894736842106,244,0.8157894736842106,627,0.8157894736842106,1222,0.8157894736842106,615,0.8157894736842106,1246,0.8157894736842106,633,0.8157894736842106,1168,0.8157894736842106,617,0.8157894736842106,1087,0.8157894736842106,1257,0.8157894736842106,2382,0.8157894736842106,1188,0.8157894736842106,2016,0.8157894736842106,1278,0.8157894736842106,2335,0.8157894736842106,1214,0.8157894736842106,2284,0.8157894736842106,3156,0.8157894736842106,5476,0.8157894736842106,3120,0.8157894736842106,5416,0.8157894736842106,3159,0.8157894736842106,5154,0.8157894736842106,3126,0.8157894736842106,5275,0.8157894736842106,6337,0.8157894736842106,9300,0.8157894736842106,6252,0.8157894736842106,9339,0.8157894736842106,6322,0.8157894736842106,9382,0.8157894736842106,6267,0.8157894736842106,9239,0.8157894736842106,9461,0.8157894736842106,11754,0.8157894736842106,9424,0.8157894736842106,11611,0.8157894736842106,9357,0.8157894736842106,11627,0.8157894736842106,9331,0.8157894736842106,11638,0.8157894736842106,11300,0.8157894736842106,12387,0.8157894736842106,11255,0.8157894736842106,12355,0.8157894736842106,11341,0.8157894736842106,12387,0.8157894736842106,11293,0.8157894736842106,12392,0.8157894736842106,32,0.8157894736842106
500,1,35,0.8831168831168832,0.8831168831168832,14,0.8831168831168832,14,0.8831168831168832,9,0.8831168831168832,9,0.8831168831168832,10,0.8831168831168832,26,0.8831168831168832,11,0.8831168831168832,11,0.8831168831168832,123,0.8831168831168832,231,0.8831168831168832,124,0.8831168831168832,204,0.8831168831168832,128,0.8831168831168832,255,0.8831168831168832,141,0.8831168831168832,344,0.8831168831168832,644,0.8831168831168832,1085,0.8831168831168832,626,0.8831168831168832,1189,0.8831168831168832,650,0.8831168831168832,1154,0.8831168831168832,623,0.8831168831168832,1063,0.8831168831168832,1249,0.8831168831168832,2452,0.8831168831168832,1193,0.8831168831168832,2166,0.8831168831168832,1232,0.8831168831168832,2392,0.8831168831168832,1278,0.8831168831168832,2336,0.8831168831168832,3127,0.8831168831168832,5286,0.8831168831168832,3125,0.8831168831168832,5204,0.8831168831168832,3013,0.8831168831168832,5140,0.8831168831168832,3053,0.8831168831168832,5386,0.8831168831168832,6332,0.8831168831168832,9233,0.8831168831168832,6267,0.8831168831168832,9181,0.8831168831168832,6325,0.8831168831168832,9396,0.8831168831168832,6287,0.8831168831168832,9198,0.8831168831168832,9426,0.8831168831168832,11734,0.8831168831168832,9384,0.8831168831168832,11573,0.8831168831168832,9354,0.8831168831168832,11614,0.8831168831168832,9399,0.8831168831168832,11735,0.8831168831168832,11278,0.8831168831168832,12379,0.8831168831168832,11324,0.8831168831168832,12389,0.8831168831168832,11344,0.8831168831168832,12376,0.8831168831168832,11296,0.8831168831168832,12360,0.8831168831168832,35,0.8831168831168832
501,1,34,0.8571428571428571,0.8571428571428571,16,0.8571428571428571,48,0.8571428571428571,17,0.8571428571428571,33,0.8571428571428571,10,0.8571428571428571,26,0.8571428571428571,15,0.8571428571428571,47,0.8571428571428571,139,0.8571428571428571,203,0.8571428571428571,107,0.8571428571428571,187,0.8571428571428571,147,0.8571428571428571,226,0.8571428571428571,125,0.8571428571428571,299,0.8571428571428571,633,0.8571428571428571,1281,0.8571428571428571,639,0.8571428571428571,1182,0.8571428571428571,612,0.8571428571428571,1127,0.8571428571428571,623,0.8571428571428571,1052,0.8571428571428571,1207,0.8571428571428571,2346,0.8571428571428571,1241,0.8571428571428571,2164,0.8571428571428571,1208,0.8571428571428571,2204,0.8571428571428571,1280,0.8571428571428571,2443,0.8571428571428571,3190,0.8571428571428571,5395,0.8571428571428571,3172,0.8571428571428571,5354,0.8571428571428571,3081,0.8571428571428571,5363,0.8571428571428571,3161,0.8571428571428571,5440,0.8571428571428571,6375,0.8571428571428571,9214,0.8571428571428571,6306,0.8571428571428571,9195,0.8571428571428571,6245,0.8571428571428571,9295,0.8571428571428571,6373,0.8571428571428571,9459,0.8571428571428571,9393,0.8571428571428571,11680,0.8571428571428571,9448,0.8571428571428571,11584,0.8571428571428571,9439,0.8571428571428571,11654,0.8571428571428571,9418,0.8571428571428571,11515,0.8571428571428571,11289,0.8571428571428571,12347,0.8571428571428571,11313,0.8571428571428571,12387,0.8571428571428571,11320,0.8571428571428571,12404,0.8571428571428571,11275,0.8571428571428571,12367,0.8571428571428571,34,0.8571428571428571
502,1,32,0.8378378378378379,0.8378378378378379,12,0.8378378378378379,12,0.8378378378378379,10,0.8378378378378379,26,0.8378378378378379,14,0.8378378378378379,30,0.8378378378378379,9,0.8378378378378379,9,0.8378378378378379,123,0.8378378378378379,235,0.8378378378378379,120,0.8378378378378379,232,0.8378378378378379,130,0.8378378378378379,194,0.8378378378378379,144,0.8378378378378379,444,0.8378378378378379,637,0.8378378378378379,1137,0.8378378378378379,638,0.8378378378378379,1140,0.8378378378378379,601,0.8378378378378379,964,0.8378378378378379,627,0.8378378378378379,1360,0.8378378378378379,1236,0.8378378378378379,2199,0.8378378378378379,1247,0.8378378378378379,2403,0.8378378378378379,1292,0.8378378378378379,2271,0.8378378378378379,1247,0.8378378378378379,2382,0.8378378378378379,3275,0.8378378378378379,5598,0.8378378378378379,3199,0.8378378378378379,5504,0.8378378378378379,3169,0.8378378378378379,5536,0.8378378378378379,3136,0.8378378378378379,5326,0.8378378378378379,6311,0.8378378378378379,9287,0.8378378378378379,6285,0.8378378378378379,9235,0.8378378378378379,6345,0.8378378378378379,9251,0.8378378378378379,6196,0.8378378378378379,9075,0.8378378378378379,9383,0.8378378378378379,11610,0.8378378378378379,9440,0.8378378378378379,11534,0.8378378378378379,9464,0.8378378378378379,11628,0.8378378378378379,9485,0.8378378378378379,11680,0.8378378378378379,11312,0.8378378378378379,12357,0.8378378378378379,11341,0.8378378378378379,12363,0.8378378378378379,11276,0.8378378378378379,12370,0.8378378378378379,11293,0.8378378378378379,12377,0.8378378378378379,32,0.8378378378378379
503,1,31,0.8493150684931507,0.8493150684931507,15,0.8493150684931507,15,0.8493150684931507,8,0.8493150684931507,40,0.8493150684931507,9,0.8493150684931507,9,0.8493150684931507,8,0.8493150684931507,24,0.8493150684931507,135,0.8493150684931507,275,0.8493150684931507,125,0.8493150684931507,251,0.8493150684931507,139,0.8493150684931507,265,0.8493150684931507,134,0.8493150684931507,244,0.8493150684931507,592,0.8493150684931507,1027,0.8493150684931507,636,0.8493150684931507,1356,0.8493150684931507,631,0.8493150684931507,1017,0.8493150684931507,613,0.8493150684931507,1229,0.8493150684931507,1223,0.8493150684931507,2222,0.8493150684931507,1241,0.8493150684931507,2380,0.8493150684931507,1244,0.8493150684931507,2469,0.8493150684931507,1280,0.8493150684931507,2358,0.8493150684931507,3075,0.8493150684931507,5264,0.8493150684931507,3097,0.8493150684931507,5377,0.8493150684931507,3083,0.8493150684931507,5382,0.8493150684931507,3175,0.8493150684931507,5428,0.8493150684931507,6250,0.8493150684931507,9074,0.8493150684931507,6247,0.8493150684931507,9205,0.8493150684931507,6251,0.8493150684931507,9083,0.8493150684931507,6182,0.8493150684931507,9414,0.8493150684931507,9496,0.8493150684931507,11638,0.8493150684931507,9463,0.8493150684931507,11561,0.8493150684931507,9403,0.8493150684931507,11690,0.8493150684931507,9379,0.8493150684931507,11548,0.8493150684931507,11313,0.8493150684931507,12398,0.8493150684931507,11326,0.8493150684931507,12344,0.8493150684931507,11357,0.8493150684931507,12340,0.8493150684931507,11327,0.8493150684931507,12379,0.8493150684931507,31,0.8493150684931507
504,1,33,0.8533333333333334,0.8533333333333334,9,0.8533333333333334,9,0.8533333333333334,13,0.8533333333333334,45,0.8533333333333334,15,0.8533333333333334,47,0.8533333333333334,17,0.8533333333333334,49,0.8533333333333334,148,0.8533333333333334,287,0.8533333333333334,94,0.8533333333333334,173,0.8533333333333334,117,0.8533333333333334,181,0.8533333333333334,128,0.8533333333333334,254,0.8533333333333334,633,0.8533333333333334,1069,0.8533333333333334,632,0.8533333333333334,1315,0.8533333333333334,654,0.8533333333333334,1154,0.8533333333333334,640,0.8533333333333334,1229,0.8533333333333334,1232,0.8533333333333334,2321,0.8533333333333334,1235,0.8533333333333334,2149,0.8533333333333334,1179,0.8533333333333334,2199,0.8533333333333334,1249,0.8533333333333334,2243,0.8533333333333334,3161,0.8533333333333334,5355,0.8533333333333334,3119,0.8533333333333334,5135,0.8533333333333334,3089,0.8533333333333334,5391,0.8533333333333334,3162,0.8533333333333334,5461,0.8533333333333334,6252,0.8533333333333334,9087,0.8533333333333334,6325,0.8533333333333334,9358,0.8533333333333334,6271,0.8533333333333334,9056,0.8533333333333334,6312,0.8533333333333334,9451,0.8533333333333334,9370,0.8533333333333334,11587,0.8533333333333334,9365,0.8533333333333334,11668,0.8533333333333334,9362,0.8533333333333334,11590,0.8533333333333334,9462,0.8533333333333334,11590,0.8533333333333334,11220,0.8533333333333334,12335,0.8533333333333334,11290,0.8533333333333334,12364,0.8533333333333334,11315,0.8533333333333334,12352,0.8533333333333334,11349,0.8533333333333334,12325,0.8533333333333334,33,0.8533333333333334
505,1,31,0.8493150684931507,0.8493150684931507,11,0.8493150684931507,11,0.8493150684931507,13,0.8493150684931507,29,0.8493150684931507,12,0.8493150684931507,12,0.8493150684931507,15,0.8493150684931507,15,0.8493150684931507,125,0.8493150684931507,269,0.8493150684931507,116,0.8493150684931507,243,0.8493150684931507,119,0.8493150684931507,295,0.8493150684931507,105,0.8493150684931507,153,0.8493150684931507,616,0.8493150684931507,1074,0.8493150684931507,608,0.8493150684931507,1152,0.8493150684931507,623,0.8493150684931507,1054,0.8493150684931507,650,0.8493150684931507,1108,0.8493150684931507,1280,0.8493150684931507,2234,0.8493150684931507,1256,0.8493150684931507,2384,0.8493150684931507,1259,0.8493150684931507,2328,0.8493150684931507,1291,0.8493150684931507,2407,0.8493150684931507,3053,0.8493150684931507,5323,0.8493150684931507,3141,0.8493150684931507,5642,0.8493150684931507,3180,0.8493150684931507,5702,0.8493150684931507,3139,0.8493150684931507,5237,0.8493150684931507,6329,0.8493150684931507,9170,0.8493150684931507,6294,0.8493150684931507,9407,0.8493150684931507,6279,0.8493150684931507,9218,0.8493150684931507,6328,0.8493150684931507,9464,0.8493150684931507,9449,0.8493150684931507,11695,0.8493150684931507,9444,0.8493150684931507,11612,0.8493150684931507,9442,0.8493150684931507,11793,0.8493150684931507,9424,0.8493150684931507,11673,0.8493150684931507,11319,0.8493150684931507,12398,0.8493150684931507,11356,0.8493150684931507,12371,0.8493150684931507,11351,0.8493150684931507,12376,0.8493150684931507,11272,0.8493150684931507,12360,0.8493150684931507,31,0.8493150684931507
506,1,33,0.8533333333333334,0.8533333333333334,7,0.8533333333333334,7,0.8533333333333334,14,0.8533333333333334,30,0.8533333333333334,13,0.8533333333333334,29,0.8533333333333334,14,0.8533333333333334,30,0.8533333333333334,133,0.8533333333333334,259,0.8533333333333334,137,0.8533333333333334,247,0.8533333333333334,136,0.8533333333333334,232,0.8533333333333334,129,0.8533333333333334,241,0.8533333333333334,623,0.8533333333333334,1370,0.8533333333333334,654,0.8533333333333334,1201,0.8533333333333334,676,0.8533333333333334,1313,0.8533333333333334,630,0.8533333333333334,1212,0.8533333333333334,1206,0.8533333333333334,2328,0.8533333333333334,1276,0.8533333333333334,2199,0.8533333333333334,1267,0.8533333333333334,2398,0.8533333333333334,1247,0.8533333333333334,2354,0.8533333333333334,3149,0.8533333333333334,5283,0.8533333333333334,3088,0.8533333333333334,5316,0.8533333333333334,3107,0.8533333333333334,5348,0.8533333333333334,3178,0.8533333333333334,5350,0.8533333333333334,6388,0.8533333333333334,9289,0.8533333333333334,6310,0.8533333333333334,9268,0.8533333333333334,6234,0.8533333333333334,9356,0.8533333333333334,6210,0.8533333333333334,9457,0.8533333333333334,9451,0.8533333333333334,11600,0.8533333333333334,9490,0.8533333333333334,11628,0.8533333333333334,9443,0.8533333333333334,11644,0.8533333333333334,9522,0.8533333333333334,11666,0.8533333333333334,11286,0.8533333333333334,12348,0.8533333333333334,11278,0.8533333333333334,12355,0.8533333333333334,11273,0.8533333333333334,12379,0.8533333333333334,11292,0.8533333333333334,12371,0.8533333333333334,33,0.8533333333333334
507,1,33,0.88,0.88,9,0.88,25,0.88,19,0.88,35,0.88,12,0.88,28,0.88,10,0.88,10,0.88,125,0.88,220,0.88,126,0.88,220,0.88,143,0.88,270,0.88,129,0.88,255,0.88,612,0.88,1160,0.88,617,0.88,1065,0.88,590,0.88,1073,0.88,654,0.88,1283,0.88,1223,0.88,2168,0.88,1233,0.88,2400,0.88,1258,0.88,2258,0.88,1286,0.88,2495,0.88,3140,0.88,5285,0.88,3172,0.88,5594,0.88,3146,0.88,5311,0.88,3153,0.88,5369,0.88,6201,0.88,9089,0.88,6184,0.88,9009,0.88,6170,0.88,9222,0.88,6208,0.88,9087,0.88,9427,0.88,11636,0.88,9401,0.88,11548,0.88,9409,0.88,11748,0.88,9444,0.88,11637,0.88,11280,0.88,12370,0.88,11311,0.88,12396,0.88,11316,0.88,12386,0.88,11289,0.88,12354,0.88,33,0.88
508,1,32,0.8767123287671234,0.8767123287671234,15,0.8767123287671234,15,0.8767123287671234,13,0.8767123287671234,13,0.8767123287671234,18,0.8767123287671234,50,0.8767123287671234,13,0.8767123287671234,13,0.8767123287671234,127,0.8767123287671234,285,0.8767123287671234,125,0.8767123287671234,203,0.8767123287671234,149,0.8767123287671234,229,0.8767123287671234,129,0.8767123287671234,224,0.8767123287671234,605,0.8767123287671234,1116,0.8767123287671234,597,0.8767123287671234,1121,0.8767123287671234,669,0.8767123287671234,1363,0.8767123287671234,641,0.8767123287671234,1267,0.8767123287671234,1246,0.8767123287671234,2185,0.8767123287671234,1249,0.8767123287671234,2388,0.8767123287671234,1248,0.8767123287671234,2168,0.8767123287671234,1230,0.8767123287671234,2326,0.8767123287671234,3110,0.8767123287671234,5286,0.8767123287671234,3098,0.8767123287671234,5403,0.8767123287671234,3157,0.8767123287671234,5379,0.8767123287671234,3145,0.8767123287671234,5493,0.8767123287671234,6210,0.8767123287671234,9250,0.8767123287671234,6325,0.8767123287671234,9339,0.8767123287671234,6240,0.8767123287671234,9240,0.8767123287671234,6277,0.8767123287671234,9258,0.8767123287671234,9404,0.8767123287671234,11628,0.8767123287671234,9519,0.8767123287671234,11756,0.8767123287671234,9384,0.8767123287671234,11657,0.8767123287671234,9397,0.8767123287671234,11622,0.8767123287671234,11328,0.8767123287671234,12381,0.8767123287671234,11295,0.8767123287671234,12378,0.8767123287671234,11339,0.8767123287671234,12382,0.8767123287671234,11337,0.8767123287671234,12386,0.8767123287671234,32,0.8767123287671234
509,1,32,0.8378378378378379,0.8378378378378379,9,0.8378378378378379,9,0.8378378378378379,8,0.8378378378378379,8,0.8378378378378379,10,0.8378378378378379,10,0.8378378378378379,18,0.8378378378378379,18,0.8378378378378379,117,0.8378378378378379,197,0.8378378378378379,144,0.8378378378378379,256,0.8378378378378379,131,0.8378378378378379,211,0.8378378378378379,128,0.8378378378378379,270,0.8378378378378379,638,0.8378378378378379,1213,0.8378378378378379,591,0.8378378378378379,1082,0.8378378378378379,619,0.8378378378378379,1085,0.8378378378378379,665,0.8378378378378379,1274,0.8378378378378379,1308,0.8378378378378379,2309,0.8378378378378379,1206,0.8378378378378379,2183,0.8378378378378379,1204,0.8378378378378379,2124,0.8378378378378379,1287,0.8378378378378379,2278,0.8378378378378379,3052,0.8378378378378379,5190,0.8378378378378379,3155,0.8378378378378379,5289,0.8378378378378379,3262,0.8378378378378379,5190,0.8378378378378379,3104,0.8378378378378379,5352,0.8378378378378379,6333,0.8378378378378379,9617,0.8378378378378379,6329,0.8378378378378379,9320,0.8378378378378379,6317,0.8378378378378379,9461,0.8378378378378379,6245,0.8378378378378379,9141,0.8378378378378379,9450,0.8378378378378379,11560,0.8378378378378379,9529,0.8378378378378379,11692,0.8378378378378379,9443,0.8378378378378379,11684,0.8378378378378379,9484,0.8378378378378379,11702,0.8378378378378379,11272,0.8378378378378379,12363,0.8378378378378379,11318,0.8378378378378379,12419,0.8378378378378379,11309,0.8378378378378379,12359,0.8378378378378379,11289,0.8378378378378379,12388,0.8378378378378379,32,0.8378378378378379
510,1,33,0.8266666666666667,0.8266666666666667,6,0.8266666666666667,6,0.8266666666666667,19,0.8266666666666667,35,0.8266666666666667,13,0.8266666666666667,29,0.8266666666666667,12,0.8266666666666667,28,0.8266666666666667,109,0.8266666666666667,220,0.8266666666666667,102,0.8266666666666667,134,0.8266666666666667,136,0.8266666666666667,245,0.8266666666666667,120,0.8266666666666667,263,0.8266666666666667,582,0.8266666666666667,1149,0.8266666666666667,649,0.8266666666666667,1189,0.8266666666666667,634,0.8266666666666667,1218,0.8266666666666667,636,0.8266666666666667,1241,0.8266666666666667,1241,0.8266666666666667,2219,0.8266666666666667,1241,0.8266666666666667,2436,0.8266666666666667,1283,0.8266666666666667,2451,0.8266666666666667,1282,0.8266666666666667,2389,0.8266666666666667,3213,0.8266666666666667,5442,0.8266666666666667,3139,0.8266666666666667,5342,0.8266666666666667,3127,0.8266666666666667,5479,0.8266666666666667,3091,0.8266666666666667,5260,0.8266666666666667,6277,0.8266666666666667,9167,0.8266666666666667,6290,0.8266666666666667,9200,0.8266666666666667,6268,0.8266666666666667,9180,0.8266666666666667,6296,0.8266666666666667,9088,0.8266666666666667,9410,0.8266666666666667,11557,0.8266666666666667,9396,0.8266666666666667,11643,0.8266666666666667,9377,0.8266666666666667,11599,0.8266666666666667,9363,0.8266666666666667,11634,0.8266666666666667,11271,0.8266666666666667,12352,0.8266666666666667,11333,0.8266666666666667,12351,0.8266666666666667,11334,0.8266666666666667,12396,0.8266666666666667,11293,0.8266666666666667,12356,0.8266666666666667,33,0.8266666666666667
511,1,36,0.9333333333333333,0.9333333333333333,16,0.9333333333333333,32,0.9333333333333333,18,0.9333333333333333,34,0.9333333333333333,10,0.9333333333333333,10,0.9333333333333333,23,0.9333333333333333,23,0.9333333333333333,118,0.9333333333333333,197,0.9333333333333333,127,0.9333333333333333,159,0.9333333333333333,125,0.9333333333333333,285,0.9333333333333333,108,0.9333333333333333,235,0.9333333333333333,587,0.9333333333333333,1021,0.9333333333333333,587,0.9333333333333333,1014,0.9333333333333333,630,0.9333333333333333,1167,0.9333333333333333,664,0.9333333333333333,1273,0.9333333333333333,1309,0.9333333333333333,2539,0.9333333333333333,1280,0.9333333333333333,2245,0.9333333333333333,1244,0.9333333333333333,2435,0.9333333333333333,1308,0.9333333333333333,2210,0.9333333333333333,3117,0.9333333333333333,5414,0.9333333333333333,3127,0.9333333333333333,4993,0.9333333333333333,3149,0.9333333333333333,5443,0.9333333333333333,3216,0.9333333333333333,5247,0.9333333333333333,6273,0.9333333333333333,9383,0.9333333333333333,6305,0.9333333333333333,9496,0.9333333333333333,6237,0.9333333333333333,9398,0.9333333333333333,6311,0.9333333333333333,9479,0.9333333333333333,9484,0.9333333333333333,11648,0.9333333333333333,9405,0.9333333333333333,11580,0.9333333333333333,9396,0.9333333333333333,11648,0.9333333333333333,9455,0.9333333333333333,11704,0.9333333333333333,11337,0.9333333333333333,12404,0.9333333333333333,11255,0.9333333333333333,12303,0.9333333333333333,11325,0.9333333333333333,12371,0.9333333333333333,11355,0.9333333333333333,12391,0.9333333333333333,36,0.9333333333333333
512,1,35,0.8947368421052632,0.8947368421052632,7,0.8947368421052632,23,0.8947368421052632,12,0.8947368421052632,28,0.8947368421052632,12,0.8947368421052632,12,0.8947368421052632,13,0.8947368421052632,29,0.8947368421052632,118,0.8947368421052632,325,0.8947368421052632,133,0.8947368421052632,227,0.8947368421052632,126,0.8947368421052632,205,0.8947368421052632,137,0.8947368421052632,280,0.8947368421052632,622,0.8947368421052632,1130,0.8947368421052632,672,0.8947368421052632,1244,0.8947368421052632,667,0.8947368421052632,1331,0.8947368421052632,698,0.8947368421052632,1183,0.8947368421052632,1294,0.8947368421052632,2487,0.8947368421052632,1239,0.8947368421052632,1981,0.8947368421052632,1283,0.8947368421052632,2431,0.8947368421052632,1264,0.8947368421052632,2470,0.8947368421052632,3142,0.8947368421052632,5435,0.8947368421052632,3141,0.8947368421052632,5499,0.8947368421052632,3132,0.8947368421052632,5420,0.8947368421052632,3100,0.8947368421052632,5484,0.8947368421052632,6260,0.8947368421052632,9059,0.8947368421052632,6309,0.8947368421052632,9127,0.8947368421052632,6257,0.8947368421052632,9306,0.8947368421052632,6342,0.8947368421052632,9255,0.8947368421052632,9379,0.8947368421052632,11617,0.8947368421052632,9458,0.8947368421052632,11631,0.8947368421052632,9506,0.8947368421052632,11616,0.8947368421052632,9530,0.8947368421052632,11651,0.8947368421052632,11295,0.8947368421052632,12347,0.8947368421052632,11299,0.8947368421052632,12349,0.8947368421052632,11323,0.8947368421052632,12365,0.8947368421052632,11333,0.8947368421052632,12365,0.8947368421052632,35,0.8947368421052632
513,1,31,0.8450704225352113,0.8450704225352113,9,0.8450704225352113,25,0.8450704225352113,10,0.8450704225352113,26,0.8450704225352113,11,0.8450704225352113,27,0.8450704225352113,17,0.8450704225352113,17,0.8450704225352113,113,0.8450704225352113,193,0.8450704225352113,114,0.8450704225352113,194,0.8450704225352113,112,0.8450704225352113,174,0.8450704225352113,124,0.8450704225352113,187,0.8450704225352113,617,0.8450704225352113,1276,0.8450704225352113,592,0.8450704225352113,1047,0.8450704225352113,639,0.8450704225352113,1146,0.8450704225352113,649,0.8450704225352113,1251,0.8450704225352113,1294,0.8450704225352113,2505,0.8450704225352113,1272,0.8450704225352113,2440,0.8450704225352113,1241,0.8450704225352113,2175,0.8450704225352113,1256,0.8450704225352113,2440,0.8450704225352113,3113,0.8450704225352113,5194,0.8450704225352113,3145,0.8450704225352113,5710,0.8450704225352113,3182,0.8450704225352113,5427,0.8450704225352113,3168,0.8450704225352113,5330,0.8450704225352113,6334,0.8450704225352113,9195,0.8450704225352113,6255,0.8450704225352113,9294,0.8450704225352113,6156,0.8450704225352113,9219,0.8450704225352113,6329,0.8450704225352113,9154,0.8450704225352113,9297,0.8450704225352113,11495,0.8450704225352113,9376,0.8450704225352113,11572,0.8450704225352113,9409,0.8450704225352113,11657,0.8450704225352113,9516,0.8450704225352113,11668,0.8450704225352113,11276,0.8450704225352113,12395,0.8450704225352113,11309,0.8450704225352113,12362,0.8450704225352113,11366,0.8450704225352113,12395,0.8450704225352113,11358,0.8450704225352113,12368,0.8450704225352113,31,0.8450704225352113
514,1,30,0.8571428571428571,0.8571428571428571,11,0.8571428571428571,11,0.8571428571428571,13,0.8571428571428571,13,0.8571428571428571,13,0.8571428571428571,29,0.8571428571428571,10,0.8571428571428571,26,0.8571428571428571,130,0.8571428571428571,258,0.8571428571428571,140,0.8571428571428571,236,0.8571428571428571,135,0.8571428571428571,309,0.8571428571428571,125,0.8571428571428571,172,0.8571428571428571,618,0.8571428571428571,1147,0.8571428571428571,631,0.8571428571428571,1071,0.8571428571428571,626,0.8571428571428571,1071,0.8571428571428571,661,0.8571428571428571,1182,0.8571428571428571,1243,0.8571428571428571,2447,0.8571428571428571,1264,0.8571428571428571,2479,0.8571428571428571,1181,0.8571428571428571,2443,0.8571428571428571,1238,0.8571428571428571,2362,0.8571428571428571,3164,0.8571428571428571,5385,0.8571428571428571,3136,0.8571428571428571,5623,0.8571428571428571,3130,0.8571428571428571,5276,0.8571428571428571,3139,0.8571428571428571,5258,0.8571428571428571,6309,0.8571428571428571,9405,0.8571428571428571,6226,0.8571428571428571,9162,0.8571428571428571,6282,0.8571428571428571,8980,0.8571428571428571,6286,0.8571428571428571,9330,0.8571428571428571,9462,0.8571428571428571,11633,0.8571428571428571,9410,0.8571428571428571,11618,0.8571428571428571,9336,0.8571428571428571,11553,0.8571428571428571,9404,0.8571428571428571,11624,0.8571428571428571,11349,0.8571428571428571,12397,0.8571428571428571,11276,0.8571428571428571,12365,0.8571428571428571,11310,0.8571428571428571,12375,0.8571428571428571,11381,0.8571428571428571,12372,0.8571428571428571,30,0.8571428571428571
515,1,32,0.9142857142857143,0.9142857142857143,15,0.9142857142857143,15,0.9142857142857143,12,0.9142857142857143,28,0.9142857142857143,14,0.9142857142857143,14,0.9142857142857143,11,0.9142857142857143,27,0.9142857142857143,111,0.9142857142857143,159,0.9142857142857143,118,0.9142857142857143,294,0.9142857142857143,127,0.9142857142857143,317,0.9142857142857143,134,0.9142857142857143,214,0.9142857142857143,655,0.9142857142857143,1336,0.9142857142857143,625,0.9142857142857143,1143,0.9142857142857143,679,0.9142857142857143,1517,0.9142857142857143,672,0.9142857142857143,1291,0.9142857142857143,1245,0.9142857142857143,2381,0.9142857142857143,1216,0.9142857142857143,2274,0.9142857142857143,1277,0.9142857142857143,2333,0.9142857142857143,1224,0.9142857142857143,2243,0.9142857142857143,3186,0.9142857142857143,5597,0.9142857142857143,3142,0.9142857142857143,5169,0.9142857142857143,3060,0.9142857142857143,5419,0.9142857142857143,3178,0.9142857142857143,5271,0.9142857142857143,6299,0.9142857142857143,9275,0.9142857142857143,6309,0.9142857142857143,9396,0.9142857142857143,6313,0.9142857142857143,9278,0.9142857142857143,6193,0.9142857142857143,9192,0.9142857142857143,9388,0.9142857142857143,11552,0.9142857142857143,9485,0.9142857142857143,11613,0.9142857142857143,9393,0.9142857142857143,11587,0.9142857142857143,9433,0.9142857142857143,11662,0.9142857142857143,11272,0.9142857142857143,12335,0.9142857142857143,11300,0.9142857142857143,12399,0.9142857142857143,11313,0.9142857142857143,12369,0.9142857142857143,11257,0.9142857142857143,12359,0.9142857142857143,32,0.9142857142857143
516,1,31,0.8823529411764706,0.8823529411764706,10,0.8823529411764706,10,0.8823529411764706,11,0.8823529411764706,27,0.8823529411764706,14,0.8823529411764706,30,0.8823529411764706,7,0.8823529411764706,7,0.8823529411764706,128,0.8823529411764706,287,0.8823529411764706,120,0.8823529411764706,231,0.8823529411764706,120,0.8823529411764706,262,0.8823529411764706,142,0.8823529411764706,204,0.8823529411764706,598,0.8823529411764706,1186,0.8823529411764706,576,0.8823529411764706,1064,0.8823529411764706,623,0.8823529411764706,1235,0.8823529411764706,618,0.8823529411764706,1047,0.8823529411764706,1291,0.8823529411764706,2331,0.8823529411764706,1277,0.8823529411764706,2355,0.8823529411764706,1245,0.8823529411764706,2502,0.8823529411764706,1240,0.8823529411764706,2243,0.8823529411764706,3127,0.8823529411764706,5328,0.8823529411764706,3184,0.8823529411764706,5444,0.8823529411764706,3124,0.8823529411764706,5392,0.8823529411764706,3105,0.8823529411764706,5273,0.8823529411764706,6384,0.8823529411764706,8942,0.8823529411764706,6204,0.8823529411764706,9128,0.8823529411764706,6271,0.8823529411764706,9227,0.8823529411764706,6287,0.8823529411764706,9297,0.8823529411764706,9400,0.8823529411764706,11642,0.8823529411764706,9433,0.8823529411764706,11693,0.8823529411764706,9424,0.8823529411764706,11668,0.8823529411764706,9361,0.8823529411764706,11616,0.8823529411764706,11298,0.8823529411764706,12352,0.8823529411764706,11276,0.8823529411764706,12368,0.8823529411764706,11351,0.8823529411764706,12409,0.8823529411764706,11275,0.8823529411764706,12346,0.8823529411764706,31,0.8823529411764706
517,1,32,0.911764705882353,0.911764705882353,10,0.911764705882353,41,0.911764705882353,9,0.911764705882353,25,0.911764705882353,9,0.911764705882353,41,0.911764705882353,13,0.911764705882353,13,0.911764705882353,134,0.911764705882353,229,0.911764705882353,136,0.911764705882353,215,0.911764705882353,127,0.911764705882353,207,0.911764705882353,111,0.911764705882353,223,0.911764705882353,594,0.911764705882353,1088,0.911764705882353,642,0.911764705882353,1257,0.911764705882353,642,0.911764705882353,1394,0.911764705882353,649,0.911764705882353,1263,0.911764705882353,1197,0.911764705882353,2178,0.911764705882353,1202,0.911764705882353,2131,0.911764705882353,1288,0.911764705882353,2320,0.911764705882353,1257,0.911764705882353,2421,0.911764705882353,3221,0.911764705882353,5676,0.911764705882353,3117,0.911764705882353,5305,0.911764705882353,3100,0.911764705882353,5425,0.911764705882353,3219,0.911764705882353,5578,0.911764705882353,6291,0.911764705882353,9114,0.911764705882353,6294,0.911764705882353,9396,0.911764705882353,6340,0.911764705882353,9394,0.911764705882353,6344,0.911764705882353,9267,0.911764705882353,9450,0.911764705882353,11680,0.911764705882353,9362,0.911764705882353,11656,0.911764705882353,9403,0.911764705882353,11676,0.911764705882353,9475,0.911764705882353,11766,0.911764705882353,11310,0.911764705882353,12403,0.911764705882353,11342,0.911764705882353,12382,0.911764705882353,11328,0.911764705882353,12402,0.911764705882353,11327,0.911764705882353,12378,0.911764705882353,32,0.911764705882353
518,1,32,0.8857142857142857,0.8857142857142857,17,0.8857142857142857,17,0.8857142857142857,17,0.8857142857142857,33,0.8857142857142857,12,0.8857142857142857,12,0.8857142857142857,5,0.8857142857142857,21,0.8857142857142857,96,0.8857142857142857,127,0.8857142857142857,108,0.8857142857142857,188,0.8857142857142857,131,0.8857142857142857,257,0.8857142857142857,118,0.8857142857142857,273,0.8857142857142857,663,0.8857142857142857,1226,0.8857142857142857,661,0.8857142857142857,1222,0.8857142857142857,646,0.8857142857142857,1307,0.8857142857142857,623,0.8857142857142857,996,0.8857142857142857,1287,0.8857142857142857,2435,0.8857142857142857,1225,0.8857142857142857,2176,0.8857142857142857,1266,0.8857142857142857,2467,0.8857142857142857,1313,0.8857142857142857,2275,0.8857142857142857,3199,0.8857142857142857,5458,0.8857142857142857,3184,0.8857142857142857,5408,0.8857142857142857,3206,0.8857142857142857,5554,0.8857142857142857,3218,0.8857142857142857,5637,0.8857142857142857,6411,0.8857142857142857,9230,0.8857142857142857,6286,0.8857142857142857,9087,0.8857142857142857,6276,0.8857142857142857,9200,0.8857142857142857,6249,0.8857142857142857,9093,0.8857142857142857,9364,0.8857142857142857,11670,0.8857142857142857,9466,0.8857142857142857,11698,0.8857142857142857,9478,0.8857142857142857,11614,0.8857142857142857,9454,0.8857142857142857,11722,0.8857142857142857,11332,0.8857142857142857,12382,0.8857142857142857,11271,0.8857142857142857,12363,0.8857142857142857,11289,0.8857142857142857,12348,0.8857142857142857,11333,0.8857142857142857,12361,0.8857142857142857,32,0.8857142857142857
519,1,29,0.8787878787878788,0.8787878787878788,14,0.8787878787878788,14,0.8787878787878788,17,0.8787878787878788,17,0.8787878787878788,13,0.8787878787878788,29,0.8787878787878788,13,0.8787878787878788,45,0.8787878787878788,120,0.8787878787878788,248,0.8787878787878788,112,0.8787878787878788,208,0.8787878787878788,139,0.8787878787878788,249,0.8787878787878788,136,0.8787878787878788,248,0.8787878787878788,617,0.8787878787878788,1154,0.8787878787878788,587,0.8787878787878788,1181,0.8787878787878788,619,0.8787878787878788,1078,0.8787878787878788,622,0.8787878787878788,1174,0.8787878787878788,1219,0.8787878787878788,2294,0.8787878787878788,1209,0.8787878787878788,2251,0.8787878787878788,1253,0.8787878787878788,2284,0.8787878787878788,1255,0.8787878787878788,2300,0.8787878787878788,3173,0.8787878787878788,5357,0.8787878787878788,3044,0.8787878787878788,5072,0.8787878787878788,3192,0.8787878787878788,5625,0.8787878787878788,3209,0.8787878787878788,5552,0.8787878787878788,6330,0.8787878787878788,9178,0.8787878787878788,6369,0.8787878787878788,9324,0.8787878787878788,6310,0.8787878787878788,9099,0.8787878787878788,6293,0.8787878787878788,9472,0.8787878787878788,9444,0.8787878787878788,11560,0.8787878787878788,9491,0.8787878787878788,11679,0.8787878787878788,9421,0.8787878787878788,11604,0.8787878787878788,9517,0.8787878787878788,11777,0.8787878787878788,11349,0.8787878787878788,12392,0.8787878787878788,11305,0.8787878787878788,12350,0.8787878787878788,11376,0.8787878787878788,12412,0.8787878787878788,11309,0.8787878787878788,12339,0.8787878787878788,29,0.8787878787878788
520,1,30,0.835820895522388,0.835820895522388,15,0.835820895522388,15,0.835820895522388,25,0.835820895522388,57,0.835820895522388,12,0.835820895522388,12,0.835820895522388,15,0.835820895522388,31,0.835820895522388,126,0.835820895522388,253,0.835820895522388,108,0.835820895522388,250,0.835820895522388,129,0.835820895522388,272,0.835820895522388,125,0.835820895522388,268,0.835820895522388,602,0.835820895522388,1186,0.835820895522388,600,0.835820895522388,1184,0.835820895522388,602,0.835820895522388,1060,0.835820895522388,675,0.835820895522388,1291,0.835820895522388,1211,0.835820895522388,2334,0.835820895522388,1221,0.835820895522388,2336,0.835820895522388,1200,0.835820895522388,2328,0.835820895522388,1319,0.835820895522388,2581,0.835820895522388,3147,0.835820895522388,5576,0.835820895522388,3140,0.835820895522388,5421,0.835820895522388,3122,0.835820895522388,5388,0.835820895522388,3183,0.835820895522388,5279,0.835820895522388,6330,0.835820895522388,9503,0.835820895522388,6359,0.835820895522388,9570,0.835820895522388,6257,0.835820895522388,9223,0.835820895522388,6275,0.835820895522388,9249,0.835820895522388,9450,0.835820895522388,11708,0.835820895522388,9509,0.835820895522388,11618,0.835820895522388,9527,0.835820895522388,11801,0.835820895522388,9409,0.835820895522388,11609,0.835820895522388,11277,0.835820895522388,12382,0.835820895522388,11324,0.835820895522388,12344,0.835820895522388,11350,0.835820895522388,12391,0.835820895522388,11322,0.835820895522388,12390,0.835820895522388,30,0.835820895522388
521,1,33,0.8888888888888888,0.8888888888888888,16,0.8888888888888888,32,0.8888888888888888,20,0.8888888888888888,36,0.8888888888888888,12,0.8888888888888888,12,0.8888888888888888,6,0.8888888888888888,6,0.8888888888888888,119,0.8888888888888888,278,0.8888888888888888,140,0.8888888888888888,235,0.8888888888888888,114,0.8888888888888888,224,0.8888888888888888,130,0.8888888888888888,289,0.8888888888888888,599,0.8888888888888888,1245,0.8888888888888888,632,0.8888888888888888,1209,0.8888888888888888,652,0.8888888888888888,1188,0.8888888888888888,622,0.8888888888888888,1017,0.8888888888888888,1247,0.8888888888888888,2263,0.8888888888888888,1238,0.8888888888888888,2090,0.8888888888888888,1333,0.8888888888888888,2502,0.8888888888888888,1300,0.8888888888888888,2439,0.8888888888888888,3229,0.8888888888888888,5507,0.8888888888888888,3111,0.8888888888888888,5319,0.8888888888888888,3151,0.8888888888888888,5408,0.8888888888888888,3183,0.8888888888888888,5497,0.8888888888888888,6296,0.8888888888888888,8945,0.8888888888888888,6339,0.8888888888888888,9211,0.8888888888888888,6327,0.8888888888888888,9359,0.8888888888888888,6381,0.8888888888888888,9256,0.8888888888888888,9437,0.8888888888888888,11597,0.8888888888888888,9422,0.8888888888888888,11715,0.8888888888888888,9493,0.8888888888888888,11644,0.8888888888888888,9383,0.8888888888888888,11673,0.8888888888888888,11241,0.8888888888888888,12358,0.8888888888888888,11273,0.8888888888888888,12397,0.8888888888888888,11305,0.8888888888888888,12331,0.8888888888888888,11338,0.8888888888888888,12372,0.8888888888888888,33,0.8888888888888888
522,1,31,0.8857142857142858,0.8857142857142858,12,0.8857142857142858,12,0.8857142857142858,15,0.8857142857142858,31,0.8857142857142858,12,0.8857142857142858,28,0.8857142857142858,15,0.8857142857142858,31,0.8857142857142858,140,0.8857142857142858,218,0.8857142857142858,118,0.8857142857142858,213,0.8857142857142858,138,0.8857142857142858,186,0.8857142857142858,110,0.8857142857142858,172,0.8857142857142858,651,0.8857142857142858,1284,0.8857142857142858,628,0.8857142857142858,1150,0.8857142857142858,626,0.8857142857142858,1174,0.8857142857142858,671,0.8857142857142858,1355,0.8857142857142858,1264,0.8857142857142858,2335,0.8857142857142858,1363,0.8857142857142858,2465,0.8857142857142858,1261,0.8857142857142858,2227,0.8857142857142858,1301,0.8857142857142858,2235,0.8857142857142858,3077,0.8857142857142858,5101,0.8857142857142858,3210,0.8857142857142858,5346,0.8857142857142858,3070,0.8857142857142858,5308,0.8857142857142858,3183,0.8857142857142858,5182,0.8857142857142858,6348,0.8857142857142858,9219,0.8857142857142858,6277,0.8857142857142858,9146,0.8857142857142858,6362,0.8857142857142858,9347,0.8857142857142858,6362,0.8857142857142858,9334,0.8857142857142858,9478,0.8857142857142858,11660,0.8857142857142858,9446,0.8857142857142858,11657,0.8857142857142858,9421,0.8857142857142858,11726,0.8857142857142858,9458,0.8857142857142858,11685,0.8857142857142858,11322,0.8857142857142858,12357,0.8857142857142858,11349,0.8857142857142858,12360,0.8857142857142858,11299,0.8857142857142858,12343,0.8857142857142858,11294,0.8857142857142858,12343,0.8857142857142858,31,0.8857142857142858
523,1,33,0.8888888888888888,0.8888888888888888,16,0.8888888888888888,48,0.8888888888888888,16,0.8888888888888888,16,0.8888888888888888,13,0.8888888888888888,29,0.8888888888888888,15,0.8888888888888888,95,0.8888888888888888,106,0.8888888888888888,281,0.8888888888888888,128,0.8888888888888888,334,0.8888888888888888,130,0.8888888888888888,304,0.8888888888888888,120,0.8888888888888888,215,0.8888888888888888,635,0.8888888888888888,1082,0.8888888888888888,618,0.8888888888888888,1121,0.8888888888888888,592,0.8888888888888888,1222,0.8888888888888888,638,0.8888888888888888,1171,0.8888888888888888,1282,0.8888888888888888,2366,0.8888888888888888,1270,0.8888888888888888,2255,0.8888888888888888,1255,0.8888888888888888,2245,0.8888888888888888,1237,0.8888888888888888,2365,0.8888888888888888,3184,0.8888888888888888,5377,0.8888888888888888,3104,0.8888888888888888,5202,0.8888888888888888,3093,0.8888888888888888,5153,0.8888888888888888,3111,0.8888888888888888,5475,0.8888888888888888,6277,0.8888888888888888,9287,0.8888888888888888,6312,0.8888888888888888,9025,0.8888888888888888,6254,0.8888888888888888,9192,0.8888888888888888,6282,0.8888888888888888,9075,0.8888888888888888,9371,0.8888888888888888,11632,0.8888888888888888,9444,0.8888888888888888,11487,0.8888888888888888,9464,0.8888888888888888,11561,0.8888888888888888,9441,0.8888888888888888,11664,0.8888888888888888,11358,0.8888888888888888,12433,0.8888888888888888,11360,0.8888888888888888,12366,0.8888888888888888,11299,0.8888888888888888,12393,0.8888888888888888,11366,0.8888888888888888,12394,0.8888888888888888,33,0.8888888888888888
524,1,30,0.8115942028985509,0.8115942028985509,8,0.8115942028985509,24,0.8115942028985509,13,0.8115942028985509,77,0.8115942028985509,8,0.8115942028985509,8,0.8115942028985509,18,0.8115942028985509,34,0.8115942028985509,136,0.8115942028985509,246,0.8115942028985509,121,0.8115942028985509,172,0.8115942028985509,136,0.8115942028985509,232,0.8115942028985509,124,0.8115942028985509,314,0.8115942028985509,628,0.8115942028985509,1224,0.8115942028985509,626,0.8115942028985509,1082,0.8115942028985509,659,0.8115942028985509,1296,0.8115942028985509,642,0.8115942028985509,1353,0.8115942028985509,1235,0.8115942028985509,2180,0.8115942028985509,1246,0.8115942028985509,2257,0.8115942028985509,1280,0.8115942028985509,2244,0.8115942028985509,1245,0.8115942028985509,2292,0.8115942028985509,3119,0.8115942028985509,5059,0.8115942028985509,3120,0.8115942028985509,5162,0.8115942028985509,3104,0.8115942028985509,5273,0.8115942028985509,3150,0.8115942028985509,5474,0.8115942028985509,6310,0.8115942028985509,9392,0.8115942028985509,6274,0.8115942028985509,9182,0.8115942028985509,6235,0.8115942028985509,9348,0.8115942028985509,6297,0.8115942028985509,9342,0.8115942028985509,9304,0.8115942028985509,11578,0.8115942028985509,9386,0.8115942028985509,11703,0.8115942028985509,9447,0.8115942028985509,11702,0.8115942028985509,9545,0.8115942028985509,11732,0.8115942028985509,11306,0.8115942028985509,12398,0.8115942028985509,11357,0.8115942028985509,12375,0.8115942028985509,11333,0.8115942028985509,12354,0.8115942028985509,11329,0.8115942028985509,12372,0.8115942028985509,30,0.8115942028985509
525,1,32,0.8732394366197183,0.8732394366197183,15,0.8732394366197183,15,0.8732394366197183,4,0.8732394366197183,4,0.8732394366197183,10,0.8732394366197183,10,0.8732394366197183,11,0.8732394366197183,27,0.8732394366197183,133,0.8732394366197183,307,0.8732394366197183,142,0.8732394366197183,300,0.8732394366197183,133,0.8732394366197183,227,0.8732394366197183,141,0.8732394366197183,266,0.8732394366197183,629,0.8732394366197183,994,0.8732394366197183,612,0.8732394366197183,1105,0.8732394366197183,608,0.8732394366197183,1056,0.8732394366197183,634,0.8732394366197183,1289,0.8732394366197183,1246,0.8732394366197183,2251,0.8732394366197183,1263,0.8732394366197183,2443,0.8732394366197183,1272,0.8732394366197183,2309,0.8732394366197183,1256,0.8732394366197183,2306,0.8732394366197183,3189,0.8732394366197183,5514,0.8732394366197183,3143,0.8732394366197183,5343,0.8732394366197183,3166,0.8732394366197183,5317,0.8732394366197183,3212,0.8732394366197183,5759,0.8732394366197183,6335,0.8732394366197183,9156,0.8732394366197183,6290,0.8732394366197183,9247,0.8732394366197183,6253,0.8732394366197183,9200,0.8732394366197183,6257,0.8732394366197183,9071,0.8732394366197183,9381,0.8732394366197183,11629,0.8732394366197183,9284,0.8732394366197183,11640,0.8732394366197183,9438,0.8732394366197183,11740,0.8732394366197183,9441,0.8732394366197183,11754,0.8732394366197183,11283,0.8732394366197183,12374,0.8732394366197183,11278,0.8732394366197183,12385,0.8732394366197183,11309,0.8732394366197183,12388,0.8732394366197183,11312,0.8732394366197183,12368,0.8732394366197183,32,0.8732394366197183
526,1,32,0.9142857142857143,0.9142857142857143,16,0.9142857142857143,16,0.9142857142857143,19,0.9142857142857143,35,0.9142857142857143,19,0.9142857142857143,51,0.9142857142857143,14,0.9142857142857143,30,0.9142857142857143,101,0.9142857142857143,211,0.9142857142857143,139,0.9142857142857143,282,0.9142857142857143,141,0.9142857142857143,252,0.9142857142857143,120,0.9142857142857143,184,0.9142857142857143,614,0.9142857142857143,1176,0.9142857142857143,602,0.9142857142857143,1318,0.9142857142857143,656,0.9142857142857143,1223,0.9142857142857143,628,0.9142857142857143,1127,0.9142857142857143,1275,0.9142857142857143,2273,0.9142857142857143,1270,0.9142857142857143,2168,0.9142857142857143,1204,0.9142857142857143,2507,0.9142857142857143,1289,0.9142857142857143,2457,0.9142857142857143,3103,0.9142857142857143,5072,0.9142857142857143,3076,0.9142857142857143,5310,0.9142857142857143,3288,0.9142857142857143,5600,0.9142857142857143,3156,0.9142857142857143,5604,0.9142857142857143,6279,0.9142857142857143,9338,0.9142857142857143,6252,0.9142857142857143,9168,0.9142857142857143,6321,0.9142857142857143,9324,0.9142857142857143,6230,0.9142857142857143,9080,0.9142857142857143,9389,0.9142857142857143,11703,0.9142857142857143,9456,0.9142857142857143,11612,0.9142857142857143,9425,0.9142857142857143,11564,0.9142857142857143,9453,0.9142857142857143,11654,0.9142857142857143,11268,0.9142857142857143,12348,0.9142857142857143,11321,0.9142857142857143,12386,0.9142857142857143,11261,0.9142857142857143,12379,0.9142857142857143,11242,0.9142857142857143,12336,0.9142857142857143,32,0.9142857142857143
527,1,30,0.9090909090909091,0.9090909090909091,13,0.9090909090909091,29,0.9090909090909091,16,0.9090909090909091,32,0.9090909090909091,9,0.9090909090909091,9,0.9090909090909091,8,0.9090909090909091,24,0.9090909090909091,122,0.9090909090909091,234,0.9090909090909091,112,0.9090909090909091,207,0.9090909090909091,132,0.9090909090909091,353,0.9090909090909091,128,0.9090909090909091,303,0.9090909090909091,671,0.9090909090909091,1260,0.9090909090909091,658,0.9090909090909091,1334,0.9090909090909091,608,0.9090909090909091,1146,0.9090909090909091,626,0.9090909090909091,1155,0.9090909090909091,1345,0.9090909090909091,2399,0.9090909090909091,1281,0.9090909090909091,2121,0.9090909090909091,1258,0.9090909090909091,2316,0.9090909090909091,1279,0.9090909090909091,2521,0.9090909090909091,3152,0.9090909090909091,5185,0.9090909090909091,3148,0.9090909090909091,5307,0.9090909090909091,3103,0.9090909090909091,5357,0.9090909090909091,3215,0.9090909090909091,5443,0.9090909090909091,6298,0.9090909090909091,9161,0.9090909090909091,6363,0.9090909090909091,9218,0.9090909090909091,6293,0.9090909090909091,9245,0.9090909090909091,6334,0.9090909090909091,9414,0.9090909090909091,9483,0.9090909090909091,11660,0.9090909090909091,9433,0.9090909090909091,11633,0.9090909090909091,9481,0.9090909090909091,11734,0.9090909090909091,9417,0.9090909090909091,11615,0.9090909090909091,11315,0.9090909090909091,12405,0.9090909090909091,11320,0.9090909090909091,12405,0.9090909090909091,11352,0.9090909090909091,12442,0.9090909090909091,11327,0.9090909090909091,12387,0.9090909090909091,30,0.9090909090909091
528,1,30,0.8923076923076922,0.8923076923076922,18,0.8923076923076922,18,0.8923076923076922,6,0.8923076923076922,6,0.8923076923076922,14,0.8923076923076922,46,0.8923076923076922,16,0.8923076923076922,16,0.8923076923076922,125,0.8923076923076922,221,0.8923076923076922,129,0.8923076923076922,193,0.8923076923076922,139,0.8923076923076922,232,0.8923076923076922,122,0.8923076923076922,202,0.8923076923076922,600,0.8923076923076922,1069,0.8923076923076922,641,0.8923076923076922,1141,0.8923076923076922,622,0.8923076923076922,1119,0.8923076923076922,622,0.8923076923076922,1164,0.8923076923076922,1292,0.8923076923076922,2411,0.8923076923076922,1239,0.8923076923076922,2167,0.8923076923076922,1240,0.8923076923076922,1975,0.8923076923076922,1268,0.8923076923076922,2309,0.8923076923076922,3127,0.8923076923076922,5117,0.8923076923076922,3166,0.8923076923076922,5529,0.8923076923076922,3123,0.8923076923076922,5182,0.8923076923076922,3075,0.8923076923076922,5164,0.8923076923076922,6202,0.8923076923076922,9034,0.8923076923076922,6347,0.8923076923076922,9396,0.8923076923076922,6266,0.8923076923076922,9117,0.8923076923076922,6374,0.8923076923076922,9279,0.8923076923076922,9479,0.8923076923076922,11571,0.8923076923076922,9339,0.8923076923076922,11593,0.8923076923076922,9449,0.8923076923076922,11697,0.8923076923076922,9454,0.8923076923076922,11724,0.8923076923076922,11304,0.8923076923076922,12384,0.8923076923076922,11307,0.8923076923076922,12399,0.8923076923076922,11337,0.8923076923076922,12378,0.8923076923076922,11272,0.8923076923076922,12372,0.8923076923076922,30,0.8923076923076922
529,1,31,0.9538461538461539,0.9538461538461539,4,0.9538461538461539,4,0.9538461538461539,11,0.9538461538461539,27,0.9538461538461539,17,0.9538461538461539,49,0.9538461538461539,19,0.9538461538461539,35,0.9538461538461539,129,0.9538461538461539,273,0.9538461538461539,124,0.9538461538461539,236,0.9538461538461539,140,0.9538461538461539,282,0.9538461538461539,136,0.9538461538461539,325,0.9538461538461539,648,0.9538461538461539,1202,0.9538461538461539,622,0.9538461538461539,1229,0.9538461538461539,626,0.9538461538461539,1129,0.9538461538461539,672,0.9538461538461539,1341,0.9538461538461539,1210,0.9538461538461539,2046,0.9538461538461539,1218,0.9538461538461539,2405,0.9538461538461539,1283,0.9538461538461539,2580,0.9538461538461539,1252,0.9538461538461539,2352,0.9538461538461539,3132,0.9538461538461539,5548,0.9538461538461539,3113,0.9538461538461539,5680,0.9538461538461539,3208,0.9538461538461539,5541,0.9538461538461539,3099,0.9538461538461539,5373,0.9538461538461539,6314,0.9538461538461539,9242,0.9538461538461539,6275,0.9538461538461539,9145,0.9538461538461539,6253,0.9538461538461539,9271,0.9538461538461539,6271,0.9538461538461539,9314,0.9538461538461539,9519,0.9538461538461539,11627,0.9538461538461539,9399,0.9538461538461539,11572,0.9538461538461539,9347,0.9538461538461539,11579,0.9538461538461539,9353,0.9538461538461539,11597,0.9538461538461539,11380,0.9538461538461539,12361,0.9538461538461539,11336,0.9538461538461539,12342,0.9538461538461539,11356,0.9538461538461539,12386,0.9538461538461539,11307,0.9538461538461539,12417,0.9538461538461539,31,0.9538461538461539
530,1,31,0.9393939393939393,0.9393939393939393,19,0.9393939393939393,51,0.9393939393939393,15,0.9393939393939393,47,0.9393939393939393,7,0.9393939393939393,7,0.9393939393939393,23,0.9393939393939393,71,0.9393939393939393,93,0.9393939393939393,156,0.9393939393939393,115,0.9393939393939393,179,0.9393939393939393,152,0.9393939393939393,294,0.9393939393939393,120,0.9393939393939393,261,0.9393939393939393,630,0.9393939393939393,1298,0.9393939393939393,632,0.9393939393939393,1303,0.9393939393939393,644,0.9393939393939393,1175,0.9393939393939393,582,0.9393939393939393,1007,0.9393939393939393,1237,0.9393939393939393,2453,0.9393939393939393,1228,0.9393939393939393,2408,0.9393939393939393,1255,0.9393939393939393,2340,0.9393939393939393,1281,0.9393939393939393,2314,0.9393939393939393,3150,0.9393939393939393,5178,0.9393939393939393,3122,0.9393939393939393,5383,0.9393939393939393,3164,0.9393939393939393,5474,0.9393939393939393,3129,0.9393939393939393,5464,0.9393939393939393,6271,0.9393939393939393,9048,0.9393939393939393,6375,0.9393939393939393,9311,0.9393939393939393,6284,0.9393939393939393,9057,0.9393939393939393,6402,0.9393939393939393,9180,0.9393939393939393,9424,0.9393939393939393,11626,0.9393939393939393,9483,0.9393939393939393,11697,0.9393939393939393,9457,0.9393939393939393,11655,0.9393939393939393,9439,0.9393939393939393,11538,0.9393939393939393,11308,0.9393939393939393,12411,0.9393939393939393,11289,0.9393939393939393,12383,0.9393939393939393,11300,0.9393939393939393,12382,0.9393939393939393,11290,0.9393939393939393,12378,0.9393939393939393,31,0.9393939393939393
531,1,31,0.9538461538461539,0.9538461538461539,9,0.9538461538461539,9,0.9538461538461539,13,0.9538461538461539,29,0.9538461538461539,13,0.9538461538461539,29,0.9538461538461539,12,0.9538461538461539,12,0.9538461538461539,120,0.9538461538461539,168,0.9538461538461539,131,0.9538461538461539,257,0.9538461538461539,107,0.9538461538461539,202,0.9538461538461539,109,0.9538461538461539,188,0.9538461538461539,609,0.9538461538461539,1233,0.9538461538461539,619,0.9538461538461539,1167,0.9538461538461539,641,0.9538461538461539,1222,0.9538461538461539,606,0.9538461538461539,1121,0.9538461538461539,1325,0.9538461538461539,2475,0.9538461538461539,1291,0.9538461538461539,2283,0.9538461538461539,1252,0.9538461538461539,2326,0.9538461538461539,1279,0.9538461538461539,2309,0.9538461538461539,3177,0.9538461538461539,5325,0.9538461538461539,3161,0.9538461538461539,5475,0.9538461538461539,3154,0.9538461538461539,5250,0.9538461538461539,3110,0.9538461538461539,5232,0.9538461538461539,6244,0.9538461538461539,9225,0.9538461538461539,6350,0.9538461538461539,9159,0.9538461538461539,6188,0.9538461538461539,9325,0.9538461538461539,6185,0.9538461538461539,9316,0.9538461538461539,9508,0.9538461538461539,11669,0.9538461538461539,9439,0.9538461538461539,11855,0.9538461538461539,9414,0.9538461538461539,11521,0.9538461538461539,9441,0.9538461538461539,11675,0.9538461538461539,11319,0.9538461538461539,12342,0.9538461538461539,11256,0.9538461538461539,12306,0.9538461538461539,11319,0.9538461538461539,12385,0.9538461538461539,11298,0.9538461538461539,12367,0.9538461538461539,31,0.9538461538461539
532,1,31,0.9253731343283582,0.9253731343283582,8,0.9253731343283582,24,0.9253731343283582,15,0.9253731343283582,31,0.9253731343283582,19,0.9253731343283582,35,0.9253731343283582,10,0.9253731343283582,10,0.9253731343283582,113,0.9253731343283582,288,0.9253731343283582,121,0.9253731343283582,217,0.9253731343283582,118,0.9253731343283582,214,0.9253731343283582,141,0.9253731343283582,316,0.9253731343283582,623,0.9253731343283582,1151,0.9253731343283582,622,0.9253731343283582,1125,0.9253731343283582,599,0.9253731343283582,1203,0.9253731343283582,636,0.9253731343283582,1215,0.9253731343283582,1279,0.9253731343283582,2319,0.9253731343283582,1262,0.9253731343283582,2535,0.9253731343283582,1251,0.9253731343283582,2420,0.9253731343283582,1255,0.9253731343283582,2319,0.9253731343283582,3137,0.9253731343283582,5389,0.9253731343283582,3145,0.9253731343283582,5277,0.9253731343283582,3197,0.9253731343283582,5474,0.9253731343283582,3075,0.9253731343283582,5469,0.9253731343283582,6340,0.9253731343283582,9315,0.9253731343283582,6298,0.9253731343283582,9045,0.9253731343283582,6293,0.9253731343283582,9386,0.9253731343283582,6233,0.9253731343283582,9330,0.9253731343283582,9491,0.9253731343283582,11635,0.9253731343283582,9425,0.9253731343283582,11737,0.9253731343283582,9336,0.9253731343283582,11553,0.9253731343283582,9543,0.9253731343283582,11680,0.9253731343283582,11276,0.9253731343283582,12357,0.9253731343283582,11305,0.9253731343283582,12371,0.9253731343283582,11262,0.9253731343283582,12402,0.9253731343283582,11341,0.9253731343283582,12340,0.9253731343283582,31,0.9253731343283582
533,1,32,0.9142857142857143,0.9142857142857143,11,0.9142857142857143,27,0.9142857142857143,13,0.9142857142857143,45,0.9142857142857143,7,0.9142857142857143,7,0.9142857142857143,14,0.9142857142857143,14,0.9142857142857143,105,0.9142857142857143,184,0.9142857142857143,116,0.9142857142857143,260,0.9142857142857143,148,0.9142857142857143,274,0.9142857142857143,128,0.9142857142857143,317,0.9142857142857143,650,0.9142857142857143,1233,0.9142857142857143,598,0.9142857142857143,1051,0.9142857142857143,641,0.9142857142857143,1239,0.9142857142857143,608,0.9142857142857143,1170,0.9142857142857143,1226,0.9142857142857143,2262,0.9142857142857143,1271,0.9142857142857143,2344,0.9142857142857143,1275,0.9142857142857143,2711,0.9142857142857143,1250,0.9142857142857143,2248,0.9142857142857143,3194,0.9142857142857143,5298,0.9142857142857143,3115,0.9142857142857143,5361,0.9142857142857143,3135,0.9142857142857143,5374,0.9142857142857143,3045,0.9142857142857143,5281,0.9142857142857143,6295,0.9142857142857143,9330,0.9142857142857143,6236,0.9142857142857143,9191,0.9142857142857143,6280,0.9142857142857143,9393,0.9142857142857143,6348,0.9142857142857143,9313,0.9142857142857143,9485,0.9142857142857143,11643,0.9142857142857143,9486,0.9142857142857143,11743,0.9142857142857143,9277,0.9142857142857143,11669,0.9142857142857143,9432,0.9142857142857143,11683,0.9142857142857143,11302,0.9142857142857143,12398,0.9142857142857143,11308,0.9142857142857143,12350,0.9142857142857143,11342,0.9142857142857143,12357,0.9142857142857143,11294,0.9142857142857143,12392,0.9142857142857143,32,0.9142857142857143
534,1,32,0.911764705882353,0.911764705882353,13,0.911764705882353,45,0.911764705882353,17,0.911764705882353,17,0.911764705882353,14,0.911764705882353,30,0.911764705882353,14,0.911764705882353,30,0.911764705882353,119,0.911764705882353,198,0.911764705882353,133,0.911764705882353,243,0.911764705882353,121,0.911764705882353,262,0.911764705882353,116,0.911764705882353,225,0.911764705882353,615,0.911764705882353,1142,0.911764705882353,633,0.911764705882353,1283,0.911764705882353,619,0.911764705882353,1131,0.911764705882353,643,0.911764705882353,1188,0.911764705882353,1250,0.911764705882353,2092,0.911764705882353,1242,0.911764705882353,2297,0.911764705882353,1333,0.911764705882353,2457,0.911764705882353,1239,0.911764705882353,2460,0.911764705882353,3109,0.911764705882353,5447,0.911764705882353,3128,0.911764705882353,5521,0.911764705882353,3126,0.911764705882353,5380,0.911764705882353,3138,0.911764705882353,5666,0.911764705882353,6246,0.911764705882353,9167,0.911764705882353,6332,0.911764705882353,9008,0.911764705882353,6230,0.911764705882353,9016,0.911764705882353,6344,0.911764705882353,9534,0.911764705882353,9503,0.911764705882353,11697,0.911764705882353,9406,0.911764705882353,11663,0.911764705882353,9450,0.911764705882353,11568,0.911764705882353,9414,0.911764705882353,11628,0.911764705882353,11315,0.911764705882353,12391,0.911764705882353,11316,0.911764705882353,12395,0.911764705882353,11277,0.911764705882353,12372,0.911764705882353,11326,0.911764705882353,12370,0.911764705882353,32,0.911764705882353
535,1,31,0.909090909090909,0.909090909090909,12,0.909090909090909,44,0.909090909090909,16,0.909090909090909,16,0.909090909090909,20,0.909090909090909,20,0.909090909090909,11,0.909090909090909,27,0.909090909090909,119,0.909090909090909,215,0.909090909090909,129,0.909090909090909,191,0.909090909090909,143,0.909090909090909,285,0.909090909090909,133,0.909090909090909,276,0.909090909090909,641,0.909090909090909,1129,0.909090909090909,656,0.909090909090909,1354,0.909090909090909,647,0.909090909090909,1374,0.909090909090909,612,0.909090909090909,1192,0.909090909090909,1209,0.909090909090909,2319,0.909090909090909,1226,0.909090909090909,2280,0.909090909090909,1271,0.909090909090909,2446,0.909090909090909,1235,0.909090909090909,2218,0.909090909090909,3212,0.909090909090909,5491,0.909090909090909,3095,0.909090909090909,5312,0.909090909090909,3165,0.909090909090909,5313,0.909090909090909,3130,0.909090909090909,5454,0.909090909090909,6329,0.909090909090909,9131,0.909090909090909,6308,0.909090909090909,9183,0.909090909090909,6356,0.909090909090909,9513,0.909090909090909,6270,0.909090909090909,9182,0.909090909090909,9454,0.909090909090909,11650,0.909090909090909,9459,0.909090909090909,11630,0.909090909090909,9445,0.909090909090909,11700,0.909090909090909,9427,0.909090909090909,11563,0.909090909090909,11287,0.909090909090909,12376,0.909090909090909,11321,0.909090909090909,12350,0.909090909090909,11219,0.909090909090909,12379,0.909090909090909,11242,0.909090909090909,12372,0.909090909090909,31,0.909090909090909
536,1,30,0.923076923076923,0.923076923076923,18,0.923076923076923,50,0.923076923076923,10,0.923076923076923,10,0.923076923076923,10,0.923076923076923,10,0.923076923076923,9,0.923076923076923,9,0.923076923076923,135,0.923076923076923,277,0.923076923076923,120,0.923076923076923,247,0.923076923076923,119,0.923076923076923,182,0.923076923076923,126,0.923076923076923,206,0.923076923076923,637,0.923076923076923,1385,0.923076923076923,607,0.923076923076923,1229,0.923076923076923,668,0.923076923076923,1217,0.923076923076923,639,0.923076923076923,1207,0.923076923076923,1303,0.923076923076923,2528,0.923076923076923,1230,0.923076923076923,2504,0.923076923076923,1276,0.923076923076923,2335,0.923076923076923,1267,0.923076923076923,2510,0.923076923076923,3208,0.923076923076923,5641,0.923076923076923,3197,0.923076923076923,5306,0.923076923076923,3166,0.923076923076923,5340,0.923076923076923,3189,0.923076923076923,5238,0.923076923076923,6260,0.923076923076923,9331,0.923076923076923,6332,0.923076923076923,9297,0.923076923076923,6393,0.923076923076923,9547,0.923076923076923,6245,0.923076923076923,9273,0.923076923076923,9528,0.923076923076923,11702,0.923076923076923,9433,0.923076923076923,11687,0.923076923076923,9449,0.923076923076923,11545,0.923076923076923,9435,0.923076923076923,11676,0.923076923076923,11363,0.923076923076923,12330,0.923076923076923,11313,0.923076923076923,12342,0.923076923076923,11288,0.923076923076923,12369,0.923076923076923,11248,0.923076923076923,12361,0.923076923076923,30,0.923076923076923
537,1,31,0.9374999999999999,0.9374999999999999,10,0.9374999999999999,26,0.9374999999999999,17,0.9374999999999999,33,0.9374999999999999,10,0.9374999999999999,42,0.9374999999999999,15,0.9374999999999999,31,0.9374999999999999,122,0.9374999999999999,218,0.9374999999999999,128,0.9374999999999999,206,0.9374999999999999,141,0.9374999999999999,298,0.9374999999999999,127,0.9374999999999999,175,0.9374999999999999,613,0.9374999999999999,1185,0.9374999999999999,636,0.9374999999999999,1515,0.9374999999999999,592,0.9374999999999999,1092,0.9374999999999999,630,0.9374999999999999,1293,0.9374999999999999,1240,0.9374999999999999,2301,0.9374999999999999,1250,0.9374999999999999,2258,0.9374999999999999,1240,0.9374999999999999,2346,0.9374999999999999,1273,0.9374999999999999,2352,0.9374999999999999,3028,0.9374999999999999,5269,0.9374999999999999,3120,0.9374999999999999,5183,0.9374999999999999,3103,0.9374999999999999,5304,0.9374999999999999,3107,0.9374999999999999,5271,0.9374999999999999,6324,0.9374999999999999,9182,0.9374999999999999,6255,0.9374999999999999,9001,0.9374999999999999,6190,0.9374999999999999,9093,0.9374999999999999,6290,0.9374999999999999,8990,0.9374999999999999,9460,0.9374999999999999,11724,0.9374999999999999,9352,0.9374999999999999,11656,0.9374999999999999,9346,0.9374999999999999,11614,0.9374999999999999,9434,0.9374999999999999,11704,0.9374999999999999,11248,0.9374999999999999,12354,0.9374999999999999,11262,0.9374999999999999,12371,0.9374999999999999,11307,0.9374999999999999,12353,0.9374999999999999,11352,0.9374999999999999,12410,0.9374999999999999,31,0.9374999999999999
538,1,33,0.8857142857142858,0.8857142857142858,12,0.8857142857142858,12,0.8857142857142858,10,0.8857142857142858,10,0.8857142857142858,17,0.8857142857142858,17,0.8857142857142858,9,0.8857142857142858,9,0.8857142857142858,123,0.8857142857142858,266,0.8857142857142858,112,0.8857142857142858,256,0.8857142857142858,121,0.8857142857142858,310,0.8857142857142858,129,0.8857142857142858,255,0.8857142857142858,647,0.8857142857142858,1281,0.8857142857142858,652,0.8857142857142858,1227,0.8857142857142858,622,0.8857142857142858,1182,0.8857142857142858,645,0.8857142857142858,1333,0.8857142857142858,1262,0.8857142857142858,2427,0.8857142857142858,1305,0.8857142857142858,2221,0.8857142857142858,1198,0.8857142857142858,2160,0.8857142857142858,1288,0.8857142857142858,2589,0.8857142857142858,3149,0.8857142857142858,5411,0.8857142857142858,3106,0.8857142857142858,5197,0.8857142857142858,3189,0.8857142857142858,5305,0.8857142857142858,3183,0.8857142857142858,5372,0.8857142857142858,6333,0.8857142857142858,9199,0.8857142857142858,6152,0.8857142857142858,9530,0.8857142857142858,6333,0.8857142857142858,9247,0.8857142857142858,6208,0.8857142857142858,9145,0.8857142857142858,9473,0.8857142857142858,11632,0.8857142857142858,9337,0.8857142857142858,11597,0.8857142857142858,9416,0.8857142857142858,11575,0.8857142857142858,9440,0.8857142857142858,11659,0.8857142857142858,11330,0.8857142857142858,12394,0.8857142857142858,11245,0.8857142857142858,12351,0.8857142857142858,11368,0.8857142857142858,12420,0.8857142857142858,11260,0.8857142857142858,12355,0.8857142857142858,33,0.8857142857142858
539,1,28,0.8666666666666666,0.8666666666666666,13,0.8666666666666666,13,0.8666666666666666,13,0.8666666666666666,45,0.8666666666666666,9,0.8666666666666666,9,0.8666666666666666,9,0.8666666666666666,41,0.8666666666666666,103,0.8666666666666666,197,0.8666666666666666,120,0.8666666666666666,216,0.8666666666666666,119,0.8666666666666666,198,0.8666666666666666,115,0.8666666666666666,193,0.8666666666666666,673,0.8666666666666666,1332,0.8666666666666666,662,0.8666666666666666,1136,0.8666666666666666,609,0.8666666666666666,1204,0.8666666666666666,647,0.8666666666666666,1201,0.8666666666666666,1247,0.8666666666666666,2296,0.8666666666666666,1296,0.8666666666666666,2256,0.8666666666666666,1233,0.8666666666666666,2439,0.8666666666666666,1238,0.8666666666666666,2476,0.8666666666666666,3114,0.8666666666666666,5283,0.8666666666666666,3202,0.8666666666666666,5541,0.8666666666666666,3205,0.8666666666666666,5520,0.8666666666666666,3138,0.8666666666666666,5388,0.8666666666666666,6357,0.8666666666666666,9263,0.8666666666666666,6211,0.8666666666666666,9151,0.8666666666666666,6251,0.8666666666666666,9054,0.8666666666666666,6289,0.8666666666666666,9329,0.8666666666666666,9436,0.8666666666666666,11701,0.8666666666666666,9442,0.8666666666666666,11711,0.8666666666666666,9380,0.8666666666666666,11625,0.8666666666666666,9425,0.8666666666666666,11678,0.8666666666666666,11252,0.8666666666666666,12350,0.8666666666666666,11290,0.8666666666666666,12321,0.8666666666666666,11320,0.8666666666666666,12372,0.8666666666666666,11293,0.8666666666666666,12397,0.8666666666666666,28,0.8666666666666666
540,1,28,0.9180327868852458,0.9180327868852458,15,0.9180327868852458,47,0.9180327868852458,11,0.9180327868852458,11,0.9180327868852458,12,0.9180327868852458,28,0.9180327868852458,7,0.9180327868852458,7,0.9180327868852458,129,0.9180327868852458,256,0.9180327868852458,114,0.9180327868852458,274,0.9180327868852458,148,0.9180327868852458,307,0.9180327868852458,124,0.9180327868852458,251,0.9180327868852458,599,0.9180327868852458,1088,0.9180327868852458,626,0.9180327868852458,1099,0.9180327868852458,662,0.9180327868852458,1172,0.9180327868852458,623,0.9180327868852458,1013,0.9180327868852458,1274,0.9180327868852458,2382,0.9180327868852458,1263,0.9180327868852458,2374,0.9180327868852458,1313,0.9180327868852458,2311,0.9180327868852458,1300,0.9180327868852458,2461,0.9180327868852458,3126,0.9180327868852458,5538,0.9180327868852458,3131,0.9180327868852458,5305,0.9180327868852458,3114,0.9180327868852458,5506,0.9180327868852458,3145,0.9180327868852458,5549,0.9180327868852458,6334,0.9180327868852458,9383,0.9180327868852458,6225,0.9180327868852458,8933,0.9180327868852458,6204,0.9180327868852458,9483,0.9180327868852458,6325,0.9180327868852458,9260,0.9180327868852458,9434,0.9180327868852458,11655,0.9180327868852458,9482,0.9180327868852458,11749,0.9180327868852458,9388,0.9180327868852458,11635,0.9180327868852458,9434,0.9180327868852458,11671,0.9180327868852458,11267,0.9180327868852458,12387,0.9180327868852458,11341,0.9180327868852458,12397,0.9180327868852458,11261,0.9180327868852458,12406,0.9180327868852458,11286,0.9180327868852458,12383,0.9180327868852458,28,0.9180327868852458
541,1,27,0.8387096774193549,0.8387096774193549,16,0.8387096774193549,64,0.8387096774193549,13,0.8387096774193549,29,0.8387096774193549,18,0.8387096774193549,18,0.8387096774193549,10,0.8387096774193549,10,0.8387096774193549,120,0.8387096774193549,263,0.8387096774193549,129,0.8387096774193549,208,0.8387096774193549,120,0.8387096774193549,279,0.8387096774193549,113,0.8387096774193549,193,0.8387096774193549,675,0.8387096774193549,1275,0.8387096774193549,641,0.8387096774193549,1069,0.8387096774193549,607,0.8387096774193549,1085,0.8387096774193549,635,0.8387096774193549,1263,0.8387096774193549,1241,0.8387096774193549,2294,0.8387096774193549,1241,0.8387096774193549,2211,0.8387096774193549,1237,0.8387096774193549,2345,0.8387096774193549,1240,0.8387096774193549,2190,0.8387096774193549,3166,0.8387096774193549,5484,0.8387096774193549,3194,0.8387096774193549,5389,0.8387096774193549,3131,0.8387096774193549,5351,0.8387096774193549,3156,0.8387096774193549,5475,0.8387096774193549,6210,0.8387096774193549,9207,0.8387096774193549,6233,0.8387096774193549,9298,0.8387096774193549,6302,0.8387096774193549,9420,0.8387096774193549,6256,0.8387096774193549,9262,0.8387096774193549,9345,0.8387096774193549,11533,0.8387096774193549,9321,0.8387096774193549,11651,0.8387096774193549,9383,0.8387096774193549,11697,0.8387096774193549,9489,0.8387096774193549,11680,0.8387096774193549,11275,0.8387096774193549,12351,0.8387096774193549,11320,0.8387096774193549,12408,0.8387096774193549,11339,0.8387096774193549,12373,0.8387096774193549,11272,0.8387096774193549,12402,0.8387096774193549,27,0.8387096774193549
542,1,27,0.8571428571428571,0.8571428571428571,12,0.8571428571428571,44,0.8571428571428571,13,0.8571428571428571,61,0.8571428571428571,15,0.8571428571428571,31,0.8571428571428571,11,0.8571428571428571,11,0.8571428571428571,129,0.8571428571428571,305,0.8571428571428571,111,0.8571428571428571,159,0.8571428571428571,148,0.8571428571428571,401,0.8571428571428571,137,0.8571428571428571,310,0.8571428571428571,611,0.8571428571428571,1232,0.8571428571428571,634,0.8571428571428571,1138,0.8571428571428571,678,0.8571428571428571,1343,0.8571428571428571,613,0.8571428571428571,1201,0.8571428571428571,1279,0.8571428571428571,2197,0.8571428571428571,1293,0.8571428571428571,2606,0.8571428571428571,1256,0.8571428571428571,2509,0.8571428571428571,1263,0.8571428571428571,2268,0.8571428571428571,3131,0.8571428571428571,5475,0.8571428571428571,3145,0.8571428571428571,4900,0.8571428571428571,3082,0.8571428571428571,5026,0.8571428571428571,3175,0.8571428571428571,5362,0.8571428571428571,6231,0.8571428571428571,9145,0.8571428571428571,6384,0.8571428571428571,9216,0.8571428571428571,6285,0.8571428571428571,9286,0.8571428571428571,6314,0.8571428571428571,9271,0.8571428571428571,9473,0.8571428571428571,11638,0.8571428571428571,9482,0.8571428571428571,11638,0.8571428571428571,9447,0.8571428571428571,11585,0.8571428571428571,9431,0.8571428571428571,11571,0.8571428571428571,11260,0.8571428571428571,12324,0.8571428571428571,11289,0.8571428571428571,12388,0.8571428571428571,11286,0.8571428571428571,12389,0.8571428571428571,11242,0.8571428571428571,12385,0.8571428571428571,27,0.8571428571428571
543,1,28,0.8571428571428572,0.8571428571428572,19,0.8571428571428572,35,0.8571428571428572,9,0.8571428571428572,9,0.8571428571428572,15,0.8571428571428572,31,0.8571428571428572,13,0.8571428571428572,13,0.8571428571428572,129,0.8571428571428572,303,0.8571428571428572,143,0.8571428571428572,255,0.8571428571428572,133,0.8571428571428572,292,0.8571428571428572,127,0.8571428571428572,223,0.8571428571428572,591,0.8571428571428572,1079,0.8571428571428572,587,0.8571428571428572,1220,0.8571428571428572,617,0.8571428571428572,1187,0.8571428571428572,652,0.8571428571428572,1168,0.8571428571428572,1274,0.8571428571428572,2242,0.8571428571428572,1325,0.8571428571428572,2544,0.8571428571428572,1231,0.8571428571428572,2097,0.8571428571428572,1233,0.8571428571428572,2161,0.8571428571428572,3100,0.8571428571428572,5370,0.8571428571428572,3112,0.8571428571428572,5283,0.8571428571428572,3130,0.8571428571428572,5400,0.8571428571428572,3104,0.8571428571428572,5370,0.8571428571428572,6257,0.8571428571428572,9304,0.8571428571428572,6222,0.8571428571428572,9053,0.8571428571428572,6352,0.8571428571428572,9157,0.8571428571428572,6263,0.8571428571428572,9226,0.8571428571428572,9455,0.8571428571428572,11680,0.8571428571428572,9442,0.8571428571428572,11614,0.8571428571428572,9377,0.8571428571428572,11603,0.8571428571428572,9379,0.8571428571428572,11595,0.8571428571428572,11314,0.8571428571428572,12386,0.8571428571428572,11393,0.8571428571428572,12390,0.8571428571428572,11321,0.8571428571428572,12385,0.8571428571428572,11314,0.8571428571428572,12354,0.8571428571428572,28,0.8571428571428572
544,1,27,0.8813559322033898,0.8813559322033898,7,0.8813559322033898,7,0.8813559322033898,12,0.8813559322033898,12,0.8813559322033898,14,0.8813559322033898,30,0.8813559322033898,21,0.8813559322033898,53,0.8813559322033898,118,0.8813559322033898,230,0.8813559322033898,137,0.8813559322033898,325,0.8813559322033898,117,0.8813559322033898,213,0.8813559322033898,119,0.8813559322033898,277,0.8813559322033898,663,0.8813559322033898,1503,0.8813559322033898,593,0.8813559322033898,1384,0.8813559322033898,601,0.8813559322033898,1154,0.8813559322033898,606,0.8813559322033898,1103,0.8813559322033898,1293,0.8813559322033898,2266,0.8813559322033898,1322,0.8813559322033898,2345,0.8813559322033898,1237,0.8813559322033898,2252,0.8813559322033898,1267,0.8813559322033898,2257,0.8813559322033898,3180,0.8813559322033898,5501,0.8813559322033898,3207,0.8813559322033898,5417,0.8813559322033898,3062,0.8813559322033898,5451,0.8813559322033898,3092,0.8813559322033898,5563,0.8813559322033898,6362,0.8813559322033898,9253,0.8813559322033898,6361,0.8813559322033898,9270,0.8813559322033898,6218,0.8813559322033898,9182,0.8813559322033898,6336,0.8813559322033898,9433,0.8813559322033898,9387,0.8813559322033898,11635,0.8813559322033898,9420,0.8813559322033898,11635,0.8813559322033898,9396,0.8813559322033898,11644,0.8813559322033898,9407,0.8813559322033898,11656,0.8813559322033898,11354,0.8813559322033898,12402,0.8813559322033898,11276,0.8813559322033898,12358,0.8813559322033898,11308,0.8813559322033898,12384,0.8813559322033898,11322,0.8813559322033898,12343,0.8813559322033898,27,0.8813559322033898
545,1,25,0.8474576271186441,0.8474576271186441,16,0.8474576271186441,32,0.8474576271186441,9,0.8474576271186441,9,0.8474576271186441,12,0.8474576271186441,12,0.8474576271186441,14,0.8474576271186441,30,0.8474576271186441,118,0.8474576271186441,182,0.8474576271186441,123,0.8474576271186441,235,0.8474576271186441,115,0.8474576271186441,257,0.8474576271186441,95,0.8474576271186441,175,0.8474576271186441,648,0.8474576271186441,1121,0.8474576271186441,620,0.8474576271186441,1009,0.8474576271186441,636,0.8474576271186441,1144,0.8474576271186441,642,0.8474576271186441,1187,0.8474576271186441,1235,0.8474576271186441,2342,0.8474576271186441,1281,0.8474576271186441,2369,0.8474576271186441,1264,0.8474576271186441,2352,0.8474576271186441,1286,0.8474576271186441,2352,0.8474576271186441,3116,0.8474576271186441,5395,0.8474576271186441,3143,0.8474576271186441,5340,0.8474576271186441,3219,0.8474576271186441,5383,0.8474576271186441,3186,0.8474576271186441,5403,0.8474576271186441,6165,0.8474576271186441,9126,0.8474576271186441,6283,0.8474576271186441,9071,0.8474576271186441,6366,0.8474576271186441,9389,0.8474576271186441,6300,0.8474576271186441,9447,0.8474576271186441,9469,0.8474576271186441,11619,0.8474576271186441,9396,0.8474576271186441,11540,0.8474576271186441,9412,0.8474576271186441,11570,0.8474576271186441,9482,0.8474576271186441,11622,0.8474576271186441,11270,0.8474576271186441,12346,0.8474576271186441,11342,0.8474576271186441,12368,0.8474576271186441,11266,0.8474576271186441,12333,0.8474576271186441,11308,0.8474576271186441,12382,0.8474576271186441,25,0.8474576271186441
546,1,25,0.8135593220338982,0.8135593220338982,13,0.8135593220338982,29,0.8135593220338982,23,0.8135593220338982,71,0.8135593220338982,13,0.8135593220338982,13,0.8135593220338982,10,0.8135593220338982,10,0.8135593220338982,130,0.8135593220338982,241,0.8135593220338982,130,0.8135593220338982,178,0.8135593220338982,138,0.8135593220338982,298,0.8135593220338982,131,0.8135593220338982,287,0.8135593220338982,600,0.8135593220338982,1177,0.8135593220338982,645,0.8135593220338982,1210,0.8135593220338982,646,0.8135593220338982,1306,0.8135593220338982,609,0.8135593220338982,1046,0.8135593220338982,1216,0.8135593220338982,2483,0.8135593220338982,1269,0.8135593220338982,2535,0.8135593220338982,1250,0.8135593220338982,2203,0.8135593220338982,1281,0.8135593220338982,2400,0.8135593220338982,3115,0.8135593220338982,5245,0.8135593220338982,3155,0.8135593220338982,5566,0.8135593220338982,3193,0.8135593220338982,5393,0.8135593220338982,3156,0.8135593220338982,5473,0.8135593220338982,6253,0.8135593220338982,9233,0.8135593220338982,6235,0.8135593220338982,9347,0.8135593220338982,6254,0.8135593220338982,9156,0.8135593220338982,6356,0.8135593220338982,9262,0.8135593220338982,9396,0.8135593220338982,11652,0.8135593220338982,9511,0.8135593220338982,11583,0.8135593220338982,9498,0.8135593220338982,11612,0.8135593220338982,9371,0.8135593220338982,11586,0.8135593220338982,11317,0.8135593220338982,12375,0.8135593220338982,11310,0.8135593220338982,12404,0.8135593220338982,11331,0.8135593220338982,12355,0.8135593220338982,11314,0.8135593220338982,12335,0.8135593220338982,25,0.8135593220338982
547,1,25,0.793103448275862,0.793103448275862,14,0.793103448275862,14,0.793103448275862,8,0.793103448275862,24,0.793103448275862,9,0.793103448275862,9,0.793103448275862,11,0.793103448275862,43,0.793103448275862,110,0.793103448275862,252,0.793103448275862,131,0.793103448275862,257,0.793103448275862,123,0.793103448275862,217,0.793103448275862,131,0.793103448275862,226,0.793103448275862,648,0.793103448275862,1234,0.793103448275862,648,0.793103448275862,1428,0.793103448275862,630,0.793103448275862,1297,0.793103448275862,651,0.793103448275862,1173,0.793103448275862,1271,0.793103448275862,2179,0.793103448275862,1241,0.793103448275862,2336,0.793103448275862,1291,0.793103448275862,2279,0.793103448275862,1288,0.793103448275862,2447,0.793103448275862,3176,0.793103448275862,5262,0.793103448275862,3097,0.793103448275862,5177,0.793103448275862,3183,0.793103448275862,5420,0.793103448275862,3136,0.793103448275862,5471,0.793103448275862,6254,0.793103448275862,9308,0.793103448275862,6301,0.793103448275862,9207,0.793103448275862,6300,0.793103448275862,9121,0.793103448275862,6280,0.793103448275862,9377,0.793103448275862,9436,0.793103448275862,11621,0.793103448275862,9366,0.793103448275862,11664,0.793103448275862,9462,0.793103448275862,11768,0.793103448275862,9440,0.793103448275862,11655,0.793103448275862,11302,0.793103448275862,12367,0.793103448275862,11315,0.793103448275862,12365,0.793103448275862,11270,0.793103448275862,12352,0.793103448275862,11312,0.793103448275862,12364,0.793103448275862,25,0.793103448275862
548,1,26,0.7796610169491526,0.7796610169491526,14,0.7796610169491526,62,0.7796610169491526,15,0.7796610169491526,31,0.7796610169491526,20,0.7796610169491526,20,0.7796610169491526,6,0.7796610169491526,22,0.7796610169491526,116,0.7796610169491526,228,0.7796610169491526,127,0.7796610169491526,239,0.7796610169491526,125,0.7796610169491526,300,0.7796610169491526,132,0.7796610169491526,212,0.7796610169491526,642,0.7796610169491526,1157,0.7796610169491526,595,0.7796610169491526,1030,0.7796610169491526,610,0.7796610169491526,1189,0.7796610169491526,656,0.7796610169491526,1202,0.7796610169491526,1217,0.7796610169491526,2230,0.7796610169491526,1270,0.7796610169491526,2591,0.7796610169491526,1224,0.7796610169491526,2193,0.7796610169491526,1181,0.7796610169491526,2157,0.7796610169491526,3185,0.7796610169491526,5477,0.7796610169491526,3170,0.7796610169491526,5490,0.7796610169491526,3198,0.7796610169491526,5437,0.7796610169491526,3200,0.7796610169491526,5439,0.7796610169491526,6445,0.7796610169491526,9511,0.7796610169491526,6256,0.7796610169491526,9128,0.7796610169491526,6261,0.7796610169491526,9050,0.7796610169491526,6269,0.7796610169491526,9344,0.7796610169491526,9353,0.7796610169491526,11483,0.7796610169491526,9429,0.7796610169491526,11589,0.7796610169491526,9368,0.7796610169491526,11601,0.7796610169491526,9397,0.7796610169491526,11688,0.7796610169491526,11285,0.7796610169491526,12390,0.7796610169491526,11299,0.7796610169491526,12365,0.7796610169491526,11325,0.7796610169491526,12408,0.7796610169491526,11333,0.7796610169491526,12331,0.7796610169491526,26,0.7796610169491526
549,1,26,0.8333333333333333,0.8333333333333333,12,0.8333333333333333,12,0.8333333333333333,16,0.8333333333333333,64,0.8333333333333333,18,0.8333333333333333,34,0.8333333333333333,12,0.8333333333333333,28,0.8333333333333333,134,0.8333333333333333,245,0.8333333333333333,131,0.8333333333333333,194,0.8333333333333333,129,0.8333333333333333,272,0.8333333333333333,130,0.8333333333333333,287,0.8333333333333333,660,0.8333333333333333,1235,0.8333333333333333,624,0.8333333333333333,1019,0.8333333333333333,646,0.8333333333333333,1042,0.8333333333333333,617,0.8333333333333333,1172,0.8333333333333333,1322,0.8333333333333333,2419,0.8333333333333333,1298,0.8333333333333333,2557,0.8333333333333333,1260,0.8333333333333333,2458,0.8333333333333333,1238,0.8333333333333333,2515,0.8333333333333333,3161,0.8333333333333333,5400,0.8333333333333333,3152,0.8333333333333333,5510,0.8333333333333333,3149,0.8333333333333333,5480,0.8333333333333333,3092,0.8333333333333333,5425,0.8333333333333333,6290,0.8333333333333333,9269,0.8333333333333333,6280,0.8333333333333333,9379,0.8333333333333333,6272,0.8333333333333333,9052,0.8333333333333333,6231,0.8333333333333333,9132,0.8333333333333333,9372,0.8333333333333333,11574,0.8333333333333333,9482,0.8333333333333333,11597,0.8333333333333333,9437,0.8333333333333333,11586,0.8333333333333333,9426,0.8333333333333333,11605,0.8333333333333333,11283,0.8333333333333333,12361,0.8333333333333333,11421,0.8333333333333333,12406,0.8333333333333333,11314,0.8333333333333333,12380,0.8333333333333333,11315,0.8333333333333333,12377,0.8333333333333333,26,0.8333333333333333
