frame,ego_id,ego_detected_box_count,has_collaborator,ego_origin_lidar_shape_0,ego_origin_lidar_shape_1,ego_pcd_num_points,ego_pcd_mean_range,ego_pcd_max_range,ego_pcd_std_range,ego_pcd_near_20m,ego_pcd_mid_20_50m,ego_pcd_far_50_80m,ego_pcd_very_far_80m,ego_pcd_front_points,ego_pcd_back_points,ego_pcd_left_points,ego_pcd_right_points,ego_pcd_front_far_30m,ego_pcd_front_far_50m,ego_pcd_density_0_20,ego_pcd_density_20_50,ego_pcd_density_50_80
0,302,21,1,55333,4,55333,12.143856048583984,119.74493408203125,12.728422164916992,46398,7750,782,403,27419,27914,28036,27297,1566,644,36.922355247888795,1.1747150561544657,0.06382521307582674
1,302,22,1,55405,4,55405,12.106860160827637,119.93358612060547,12.647523880004883,46562,7682,774,387,27508,27897,28012,27393,1586,646,37.05286230122415,1.164407878887562,0.0631722697195523
2,302,22,1,55289,4,55289,12.129794120788574,119.98777770996094,12.79100513458252,46589,7527,768,405,27518,27771,28041,27248,1645,646,37.07434821854156,1.1409135777644726,0.06268256220234647
3,302,22,1,55305,4,55305,12.166229248046875,119.81593322753906,12.850873947143555,46681,7477,731,416,27521,27784,28074,27231,1742,617,37.14755949236383,1.1333347709505728,0.05966269917957717
4,302,20,1,55446,4,55446,12.178115844726562,119.72941589355469,12.855969429016113,46864,7462,705,415,27409,28037,28128,27318,1805,593,37.29318626529292,1.131061128906403,0.05754063327168524
5,302,22,1,55307,4,55307,12.121509552001953,119.78435516357422,12.638323783874512,46899,7349,671,388,27360,27947,28080,27227,1858,591,37.321038380333995,1.1139330255069895,0.05476562400751885
6,302,20,1,55454,4,55454,12.1477632522583,120.01551055908203,12.702617645263672,46975,7457,624,398,27460,27994,28114,27340,1921,545,37.38151725870892,1.130303248225013,0.05092958178940651
7,302,21,1,55413,4,55413,12.12991714477539,119.97380828857422,12.62417221069336,47037,7388,600,388,27402,28011,28070,27343,1976,532,37.4308552910674,1.1198444948218313,0.048970751720583176
8,302,21,1,55216,4,55216,12.127669334411621,119.94448852539062,12.5552978515625,46905,7367,559,385,27346,27870,28021,27195,1964,504,37.325813028626754,1.1166613959599934,0.045624417019676664
9,302,21,1,55210,4,55210,12.131631851196289,120.00184631347656,12.485563278198242,46791,7491,552,376,27160,28050,28019,27191,2049,521,37.23509471106437,1.1354568368584648,0.04505309158293652
10,302,21,1,55310,4,55310,12.120702743530273,119.89120483398438,12.441433906555176,46820,7569,548,373,27329,27981,28028,27282,2134,525,37.258172177812696,1.1472797754881485,0.04472661990479931
11,302,20,1,55365,4,55365,12.142870903015137,119.93435668945312,12.546368598937988,46975,7488,540,362,27227,28138,28064,27301,2168,525,37.38151725870892,1.135002108449631,0.044073676548524864
12,302,19,1,55244,4,55244,12.108729362487793,119.82311248779297,12.373839378356934,46930,7455,542,317,27190,28054,27999,27245,2188,502,37.34570739651324,1.130000095952457,0.044236912387593474
13,302,20,1,55244,4,55244,12.090032577514648,119.95645904541016,12.29534912109375,47010,7379,534,321,27139,28105,27889,27355,2191,520,37.409369373749996,1.1184803095953293,0.04358396903131903
14,302,20,1,55087,4,55087,12.117522239685059,119.6959457397461,12.221790313720703,46853,7401,525,308,27035,28052,27974,27113,2227,511,37.28443274342286,1.121814984593445,0.04284940775551028
15,302,21,1,55074,4,55074,12.094671249389648,119.95106506347656,12.067985534667969,46881,7391,505,297,27035,28039,27920,27154,2223,490,37.306714435455724,1.1202992232306652,0.041217049364824176
16,302,19,1,54916,4,54916,12.073288917541504,119.98139953613281,11.869778633117676,46919,7224,493,280,26884,28032,27796,27120,2222,480,37.336953874643186,1.09498600847224,0.04023763433041251
17,302,22,1,54961,4,54961,12.101679801940918,114.37708282470703,11.784355163574219,46934,7280,466,281,26914,28047,27773,27188,2309,481,37.34889049537508,1.1034742721038078,0.03803395050298627
18,302,23,1,54859,4,54859,12.15371036529541,113.3360824584961,11.792581558227539,46874,7214,492,279,26801,28058,27736,27123,2310,488,37.30114401244751,1.09347024710946,0.04015601641087821
19,302,23,1,54817,4,54817,12.174190521240234,116.29312133789062,11.851312637329102,46766,7277,474,300,26729,28088,27724,27093,2350,488,37.215200343177884,1.1030195436949737,0.03868689385926071
20,302,23,1,54731,4,54731,12.197305679321289,119.87068939208984,11.861931800842285,46652,7293,465,321,26667,28064,27725,27006,2407,499,37.12448202561551,1.1054447618754217,0.037952332583451966
21,302,20,1,54734,4,54734,12.14548110961914,118.07268524169922,11.65333366394043,46693,7250,486,305,26626,28108,27663,27071,2392,491,37.157108788949344,1.098926988015468,0.039666308893672377
22,302,21,1,54643,4,54643,12.154472351074219,119.53019714355469,11.613816261291504,46570,7293,482,298,26499,28144,27620,27023,2463,481,37.05922849894783,1.1054447618754217,0.039339837215535155
23,302,23,1,54684,4,54684,12.155854225158691,119.67378234863281,11.615616798400879,46588,7306,465,325,26561,28123,27603,27081,2520,494,37.0735524438261,1.1074152516470357,0.037952332583451966
24,302,22,1,54682,4,54682,12.10057544708252,119.3044204711914,11.35584831237793,46620,7297,454,311,26420,28262,27588,27094,2559,487,37.099017234720804,1.1060510664205336,0.0370545354685746
25,302,22,1,54532,4,54532,12.088921546936035,119.8660888671875,11.290933609008789,46462,7307,458,305,26453,28079,27509,27023,2596,486,36.97328482967821,1.1075668277833135,0.037381007146711824
26,302,22,1,54411,4,54411,12.169057846069336,119.89507293701172,11.61011791229248,46359,7255,488,309,26399,28012,27400,27011,2600,495,36.89132003398588,1.0996848686968579,0.03982954473274099
27,302,23,1,54522,4,54522,12.220547676086426,119.9138412475586,11.713144302368164,46374,7334,497,317,26310,28212,27465,27057,2702,508,36.90325665471777,1.1116593834628195,0.04056410600854973
28,302,22,1,54441,4,54441,12.245083808898926,117.21299743652344,11.843123435974121,46227,7424,476,314,26309,28132,27403,27038,2741,502,36.78627777154523,1.1253012357278391,0.03885012969832932
29,302,23,1,54415,4,54415,12.261706352233887,119.39929962158203,11.907395362854004,46205,7391,492,327,26341,28074,27442,26973,2725,528,36.76877072780512,1.1202992232306652,0.04015601641087821
30,302,22,1,54423,4,54423,12.228675842285156,118.97836303710938,11.906472206115723,46220,7383,489,331,26235,28188,27415,27008,2701,541,36.780707348537014,1.1190866141404412,0.03991116265227529
31,302,23,1,54328,4,54328,12.218416213989258,118.23435974121094,11.919822692871094,46082,7411,468,367,26058,28270,27395,26933,2699,540,36.67089043780361,1.1233307459562252,0.03819718634205488
32,302,23,1,54225,4,54225,12.159066200256348,119.84085845947266,11.838276863098145,46050,7334,469,372,26144,28081,27278,26947,2670,566,36.6454256469089,1.1116593834628195,0.03827880426158919
33,302,23,1,54172,4,54172,12.118900299072266,119.0316162109375,11.726487159729004,45960,7386,471,355,26111,28061,27232,26940,2676,548,36.57380592251755,1.1195413425492753,0.0384420401006578
34,302,23,1,54045,4,54045,12.06546401977539,119.62522888183594,11.713789939880371,45911,7290,490,354,25931,28114,27188,26857,2643,574,36.534812961460034,1.1049900334665876,0.0399927805718096
35,302,21,1,54163,4,54163,12.047124862670898,117.72209167480469,11.771732330322266,45959,7356,501,347,26080,28083,27255,26908,2697,576,36.57301014780209,1.1149940584609355,0.040890577686686955
36,302,22,1,54073,4,54073,12.048614501953125,119.66657257080078,11.957301139831543,45943,7245,528,357,26056,28017,27176,26897,2759,606,36.560277752354736,1.0981691073340778,0.0430942615141132
37,302,21,1,54104,4,54104,12.031229019165039,115.7578353881836,11.870316505432129,45929,7321,550,304,26100,28004,27153,26951,2701,576,36.549136906338305,1.1096888936912055,0.04488985574386791
38,302,22,1,54199,4,54199,12.059429168701172,115.40864562988281,12.041886329650879,45960,7347,555,337,26185,28014,27242,26957,2744,610,36.57380592251755,1.1136298732344334,0.04529794534153944
39,302,22,1,54147,4,54147,12.03104019165039,116.6881103515625,12.016297340393066,45804,7474,567,302,26155,27992,27133,27014,2751,599,36.44966506690587,1.132880042541739,0.04627736037595111
40,302,22,1,54158,4,54158,12.025195121765137,118.0367202758789,11.976784706115723,45783,7504,604,267,26113,28045,27142,27016,2775,622,36.43295379788122,1.1374273266300787,0.0492972233987204
41,302,22,1,54165,4,54165,12.048542976379395,117.74844360351562,12.041049003601074,45768,7505,648,244,26220,27945,27182,26983,2802,641,36.42101717714933,1.1375789027663568,0.05288841185822983
42,302,21,1,53958,4,53958,12.080333709716797,111.4941635131836,12.118086814880371,45663,7401,660,234,26063,27895,27054,26904,2773,643,36.33746083202608,1.121814984593445,0.053867826892641496
43,302,22,1,54063,4,54063,12.092497825622559,116.74610137939453,11.989989280700684,45744,7442,674,203,26211,27852,27102,26961,2816,655,36.4019185839783,1.128029606180843,0.05501047776612177
44,302,22,1,53940,4,53940,12.136971473693848,114.23755645751953,11.983534812927246,45594,7468,695,183,26278,27662,27023,26917,2775,667,36.28255237665938,1.131970585724071,0.05672445407634218
45,302,22,1,53768,4,53768,12.225180625915527,112.1178207397461,12.083039283752441,45294,7557,739,178,26212,27556,26911,26857,2799,700,36.04381996202154,1.1454608618528126,0.060315642535851616
46,302,21,1,54023,4,54023,12.266826629638672,115.4291000366211,12.091063499450684,45449,7665,736,173,26291,27732,27062,26961,2802,679,36.16716504291775,1.161831084570836,0.0600707887772487
47,302,21,1,53916,4,53916,12.339130401611328,116.25160217285156,12.113977432250977,45235,7757,769,155,26289,27627,27054,26862,2716,695,35.99686925380943,1.1757760891084117,0.06276418012188077
48,302,22,1,53867,4,53867,12.444665908813477,118.43827056884766,12.157875061035156,45147,7782,766,172,26315,27552,26943,26924,2696,675,35.926841078848994,1.1795654925153616,0.06251932636327785
49,302,20,1,53890,4,53890,12.465022087097168,119.98411560058594,12.061843872070312,45110,7845,770,165,26465,27425,27015,26875,2643,674,35.89739741437699,1.1891147891008753,0.06284579804141507
50,302,20,1,53977,4,53977,12.519425392150879,111.79759979248047,11.900540351867676,45123,7908,799,147,26521,27456,27029,26948,2578,654,35.907742485677964,1.198664085686389,0.06521271770790993
51,302,21,1,53881,4,53881,12.546146392822266,112.34137725830078,11.7276029586792,44945,8049,751,136,26452,27429,26966,26915,2523,591,35.766094586326176,1.2200363209015863,0.06129505757026328
52,302,23,1,53942,4,53942,12.615285873413086,112.68684387207031,11.717561721801758,44857,8165,780,140,26531,27411,27032,26910,2509,614,35.69606641136575,1.2376191527098337,0.06366197723675814
53,302,23,1,53955,4,53955,12.66876220703125,113.81407165527344,11.621899604797363,44748,8311,757,139,26576,27379,27024,26931,2391,600,35.60932696738066,1.2597492686064211,0.061784765087469114
54,302,23,1,53667,4,53667,12.687850952148438,108.66380310058594,11.512781143188477,44381,8422,737,127,26526,27141,26908,26759,2313,584,35.317277646807035,1.2765742197332786,0.060152406696783005
55,302,23,1,53774,4,53774,12.727669715881348,119.79383850097656,11.62896728515625,44479,8384,764,147,26585,27189,26950,26824,2265,614,35.39526356892206,1.270814326554715,0.06235609052420925
56,302,23,1,53936,4,53936,12.849994659423828,117.4624252319336,11.877571105957031,44427,8584,751,174,26744,27192,27005,26931,2334,621,35.35388328371817,1.301129553810314,0.06129505757026328
57,302,23,1,53909,4,53909,12.843179702758789,116.90603637695312,11.853025436401367,44347,8643,791,128,26806,27103,26941,26968,2207,626,35.29022130648141,1.3100725458507156,0.06455977435163548
58,302,23,1,53796,4,53796,12.887850761413574,117.51673889160156,11.99942684173584,44189,8672,793,142,26849,26947,26909,26887,2171,647,35.164488901438816,1.3144682538027777,0.0647230101907041
59,302,23,1,53862,4,53862,12.88789176940918,118.26283264160156,12.008662223815918,44175,8736,813,138,26914,26948,26954,26908,2180,661,35.153348055422384,1.3241691265245692,0.06635536858139021
60,302,22,1,53991,4,53991,12.933375358581543,118.35316467285156,12.046226501464844,44010,9014,841,126,27001,26990,26998,26993,2261,667,35.02204522737157,1.366307292409852,0.06864067032835075
61,302,22,1,53842,4,53842,12.885632514953613,111.38682556152344,12.065046310424805,43879,8947,903,113,26992,26850,26847,26995,2138,701,34.91779873964638,1.3561516912792264,0.07370098133947768
62,302,21,1,53804,4,53804,12.861421585083008,111.41796112060547,12.086787223815918,43733,9004,948,119,27006,26798,26868,26936,2058,698,34.80161563118929,1.3647915310470722,0.07737378771852142
63,302,19,1,53920,4,53920,12.896080017089844,111.61910247802734,12.218376159667969,43650,9117,1028,125,27097,26823,26913,27007,2023,746,34.735566329806154,1.3819196344464855,0.08390322128126584
64,302,20,1,53967,4,53967,12.833059310913086,118.96720886230469,12.150744438171387,43767,9036,1041,123,27216,26751,26953,27014,2012,736,34.828671971514915,1.3696419674079678,0.08496425423521181
65,302,19,1,53959,4,53959,12.87144947052002,113.71251678466797,12.211041450500488,43671,9087,1079,122,27248,26711,26943,27016,2002,759,34.75227759883081,1.3773723503581456,0.08806573517751541
66,302,20,1,53978,4,53978,12.889311790466309,113.04183959960938,12.25206470489502,43683,9085,1080,130,27322,26656,27028,26950,2088,765,34.76182689541632,1.3770691980855898,0.08814735309704973
67,302,19,1,54128,4,54128,12.90187931060791,113.19248962402344,12.21324634552002,43747,9163,1095,123,27276,26852,27146,26982,2145,777,34.812756477205724,1.3888921367152733,0.0893716218900643
68,302,18,1,53977,4,53977,12.917397499084473,113.17548370361328,12.272435188293457,43567,9173,1101,136,27183,26794,27074,26903,2213,781,34.66951702842302,1.3904078980780534,0.08986132940727014
69,302,17,1,54004,4,54004,12.884395599365234,111.49966430664062,12.171561241149902,43723,9067,1087,127,27147,26857,27065,26939,2255,788,34.7936578840347,1.3743408276325857,0.08871867853378985
70,302,17,1,53871,4,53871,12.914512634277344,114.570556640625,12.194282531738281,43728,8916,1096,131,27092,26779,26991,26880,2261,793,34.797636757612,1.3514528310546086,0.08945323980959861
71,302,17,1,54139,4,54139,12.948941230773926,119.86231231689453,12.306432723999023,44102,8774,1118,145,27329,26810,27149,26990,2303,829,35.09525650119384,1.329929019703133,0.09124883403935333
72,302,16,1,53979,4,53979,12.935286521911621,119.69049835205078,12.208661079406738,44024,8759,1053,143,27266,26713,27071,26908,2346,817,35.033186073388,1.3276553776589632,0.08594366926962348
73,302,17,1,53971,4,53971,12.989279747009277,119.74396514892578,12.367079734802246,44101,8580,1143,147,27244,26727,26960,27011,2408,862,35.09446072647838,1.300523249265202,0.09328928202771096
74,302,18,1,54002,4,54002,13.023273468017578,119.02691650390625,12.41352367401123,44154,8530,1170,148,27275,26727,27013,26989,2502,891,35.13663678639773,1.2929444424513021,0.0954929658551372
75,302,17,1,53949,4,53949,13.050588607788086,118.26460266113281,12.392769813537598,44137,8473,1203,136,27217,26732,27033,26916,2536,903,35.12310861623492,1.2843046026834564,0.09818635719976927
76,302,17,1,54026,4,54026,13.14340877532959,119.78672790527344,12.508689880371094,44195,8454,1228,149,27303,26723,27081,26945,2634,935,35.169263549731575,1.2814246560941744,0.1002268051881269
77,302,17,1,54093,4,54093,13.180787086486816,119.87120056152344,12.590215682983398,44306,8382,1245,160,27212,26881,27094,26999,2730,966,35.257594543147576,1.2705111742821589,0.1016143098202101
78,302,17,1,54223,4,54223,13.257680892944336,119.77565002441406,12.697224617004395,44442,8318,1299,164,27412,26811,27191,27032,2795,1009,35.36581990445006,1.260810301560367,0.10602167747506258
79,302,17,1,54260,4,54260,13.252883911132812,119.88780212402344,12.74993896484375,44636,8161,1278,185,27290,26970,27208,27052,2813,1027,35.5202001992492,1.2370128481647218,0.10430770116484217
80,302,17,1,54169,4,54169,13.264900207519531,119.46610260009766,12.746968269348145,44574,8120,1292,183,27221,26948,27169,27000,2772,1051,35.47086216689071,1.230798226577324,0.10545035203832244
81,302,17,1,54340,4,54340,13.288736343383789,118.74652862548828,12.783443450927734,44703,8092,1366,179,27327,27013,27253,27087,2774,1079,35.57351710518498,1.22655409476154,0.11149007808386104
82,302,17,1,54454,4,54454,13.299038887023926,118.68818664550781,12.849068641662598,44768,8092,1404,190,27294,27160,27337,27117,2717,1091,35.62524246168985,1.22655409476154,0.11459155902616464
83,302,17,1,54453,4,54453,13.283093452453613,118.83880615234375,12.787490844726562,44694,8172,1394,193,27383,27070,27330,27123,2725,1092,35.56635513274585,1.2386801856637797,0.11377537983082159
84,302,17,1,54448,4,54448,13.296993255615234,118.3506851196289,12.813514709472656,44575,8264,1416,193,27203,27245,27377,27071,2796,1096,35.471657941606175,1.2526251902013554,0.1155709740605763
85,302,17,1,54365,4,54365,13.347569465637207,119.73267364501953,12.901716232299805,44418,8322,1422,203,27197,27168,27246,27119,2805,1095,35.34672131127903,1.261416606105479,0.11606068157778214
86,302,14,1,54404,4,54404,13.402268409729004,119.44489288330078,12.96545124053955,44330,8539,1333,202,27058,27346,27313,27091,2875,1005,35.2766931363186,1.2943086276778042,0.10879668673922896
87,302,14,1,54524,4,54524,13.393529891967773,119.17911529541016,12.88747787475586,44369,8718,1259,178,27103,27421,27403,27121,2922,915,35.307728350221524,1.3214407560715653,0.10275696069369038
88,302,15,1,54640,4,54640,13.427070617675781,117.56636047363281,12.935565948486328,44443,8732,1266,199,27048,27592,27518,27122,2790,926,35.36661567916552,1.3235628219794573,0.1033282861304305
89,302,15,1,54494,4,54494,13.478906631469727,118.76458740234375,12.98964786529541,44208,8832,1258,196,27004,27490,27437,27057,2625,901,35.17960862103254,1.3387204356072568,0.10267534277415606
90,1773,23,1,54596,4,54596,11.374249458312988,119.9784927368164,11.576482772827148,46544,7259,483,310,27608,26988,27765,26831,1001,429,37.03853835634588,1.1002911732419698,0.03942145513506946
91,1773,22,1,54705,4,54705,11.37907600402832,119.95661163330078,11.547289848327637,46575,7337,492,301,27651,27054,27832,26873,1025,434,37.06320737252513,1.1121141118716535,0.04015601641087821
92,1773,21,1,54670,4,54670,11.382766723632812,119.9607162475586,11.577691078186035,46510,7364,491,305,27518,27152,27810,26860,1030,432,37.01148201602026,1.1162066675511593,0.0400743984913439
93,1773,21,1,54661,4,54661,11.37885570526123,119.9574203491211,11.581991195678711,46504,7364,489,304,27729,26932,27824,26837,1006,427,37.0067073677275,1.1162066675511593,0.03991116265227529
94,1773,20,1,54790,4,54790,11.397590637207031,119.96728515625,11.585769653320312,46574,7424,491,301,27697,27093,27933,26857,1021,427,37.062411597809664,1.1253012357278391,0.0400743984913439
95,1773,22,1,54660,4,54660,11.419489860534668,120.00227355957031,11.62043285369873,46493,7364,499,304,27630,27030,27918,26742,1018,426,36.99795384585745,1.1162066675511593,0.040727341847618344
96,1773,21,1,54727,4,54727,11.429323196411133,120.00569915771484,11.6055908203125,46570,7368,487,302,27674,27053,27890,26837,1005,419,37.05922849894783,1.1168129720962714,0.03974792681320668
97,1773,24,1,54931,4,54931,11.56763744354248,119.41043853759766,12.016007423400879,46712,7357,526,336,27676,27255,27906,27025,1155,475,37.17222850854307,1.1151456345972133,0.04293102567504459
98,1773,28,1,55017,4,55017,11.733321189880371,117.69310760498047,12.360030174255371,46582,7328,764,343,27554,27463,28038,26979,1271,618,37.06877779553334,1.1107499266451515,0.06235609052420925
99,1773,33,1,55105,4,55105,11.819990158081055,118.4703369140625,12.715005874633789,46524,7386,789,406,27473,27632,28042,27063,1413,688,37.02262286203669,1.1195413425492753,0.06439653851256688
100,1773,33,1,55164,4,55164,11.830455780029297,119.74950408935547,12.788663864135742,46593,7368,783,420,27493,27671,28044,27120,1431,740,37.0775313174034,1.1168129720962714,0.06390683099536106
101,1773,34,1,55243,4,55243,11.862837791442871,119.94540405273438,12.810545921325684,46485,7576,811,371,27490,27753,28104,27139,1485,740,36.99158764813377,1.1483408084420945,0.0661921327423216
102,1773,34,1,55208,4,55208,11.876286506652832,117.11194610595703,12.708861351013184,46347,7691,806,364,27521,27687,28041,27167,1441,725,36.881770737400366,1.1657720641140639,0.06578404314465007
103,1773,35,1,55363,4,55363,11.90698528289795,119.23674011230469,12.77203369140625,46354,7805,829,375,27743,27620,28135,27228,1499,763,36.88734116040858,1.1830517436497554,0.0676612552939391
104,1773,33,1,55135,4,55135,11.90579605102539,119.26802062988281,12.722572326660156,46147,7762,854,372,27512,27623,28116,27019,1457,764,36.72261579430847,1.1765339697898016,0.06970170328229673
105,1773,33,1,55245,4,55245,11.967859268188477,119.61339569091797,12.913727760314941,46194,7783,852,416,27507,27738,27991,27254,1472,782,36.760017205935064,1.1797170686516394,0.06953846744322811
106,1773,33,1,55206,4,55206,11.994755744934082,118.59025573730469,12.917966842651367,46156,7803,823,424,27590,27616,27989,27217,1485,740,36.7297777667476,1.1827485913771993,0.06717154777673326
107,1773,33,1,55362,4,55362,12.016051292419434,119.52461242675781,12.970335960388184,46350,7728,860,424,27528,27834,28046,27316,1492,739,36.88415806154674,1.1713803811563497,0.07019141079950256
108,1773,33,1,55303,4,55303,11.99315071105957,119.42005157470703,12.912906646728516,46423,7626,837,417,27523,27780,27987,27316,1504,708,36.94224961577529,1.1559196152559943,0.06831419865021353
109,1773,32,1,55384,4,55384,11.994738578796387,119.98502349853516,12.905837059020996,46528,7597,836,423,27514,27870,28102,27282,1533,707,37.02580596089853,1.1515239073039323,0.06823258073067923
110,1773,32,1,55390,4,55390,12.019255638122559,119.73461151123047,12.877843856811523,46459,7667,847,417,27548,27842,27975,27415,1616,728,36.97089750553182,1.162134236843392,0.06913037784555659
111,1773,32,1,55485,4,55485,11.999565124511719,119.91905975341797,12.818880081176758,46594,7635,823,433,27535,27950,28157,27328,1666,735,37.078327092118855,1.1572838004824961,0.06717154777673326
112,1773,33,1,55426,4,55426,11.973092079162598,119.8321533203125,12.686643600463867,46492,7704,839,391,27589,27837,28139,27287,1731,750,36.99715807114199,1.1677425538856778,0.06847743448928215
113,1773,33,1,55318,4,55318,11.974626541137695,119.84823608398438,12.557348251342773,46399,7746,817,356,27528,27790,28065,27253,1777,739,36.92315102260426,1.1741087516093536,0.06668184025952743
114,1773,33,1,55427,4,55427,12.00862979888916,119.87298583984375,12.571675300598145,46442,7840,791,354,27582,27845,28167,27260,1856,726,36.957369335369016,1.1883569084194852,0.06455977435163548
115,1773,35,1,55403,4,55403,12.049015045166016,119.83271026611328,12.529617309570312,46466,7814,780,343,27530,27873,28150,27253,1888,702,36.976467928540046,1.1844159288762575,0.06366197723675814
116,1773,34,1,55351,4,55351,12.078710556030273,119.89778137207031,12.538320541381836,46600,7650,761,340,27482,27869,28107,27244,1957,696,37.083101740411614,1.1595574425266661,0.062111236765606335
117,1773,37,1,55301,4,55301,12.145780563354492,119.52394104003906,12.532208442687988,46668,7561,743,329,27433,27868,28091,27210,2019,662,37.13721442106286,1.1460671663979245,0.06064211421398884
118,1773,37,1,55368,4,55368,12.15818977355957,119.81382751464844,12.464473724365234,46917,7410,708,333,27411,27957,28118,27250,2057,641,37.335362325212266,1.1231791698199471,0.05778548703028815
119,1773,36,1,55314,4,55314,12.119930267333984,119.90996551513672,12.29930305480957,46972,7358,648,336,27372,27942,28050,27264,2075,606,37.37912993456254,1.1152972107334913,0.05288841185822983
120,1773,37,1,55474,4,55474,12.18853759765625,119.81334686279297,12.354866027832031,47138,7382,615,339,27503,27971,28144,27330,2075,570,37.51122853732881,1.1189350380041632,0.05019502051359776
121,1773,37,1,55354,4,55354,12.187246322631836,119.81532287597656,12.307262420654297,47056,7363,601,334,27284,28070,28033,27321,2141,568,37.44597501066114,1.1160550914148815,0.049052369640117485
122,1773,35,1,55318,4,55318,12.238622665405273,119.94515991210938,12.356590270996094,47008,7392,610,308,27384,27934,28068,27250,2209,560,37.407777824319076,1.1204507993669433,0.04978693091592623
123,1773,35,1,55345,4,55345,12.140226364135742,119.87452697753906,12.176846504211426,47262,7231,565,287,27381,27964,28006,27339,2210,511,37.60990460204579,1.096047041426186,0.046114124536882496
124,1773,36,1,55344,4,55344,12.110884666442871,119.96685791015625,12.084630012512207,47207,7323,537,277,27300,28044,28021,27323,2249,501,37.56613699269552,1.1099920459637616,0.043828822789921944
125,1773,36,1,55319,4,55319,12.093287467956543,119.96080017089844,12.024608612060547,47132,7377,541,269,27193,28126,27979,27340,2294,512,37.50645388903605,1.1181771573227732,0.044155294468059166
126,1773,35,1,55270,4,55270,12.0790433883667,119.90811920166016,11.86878776550293,47080,7416,530,244,27094,28176,27992,27278,2323,482,37.46507360383216,1.124088626637615,0.04325749735318181
127,1773,37,1,55225,4,55225,12.078060150146484,119.89651489257812,11.850110054016113,47059,7387,525,254,27104,28121,27945,27280,2380,505,37.44836233480751,1.1196929186855533,0.04284940775551028
128,1773,37,1,55097,4,55097,12.119675636291504,118.59549713134766,11.643024444580078,46849,7519,496,233,26984,28113,27878,27219,2431,485,37.28124964456102,1.1397009686742487,0.04048248808901543
129,1773,36,1,54985,4,54985,12.193158149719238,113.94147491455078,11.646495819091797,46859,7395,490,241,26913,28072,27707,27278,2469,472,37.289207391715614,1.1209055277757771,0.0399927805718096
130,1773,36,1,54885,4,54885,12.223417282104492,117.08043670654297,11.518823623657227,46805,7386,468,226,26866,28019,27785,27100,2474,435,37.24623555708081,1.1195413425492753,0.03819718634205488
131,1773,34,1,54723,4,54723,12.30789566040039,119.89505004882812,11.615581512451172,46635,7364,477,247,26717,28006,27687,27036,2524,449,37.11095385545269,1.1162066675511593,0.038931747617863624
132,1773,35,1,54829,4,54829,12.350980758666992,119.68034362792969,11.499517440795898,46621,7498,476,234,26732,28097,27644,27185,2570,455,37.09981300943626,1.1365178698124108,0.03885012969832932
133,1773,36,1,54663,4,54663,12.380971908569336,118.9725570678711,11.456478118896484,46413,7557,456,237,26564,28099,27542,27121,2568,429,36.93429186862069,1.1454608618528126,0.03721777130764321
134,1773,33,1,54557,4,54557,12.465569496154785,118.26293182373047,11.556022644042969,46210,7623,477,247,26514,28043,27517,27040,2660,448,36.772749601382415,1.1554648868471602,0.038931747617863624
135,1773,36,1,54501,4,54501,12.508319854736328,119.69664001464844,11.518284797668457,46086,7685,488,242,26358,28143,27460,27041,2746,474,36.67407353666544,1.164862607296396,0.03982954473274099
136,1773,35,1,54542,4,54542,12.578144073486328,119.32445526123047,11.577882766723633,46036,7748,508,250,26385,28157,27403,27139,2810,480,36.634284800892466,1.1744119038819096,0.04146190312342709
137,1773,34,1,54444,4,54444,12.611087799072266,118.53014373779297,11.643173217773438,45949,7709,525,261,26275,28169,27349,27095,2876,505,36.565052400647495,1.1685004345670678,0.04284940775551028
138,1773,36,1,54401,4,54401,12.61884593963623,119.03268432617188,11.542888641357422,45787,7828,538,248,26153,28248,27425,26976,2961,517,36.43613689674306,1.1865379947841492,0.04391044070945625
139,1773,35,1,54222,4,54222,12.624319076538086,119.79974365234375,11.523543357849121,45544,7889,545,244,26121,28101,27273,26949,2989,523,36.24276364088641,1.1957841390971071,0.04448176614619639
140,1773,33,1,54156,4,54156,12.639674186706543,119.81684875488281,11.469698905944824,45536,7822,553,245,26138,28018,27190,26966,3060,534,36.23639744316273,1.1856285379664813,0.04513470950247083
141,1773,33,1,54067,4,54067,12.658578872680664,119.8536148071289,11.48477554321289,45397,7843,581,246,26144,27923,27172,26895,2987,555,36.12578475771386,1.1888116368283193,0.047420011249431376
142,1773,33,1,53995,4,53995,12.653676986694336,119.79893493652344,11.479474067687988,45387,7786,568,254,26133,27862,27129,26866,3025,567,36.11782701055927,1.1801717970604735,0.04635897829548541
143,1773,36,1,53978,4,53978,12.67935562133789,119.85585021972656,11.459110260009766,45227,7938,581,232,26105,27873,27072,26906,3005,559,35.99050305608575,1.2032113697747289,0.047420011249431376
144,1773,34,1,54097,4,54097,12.655888557434082,118.86634826660156,11.428549766540527,45378,7873,634,212,26144,27953,27180,26917,3051,595,36.11066503812013,1.193358920916659,0.05174576098474956
145,1773,30,1,53997,4,53997,12.681527137756348,119.5654296875,11.412235260009766,45185,7967,657,188,26125,27872,27044,26953,3049,604,35.957080518036456,1.2076070777267907,0.05362297313403858
146,1773,32,1,54097,4,54097,12.728410720825195,118.79460906982422,11.682136535644531,45265,7969,653,210,26142,27955,27122,26975,2996,609,36.02074249527321,1.2079102299993467,0.05329650145590136
147,1773,33,1,53885,4,53885,12.723482131958008,118.38247680664062,11.594999313354492,45016,8018,672,179,26135,27750,27062,26823,2968,617,35.8225945911238,1.2153374606769685,0.05484724192705316
148,1773,34,1,54051,4,54051,12.742987632751465,116.35476684570312,11.617074966430664,45157,8018,702,174,26260,27791,27060,26991,2956,643,35.934798826003586,1.2153374606769685,0.05729577951308232
149,1773,33,1,54035,4,54035,12.757315635681152,115.99718475341797,11.572966575622559,45097,8046,736,156,26207,27828,27052,26983,2938,662,35.88705234307602,1.2195815924927522,0.0600707887772487
150,1773,33,1,53882,4,53882,12.749277114868164,118.35338592529297,11.49713134765625,45021,7965,745,151,26198,27684,26971,26911,2924,667,35.8265734647011,1.2073039254542346,0.06080535005305745
151,1773,33,1,53940,4,53940,12.75959587097168,119.9948959350586,11.491887092590332,45090,7952,758,140,26152,27788,26936,27004,2908,659,35.881481920067806,1.2053334356826206,0.061866383007003416
152,1773,34,1,53894,4,53894,12.783574104309082,111.68289947509766,11.371405601501465,45072,7945,759,118,26283,27611,26952,26942,2889,629,35.867157975189535,1.2042724027286749,0.061948000926537725
153,1773,33,1,53886,4,53886,12.83270263671875,113.54399108886719,11.383062362670898,44976,8061,720,129,26376,27510,27061,26825,2869,606,35.79076360250542,1.2218552345369222,0.058764902064699816
154,1773,35,1,53930,4,53930,12.90927791595459,113.032470703125,11.421186447143555,44862,8192,763,113,26425,27505,26976,26954,2796,606,35.700045284943045,1.2417117083893396,0.062274472604674946
155,1773,32,1,53862,4,53862,12.931392669677734,112.70825958251953,11.340575218200684,44707,8313,737,105,26399,27463,26946,26916,2762,570,35.57670020404682,1.2600524208789772,0.060152406696783005
156,1773,31,1,53903,4,53903,12.970043182373047,111.2733154296875,11.381397247314453,44633,8386,770,114,26548,27355,26993,26910,2654,582,35.51781287510282,1.2711174788272708,0.06284579804141507
157,1773,31,1,53805,4,53805,12.945976257324219,111.62989807128906,11.318839073181152,44409,8561,727,108,26569,27236,26948,26857,2547,559,35.3395593388399,1.29764330267592,0.05933622750143995
158,1773,34,1,53799,4,53799,13.027419090270996,119.22749328613281,11.625783920288086,44216,8739,703,141,26625,27174,26846,26953,2554,560,35.18597481875622,1.3246238549334033,0.05737739743261663
159,1773,31,1,53949,4,53949,13.031354904174805,115.6575698852539,11.644877433776855,44281,8816,722,130,26674,27275,26977,26972,2513,562,35.23770017526109,1.336295217426809,0.05892813790376843
160,1773,32,1,53954,4,53954,13.028898239135742,111.66864013671875,11.642878532409668,44165,8942,725,122,26849,27105,27068,26886,2450,561,35.145390308267785,1.3553938105978363,0.05917299166237134
161,1773,29,1,53831,4,53831,13.022095680236816,111.72309112548828,11.667884826660156,44015,8977,719,120,26845,26986,26855,26976,2392,563,35.02602410094887,1.3606989753675662,0.05868328414516551
162,1773,29,1,53745,4,53745,13.053468704223633,117.9200439453125,11.796737670898438,43803,9091,727,124,26858,26887,26850,26895,2359,575,34.857319861271456,1.3779786549032578,0.05933622750143995
163,1773,31,1,53787,4,53787,13.033890724182129,112.07262420654297,11.841229438781738,43764,9134,759,130,26936,26851,26875,26912,2431,585,34.82628464736854,1.3844964287632116,0.061948000926537725
164,1773,33,1,53833,4,53833,13.004097938537598,112.57398223876953,11.846049308776855,43720,9165,832,116,26967,26866,26921,26912,2353,617,34.79127055988832,1.3891952889878294,0.067906109052542
165,1773,29,1,53871,4,53871,12.961803436279297,112.7778549194336,11.86876392364502,43642,9250,855,124,27066,26805,26899,26972,2254,627,34.72920013208248,1.402079260571459,0.06978332120183103
166,1773,29,1,53895,4,53895,12.956404685974121,112.90687561035156,11.926257133483887,43441,9418,903,133,27093,26802,26920,26975,2220,639,34.56924941427513,1.4275440514661621,0.07370098133947768
167,1773,29,1,53890,4,53890,12.93188762664795,111.91509246826172,11.962444305419922,43487,9324,957,122,27142,26748,26862,27028,2167,667,34.60585505118626,1.4132958946560306,0.07810834899433017
168,1773,28,1,53807,4,53807,12.89866828918457,111.693603515625,11.935250282287598,43347,9367,966,127,27153,26654,26900,26907,2077,663,34.494446591021934,1.4198136685159846,0.07884291027013891
169,1773,31,1,53984,4,53984,12.946847915649414,111.92100524902344,12.032647132873535,43370,9486,991,137,27357,26627,27051,26933,2129,708,34.5127494094775,1.437851228733066,0.08088335825849655
170,1773,32,1,53917,4,53917,12.909889221191406,111.89315795898438,11.959491729736328,43286,9523,985,123,27169,26748,27011,26906,2141,703,34.445904333378905,1.4434595457753518,0.08039365074129072
171,1773,30,1,53825,4,53825,12.950669288635254,112.91432189941406,12.021116256713867,42990,9699,1017,119,27107,26718,26994,26831,2161,720,34.2103550176029,1.470136945760279,0.0830054241663885
172,1773,29,1,53894,4,53894,12.952041625976562,113.03683471679688,12.01098918914795,42994,9770,1002,128,27113,26781,27049,26845,2226,718,34.21353811646474,1.4808988514360166,0.08178115537337391
173,1773,28,1,53991,4,53991,12.98799991607666,116.38139343261719,12.067997932434082,43169,9663,1029,130,27153,26838,27090,26901,2240,738,34.352798691670145,1.464680204854271,0.08398483920080015
174,1773,28,1,54084,4,54084,13.013319969177246,116.55205535888672,12.087358474731445,43246,9668,1041,129,27235,26849,27065,27019,2243,723,34.41407334476053,1.4654380855356612,0.08496425423521181
175,1773,28,1,54044,4,54044,13.005048751831055,119.96318054199219,12.108613014221191,43232,9679,998,135,27285,26759,27086,26958,2340,742,34.40293249874409,1.4671054230347191,0.08145468369523669
176,1773,28,1,54009,4,54009,13.046048164367676,119.94036865234375,12.227350234985352,43304,9533,1027,145,27263,26746,27160,26849,2387,752,34.460228278257176,1.4449753071381317,0.08382160336173154
177,1773,28,1,54064,4,54064,13.0491361618042,119.44993591308594,12.184348106384277,43415,9480,1036,133,27257,26807,27067,26997,2456,747,34.54855927167318,1.436941771915398,0.08455616463754029
178,1773,27,1,53947,4,53947,13.064547538757324,118.52142333984375,12.199372291564941,43483,9290,1039,135,27206,26741,26998,26949,2520,758,34.60267195232442,1.4081423060225788,0.08480101839614321
179,1773,28,1,54198,4,54198,13.131068229675293,118.74870300292969,12.242716789245605,43910,9095,1054,139,27354,26844,27132,27066,2619,769,34.94246775582562,1.3785849594483697,0.08602528718915778
180,1773,28,1,54193,4,54193,13.1768217086792,119.95399475097656,12.260746002197266,44049,8929,1070,145,27263,26930,27126,27067,2682,793,35.05308044127449,1.3534233208262225,0.08733117390170667
181,1773,29,1,54175,4,54175,13.21434211730957,119.65272521972656,12.321232795715332,44181,8746,1089,159,27345,26830,27135,27040,2754,838,35.15812270371514,1.3256848878873493,0.08888191437285847
182,1773,30,1,54185,4,54185,13.263358116149902,119.69487762451172,12.349358558654785,44238,8707,1079,161,27342,26843,27143,27042,2780,827,35.20348186249633,1.3197734185725074,0.08806573517751541
183,1773,29,1,54354,4,54354,13.294184684753418,119.65220642089844,12.3738431930542,44494,8581,1112,167,27331,27023,27232,27122,2756,852,35.407200189653956,1.30067482540148,0.09075912652214749
184,1773,30,1,54334,4,54334,13.378201484680176,119.11442565917969,12.43461799621582,44478,8555,1130,171,27333,27001,27204,27130,2784,880,35.394467794206605,1.296733845858252,0.09222824907376499
185,1773,30,1,54339,4,54339,13.416901588439941,119.5716323852539,12.500749588012695,44495,8483,1178,183,27357,26982,27227,27112,2774,924,35.40799596436941,1.2858203640462365,0.09614590921141164
186,1773,27,1,54485,4,54485,13.403247833251953,119.15788269042969,12.430514335632324,44582,8553,1171,179,27325,27160,27349,27136,2736,925,35.47722836461439,1.2964306935856962,0.0955745837746715
187,1773,29,1,54532,4,54532,13.432284355163574,117.54878997802734,12.483241081237793,44550,8614,1181,187,27377,27155,27310,27222,2772,941,35.45176357371969,1.3056768378986539,0.09639076297001456
188,1773,28,1,54540,4,54540,13.472243309020996,118.84027099609375,12.496569633483887,44506,8623,1224,187,27256,27284,27448,27092,2711,954,35.41674948623947,1.3070410231251557,0.09990033350998968
189,1773,30,1,54523,4,54523,13.500365257263184,119.09437561035156,12.546180725097656,44521,8635,1172,195,27065,27458,27436,27087,2727,900,35.42868610697136,1.3088599367604916,0.09565620169420581
190,1773,27,1,54738,4,54738,13.529010772705078,119.87274169921875,12.561385154724121,44598,8837,1118,185,27254,27484,27563,27175,2714,816,35.48996076006174,1.3394783162886468,0.09124883403935333
191,1773,30,1,54750,4,54750,13.51544189453125,119.06224060058594,12.524307250976562,44575,8880,1119,176,27172,27578,27589,27161,2643,801,35.471657941606175,1.3459960901486006,0.09133045195888763
192,1773,30,1,54743,4,54743,13.554173469543457,118.15895080566406,12.610770225524902,44543,8889,1137,174,27110,27633,27580,27163,2569,781,35.44619315071147,1.3473602753751026,0.09279957451050512
193,1773,30,1,54643,4,54643,13.577103614807129,118.38819885253906,12.74000072479248,44329,8960,1162,192,27058,27585,27512,27131,2508,799,35.27589736160314,1.3581221810508404,0.09484002249886275
194,1773,29,1,54550,4,54550,13.57783317565918,119.16948699951172,12.725435256958008,44228,8991,1147,184,26845,27705,27478,27072,2478,751,35.19552411534173,1.3628210412754582,0.09361575370584818
195,1773,30,1,54604,4,54604,13.593290328979492,119.96504974365234,12.724306106567383,44159,9124,1134,187,26811,27793,27546,27058,2480,740,35.14061565997503,1.3829806674004315,0.09255472075190221
196,1773,32,1,54491,4,54491,13.572641372680664,119.99552154541016,12.70339584350586,43964,9234,1111,182,26843,27648,27469,27022,2432,697,34.98543959046043,1.399654042391011,0.09067750860261319
197,1773,31,1,54546,4,54546,13.626899719238281,118.95063018798828,12.771121978759766,43810,9430,1116,190,26874,27672,27495,27051,2471,690,34.86289028427967,1.4293629651014983,0.09108559820028471
198,1773,30,1,54560,4,54560,13.648950576782227,118.77664947509766,12.791654586791992,43597,9658,1112,193,26848,27712,27405,27155,2523,670,34.693390269886805,1.4639223241728812,0.09075912652214749
199,1773,29,1,54722,4,54722,13.664620399475098,119.50018310546875,12.796446800231934,43480,9946,1097,199,26898,27824,27495,27227,2560,641,34.600284628178045,1.5075762514209439,0.08953485772913292
200,1773,28,1,54605,4,54605,13.688499450683594,117.98257446289062,12.851044654846191,43062,10264,1065,214,26929,27676,27427,27178,2607,613,34.267650797115984,1.5557774627573464,0.08692308430403514
201,1773,26,1,54664,4,54664,13.699244499206543,119.53248596191406,12.85393238067627,43037,10343,1070,214,27022,27642,27500,27164,2688,595,34.2477564292295,1.5677519775233082,0.08733117390170667
202,1773,28,1,54711,4,54711,13.696246147155762,119.88533782958984,12.718353271484375,42962,10531,1024,194,26978,27733,27427,27284,2708,543,34.18807332557004,1.5962482911435714,0.08357674960312862
203,1773,29,1,54433,4,54433,13.735723495483398,118.80752563476562,12.839818954467773,42694,10512,1019,208,26968,27465,27421,27012,2739,539,33.974805701826895,1.5933683445542894,0.0831686600054571
204,1773,29,1,54656,4,54656,13.777469635009766,119.02954864501953,12.837221145629883,42690,10759,984,223,26975,27681,27553,27103,2772,529,33.97162260296506,1.6308076502149542,0.08031203282175642
205,1773,27,1,54802,4,54802,13.825989723205566,118.7342300415039,12.894735336303711,42723,10868,982,229,27065,27737,27740,27062,2762,523,33.99788316857522,1.6473294490692558,0.0801487969826878
206,1773,31,1,54625,4,54625,13.799209594726562,119.76986694335938,12.849393844604492,42687,10751,956,231,26838,27787,27591,27034,2734,492,33.96923527881868,1.6295950411247304,0.07802673107479587
207,1773,27,1,54582,4,54582,13.886468887329102,119.80279541015625,12.865596771240234,42540,10832,979,231,26868,27714,27469,27113,2784,484,33.85225639564614,1.641872708163248,0.07990394322408488
208,1845,30,1,54780,4,54780,12.034127235412598,119.97282409667969,11.521744728088379,43769,10028,896,87,26711,28069,27426,27354,2077,711,34.830263520945834,1.5200054945957395,0.07312965590273755
209,1845,31,1,54591,4,54591,12.350846290588379,116.64094543457031,11.854755401611328,43270,10438,732,151,27152,27439,27168,27423,1830,441,34.433171937931554,1.5821517104697178,0.05974431709911148
210,1845,25,1,54665,4,54665,12.36190414428711,118.25978088378906,11.8544921875,43284,10526,701,154,27216,27449,27280,27385,1747,380,34.444312783947986,1.5954904104621814,0.057214161593548016
211,1845,30,1,54872,4,54872,12.412592887878418,118.76847076416016,11.982562065124512,43514,10402,809,147,27043,27829,27679,27193,1810,420,34.62734096850367,1.5766949695637098,0.06602889690325299
212,1845,40,1,54912,4,54912,12.275253295898438,119.50812530517578,11.872708320617676,43726,10234,797,155,26880,28032,27765,27147,1899,461,34.79604520818108,1.5512301786690066,0.06504948186884132
213,1845,40,1,54698,4,54698,12.232359886169434,119.65840148925781,11.812885284423828,43694,10066,798,140,26736,27962,27639,27059,1905,480,34.770580417286375,1.5257653877743034,0.06513109978837563
214,1845,46,1,54933,4,54933,12.156682968139648,118.83322143554688,11.651016235351562,43947,10090,784,112,27035,27898,27729,27204,1924,432,34.97191142029762,1.5294032150449752,0.06398844891489536
215,1845,44,1,54998,4,54998,12.159066200256348,118.17564392089844,11.711054801940918,44029,10053,801,115,27135,27863,27625,27373,1934,422,35.0371649469653,1.5237948980026894,0.06537595354697855
216,1845,48,1,55171,4,55171,12.16841983795166,119.25544738769531,11.783782005310059,44188,10035,829,119,27256,27915,27698,27473,1921,403,35.16369312672335,1.5210665275496855,0.0676612552939391
217,1845,48,1,55401,4,55401,12.138602256774902,119.66275024414062,11.832549095153809,44454,10016,806,125,27287,28114,27752,27649,1852,391,35.375369201035575,1.5181865809604036,0.06578404314465007
218,1845,48,1,55186,4,55186,12.058485984802246,119.44550323486328,11.761347770690918,44471,9806,793,116,27293,27893,27679,27507,1769,383,35.38889737119839,1.4863555923420244,0.0647230101907041
219,1845,46,1,55332,4,55332,12.041237831115723,119.95995330810547,11.806718826293945,44777,9639,799,117,27257,28075,27735,27597,1821,394,35.632404434128986,1.4610423775835992,0.06521271770790993
220,1845,46,1,55100,4,55100,12.018278121948242,119.76026916503906,11.77133560180664,44688,9498,808,106,27191,27909,27702,27398,1820,393,35.561580484453096,1.439670142368402,0.06594727898371869
221,1845,45,1,55022,4,55022,12.040096282958984,119.9533462524414,11.88538646697998,44829,9260,811,122,27172,27850,27589,27433,1812,374,35.67378471933288,1.403595021934239,0.0661921327423216
222,1845,46,1,54949,4,54949,12.03389835357666,119.92178344726562,11.88056755065918,44987,9001,838,123,27128,27821,27536,27413,1900,379,35.79951712437548,1.364336802638238,0.06839581656974784
223,1845,49,1,55001,4,55001,12.030838012695312,119.60852813720703,11.976202011108398,45199,8812,848,142,26975,28026,27577,27424,1913,402,35.96822136405289,1.3356889128816969,0.06921199576509089
224,1845,47,1,54999,4,54999,12.013487815856934,119.80413818359375,12.016589164733887,45289,8714,851,145,27015,27984,27543,27456,1958,410,36.03984108844424,1.3208344515264534,0.06945684952369381
225,1845,43,1,54792,4,54792,11.899328231811523,118.07836151123047,11.94849681854248,45315,8505,838,134,26887,27905,27483,27309,1977,388,36.060531231046184,1.2891550390443522,0.06839581656974784
226,1845,47,1,55043,4,55043,11.840322494506836,117.88184356689453,12.017531394958496,45617,8447,837,142,27068,27975,27623,27420,2083,366,36.30085519511495,1.2803636231402284,0.06831419865021353
227,1845,28,1,54651,4,54651,11.77211856842041,119.75863647460938,11.84978199005127,44867,8917,748,119,26240,28411,26972,27679,2294,387,35.70402415852034,1.3516044071908864,0.06105020381166036
228,1845,28,1,54567,4,54567,11.62842845916748,119.89938354492188,11.686161994934082,44945,8805,724,93,26166,28401,27013,27554,2328,365,35.766094586326176,1.334627879927751,0.05909137374283704
229,1845,30,1,54857,4,54857,11.742904663085938,119.25296783447266,11.904887199401855,45029,8984,733,111,26550,28307,27388,27469,2493,376,35.83293966242478,1.3617600083215122,0.05982593501864578
230,1845,35,1,54894,4,54894,11.680586814880371,119.9266128540039,11.923148155212402,45242,8767,774,111,26634,28260,27493,27401,2513,379,36.002439676817644,1.328867986749187,0.0631722697195523
231,1845,34,1,54779,4,54779,12.112733840942383,119.21488952636719,12.376466751098633,44546,9091,1006,136,26650,28129,27343,27436,2345,299,35.44858047485785,1.3779786549032578,0.08210762705151113
232,1845,32,1,54421,4,54421,12.176883697509766,117.56803894042969,12.20546817779541,44332,8953,1033,103,26288,28133,27085,27336,2358,271,35.27828468574952,1.3570611480968944,0.08431131087893737
233,1845,33,1,53936,4,53936,12.11030387878418,118.09208679199219,12.144024848937988,44311,8572,952,101,25985,27951,26797,27139,2356,247,35.26157341672487,1.2993106401749779,0.07770025939665864
234,1845,46,1,53915,4,53915,12.147933006286621,119.6487808227539,12.110998153686523,44531,8353,917,114,25803,28112,26693,27222,2511,270,35.436643854125954,1.2661154663300969,0.07484363221295796
235,1845,45,1,53649,4,53649,12.155993461608887,119.49201202392578,11.972373008728027,44477,8270,787,115,25399,28250,26638,27011,2696,257,35.39367201949114,1.2535346470190234,0.06423330267349828
236,1845,52,1,53361,4,53361,12.196454048156738,118.27274322509766,11.870355606079102,44336,8161,757,107,25115,28246,26515,26846,2880,262,35.28146778461136,1.2370128481647218,0.061784765087469114
237,1845,47,1,53110,4,53110,12.231043815612793,118.94874572753906,11.601705551147461,44150,8190,673,97,24866,28244,26401,26709,2884,238,35.1334536875359,1.2414085561167836,0.05492885984658746
238,1845,50,1,52922,4,52922,12.338937759399414,119.72222137451172,11.462557792663574,43704,8483,646,89,24596,28326,26284,26638,2926,209,34.77853816444097,1.2858203640462365,0.05272517601916122
239,1845,48,1,52759,4,52759,12.479092597961426,119.40692138671875,11.378057479858398,43313,8740,609,97,24542,28217,26189,26570,3004,207,34.46739025069631,1.3247754310696813,0.04970531299639193
240,1845,43,1,52500,4,52500,12.567201614379883,119.96540069580078,11.252685546875,42976,8854,560,110,24498,28002,25953,26547,2966,198,34.19921417158647,1.3420551106053726,0.045706034939210965
241,1845,49,1,52584,4,52584,12.663373947143555,117.6435546875,11.172574996948242,42882,9065,535,102,24754,27830,25940,26644,2896,179,34.124411348333275,1.3740376753600299,0.04366558695085333
242,1845,46,1,52650,4,52650,12.669926643371582,118.91464233398438,11.059822082519531,42880,9187,490,93,25380,27270,25972,26678,2795,144,34.12281979890236,1.3925299639859452,0.0399927805718096
243,1845,45,1,52869,4,52869,12.741671562194824,119.92398071289062,11.038507461547852,42773,9531,477,88,25989,26880,25939,26930,2778,134,34.037671904348194,1.4446721548655757,0.038931747617863624
244,1845,48,1,53089,4,53089,12.784767150878906,119.87510681152344,11.039011001586914,42778,9770,444,97,26289,26800,25870,27219,2695,127,34.04165077792549,1.4808988514360166,0.036238356273231555
245,1845,46,1,53042,4,53042,12.80508041381836,119.3408432006836,11.015454292297363,42614,9910,419,99,26257,26785,25857,27185,2546,121,33.91114372459014,1.502119510514936,0.03419790828487392
246,1845,46,1,53154,4,53154,12.860664367675781,118.76155853271484,11.106308937072754,42408,10233,404,109,26363,26791,26000,27154,2437,135,33.74721413320549,1.5510786025327286,0.032973639491859344
247,1845,47,1,52972,4,52972,12.921566009521484,119.48322296142578,11.13491439819336,42111,10351,394,116,26280,26692,25981,26991,2335,130,33.51086904271402,1.568964586613532,0.03215746029651629
248,1845,45,1,52823,4,52823,13.022515296936035,119.54005432128906,11.290346145629883,41972,10308,418,125,26290,26533,26099,26724,2256,124,33.40025635726516,1.5624468127535782,0.03411629036533961
249,1845,45,1,52800,4,52800,12.967870712280273,119.88314819335938,11.132328987121582,42009,10303,369,119,26414,26386,26216,26584,2130,108,33.429700021737155,1.5616889320721883,0.030117012308158657
250,1845,43,1,52780,4,52780,13.045991897583008,119.72046661376953,11.159860610961914,41896,10394,369,121,26451,26329,26230,26550,2160,125,33.339777478890234,1.575482360473486,0.030117012308158657
251,1845,42,1,52871,4,52871,13.011947631835938,119.30766296386719,11.084041595458984,42049,10332,376,114,26513,26358,26352,26519,2154,131,33.461531010355536,1.5660846400242503,0.03068833774489879
252,1845,45,1,52741,4,52741,12.995759010314941,118.94184112548828,11.018647193908691,41936,10320,377,108,26447,26294,26248,26493,2074,119,33.371608467508615,1.5642657263889141,0.030769955664433097
253,1845,37,1,53010,4,53010,12.996268272399902,117.44573974609375,10.913089752197266,42159,10368,369,114,26467,26543,26250,26760,2001,138,33.54906622905608,1.571541380930258,0.030117012308158657
254,1845,40,1,53061,4,53061,13.035014152526855,119.87267303466797,11.029970169067383,42084,10431,425,121,26266,26795,26232,26829,1838,165,33.489383125396614,1.5810906775157718,0.034687615802079755
255,1845,40,1,53100,4,53100,12.911611557006836,119.32141876220703,10.952346801757812,42510,10014,458,118,26371,26729,26632,26468,1511,152,33.828383154182355,1.5178834286878475,0.037381007146711824
256,1845,42,1,53283,4,53283,12.929287910461426,119.96118927001953,11.011082649230957,42628,10051,481,123,26487,26796,26824,26459,1458,136,33.92228457060657,1.5234917457301334,0.039258219296000846
257,1845,41,1,53415,4,53415,12.96152400970459,119.94402313232422,10.979754447937012,42669,10111,528,107,26698,26717,26688,26727,1320,134,33.95491133394041,1.5325863139068132,0.0430942615141132
258,1845,34,1,53663,4,53663,13.105712890625,118.61217498779297,11.295065879821777,42721,10268,534,140,26691,26972,26890,26773,1285,130,33.9962916191443,1.5563837673024585,0.04358396903131903
259,1845,48,1,53724,4,53724,12.929866790771484,119.69336700439453,11.067453384399414,43017,10087,497,123,26721,27003,27141,26583,1362,149,34.23184093492031,1.5289484866361414,0.04056410600854973
260,1845,45,1,53840,4,53840,12.910599708557129,118.10015106201172,11.16280746459961,43229,9959,501,151,26668,27172,27217,26623,1327,172,34.40054517459772,1.5095467411925578,0.040890577686686955
261,1845,42,1,53750,4,53750,12.87984848022461,117.63175201416016,11.161590576171875,43386,9729,491,144,26680,27070,27271,26479,1291,175,34.52548180492486,1.474684229848619,0.0400743984913439
262,1845,45,1,53845,4,53845,12.827574729919434,119.87613677978516,11.146785736083984,43697,9475,517,156,26710,27135,27342,26503,1216,187,34.77296774143275,1.436183891234008,0.04219646439923584
263,1845,46,1,53957,4,53957,12.75645637512207,117.29029846191406,11.123945236206055,44092,9188,522,155,26708,27249,27405,26552,1168,189,35.087298754039246,1.3926815401222232,0.042604553996907366
264,1845,45,1,53689,4,53689,12.730207443237305,119.75033569335938,11.187845230102539,44014,8978,525,172,26745,26944,27256,26433,1127,211,35.0252283262334,1.3608505515038443,0.04284940775551028
265,1845,43,1,53718,4,53718,12.681034088134766,116.66015625,11.286443710327148,44169,8820,537,192,26733,26985,27205,26513,1113,212,35.148573407129625,1.336901521971921,0.043828822789921944
266,1845,45,1,53789,4,53789,12.64507007598877,116.66453552246094,11.428838729858398,44444,8568,559,218,26925,26864,27208,26581,1086,228,35.36741145388098,1.298704335629866,0.045624417019676664
267,1845,46,1,53889,4,53889,12.530405044555664,119.17229461669922,11.34772777557373,44758,8361,548,222,27017,26872,27395,26494,1017,231,35.61728471453526,1.2673280754203209,0.04472661990479931
268,1845,47,1,53802,4,53802,12.459517478942871,119.87976837158203,11.416531562805176,44797,8245,523,237,27033,26769,27318,26484,1016,245,35.64831992843818,1.2497452436120735,0.042686171916441674
269,1845,47,1,53941,4,53941,12.397796630859375,119.98555755615234,11.587101936340332,44951,8225,475,290,27232,26709,27405,26536,1033,260,35.770869234618935,1.2467137208865136,0.03876851177879502
270,1845,41,1,53780,4,53780,12.324162483215332,119.86361694335938,11.817851066589355,44706,8300,447,327,27278,26502,27242,26538,1005,280,35.575904429331366,1.2580819311073632,0.03648321003183447
271,1845,44,1,53846,4,53846,12.17761516571045,119.9972915649414,11.71399974822998,44732,8370,416,328,27402,26444,27292,26554,943,264,35.59659457193331,1.268692260646823,0.033953054526271
272,1845,41,1,53800,4,53800,12.092438697814941,119.81446075439453,11.90951919555664,44544,8507,392,357,27411,26389,27339,26461,930,295,35.44698892542693,1.2894581913169083,0.03199422445744768
273,1845,39,1,53947,4,53947,12.078810691833496,119.84757232666016,12.227954864501953,44581,8577,402,387,27410,26537,27300,26647,956,333,35.47643258989893,1.300068520856368,0.03281040365279073
274,1845,39,1,53959,4,53959,11.95253849029541,119.8233642578125,12.271331787109375,44677,8490,407,385,27364,26595,27343,26616,965,338,35.55282696258304,1.2868813970001824,0.03321849325046226
275,1845,36,1,54283,4,54283,11.801323890686035,118.99874114990234,12.29658031463623,45292,8195,396,400,27280,27003,27568,26715,922,353,36.04222841259062,1.2421664367981737,0.0323206961355849
276,1845,37,1,54595,4,54595,11.697319984436035,119.71311950683594,12.230011940002441,45899,7892,400,404,27423,27172,27765,26830,869,372,36.52526366487452,1.196238867505941,0.03264716781372212
277,1845,35,1,54488,4,54488,11.611011505126953,117.7580337524414,12.183868408203125,46209,7452,427,400,27194,27294,27692,26796,851,391,36.77195382666696,1.129545367543623,0.034850851641148366
278,1845,35,1,54856,4,54856,11.583714485168457,117.52354431152344,12.182445526123047,46838,7181,439,398,27469,27387,27825,27031,838,400,37.27249612269097,1.0884682346122863,0.035830266675560024
279,1845,36,1,54512,4,54512,11.559556007385254,118.25467681884766,12.090713500976562,46640,7048,446,378,27163,27349,27633,26879,838,399,37.114932729029995,1.0683086084873128,0.036401592112300166
280,1845,37,1,54589,4,54589,11.590644836425781,119.66400909423828,12.158766746520996,46702,7049,449,389,27203,27386,27530,27059,841,408,37.16427076138848,1.0684601846235908,0.03664644587090308
281,1845,38,1,54595,4,54595,11.558553695678711,119.89356231689453,12.11721420288086,46830,6927,464,374,27083,27512,27563,27032,808,410,37.266129924967295,1.0499678959976753,0.03787071466391766
282,1845,34,1,54684,4,54684,11.502574920654297,119.12174224853516,12.05730152130127,47034,6819,475,356,27040,27644,27600,27084,782,414,37.428467966921026,1.0335976732796517,0.03876851177879502
283,1845,37,1,54616,4,54616,11.461219787597656,119.38648223876953,12.177813529968262,46980,6778,491,367,26988,27628,27603,27013,776,428,37.385496132286214,1.027383051692254,0.0400743984913439
284,1845,38,1,54779,4,54779,11.393013954162598,119.77334594726562,12.17301082611084,47167,6768,482,362,27050,27729,27639,27140,782,436,37.53430600407714,1.025867290329474,0.039339837215535155
285,1845,38,1,54778,4,54778,11.374176025390625,119.27225494384766,12.239392280578613,47170,6750,479,379,27011,27767,27627,27151,774,427,37.536693328223514,1.02313891987647,0.039094983456932235
286,1845,38,1,54902,4,54902,11.362136840820312,119.2481460571289,12.37135124206543,47328,6690,500,384,27101,27801,27730,27172,786,444,37.66242573326611,1.0140443516997903,0.04080895976715265
287,1845,35,1,54857,4,54857,11.324216842651367,119.23548126220703,12.316906929016113,47343,6613,530,371,26927,27930,27692,27165,725,447,37.674362353998006,1.0023729892063846,0.04325749735318181
288,1845,38,1,54916,4,54916,11.29307746887207,119.20843505859375,12.325135231018066,47494,6518,515,389,26931,27985,27690,27226,719,451,37.79452433603239,0.9879732562599751,0.04203322856016723
289,1845,38,1,54929,4,54929,11.256386756896973,119.83414459228516,12.328919410705566,47552,6449,539,389,27000,27929,27752,27177,733,469,37.84067926952903,0.9775145028567934,0.043992058628990555
290,1845,38,1,54796,4,54796,11.238045692443848,119.17301940917969,12.35073184967041,47447,6405,550,394,26901,27895,27647,27149,729,472,37.75712292440579,0.9708451528605616,0.04488985574386791
291,1845,33,1,54825,4,54825,11.249119758605957,119.21040344238281,12.41838264465332,47448,6402,579,396,26826,27999,27728,27097,756,495,37.75791869912125,0.9703904244517276,0.047256775410362765
292,1845,36,1,54779,4,54779,11.243375778198242,119.1733169555664,12.429309844970703,47433,6351,600,395,26829,27950,27661,27118,784,518,37.74598207838936,0.9626600415015498,0.048970751720583176
293,1845,34,1,54834,4,54834,11.247822761535645,118.7198715209961,12.436164855957031,47442,6388,608,396,26798,28036,27688,27146,802,519,37.753144050828496,0.9682683585438356,0.04962369507685762
294,1845,32,1,54805,4,54805,11.25999641418457,119.97001647949219,12.44466781616211,47375,6416,622,392,26868,27937,27647,27158,803,506,37.69982714489271,0.9725124903596195,0.050766345950337896
295,1845,35,1,54856,4,54856,11.2618989944458,119.19171142578125,12.47137451171875,47435,6395,642,384,26889,27967,27681,27175,801,533,37.74757362782027,0.9693293914977816,0.052398704341024005
296,1845,39,1,54837,4,54837,11.291614532470703,118.89449310302734,12.597155570983887,47435,6353,666,383,26878,27959,27757,27080,893,547,37.74757362782027,0.9629631937741059,0.05435753440984733
297,1845,36,1,54829,4,54829,11.274382591247559,118.79562377929688,12.632315635681152,47449,6366,624,390,26867,27962,27716,27113,882,543,37.75871447383671,0.9649336835457197,0.05092958178940651
298,1845,36,1,54912,4,54912,11.254095077514648,119.84454345703125,12.574799537658691,47549,6359,638,366,26922,27990,27732,27180,876,529,37.83829194538266,0.9638726505917738,0.05207223266288678
299,1845,36,1,54837,4,54837,11.31729507446289,119.60465240478516,12.735616683959961,47387,6400,675,375,26784,28053,27697,27140,896,559,37.70937644147822,0.9700872721791717,0.055092095685656074
300,1845,35,1,54831,4,54831,11.312521934509277,118.87095642089844,12.663207054138184,47378,6423,658,372,26948,27883,27648,27183,912,566,37.702214469039085,0.9735735233135655,0.053704591053572885
301,1845,33,1,54925,4,54925,11.304022789001465,118.52254486083984,12.612494468688965,47444,6463,662,356,26862,28063,27794,27131,908,560,37.75473560025941,0.9796365687646853,0.05403106273171011
302,1845,36,1,54675,4,54675,11.326777458190918,118.77523040771484,12.690704345703125,47230,6435,633,377,26810,27865,27544,27131,910,568,37.584439811151086,0.9753924369489014,0.05166414306521525
303,1845,39,1,54802,4,54802,11.317852973937988,119.87487030029297,12.599851608276367,47318,6476,657,351,26890,27912,27621,27181,900,569,37.65446798611152,0.9816070585362993,0.05362297313403858
304,1845,37,1,54662,4,54662,11.336389541625977,119.51485443115234,12.685492515563965,47185,6455,659,363,26848,27814,27644,27018,900,560,37.54862994895541,0.9784239596744614,0.053786208973107194
305,1845,37,1,54873,4,54873,11.358119010925293,119.70637512207031,12.729827880859375,47306,6547,647,373,26923,27950,27706,27167,907,560,37.644918689526,0.992368964212037,0.05280679393869553
306,1845,34,1,54755,4,54755,11.327472686767578,118.38417053222656,12.642539024353027,47204,6546,650,355,26838,27917,27756,26999,900,564,37.563749668549136,0.992217388075759,0.05305164769729844
307,1845,32,1,54860,4,54860,11.339195251464844,119.39669036865234,12.764640808105469,47231,6594,649,386,26837,28023,27693,27167,895,584,37.58523558586654,0.9994930426171028,0.05297002977776414
308,1845,35,1,54782,4,54782,11.335977554321289,118.89077758789062,12.700312614440918,47114,6645,642,381,26815,27967,27638,27144,902,571,37.49212994415778,1.0072234255672805,0.052398704341024005
309,1845,34,1,54720,4,54720,11.345187187194824,118.87628936767578,12.61054801940918,46916,6782,653,369,26825,27895,27652,27068,891,560,37.33456655049681,1.0279893562373659,0.05329650145590136
310,1845,35,1,54823,4,54823,11.35705852508545,118.905029296875,12.685848236083984,46928,6862,654,379,26868,27955,27718,27105,894,570,37.34411584708232,1.0401154471396055,0.05337811937543566
311,1845,38,1,54761,4,54761,11.368051528930664,118.72782135009766,12.739203453063965,46862,6882,631,386,26806,27955,27678,27083,886,562,37.291594715862,1.0431469698651654,0.05150090722614664
312,1845,31,1,54872,4,54872,11.39012622833252,119.78402709960938,12.847062110900879,46964,6837,665,406,26815,28057,27716,27156,916,599,37.37276373683886,1.0363260437326556,0.05427591649031303
313,1845,30,1,54708,4,54708,11.321528434753418,118.92587280273438,12.650830268859863,46829,6817,690,372,26696,28012,27583,27125,885,577,37.26533415025183,1.0332945210070958,0.05631636447867066
314,1845,34,1,54624,4,54624,11.309131622314453,119.58785247802734,12.699557304382324,46772,6769,699,384,26564,28060,27565,27059,886,582,37.21997499147064,1.026018866465752,0.057050925754479405
315,1845,32,1,54796,4,54796,11.32609748840332,119.28775787353516,12.732614517211914,46912,6755,718,411,26752,28044,27611,27185,933,600,37.33138345163497,1.0238968005578601,0.058601666225631205
316,1845,34,1,54732,4,54732,11.291160583496094,119.46033477783203,12.686652183532715,46837,6775,740,380,26685,28047,27573,27159,927,584,37.27170034797551,1.0269283232834199,0.06039726045538592
317,1845,32,1,54747,4,54747,11.30117130279541,119.57289123535156,12.661810874938965,46834,6782,759,372,26665,28082,27587,27160,928,578,37.26931302382913,1.0279893562373659,0.061948000926537725
318,1845,35,1,54777,4,54777,11.304492950439453,119.66566467285156,12.738476753234863,46932,6710,750,385,26752,28025,27587,27190,962,587,37.34729894594416,1.0170758744253503,0.06121343965072897
319,1845,32,1,54716,4,54716,11.321928024291992,119.33094787597656,12.773984909057617,46872,6681,799,364,26674,28042,27528,27188,970,601,37.29955246301659,1.0126801664732883,0.06521271770790993
320,1845,32,1,54632,4,54632,11.279610633850098,118.76712799072266,12.680740356445312,46902,6573,792,365,26653,27979,27494,27138,964,586,37.32342570448038,0.9963099437552648,0.0646413922711698
321,1845,32,1,54745,4,54745,11.266558647155762,119.96124267578125,12.717002868652344,47081,6498,805,361,26631,28114,27703,27042,970,596,37.46586937854762,0.9849417335344152,0.06570242522511577
322,1845,32,1,54633,4,54633,11.2545747756958,119.60987854003906,12.74858283996582,47067,6378,821,367,26544,28089,27587,27046,1001,604,37.45472853253119,0.9667525971810558,0.06700831193766466
323,1845,35,1,54581,4,54581,11.289658546447754,119.90283203125,12.853096008300781,47048,6320,844,369,26456,28125,27572,27009,1002,614,37.43960881293746,0.957961181276932,0.06888552408695367
324,1845,31,1,54697,4,54697,11.234533309936523,119.9067153930664,12.699170112609863,47203,6297,857,340,26494,28203,27672,27025,1017,604,37.56295389383368,0.954474930142538,0.06994655704089964
325,1845,31,1,54494,4,54494,11.231258392333984,119.71598815917969,12.653246879577637,47088,6201,866,339,26341,28153,27528,26966,1023,603,37.47143980155584,0.9399236210598505,0.07068111831670838
326,1845,32,1,54636,4,54636,11.22564697265625,119.98895263671875,12.577372550964355,47234,6183,897,322,26423,28213,27605,27031,1035,621,37.58762291001292,0.9371952506068466,0.07321127382227186
327,1845,32,1,54546,4,54546,11.216480255126953,119.93770599365234,12.568862915039062,47173,6167,880,326,26409,28137,27646,26900,1051,621,37.53908065236989,0.9347700324263987,0.07182376919018867
328,1845,30,1,54457,4,54457,11.212596893310547,119.7346420288086,12.509664535522461,47120,6120,903,314,26302,28155,27592,26865,1034,623,37.49690459245054,0.9276459540213329,0.07370098133947768
329,1845,30,1,54427,4,54427,11.255484580993652,119.38407897949219,12.651580810546875,47192,5983,920,332,26187,28240,27614,26813,1071,655,37.554200371963624,0.9068800233512475,0.07508848597156087
330,1845,30,1,54300,4,54300,11.250317573547363,119.03328704833984,12.568941116333008,47150,5913,915,322,26182,28118,27608,26692,1089,665,37.52077783391432,0.8962696938117878,0.07468039637388935
331,1845,30,1,54287,4,54287,11.275440216064453,119.17652893066406,12.535318374633789,47166,5902,893,326,26126,28161,27553,26734,1103,660,37.533510229361674,0.8946023563127299,0.07288480214413463
332,1845,30,1,54332,4,54332,11.401517868041992,118.41123962402344,12.764341354370117,47130,5904,948,350,26187,28145,27581,26751,1172,703,37.50486233960513,0.8949055085852858,0.07737378771852142
333,1845,28,1,54296,4,54296,11.352776527404785,119.72132873535156,12.54927921295166,47114,5908,949,325,26062,28234,27497,26799,1156,681,37.49212994415778,0.8955118131303978,0.07745540563805572
334,1845,30,1,54445,4,54445,11.410073280334473,120.01173400878906,12.622737884521484,47260,5879,970,336,26111,28334,27548,26897,1209,699,37.60831305261487,0.891116105178336,0.07916938194827614
335,1845,29,1,54138,4,54138,11.416428565979004,119.59921264648438,12.619580268859863,47042,5769,989,338,25820,28318,27414,26724,1221,706,37.4348341646447,0.8744427301877564,0.08072012241942794
336,1845,32,1,54125,4,54125,11.48769474029541,120.00946807861328,12.751643180847168,47006,5732,1044,343,25816,28309,27408,26717,1280,742,37.406186274888164,0.8688344131454706,0.08520910799381473
337,1845,31,1,54078,4,54078,11.528009414672852,119.7715835571289,12.778633117675781,46974,5689,1063,352,25798,28280,27411,26667,1309,766,37.380721483993455,0.8623166392855168,0.08675984846496654
338,1845,30,1,53847,4,53847,11.545498847961426,119.68734741210938,12.701868057250977,46658,5765,1079,345,25695,28152,27209,26638,1317,762,37.129256673908266,0.8738364256426444,0.08806573517751541
339,1845,31,1,54039,4,54039,11.570229530334473,119.96833801269531,12.79491901397705,46842,5719,1113,365,25869,28170,27333,26706,1377,783,37.27567922155281,0.8668639233738566,0.0908407444416818
340,1845,29,1,53920,4,53920,11.61295223236084,119.79476165771484,12.829999923706055,46756,5653,1158,353,25714,28206,27221,26699,1421,800,37.20724259602329,0.8568598983795089,0.09451355082072553
341,1845,25,1,54046,4,54046,11.560699462890625,119.78465270996094,12.698983192443848,46916,5660,1131,339,25731,28315,27203,26843,1441,776,37.33456655049681,0.8579209313334549,0.0923098669932993
342,1845,27,1,53859,4,53859,11.599210739135742,119.54553985595703,12.861807823181152,46696,5687,1091,385,25576,28283,27144,26715,1452,778,37.15949611309572,0.8620134870129608,0.08904515021192708
343,823,26,1,54580,4,54580,11.27746295928955,118.41871643066406,10.13270092010498,47490,6307,656,127,27143,27437,27338,27242,1896,592,37.79134123717055,0.955990691505318,0.053541355214504274
344,823,27,1,54692,4,54692,11.258620262145996,119.52523040771484,10.172450065612793,47620,6284,610,178,27062,27630,27502,27190,1808,592,37.89479195018028,0.9525044403709242,0.04978693091592623
345,823,26,1,54557,4,54557,11.215519905090332,119.98530578613281,10.164916038513184,47576,6210,690,81,26997,27560,27300,27257,1882,583,37.859777862700064,0.9412878062863524,0.05631636447867066
346,823,26,1,54673,4,54673,11.38672924041748,118.28015899658203,11.018596649169922,47633,6163,710,167,27087,27586,27520,27153,1917,600,37.90513702148125,0.9341637278812867,0.05794872286935676
347,823,26,1,54811,4,54811,11.32664680480957,118.18187713623047,10.886628150939941,47774,6187,693,157,27134,27677,27512,27299,1920,583,38.017341256361036,0.9378015551519586,0.05656121823727357
348,823,30,1,54625,4,54625,11.286267280578613,119.55558013916016,10.947402000427246,47671,6089,698,167,27028,27597,27343,27282,1892,587,37.935376460668714,0.922947093796715,0.056969307834945096
349,823,28,1,54669,4,54669,11.185670852661133,118.64202117919922,10.829678535461426,47812,6015,679,163,27015,27654,27401,27268,1836,564,38.0475806955485,0.9117304597121433,0.055418567363793296
350,823,27,1,54606,4,54606,11.200239181518555,119.31120300292969,10.976800918579102,47631,6101,715,159,27027,27579,27364,27242,1857,587,37.90354547205033,0.924766007432051,0.05835681246702829
351,823,28,1,54659,4,54659,11.159942626953125,117.54613494873047,11.068747520446777,47676,6102,712,169,27021,27638,27418,27241,1845,594,37.93935533424601,0.924917583568329,0.05811195870842537
352,823,29,1,54667,4,54667,11.092132568359375,118.84610748291016,11.085955619812012,47664,6117,720,166,27086,27581,27417,27250,1837,596,37.9298060376605,0.9271912256124989,0.058764902064699816
353,823,25,1,54783,4,54783,11.036731719970703,118.42507934570312,11.162514686584473,47711,6186,715,171,27020,27763,27419,27364,1818,591,37.967207449287095,0.9376499790156806,0.05835681246702829
354,823,27,1,54640,4,54640,11.002260208129883,118.38533782958984,11.15264892578125,47502,6264,709,165,27097,27543,27419,27221,1820,593,37.80089053375606,0.9494729176453642,0.05786710494982246
355,823,26,1,54714,4,54714,10.960565567016602,118.29711151123047,11.188745498657227,47626,6215,699,174,27114,27600,27389,27325,1822,591,37.89956659847304,0.9420456869677425,0.057050925754479405
356,823,27,1,54565,4,54565,10.948236465454102,118.05329895019531,11.154976844787598,47479,6212,706,168,26982,27583,27385,27180,1802,578,37.782587715300494,0.9415909585589085,0.05762225119121954
357,823,26,1,54716,4,54716,10.955452919006348,118.71619415283203,11.006534576416016,47620,6255,676,165,27082,27634,27395,27321,1809,557,37.89479195018028,0.9481087324188623,0.05517371360519038
358,823,27,1,54643,4,54643,11.017123222351074,118.3657455444336,11.049524307250977,47496,6305,683,159,27091,27552,27419,27224,1819,560,37.7961158854633,0.9556875392327621,0.05574503904193052
359,823,27,1,54774,4,54774,11.035470962524414,118.3056640625,11.003355979919434,47686,6239,688,161,27172,27602,27513,27261,1846,563,37.9473130814006,0.9456835142384143,0.05615312863960205
360,823,28,1,54785,4,54785,11.083839416503906,117.55111694335938,10.942273139953613,47702,6224,698,161,27172,27613,27428,27357,1892,578,37.96004547684796,0.9434098721942444,0.056969307834945096
361,823,30,1,54559,4,54559,11.097472190856934,118.98091888427734,10.91059398651123,47647,6073,675,164,27004,27555,27352,27207,1805,550,37.91627786749768,0.9205218756162671,0.055092095685656074
362,823,27,1,54715,4,54715,11.162699699401855,117.53821563720703,10.899177551269531,47778,6080,689,168,27100,27615,27522,27193,1841,567,38.020524355222875,0.9215829085702131,0.05623474655913635
363,823,27,1,54716,4,54716,11.209342002868652,117.46009063720703,10.815985679626465,47744,6122,685,165,27105,27611,27405,27311,1811,571,37.99346801489725,0.9279491062938888,0.05590827488099913
364,823,28,1,54722,4,54722,11.269609451293945,119.2489242553711,10.81269359588623,47736,6122,697,167,27057,27665,27466,27256,1781,571,37.98710181717358,0.9279491062938888,0.056887689915410794
365,823,26,1,54782,4,54782,11.303241729736328,118.7643814086914,10.803692817687988,47806,6120,693,163,27137,27645,27481,27301,1735,567,38.042806047255745,0.9276459540213329,0.05656121823727357
366,823,28,1,54619,4,54619,11.356008529663086,118.62532806396484,10.844463348388672,47563,6197,698,161,27104,27515,27340,27279,1730,557,37.84943279139909,0.9393173165147385,0.056969307834945096
367,823,27,1,54654,4,54654,11.363494873046875,117.50910186767578,10.777809143066406,47602,6204,686,162,27077,27577,27438,27216,1749,545,37.880468005302006,0.9403783494686845,0.05598989280053344
368,823,25,1,54775,4,54775,11.375203132629395,117.47461700439453,10.7460355758667,47717,6226,665,167,27112,27663,27462,27313,1745,535,37.97198209757985,0.9437130244668004,0.05427591649031303
369,823,26,1,54620,4,54620,11.44391918182373,117.94766235351562,10.894454002380371,47533,6228,693,166,26928,27692,27454,27166,1774,561,37.825559549935306,0.9440161767393563,0.05656121823727357
370,823,27,1,54827,4,54827,11.432778358459473,117.4512939453125,10.839613914489746,47731,6251,677,168,27216,27611,27410,27417,1770,541,37.98312294359628,0.9475024278737503,0.055255331524724685
371,823,26,1,54766,4,54766,11.434342384338379,118.01244354248047,10.816206932067871,47709,6207,671,179,27116,27650,27435,27331,1781,549,37.965615899856175,0.9408330778775185,0.05476562400751885
372,823,25,1,54672,4,54672,11.444348335266113,117.44684600830078,10.789377212524414,47571,6252,678,171,27073,27599,27428,27244,1767,556,37.85579898912277,0.9476540040100283,0.055336949444258994
373,823,26,1,54645,4,54645,11.469806671142578,117.74274444580078,10.893471717834473,47518,6268,674,185,27126,27519,27373,27272,1767,559,37.81362292920341,0.9500792221904762,0.05501047776612177
374,823,27,1,54779,4,54779,11.49387264251709,119.28999328613281,10.9086275100708,47653,6253,692,181,27202,27577,27587,27192,1807,574,37.92105251579044,0.9478055801463062,0.05647960031773926
375,823,26,1,54810,4,54810,11.501660346984863,117.24451446533203,10.941413879394531,47637,6293,703,177,27154,27656,27508,27302,1825,575,37.90832012034309,0.9538686255974261,0.05737739743261663
376,823,28,1,54566,4,54566,11.5412015914917,118.57478332519531,10.988030433654785,47388,6297,696,185,27040,27526,27407,27159,1811,572,37.71017221619368,0.954474930142538,0.056806071995876485
377,823,27,1,54747,4,54747,11.525588035583496,117.3788070678711,10.86404037475586,47518,6373,665,191,27130,27617,27498,27249,1803,548,37.81362292920341,0.9659947164996657,0.05427591649031303
378,823,30,1,54553,4,54553,11.506447792053223,117.26534271240234,10.671318054199219,47319,6331,715,188,27013,27540,27389,27164,1787,594,37.655263760826976,0.95962851877599,0.05835681246702829
379,823,28,1,54623,4,54623,11.473791122436523,117.52337646484375,10.536052703857422,47454,6293,695,181,27061,27562,27489,27134,1791,584,37.76269334741401,0.9538686255974261,0.05672445407634218
380,823,29,1,54794,4,54794,11.489217758178711,119.9911880493164,10.553261756896973,47627,6261,733,173,27147,27647,27503,27291,1819,604,37.90036237318849,0.9490181892365303,0.05982593501864578
381,823,26,1,54703,4,54703,11.504023551940918,119.64086151123047,10.562146186828613,47604,6207,709,183,27097,27606,27374,27329,1793,598,37.882059554732926,0.9408330778775185,0.05786710494982246
382,823,29,1,54862,4,54862,11.511059761047363,118.7015151977539,10.47902774810791,47741,6242,707,172,27285,27577,27525,27337,1790,591,37.99108069075088,0.9461382426472483,0.05770386911075385
383,823,27,1,54778,4,54778,11.550644874572754,119.3226318359375,10.492025375366211,47637,6263,696,182,27189,27589,27429,27349,1765,590,37.90832012034309,0.9493213415090862,0.056806071995876485
384,823,29,1,54686,4,54686,11.54698371887207,119.64757537841797,10.387299537658691,47581,6238,702,165,27254,27432,27389,27297,1767,587,37.86375673627736,0.9455319381021363,0.05729577951308232
385,823,29,1,54711,4,54711,11.565713882446289,119.8686752319336,10.389955520629883,47579,6261,711,160,27170,27541,27418,27293,1777,587,37.86216518684644,0.9490181892365303,0.05803034078889107
386,823,27,1,54867,4,54867,11.618200302124023,116.29991149902344,10.339113235473633,47542,6460,721,144,27213,27654,27518,27349,1774,594,37.83272152237444,0.9791818403558513,0.05884651998423412
387,823,31,1,54894,4,54894,11.680937767028809,119.89533996582031,10.529946327209473,47512,6529,695,158,27287,27607,27514,27380,1814,576,37.80884828091065,0.989640593759033,0.05672445407634218
388,823,30,1,54728,4,54728,11.726099967956543,118.47394561767578,10.597241401672363,47306,6596,665,161,27090,27638,27455,27273,1783,564,37.644918689526,0.9997961948896588,0.05427591649031303
389,823,26,1,54728,4,54728,11.707113265991211,115.65142059326172,10.545234680175781,47370,6550,668,140,27107,27621,27427,27301,1759,549,37.69584827131541,0.992823692620871,0.05452077024891594
390,823,26,1,54687,4,54687,11.725452423095703,115.25106811523438,10.556385040283203,47352,6524,674,137,27198,27489,27519,27168,1753,554,37.68152432643714,0.9888827130776431,0.05501047776612177
391,823,30,1,54792,4,54792,11.753996849060059,116.54801177978516,10.536152839660645,47372,6633,648,139,27143,27649,27461,27331,1711,532,37.69743982074633,1.0054045119319446,0.05288841185822983
392,823,29,1,54779,4,54779,11.701621055603027,118.00568389892578,10.417143821716309,47465,6565,613,136,27109,27670,27428,27351,1618,509,37.77144686928406,0.9950973346650409,0.05003178467452915
393,823,27,1,54814,4,54814,11.728474617004395,115.88395690917969,10.416213035583496,47463,6581,649,121,27224,27590,27492,27322,1627,541,37.76985531985314,0.9975225528454889,0.05297002977776414
394,823,26,1,54804,4,54804,11.717887878417969,113.65776824951172,10.379141807556152,47587,6445,646,126,27082,27722,27555,27249,1549,537,37.86853138457012,0.9769081983116814,0.05272517601916122
395,823,25,1,54795,4,54795,11.67662525177002,116.98499298095703,10.30501937866211,47682,6339,652,122,27196,27599,27573,27222,1515,557,37.94412998253877,0.9608411278662139,0.05321488353636705
396,823,25,1,54778,4,54778,11.671650886535645,118.27562713623047,10.321102142333984,47697,6297,661,123,27158,27620,27523,27255,1451,563,37.956066603270656,0.954474930142538,0.053949444812175805
397,823,28,1,54663,4,54663,11.650500297546387,119.05558013916016,10.292736053466797,47655,6217,673,118,27050,27613,27494,27169,1433,578,37.92264406522136,0.9423488392402984,0.05492885984658746
398,823,28,1,54659,4,54659,11.681361198425293,119.66390991210938,10.428024291992188,47599,6206,723,131,27109,27550,27482,27177,1475,638,37.87808068115563,0.9406815017412404,0.05900975582330273
399,823,27,1,54709,4,54709,11.643765449523926,119.86028289794922,10.398802757263184,47587,6254,750,118,27144,27565,27565,27144,1462,668,37.86853138457012,0.9479571562825843,0.06121343965072897
400,823,27,1,54625,4,54625,11.668347358703613,116.70188903808594,10.511396408081055,47442,6324,736,123,27028,27597,27516,27109,1496,650,37.753144050828496,0.958567485822044,0.0600707887772487
401,823,26,1,54512,4,54512,11.632782936096191,112.17081451416016,10.536036491394043,47270,6377,746,119,27052,27460,27522,26990,1492,665,37.61627079976946,0.9666010210447777,0.06088696797259175
402,823,28,1,54728,4,54728,11.642960548400879,110.77620697021484,10.614741325378418,47311,6521,780,116,27234,27494,27538,27190,1547,703,37.648897563103304,0.9884279846688091,0.06366197723675814
403,823,28,1,54705,4,54705,11.597077369689941,111.71798706054688,10.553627014160156,47299,6510,781,115,27248,27457,27494,27211,1550,711,37.639348266517786,0.9867606471697511,0.06374359515629244
404,823,30,1,54605,4,54605,11.580954551696777,112.41686248779297,10.616738319396973,47130,6544,816,115,27342,27263,27536,27069,1578,747,37.50486233960513,0.991914235803203,0.06660022233999312
405,823,29,1,54716,4,54716,11.553430557250977,111.96226501464844,10.607090950012207,47130,6673,802,111,27308,27408,27642,27074,1566,734,37.50486233960513,1.0114675573830645,0.06545757146651285
406,823,30,1,54671,4,54671,11.536581993103027,111.57740783691406,10.700490951538086,47076,6655,821,119,27250,27421,27570,27101,1611,760,37.46189050497033,1.0087391869300606,0.06700831193766466
407,823,29,1,54882,4,54882,11.460875511169434,111.4900131225586,10.63516616821289,47252,6740,775,115,27317,27565,27770,27112,1608,715,37.60194685489119,1.0216231585136901,0.06325388763908661
408,823,30,1,54906,4,54906,11.426656723022461,111.6647720336914,10.670771598815918,47192,6846,756,112,27313,27593,27741,27165,1602,695,37.554200371963624,1.0376902289591576,0.061703147167934805
409,823,32,1,55031,4,55031,11.357339859008789,111.05054473876953,10.636663436889648,47329,6866,724,112,27347,27684,28011,27020,1608,664,37.66322150798157,1.0407217516847176,0.05909137374283704
410,823,32,1,55039,4,55039,11.31223201751709,110.65176391601562,10.614608764648438,47253,6983,694,109,27279,27760,28065,26974,1657,636,37.60274262960665,1.058456159629243,0.056642836156807874
411,823,31,1,55184,4,55184,11.265630722045898,111.97937774658203,10.622015953063965,47289,7108,670,117,27293,27891,28135,27049,1712,622,37.631390519363194,1.0774031766639924,0.05468400608798455
412,823,31,1,55226,4,55226,11.193670272827148,113.41131591796875,10.540938377380371,47262,7195,660,109,27309,27917,28109,27117,1768,606,37.60990460204579,1.090590300520178,0.053867826892641496
413,823,32,1,55182,4,55182,11.117006301879883,119.40319061279297,10.480132102966309,47203,7247,626,106,27158,28024,28172,27010,1714,582,37.56295389383368,1.0984722596066339,0.05109281762847512
414,823,30,1,55325,4,55325,11.093974113464355,118.79080200195312,10.502957344055176,47397,7156,669,103,27305,28020,28263,27062,1781,581,37.71733418863282,1.0846788312053364,0.05460238816845024
415,823,32,1,55063,4,55063,11.056558609008789,119.98331451416016,10.457175254821777,47223,7130,610,100,27181,27882,28086,26977,1825,530,37.57886938814287,1.0807378516621085,0.04978693091592623
416,823,32,1,55051,4,55051,11.062976837158203,119.9535140991211,10.58476448059082,47230,7098,613,110,27071,27980,28033,27018,1904,534,37.584439811151086,1.0758874153012126,0.05003178467452915
417,823,34,1,55048,4,55048,11.055571556091309,119.71356964111328,10.642708778381348,47231,7100,609,108,27176,27872,28066,26982,1984,524,37.58523558586654,1.0761905675737684,0.04970531299639193
418,823,34,1,55046,4,55046,11.029664993286133,119.61705780029297,10.607783317565918,47267,7097,583,99,26970,28076,28077,26969,2007,503,37.61388347562308,1.0757358391649345,0.04758324708849999
419,823,33,1,54903,4,54903,11.039628982543945,118.52586364746094,10.742718696594238,47137,7065,600,101,26926,27977,27998,26905,2089,507,37.510432762613355,1.0708854028040387,0.048970751720583176
420,823,34,1,54963,4,54963,11.040233612060547,117.96691131591797,10.765311241149902,47154,7116,598,95,26945,28018,28047,26916,2147,503,37.52396093277616,1.0786157857542165,0.048807515881514565
421,823,36,1,54826,4,54826,11.04051685333252,119.7381591796875,10.834555625915527,47012,7128,589,97,26812,28014,27928,26898,2236,504,37.410960923180916,1.0804346993895524,0.04807295460570582
422,823,32,1,54862,4,54862,11.009296417236328,118.16133117675781,10.808847427368164,47031,7151,589,91,26833,28029,27993,26869,2278,491,37.42608064277465,1.0839209505239462,0.04807295460570582
423,823,33,1,54765,4,54765,10.980392456054688,117.75444793701172,10.866216659545898,46951,7125,593,96,26754,28011,27865,26900,2341,487,37.36241866553789,1.0799799709807185,0.04839942628384304
424,823,37,1,54625,4,54625,10.959457397460938,116.60079956054688,10.90082836151123,46828,7100,596,101,26575,28050,27756,26869,2454,493,37.264538375536375,1.0761905675737684,0.04864428004244596
425,823,35,1,54711,4,54711,10.975266456604004,119.93478393554688,10.996633529663086,46877,7160,565,109,26583,28128,27831,26880,2517,458,37.303531336593885,1.0852851357504483,0.046114124536882496
426,823,37,1,54386,4,54386,10.966100692749023,119.37596893310547,10.987916946411133,46578,7140,561,107,26406,27980,27663,26723,2601,460,37.0655946966715,1.0822536130248883,0.045787652858745274
427,823,38,1,54282,4,54282,10.998156547546387,118.88895416259766,11.056744575500488,46450,7154,569,109,26242,28040,27553,26729,2659,468,36.96373553309269,1.0843756789327803,0.04644059621501972
428,823,38,1,54113,4,54113,11.033421516418457,119.24110412597656,11.111137390136719,46230,7217,552,114,26175,27938,27491,26622,2691,460,36.788665095691606,1.093924975518294,0.04505309158293652
429,823,37,1,54014,4,54014,11.082884788513184,119.62358093261719,11.142769813537598,46038,7325,543,108,25975,28039,27275,26739,2730,449,36.635876350323386,1.1102951982363176,0.044318530307127776
430,823,36,1,53901,4,53901,11.216723442077637,119.19474029541016,11.186213493347168,45832,7452,510,107,25948,27953,27210,26691,2794,418,36.471946758938735,1.129545367543623,0.0416251389624957
431,823,38,1,53874,4,53874,11.316655158996582,118.56961822509766,11.268560409545898,45854,7406,497,117,25928,27946,27123,26751,2794,402,36.489453802678845,1.1225728652748352,0.04056410600854973
432,823,37,1,53799,4,53799,11.39160442352295,119.8405990600586,11.167656898498535,45869,7307,515,108,26036,27763,27094,26705,2755,413,36.50139042341073,1.1075668277833135,0.04203322856016723
433,823,37,1,53709,4,53709,11.459310531616211,119.89791107177734,10.9978609085083,45770,7323,524,92,26056,27653,27140,26569,2710,418,36.42260872658025,1.1099920459637616,0.042767789835975976
434,823,34,1,53780,4,53780,11.529885292053223,119.0167465209961,10.805310249328613,45720,7462,530,68,26028,27752,27173,26607,2739,391,36.38281999080727,1.131061128906403,0.04325749735318181
435,823,34,1,53698,4,53698,11.567595481872559,117.71053314208984,10.636837005615234,45596,7573,476,53,25939,27759,27264,26434,2683,323,36.2841439260903,1.1478860800332604,0.03885012969832932
436,823,34,1,53805,4,53805,11.617020606994629,116.93059539794922,10.518043518066406,45758,7548,451,48,26036,27769,27246,26559,2663,289,36.41305942999473,1.1440966766263105,0.03680968170997169
437,823,33,1,53673,4,53673,11.685582160949707,114.20191955566406,10.439026832580566,45712,7452,473,36,26095,27578,27208,26465,2684,298,36.3764537930836,1.129545367543623,0.03860527593972641
438,823,34,1,53586,4,53586,11.746603965759277,116.58146667480469,10.506400108337402,45788,7256,485,57,26126,27460,27090,26496,2665,308,36.43693267145852,1.099836444833136,0.03958469097413807
439,823,33,1,53727,4,53727,11.826249122619629,118.45282745361328,10.586360931396484,45973,7166,489,99,26128,27599,27227,26500,2657,295,36.58415099381852,1.0861945925681162,0.03991116265227529
440,823,33,1,53654,4,53654,11.824492454528809,118.2857666015625,10.418902397155762,45931,7140,505,78,26174,27480,27220,26434,2638,277,36.550728455769224,1.0822536130248883,0.041217049364824176
441,823,33,1,53657,4,53657,11.903664588928223,114.6293716430664,10.479841232299805,45811,7255,526,65,26257,27400,27305,26352,2614,299,36.45523548991409,1.0996848686968579,0.04293102567504459
442,823,34,1,53697,4,53697,11.933058738708496,111.73863983154297,10.537986755371094,45948,7142,546,61,26233,27464,27265,26432,2487,319,36.56425662593203,1.0825567652974444,0.044563384065730696
443,823,33,1,53565,4,53565,12.05887222290039,112.1028060913086,10.668290138244629,45757,7220,529,59,26225,27340,27357,26208,2529,310,36.412263655279276,1.094379703927128,0.0431758794336475
444,823,34,1,53750,4,53750,12.115583419799805,98.48403930664062,10.673856735229492,45747,7417,541,45,26411,27339,27387,26363,2528,316,36.40430590812468,1.1242402027738931,0.044155294468059166
445,823,34,1,53859,4,53859,12.128371238708496,102.97806549072266,10.661763191223145,45821,7477,515,46,26556,27303,27524,26335,2468,295,36.46319323706868,1.1333347709505728,0.04203322856016723
446,823,34,1,53703,4,53703,12.162930488586426,105.3896255493164,10.658482551574707,45647,7519,496,41,26618,27085,27335,26368,2445,283,36.32472843657873,1.1397009686742487,0.04048248808901543
447,823,33,1,53912,4,53912,12.2094144821167,106.19517517089844,10.792285919189453,45874,7500,470,68,26746,27166,27457,26455,2425,288,36.505369296988036,1.1368210220849668,0.03836042218112349
448,823,32,1,53924,4,53924,12.283700942993164,102.83367156982422,10.975234031677246,45804,7541,490,89,26788,27136,27511,26413,2450,317,36.44966506690587,1.1430356436723645,0.0399927805718096
449,823,33,1,54133,4,54133,12.284781455993652,119.8709945678711,11.119551658630371,46052,7472,492,117,27042,27091,27413,26720,2347,315,36.64701719633982,1.1325768902691828,0.04015601641087821
450,823,32,1,54279,4,54279,12.327558517456055,119.20980834960938,11.272491455078125,46128,7454,570,127,26996,27283,27614,26665,2239,325,36.70749607471474,1.129848519816179,0.04652221413455402
451,823,32,1,54395,4,54395,12.28769302368164,118.8017349243164,11.342394828796387,46330,7309,620,136,26977,27418,27699,26696,2121,325,36.86824256723755,1.1078699800558696,0.050603110111269285
452,823,32,1,54489,4,54489,12.273124694824219,118.98451232910156,11.432877540588379,46442,7283,611,153,27196,27293,27799,26690,2058,302,36.957369335369016,1.1039290005126416,0.04986854883546054
453,823,34,1,54674,4,54674,12.23765754699707,119.52984619140625,11.484216690063477,46612,7323,574,165,27296,27378,27933,26741,2001,294,37.092651036997125,1.1099920459637616,0.04684868581269124
454,823,34,1,54460,4,54460,12.230585098266602,119.93358612060547,11.52884578704834,46431,7246,618,165,27223,27237,27864,26596,1920,310,36.94861581349896,1.0983206834703558,0.050439874272200674
455,823,39,1,54583,4,54583,12.148313522338867,115.95612335205078,11.437357902526855,46570,7283,545,185,27366,27217,27839,26744,1864,287,37.05922849894783,1.1039290005126416,0.04448176614619639
456,823,35,1,54583,4,54583,12.141016006469727,116.7549057006836,11.4889554977417,46472,7342,578,191,27355,27228,27988,26595,1882,297,36.9812425768328,1.1128719925530435,0.047175157490828463
457,823,36,1,54668,4,54668,12.07707691192627,115.03351593017578,11.399561882019043,46462,7424,605,177,27430,27238,27886,26782,1906,279,36.97328482967821,1.1253012357278391,0.04937884131825471
458,823,37,1,54841,4,54841,12.031932830810547,115.70891571044922,11.30882740020752,46715,7349,621,156,27665,27176,28070,26771,1929,271,37.174615832689454,1.1139330255069895,0.05068472803080359
459,823,37,1,54751,4,54751,11.997969627380371,118.67616271972656,11.307056427001953,46631,7364,605,151,27639,27112,27951,26800,1878,266,37.10777075659086,1.1162066675511593,0.04937884131825471
460,823,38,1,54936,4,54936,11.938008308410645,119.41313934326172,11.220379829406738,46798,7391,610,137,27763,27173,28079,26857,1795,265,37.24066513407259,1.1202992232306652,0.04978693091592623
461,823,40,1,54888,4,54888,11.928707122802734,117.64293670654297,11.181960105895996,46766,7382,621,119,27692,27196,28108,26780,1797,255,37.215200343177884,1.1189350380041632,0.05068472803080359
462,823,37,1,55015,4,55015,11.933423042297363,119.49708557128906,11.229341506958008,46934,7266,692,123,27747,27268,28237,26778,1789,262,37.34889049537508,1.1013522061959158,0.05647960031773926
463,823,40,1,55011,4,55011,11.972495079040527,119.80270385742188,11.302009582519531,46951,7185,745,130,27765,27246,28091,26920,1803,296,37.36241866553789,1.0890745391573982,0.06080535005305745
464,823,38,1,55038,4,55038,11.969234466552734,119.82608795166016,11.346829414367676,47082,7071,749,136,27828,27210,28082,26956,1791,301,37.46666515326308,1.0717948596217066,0.06113182173119467
465,823,40,1,55126,4,55126,11.987207412719727,119.88673400878906,11.293731689453125,47150,7094,756,126,27806,27320,28152,26974,1808,308,37.52077783391432,1.0752811107561004,0.061703147167934805
466,823,40,1,55044,4,55044,11.929424285888672,119.46805572509766,11.194067001342773,47207,6933,786,118,27735,27309,28123,26921,1792,325,37.56613699269552,1.0508773528153432,0.06415168475396396
467,823,37,1,55062,4,55062,11.912553787231445,119.61400604248047,11.146486282348633,47309,6817,820,116,27737,27325,28161,26901,1800,324,37.647306013672384,1.0332945210070958,0.06692669401813034
468,823,38,1,55072,4,55072,11.893857955932617,119.5123291015625,11.17463493347168,47275,6821,854,122,27834,27238,28079,26993,1835,334,37.62024967334676,1.0339008255522077,0.06970170328229673
469,823,37,1,55184,4,55184,11.839679718017578,116.2535400390625,11.080178260803223,47417,6763,889,115,27877,27307,28248,26936,1834,338,37.733249682942,1.025109409648084,0.07255833046599741
470,823,37,1,55109,4,55109,11.803153038024902,118.80823516845703,11.058595657348633,47340,6747,907,115,27856,27253,28121,26988,1872,333,37.67197502985162,1.0226841914676361,0.0740274530176149
471,823,36,1,55115,4,55115,11.753756523132324,119.39277648925781,11.03471851348877,47436,6659,909,111,27712,27403,28100,27015,1888,344,37.74836940253574,1.0093454914751725,0.07419068885668352
472,823,38,1,55216,4,55216,11.732090950012207,119.02783966064453,11.024229049682617,47529,6616,959,112,27687,27529,28170,27046,1888,352,37.82237645107347,1.0028277176152187,0.07827158483339879
473,823,37,1,55177,4,55177,11.718137741088867,116.60847473144531,11.08399772644043,47481,6602,966,128,27766,27411,28070,27107,1861,357,37.784179264731414,1.0007056517073267,0.07884291027013891
474,823,39,1,55362,4,55362,11.681024551391602,118.35559844970703,11.052618026733398,47770,6434,1033,125,27748,27614,28224,27138,1786,372,38.0141581574992,0.9752408608126235,0.08431131087893737
475,823,36,1,55156,4,55156,11.666084289550781,119.36783599853516,11.052696228027344,47620,6374,1044,118,27724,27432,28136,27020,1742,366,37.89479195018028,0.9661462926359438,0.08520910799381473
476,823,36,1,55265,4,55265,11.691631317138672,118.27764129638672,11.118755340576172,47680,6407,1051,127,27768,27497,28153,27112,1674,377,37.94253843310785,0.9711483051331176,0.08578043343055487
477,823,35,1,55152,4,55152,11.646105766296387,119.86552429199219,11.040688514709473,47698,6319,1007,128,27672,27480,28094,27058,1642,381,37.95686237798612,0.9578096051406539,0.08218924497104543
478,823,35,0,55304,4,55304,11.692436218261719,118.9010238647461,11.014849662780762,47809,6416,953,126,27811,27493,28096,27208,1664,354,38.04519337140212,0.9725124903596195,0.07778187731619295
479,823,34,0,55327,4,55327,11.713342666625977,119.75111389160156,10.988604545593262,47847,6435,931,114,27732,27595,28159,27168,1642,370,38.07543281058958,0.9753924369489014,0.07598628308643823
480,823,37,0,55392,4,55392,11.736061096191406,118.06444549560547,11.03544807434082,47869,6465,935,123,27713,27679,28090,27302,1636,376,38.092939854329686,0.9799397210372414,0.07631275476457546
481,823,35,0,55260,4,55260,11.734130859375,118.21493530273438,11.011958122253418,47634,6594,918,114,27758,27502,28094,27166,1591,380,37.90593279619671,0.9994930426171028,0.07492525013249227
482,823,34,0,55190,4,55190,11.721538543701172,118.25983428955078,11.084094047546387,47503,6630,929,128,27719,27471,27977,27213,1510,390,37.80168630847152,1.0049497835231107,0.07582304724736963
483,823,35,0,55457,4,55457,11.743294715881348,119.99327850341797,11.048720359802246,47684,6730,910,133,27792,27665,28210,27247,1407,372,37.94572153196969,1.0201073971509103,0.07427230677621782
484,823,36,0,55309,4,55309,11.787200927734375,118.66470336914062,11.042082786560059,47487,6750,941,131,27679,27630,28056,27253,1324,374,37.788953913024166,1.02313891987647,0.07680246228178128
485,823,34,0,55387,4,55387,11.810269355773926,119.48495483398438,11.020015716552734,47572,6729,951,135,27707,27680,28074,27313,1314,377,37.856594763838224,1.0199558210146322,0.07761864147712434
486,823,34,0,55356,4,55356,11.819626808166504,117.79855346679688,10.918039321899414,47588,6691,932,145,27700,27656,28053,27303,1261,385,37.869327159285575,1.0141959278360684,0.07606790100597254
487,823,34,0,55395,4,55395,11.846686363220215,118.348388671875,10.930039405822754,47687,6618,957,133,27787,27608,28087,27308,1282,393,37.948108856116065,1.0031308698877746,0.07810834899433017
488,823,34,0,55273,4,55273,11.860008239746094,118.34608459472656,10.868379592895508,47627,6582,943,121,27745,27528,28022,27251,1313,398,37.90036237318849,0.9976741289817668,0.0769656981208499
489,823,33,0,55408,4,55408,11.884110450744629,118.8649673461914,10.860285758972168,47787,6568,929,124,27786,27622,28168,27240,1316,408,38.02768632766201,0.9955520630738749,0.07582304724736963
490,823,34,0,55400,4,55400,11.910229682922363,117.94557189941406,10.817042350769043,47739,6623,912,126,27703,27697,28256,27144,1329,417,37.98948914131996,1.0038887505691647,0.07443554261528643
491,823,33,0,55340,4,55340,11.94089126586914,118.85357666015625,10.75970458984375,47679,6623,919,119,27677,27663,28102,27238,1335,406,37.941742658392386,1.0038887505691647,0.07500686805202657
492,823,31,0,55409,4,55409,11.95757007598877,117.81000518798828,10.770645141601562,47753,6612,921,123,27685,27724,28055,27354,1328,421,38.00062998733639,1.0022214130701066,0.07517010389109519
493,823,34,0,55425,4,55425,12.030388832092285,119.95291900634766,10.889312744140625,47747,6573,969,136,27674,27751,28154,27271,1315,412,37.99585533904363,0.9963099437552648,0.07908776402874183
494,823,36,0,55386,4,55386,12.033288955688477,118.3864974975586,10.801270484924316,47740,6564,953,129,27627,27759,28157,27229,1309,401,37.990284916035414,0.9949457585287629,0.07778187731619295
495,823,31,0,55447,4,55447,12.043340682983398,118.40193176269531,10.766121864318848,47752,6638,935,122,27785,27662,28135,27312,1318,400,37.99983421262093,1.0061623926133345,0.07631275476457546
496,823,32,0,55459,4,55459,12.07364559173584,117.8236312866211,10.848172187805176,47741,6642,945,131,27756,27703,28181,27278,1307,413,37.99108069075088,1.0067686971584466,0.0771289339599185
497,823,30,0,55315,4,55315,12.025125503540039,119.89545440673828,10.677512168884277,47651,6608,933,123,27628,27687,28080,27235,1301,431,37.91946096635952,1.0016151085249947,0.07614951892550684
498,823,33,0,55456,4,55456,12.082027435302734,118.9843978881836,10.760111808776855,47713,6644,971,128,27839,27617,28162,27294,1306,445,37.96879899871801,1.0070718494310025,0.07925099986781045
499,823,32,0,55395,4,55395,12.07591724395752,119.49212646484375,10.737841606140137,47667,6624,974,130,27645,27750,28065,27330,1293,442,37.932193361806874,1.0040403267054425,0.07949585362641336
500,823,35,0,55378,4,55378,12.062652587890625,119.62161254882812,10.67597770690918,47635,6646,979,118,27608,27770,28096,27282,1309,432,37.90672857091217,1.0073750017035585,0.07990394322408488
501,823,34,0,55492,4,55492,12.060896873474121,119.83135223388672,10.620583534240723,47712,6683,992,105,27746,27746,28123,27369,1281,434,37.96800322400255,1.0129833187458444,0.08096497617803086
502,823,32,0,55522,4,55522,12.071260452270508,118.59101867675781,10.588887214660645,47699,6747,980,96,27855,27667,28109,27413,1271,395,37.957658152701576,1.0226841914676361,0.0799855611436192
503,823,31,0,55384,4,55384,12.06849479675293,119.27193450927734,10.626099586486816,47578,6690,1008,108,27645,27739,28101,27283,1247,401,37.86136941213098,1.0140443516997903,0.08227086289057974
504,823,33,0,55549,4,55549,12.073631286621094,119.36978912353516,10.681999206542969,47730,6676,1034,109,27640,27909,28087,27462,1232,401,37.98232716888082,1.0119222857918984,0.08439292879847168
505,823,31,0,55419,4,55419,12.097068786621094,119.38634490966797,10.692596435546875,47516,6752,1043,108,27635,27784,28049,27370,1234,408,37.81203137977249,1.023442072149026,0.08512749007428043
506,823,33,0,55357,4,55357,12.108170509338379,119.70299530029297,10.66116714477539,47349,6843,1057,108,27547,27810,28038,27319,1246,401,37.67913700229076,1.0372355005503238,0.0862701409477607
507,823,33,0,55525,4,55525,12.068887710571289,119.885986328125,10.620177268981934,47617,6719,1081,108,27651,27874,28005,27520,1236,403,37.8924046260339,1.0184400596518521,0.08822897101658403
508,823,32,0,55469,4,55469,12.108169555664062,118.23258209228516,10.683107376098633,47466,6797,1095,111,27579,27890,28096,27373,1245,418,37.77224264399952,1.030262998281536,0.0893716218900643
509,823,32,0,55507,4,55507,12.141454696655273,119.98392486572266,10.7708740234375,47432,6830,1124,121,27648,27859,28080,27427,1252,422,37.7451863036739,1.0352650107787098,0.09173854155655915
510,823,33,0,55482,4,55482,12.112473487854004,118.74847412109375,10.67362117767334,47430,6827,1107,118,27572,27910,27999,27483,1261,429,37.74359475424298,1.0348102823698757,0.09035103692447596
511,823,36,0,55516,4,55516,12.162348747253418,119.06423950195312,10.771169662475586,47341,6931,1121,123,27607,27909,28067,27449,1272,428,37.67277080456709,1.0505742005427872,0.09149368779795623
512,823,35,0,55652,4,55652,12.138989448547363,119.41084289550781,10.750679969787598,47446,6978,1103,125,27616,28036,28118,27534,1226,423,37.75632714969033,1.057698278947853,0.09002456524633874
513,823,31,0,55489,4,55489,12.126279830932617,119.58964538574219,10.706170082092285,47246,7044,1072,127,27517,27972,28094,27395,1190,400,37.59717220659844,1.0677023039422007,0.08749440974077528
514,823,30,0,55540,4,55540,12.156487464904785,119.96530151367188,10.730619430541992,47213,7122,1080,125,27614,27926,27993,27547,1203,405,37.57091164098827,1.0795252425718844,0.08814735309704973
515,823,32,0,55622,4,55622,12.195577621459961,119.56649017333984,10.791221618652344,47155,7269,1070,128,27609,28013,28077,27545,1212,382,37.52475670749162,1.1018069346047499,0.08733117390170667
516,823,31,0,55529,4,55529,12.171723365783691,118.38065338134766,10.680842399597168,47024,7361,1023,121,27499,28030,28001,27528,1223,374,37.420510219766435,1.1157519391423254,0.08349513168359432
517,823,32,0,55533,4,55533,12.20933723449707,118.08211517333984,10.755678176879883,46902,7477,1035,119,27555,27978,27925,27608,1243,375,37.32342570448038,1.1333347709505728,0.08447454671800599
518,823,32,0,55477,4,55477,12.191943168640137,117.06048583984375,10.783023834228516,46876,7444,1028,129,27349,28128,27851,27626,1205,371,37.30273556187843,1.128332758453399,0.08390322128126584
519,823,29,0,55498,4,55498,12.223986625671387,119.35320281982422,10.831897735595703,46790,7572,999,137,27406,28092,27989,27509,1208,355,37.234298936348914,1.1477345038969824,0.08153630161477099
520,823,30,0,55487,4,55487,12.195785522460938,119.71110534667969,10.71187686920166,46678,7724,961,124,27404,28083,27909,27578,1194,362,37.14517216821745,1.1707740766112378,0.07843482067246739
521,823,33,0,55354,4,55354,12.216723442077637,117.29043579101562,10.705750465393066,46577,7688,971,118,27383,27971,27753,27601,1190,343,37.06479892195605,1.16531733570523,0.07925099986781045
522,823,31,0,55325,4,55325,12.212576866149902,117.97550201416016,10.70036506652832,46586,7676,945,118,27268,28057,27776,27549,1150,326,37.07196089439518,1.163498422069894,0.0771289339599185
523,823,33,0,55442,4,55442,12.242385864257812,119.04183959960938,10.76301383972168,46670,7709,941,122,27332,28110,27836,27606,1149,326,37.13880597049378,1.1685004345670678,0.07680246228178128
524,823,30,0,55497,4,55497,12.252775192260742,119.35211181640625,10.777233123779297,46664,7781,922,130,27408,28089,27835,27662,1175,329,37.13403132220102,1.1794139163790835,0.07525172181062949
525,823,32,0,55437,4,55437,12.22853946685791,117.89533233642578,10.706133842468262,46669,7744,900,124,27228,28209,27775,27662,1191,324,37.138010195778314,1.1738055993367977,0.07345612758087477
526,823,32,0,55161,4,55161,12.260848999023438,118.42876434326172,10.770967483520508,46508,7642,880,131,27104,28057,27615,27546,1208,323,37.00989046658934,1.1583448334364421,0.07182376919018867
527,823,30,0,55275,4,55275,12.223966598510742,117.63477325439453,10.67539119720459,46917,7381,849,128,27184,28091,27622,27653,1192,306,37.335362325212266,1.1187834618678854,0.0692936136846252
528,823,30,0,55190,4,55190,12.228965759277344,118.13201141357422,10.671317100524902,47028,7207,840,115,27076,28114,27552,27638,1219,284,37.42369331862827,1.092409214155514,0.06855905240881645
529,823,31,0,55322,4,55322,12.220346450805664,118.6431884765625,10.636797904968262,47253,7139,805,125,27154,28168,27628,27694,1235,277,37.60274262960665,1.0821020368886103,0.06570242522511577
530,823,31,0,55283,4,55283,12.219441413879395,119.64158630371094,10.66336441040039,47264,7085,811,123,27051,28232,27631,27652,1227,279,37.61149615147671,1.0739169255295986,0.0661921327423216
531,823,31,0,55161,4,55161,12.21076488494873,116.90190124511719,10.617634773254395,47142,7110,788,121,27057,28104,27559,27602,1227,275,37.51441163619065,1.0777063289365485,0.06431492059303258
532,823,31,0,55161,4,55161,12.210744857788086,119.79112243652344,10.689847946166992,47140,7132,754,135,27001,28160,27431,27730,1262,268,37.51282008675973,1.0810410039346643,0.061539911328866194
533,823,32,0,55231,4,55231,12.151727676391602,118.23661041259766,10.536712646484375,47225,7156,725,125,27028,28203,27545,27686,1226,258,37.58046093757378,1.0846788312053364,0.05917299166237134
534,823,32,0,55332,4,55332,12.19088077545166,117.37472534179688,10.657130241394043,47219,7239,748,126,27051,28281,27560,27772,1267,270,37.57568628928103,1.0972596505164098,0.06105020381166036
535,823,31,0,55150,4,55150,12.17188549041748,118.20128631591797,10.630468368530273,47104,7192,731,123,27077,28073,27423,27727,1270,265,37.48417219700319,1.0901355721113442,0.05966269917957717
536,823,30,0,55068,4,55068,12.164084434509277,117.98973083496094,10.665608406066895,46976,7257,679,156,26937,28131,27415,27653,1300,269,37.382313033424374,1.0999880209694137,0.055418567363793296
537,823,31,0,55095,4,55095,12.174071311950684,118.32442474365234,10.737615585327148,46961,7280,692,162,26996,28099,27299,27796,1307,270,37.37037641269249,1.1034742721038078,0.05647960031773926
538,823,33,0,55024,4,55024,12.12470817565918,119.16539764404297,10.639917373657227,46885,7317,677,145,27036,27988,27404,27620,1276,255,37.309897534317564,1.1090825891460936,0.055255331524724685
539,823,28,0,55063,4,55063,12.109333992004395,119.01762390136719,10.608758926391602,46899,7354,663,147,27095,27968,27297,27766,1278,268,37.321038380333995,1.1146909061883794,0.054112680651244416
540,823,28,0,55119,4,55119,12.090574264526367,119.98809814453125,10.631186485290527,46951,7352,657,159,27206,27913,27376,27743,1283,284,37.36241866553789,1.1143877539158233,0.05362297313403858
541,823,27,0,55136,4,55136,12.049860000610352,119.71304321289062,10.55843448638916,46999,7350,628,159,27260,27876,27344,27792,1256,276,37.40061585187994,1.1140846016432675,0.05125605346754373
542,823,27,0,55204,4,55204,12.042531967163086,119.92161560058594,10.580804824829102,47097,7318,632,157,27301,27903,27465,27739,1231,271,37.478601773994974,1.1092341652823716,0.05158252514568095
543,823,28,0,55105,4,55105,12.0173978805542,113.19669342041016,10.568642616271973,47033,7289,625,158,27427,27678,27501,27604,1228,286,37.42767219220556,1.1048384573303096,0.05101119970894081
544,823,27,0,55381,4,55381,12.014248847961426,119.66027069091797,10.6055269241333,47214,7397,604,166,27577,27804,27528,27853,1215,282,37.571707415703735,1.1212086800483332,0.0492972233987204
545,823,25,0,55227,4,55227,11.996194839477539,119.2439193725586,10.565449714660645,47075,7404,582,166,27648,27579,27666,27561,1207,289,37.461094730254864,1.1222697130022792,0.047501629168965685
546,823,25,0,55522,4,55522,11.974323272705078,119.30813598632812,10.558762550354004,47293,7499,566,164,27729,27793,27688,27834,1230,289,37.63457361822503,1.1366694459486888,0.0461957424564168
547,823,25,0,55320,4,55320,12.012502670288086,119.8453598022461,10.637199401855469,47002,7578,565,175,27527,27793,27651,27669,1245,302,37.403003176026324,1.1486439607146504,0.046114124536882496
548,823,26,0,55459,4,55459,12.001068115234375,119.98085021972656,10.581183433532715,47048,7685,568,158,27587,27872,27844,27615,1250,302,37.43960881293746,1.164862607296396,0.04635897829548541
549,823,26,0,55475,4,55475,11.985282897949219,118.67382049560547,10.654715538024902,46980,7769,557,169,27669,27806,27851,27624,1249,311,37.385496132286214,1.1775950027437476,0.04546118118060805
