channel,split,regime,n,rf_f1,best_tau,threshold_f1,edge_rf_minus_threshold,edge_ci_lo,edge_ci_hi,edge_significant,rf_payload,interp_bias
awgn,validate,ldpc,1980,0.9165,9.5,0.9132,0.00329,0.00277,0.00382,True,0.3103,0.0
awgn,validate,jscc,1980,0.9111,20.0,0.9067,0.00442,0.00334,0.00557,True,0.1626,0.0012
awgn,test,ldpc,2170,0.9226,8.5,0.9179,0.00468,0.00384,0.0055,True,0.3818,0.0
awgn,test,jscc,2170,0.9277,20.0,0.9011,0.02657,0.02416,0.02901,True,0.4007,0.0012
rayleigh,validate,ldpc,1980,0.9071,0.0,0.9067,0.00038,0.00018,0.00061,True,0.0342,0.0
rayleigh,validate,jscc,1980,0.9108,0.0,0.9067,0.00404,0.00298,0.00516,True,0.1536,0.0012
rayleigh,test,ldpc,2170,0.903,0.0,0.9011,0.00191,0.00114,0.00268,True,0.117,0.0
rayleigh,test,jscc,2170,0.9234,0.0,0.9011,0.02226,0.02001,0.02452,True,0.3584,0.0012
