channel,snr_db,rho_L,bler_16,bler_256,ap30_mean,ap30_std,ap50_mean,ap50_std,ap70_mean,ap70_std
awgn,0.0,1.0,1.0,1.0,0.8664106375197471,1.1102230246251565e-16,0.8586343804698926,0.0,0.7813379011669607,0.0
awgn,8.0,1.0,0.85,1.0,0.8664106375197471,1.1102230246251565e-16,0.8586343804698926,0.0,0.7813379011669607,0.0
awgn,12.0,0.9529953917050691,0.025,1.0,0.8728436737120845,5.863161444803262e-05,0.8653721717213454,4.284123999459296e-05,0.7889224778644861,0.00020982904813795865
awgn,14.0,0.32857142857142857,0.025,0.95,0.8855881551796385,0.00020655936118404498,0.8811886719110404,0.0002549306263626916,0.7952624232120067,0.0002687384818677962
awgn,16.0,0.3294930875576037,0.0,0.7,0.8864930048813605,1.1102230246251565e-16,0.8820344196837357,0.0,0.7962494595158732,0.0
awgn,20.0,0.5317972350230414,0.0,0.225,0.8856530183583704,0.0,0.880724409104087,0.0,0.7972992274516684,0.0
rayleigh,0.0,1.0,0.9674454337759557,0.9688695027218521,0.8664106375197471,1.1102230246251565e-16,0.8586343804698926,0.0,0.7813379011669607,0.0
rayleigh,10.0,1.0,0.5951933175911345,0.9762563886572986,0.8664106375197471,1.1102230246251565e-16,0.8586343804698926,0.0,0.7813379011669607,0.0
rayleigh,20.0,1.0,0.09319731435896696,0.4548710775623129,0.8664106375197471,1.1102230246251565e-16,0.8586343804698926,0.0,0.7813379011669607,0.0
