file,line,kind,literal,context
README.md,5,relpath_local,paper1/,- **paper1/** — CA-TOSG: Channel-Aware Task-Oriented Semantic Granularity Selection. Complete; self-contained (see `paper1/README.md`).
README.md,5,relpath_local,paper1/README.md,- **paper1/** — CA-TOSG: Channel-Aware Task-Oriented Semantic Granularity Selection. Complete; self-contained (see `paper1/README.md`).
README.md,6,relpath_local,paper2/,- **paper2/** — not started yet.
README.md,7,relpath_local,paper3/,- **paper3/** — not started yet.
paper1/CLAIMS.md,3,relpath_local,paper/main.tex,"Every number-bearing sentence in `paper/main.tex`, one row per claim. **Auto-generated by `code/extract_claims.py`** (ID + Claim + Exact value). Stable `ID` survives re-runs. The s"
paper1/CLAIMS.md,3,relpath_local,code/extract_claims.py,"Every number-bearing sentence in `paper/main.tex`, one row per claim. **Auto-generated by `code/extract_claims.py`** (ID + Claim + Exact value). Stable `ID` survives re-runs. The s"
paper1/CLAIMS.md,5,relpath_other,R6/R7,_Diagnostic note (PROTOCOL R6/R7): the gap between a candidate's OOF payload and its full-retrain (frozen) payload is a training→freeze diagnostic of the selection procedure and mu
paper1/CLAIMS.md,9,relpath_other,CAM/BSM,"| c730257 | We propose Channel-Aware Task-Oriented Semantic Granularity Selection (CA-TOSG), a receiver-driven framework in which the ego vehicle selects the communication granular"
paper1/CLAIMS.md,10,relpath_other,rate-1/2,"| c353df0 | Experiments on the OPV2V dataset (validate, scene-disjoint test, and the Culver-City domain shift) under AWGN and Rayleigh channels show that, when the channel can carr"
paper1/CLAIMS.md,10,relpath_local,results/true_e2e_global_culver.csv,"| c353df0 | Experiments on the OPV2V dataset (validate, scene-disjoint test, and the Culver-City domain shift) under AWGN and Rayleigh channels show that, when the channel can carr"
paper1/CLAIMS.md,10,relpath_local,code/true_e2e_global.py,"| c353df0 | Experiments on the OPV2V dataset (validate, scene-disjoint test, and the Culver-City domain shift) under AWGN and Rayleigh channels show that, when the channel can carr"
paper1/CLAIMS.md,10,relpath_local,results/p2_deploy/true_e2e_ap.csv,"| c353df0 | Experiments on the OPV2V dataset (validate, scene-disjoint test, and the Culver-City domain shift) under AWGN and Rayleigh channels show that, when the channel can carr"
paper1/CLAIMS.md,11,relpath_local,results/p2_latency/latency_frozen.csv,"| c1c08b6 | The deployed selector incurs 52.8 ms per frame on a single CPU core, fitting the 100 ms budget of a 10 Hz LiDAR cycle. | 52.8, 100, 10 | test | latency (ms), batch-1 | "
paper1/CLAIMS.md,11,relpath_local,code/rf_latency_benchmark.py,"| c1c08b6 | The deployed selector incurs 52.8 ms per frame on a single CPU core, fitting the 100 ms budget of a 10 Hz LiDAR cycle. | 52.8, 100, 10 | test | latency (ms), batch-1 | "
paper1/CLAIMS.md,11,bare_filename,main.tex,"| c1c08b6 | The deployed selector incurs 52.8 ms per frame on a single CPU core, fitting the 100 ms budget of a 10 Hz LiDAR cycle. | 52.8, 100, 10 | test | latency (ms), batch-1 | "
paper1/CLAIMS.md,13,relpath_other,16/256-QAM,"| c21407d | We provide a communication-aware evaluation protocol under AWGN and Rayleigh channels, comparing fixed object-level transmission, fixed feature-level transmission with "
paper1/CLAIMS.md,17,relpath_other,Mbit/s,"| c0a4e89 | The request thus costs 2 bits per frame at 10 Hz, i.e., 20 bps, which is negligible relative to the 24 kbit per frame (0.24 Mbit/s at 10 Hz) L payload and is already pr"
paper1/CLAIMS.md,17,relpath_other,bit/frame,"| c0a4e89 | The request thus costs 2 bits per frame at 10 Hz, i.e., 20 bps, which is negligible relative to the 24 kbit per frame (0.24 Mbit/s at 10 Hz) L payload and is already pr"
paper1/CLAIMS.md,17,bare_filename,main.tex,"| c0a4e89 | The request thus costs 2 bits per frame at 10 Hz, i.e., 20 bps, which is negligible relative to the 24 kbit per frame (0.24 Mbit/s at 10 Hz) L payload and is already pr"
paper1/CLAIMS.md,17,relpath_other,kbit/frame,"| c0a4e89 | The request thus costs 2 bits per frame at 10 Hz, i.e., 20 bps, which is negligible relative to the 24 kbit per frame (0.24 Mbit/s at 10 Hz) L payload and is already pr"
paper1/CLAIMS.md,17,relpath_other,Mbit/s,"| c0a4e89 | The request thus costs 2 bits per frame at 10 Hz, i.e., 20 bps, which is negligible relative to the 24 kbit per frame (0.24 Mbit/s at 10 Hz) L payload and is already pr"
paper1/CLAIMS.md,17,bare_filename,main.tex,"| c0a4e89 | The request thus costs 2 bits per frame at 10 Hz, i.e., 20 bps, which is negligible relative to the 24 kbit per frame (0.24 Mbit/s at 10 Hz) L payload and is already pr"
paper1/CLAIMS.md,18,relpath_other,rate-1/2,"| c6e987c | Message Candidates[label] At each frame, the sender selects one communication mode from the deployed action set where L denotes object-level communication and C_16 deno"
paper1/CLAIMS.md,19,relpath_other,rate-1/2,"| c135ef4 | A second feature-level mode C_256 (256-QAM, same rate-1/2 LDPC) completes the granularity ladder addressable by the request field, but is dominated by C_16 and is there"
paper1/CLAIMS.md,20,bare_filename,main.tex,| cd89397 | The two feature-level modes carry the same perception payload of approximately 1.98 Mbit but require different numbers of channel uses because of the different spectral
paper1/CLAIMS.md,20,relpath_local,code/payload_audit.py,| cd89397 | The two feature-level modes carry the same perception payload of approximately 1.98 Mbit but require different numbers of channel uses because of the different spectral
paper1/CLAIMS.md,20,bare_filename,payload_audit.py,| cd89397 | The two feature-level modes carry the same perception payload of approximately 1.98 Mbit but require different numbers of channel uses because of the different spectral
paper1/CLAIMS.md,20,relpath_other,17/17,| cd89397 | The two feature-level modes carry the same perception payload of approximately 1.98 Mbit but require different numbers of channel uses because of the different spectral
paper1/CLAIMS.md,20,bare_filename,main.tex,| cd89397 | The two feature-level modes carry the same perception payload of approximately 1.98 Mbit but require different numbers of channel uses because of the different spectral
paper1/CLAIMS.md,21,relpath_other,rate-1/2,"| cf5b914 | Of the two feature-level modes, the 256-QAM variant (C256) halves the per-frame channel use of the 16-QAM feature message (0.495 vs. 0.99 Msym for C256 and C16, respect"
paper1/CLAIMS.md,21,relpath_other,bit/sym,"| cf5b914 | Of the two feature-level modes, the 256-QAM variant (C256) halves the per-frame channel use of the 16-QAM feature message (0.495 vs. 0.99 Msym for C256 and C16, respect"
paper1/CLAIMS.md,21,relpath_other,bit/sym,"| cf5b914 | Of the two feature-level modes, the 256-QAM variant (C256) halves the per-frame channel use of the 16-QAM feature message (0.495 vs. 0.99 Msym for C256 and C16, respect"
paper1/CLAIMS.md,21,relpath_other,4/8,"| cf5b914 | Of the two feature-level modes, the 256-QAM variant (C256) halves the per-frame channel use of the 16-QAM feature message (0.495 vs. 0.99 Msym for C256 and C16, respect"
paper1/CLAIMS.md,21,relpath_other,bit/sym,"| cf5b914 | Of the two feature-level modes, the 256-QAM variant (C256) halves the per-frame channel use of the 16-QAM feature message (0.495 vs. 0.99 Msym for C256 and C16, respect"
paper1/CLAIMS.md,21,bare_filename,main.tex,"| cf5b914 | Of the two feature-level modes, the 256-QAM variant (C256) halves the per-frame channel use of the 16-QAM feature message (0.495 vs. 0.99 Msym for C256 and C16, respect"
paper1/CLAIMS.md,21,relpath_local,code/payload_audit.py,"| cf5b914 | Of the two feature-level modes, the 256-QAM variant (C256) halves the per-frame channel use of the 16-QAM feature message (0.495 vs. 0.99 Msym for C256 and C16, respect"
paper1/CLAIMS.md,21,bare_filename,payload_audit.py,"| cf5b914 | Of the two feature-level modes, the 256-QAM variant (C256) halves the per-frame channel use of the 16-QAM feature message (0.495 vs. 0.99 Msym for C256 and C16, respect"
paper1/CLAIMS.md,21,relpath_other,17/17,"| cf5b914 | Of the two feature-level modes, the 256-QAM variant (C256) halves the per-frame channel use of the 16-QAM feature message (0.495 vs. 0.99 Msym for C256 and C16, respect"
paper1/CLAIMS.md,21,bare_filename,main.tex,"| cf5b914 | Of the two feature-level modes, the 256-QAM variant (C256) halves the per-frame channel use of the 16-QAM feature message (0.495 vs. 0.99 Msym for C256 and C16, respect"
paper1/CLAIMS.md,22,relpath_local,results/c256_dominance_verify.csv,"| c051f7f | C256 is thus dominated (eff_C256 ≤ eff_C16) on 99.7 / 98.5 / 100.0\% of validation / test / Culver-City frames;Fractions rounded to 0.1 pp. | 256, 16, 99.7, 98.5, 100.0"
paper1/CLAIMS.md,22,relpath_local,code/verify_c256_dominance.py,"| c051f7f | C256 is thus dominated (eff_C256 ≤ eff_C16) on 99.7 / 98.5 / 100.0\% of validation / test / Culver-City frames;Fractions rounded to 0.1 pp. | 256, 16, 99.7, 98.5, 100.0"
paper1/CLAIMS.md,22,bare_filename,main.tex,"| c051f7f | C256 is thus dominated (eff_C256 ≤ eff_C16) on 99.7 / 98.5 / 100.0\% of validation / test / Culver-City frames;Fractions rounded to 0.1 pp. | 256, 16, 99.7, 98.5, 100.0"
paper1/CLAIMS.md,23,relpath_local,results/c256_dominance_verify.csv,"| c957776 | All four come from one run of the dominance-verification procedure, which asserts frac\_dominated=frac(comp ≥ ego) +frac(comp<ego b_16=b_256) at the count level; displa"
paper1/CLAIMS.md,23,relpath_local,code/verify_c256_dominance.py,"| c957776 | All four come from one run of the dominance-verification procedure, which asserts frac\_dominated=frac(comp ≥ ego) +frac(comp<ego b_16=b_256) at the count level; displa"
paper1/CLAIMS.md,23,bare_filename,main.tex,"| c957776 | All four come from one run of the dominance-verification procedure, which asserts frac\_dominated=frac(comp ≥ ego) +frac(comp<ego b_16=b_256) at the count level; displa"
paper1/CLAIMS.md,24,relpath_other,Es/N0,"| c8583d4 | Physically, 256-QAM right-shifts the AWGN frame-error cliff from 8.0 to 16.5 dB,Es/N0 onset at which the frame-level BLER first falls below 0.999 -- the same 0.999 cons"
paper1/CLAIMS.md,24,relpath_local,results/bler_sionna/bler_sionna.csv,"| c8583d4 | Physically, 256-QAM right-shifts the AWGN frame-error cliff from 8.0 to 16.5 dB,Es/N0 onset at which the frame-level BLER first falls below 0.999 -- the same 0.999 cons"
paper1/CLAIMS.md,24,relpath_other,Es/N0,"| c8583d4 | Physically, 256-QAM right-shifts the AWGN frame-error cliff from 8.0 to 16.5 dB,Es/N0 onset at which the frame-level BLER first falls below 0.999 -- the same 0.999 cons"
paper1/CLAIMS.md,24,bare_filename,main.tex,"| c8583d4 | Physically, 256-QAM right-shifts the AWGN frame-error cliff from 8.0 to 16.5 dB,Es/N0 onset at which the frame-level BLER first falls below 0.999 -- the same 0.999 cons"
paper1/CLAIMS.md,26,relpath_local,results/c256_dominance_verify.csv,"| cbe428c | The deployed classifier's class set is \L, C16\ -- the imitated oracle labels carry zero C256 at this operating point -- so the count is structurally zero; we report th"
paper1/CLAIMS.md,26,relpath_local,code/verify_c256_dominance.py,"| cbe428c | The deployed classifier's class set is \L, C16\ -- the imitated oracle labels carry zero C256 at this operating point -- so the count is structurally zero; we report th"
paper1/CLAIMS.md,26,bare_filename,main.tex,"| cbe428c | The deployed classifier's class set is \L, C16\ -- the imitated oracle labels carry zero C256 at this operating point -- so the count is structurally zero; we report th"
paper1/CLAIMS.md,29,relpath_local,results/policy/threshold_vs_rf.csv,"| c351473 | We treat the object-level message L as a low-rate robust message in the evaluated SNR range, motivated by its small payload (approximately 0.024 Mbit) that allows aggre"
paper1/CLAIMS.md,29,relpath_local,code/payload_audit.py,"| c351473 | We treat the object-level message L as a low-rate robust message in the evaluated SNR range, motivated by its small payload (approximately 0.024 Mbit) that allows aggre"
paper1/CLAIMS.md,29,bare_filename,payload_audit.py,"| c351473 | We treat the object-level message L as a low-rate robust message in the evaluated SNR range, motivated by its small payload (approximately 0.024 Mbit) that allows aggre"
paper1/CLAIMS.md,29,bare_filename,main.tex,"| c351473 | We treat the object-level message L as a low-rate robust message in the evaluated SNR range, motivated by its small payload (approximately 0.024 Mbit) that allows aggre"
paper1/CLAIMS.md,30,relpath_other,16/256-QAM,"| c6263f5 | Fig. [ref] plots the resulting BLER_q() for the LDPC + 16/256-QAM configurations under both channels, making explicit the threshold (cliff) behaviour that the selector "
paper1/CLAIMS.md,31,relpath_other,Msym/frame,"| c38d591 | Communication Cost Let B_s denote the per-frame payload in channel-use-equivalent mega-symbols (Msym) for mode s, accounting for the spectral efficiency of the modulati"
paper1/CLAIMS.md,31,relpath_other,1/2,"| c38d591 | Communication Cost Let B_s denote the per-frame payload in channel-use-equivalent mega-symbols (Msym) for mode s, accounting for the spectral efficiency of the modulati"
paper1/CLAIMS.md,31,relpath_other,rate-1/2,"| c38d591 | Communication Cost Let B_s denote the per-frame payload in channel-use-equivalent mega-symbols (Msym) for mode s, accounting for the spectral efficiency of the modulati"
paper1/CLAIMS.md,31,bare_filename,main.tex,"| c38d591 | Communication Cost Let B_s denote the per-frame payload in channel-use-equivalent mega-symbols (Msym) for mode s, accounting for the spectral efficiency of the modulati"
paper1/CLAIMS.md,31,relpath_local,code/payload_audit.py,"| c38d591 | Communication Cost Let B_s denote the per-frame payload in channel-use-equivalent mega-symbols (Msym) for mode s, accounting for the spectral efficiency of the modulati"
paper1/CLAIMS.md,31,bare_filename,payload_audit.py,"| c38d591 | Communication Cost Let B_s denote the per-frame payload in channel-use-equivalent mega-symbols (Msym) for mode s, accounting for the spectral efficiency of the modulati"
paper1/CLAIMS.md,31,relpath_other,17/17,"| c38d591 | Communication Cost Let B_s denote the per-frame payload in channel-use-equivalent mega-symbols (Msym) for mode s, accounting for the spectral efficiency of the modulati"
paper1/CLAIMS.md,31,bare_filename,main.tex,"| c38d591 | Communication Cost Let B_s denote the per-frame payload in channel-use-equivalent mega-symbols (Msym) for mode s, accounting for the spectral efficiency of the modulati"
paper1/CLAIMS.md,32,relpath_other,rate-1/2,"| c43ecae | The object-level message is sent as a protected low-rate message at approximately 1 bit per channel use (rate-1/2 QPSK), so its 0.024 Mbit of information occupies ≈ 0.0"
paper1/CLAIMS.md,32,relpath_local,results/policy/threshold_vs_rf.csv,"| c43ecae | The object-level message is sent as a protected low-rate message at approximately 1 bit per channel use (rate-1/2 QPSK), so its 0.024 Mbit of information occupies ≈ 0.0"
paper1/CLAIMS.md,32,relpath_local,code/payload_audit.py,"| c43ecae | The object-level message is sent as a protected low-rate message at approximately 1 bit per channel use (rate-1/2 QPSK), so its 0.024 Mbit of information occupies ≈ 0.0"
paper1/CLAIMS.md,32,bare_filename,payload_audit.py,"| c43ecae | The object-level message is sent as a protected low-rate message at approximately 1 bit per channel use (rate-1/2 QPSK), so its 0.024 Mbit of information occupies ≈ 0.0"
paper1/CLAIMS.md,32,bare_filename,main.tex,"| c43ecae | The object-level message is sent as a protected low-rate message at approximately 1 bit per channel use (rate-1/2 QPSK), so its 0.024 Mbit of information occupies ≈ 0.0"
paper1/CLAIMS.md,33,relpath_other,Msym/frame,| c529fd6 | This → 0^+ point is the relevant one for this paper because (i) the L payload B_L = 0.024 Msym/frame is already small enough that the bandwidth constraint becomes non-b
paper1/CLAIMS.md,34,bare_filename,main.tex,| c28cf85 | The compressed-feature mode C_q delivers ``rate'' R_C_q = 3.96 / _2 M_q in channel-use megasymbols (Msym)---0.99 and 0.495 Msym for C_16 and C_256---modulated by a chan
paper1/CLAIMS.md,34,relpath_local,code/payload_audit.py,| c28cf85 | The compressed-feature mode C_q delivers ``rate'' R_C_q = 3.96 / _2 M_q in channel-use megasymbols (Msym)---0.99 and 0.495 Msym for C_16 and C_256---modulated by a chan
paper1/CLAIMS.md,34,bare_filename,payload_audit.py,| c28cf85 | The compressed-feature mode C_q delivers ``rate'' R_C_q = 3.96 / _2 M_q in channel-use megasymbols (Msym)---0.99 and 0.495 Msym for C_16 and C_256---modulated by a chan
paper1/CLAIMS.md,34,relpath_other,17/17,| c28cf85 | The compressed-feature mode C_q delivers ``rate'' R_C_q = 3.96 / _2 M_q in channel-use megasymbols (Msym)---0.99 and 0.495 Msym for C_16 and C_256---modulated by a chan
paper1/CLAIMS.md,34,bare_filename,main.tex,| c28cf85 | The compressed-feature mode C_q delivers ``rate'' R_C_q = 3.96 / _2 M_q in channel-use megasymbols (Msym)---0.99 and 0.495 Msym for C_16 and C_256---modulated by a chan
paper1/CLAIMS.md,38,relpath_other,Msym/frame,"| c262629 | Its average payload is approximately B_L = 0.024 Msym/frame, allowing it to be transmitted with strong channel coding and treated as channel-invariant in the evaluated "
paper1/CLAIMS.md,38,relpath_other,Msym/frame,"| c262629 | Its average payload is approximately B_L = 0.024 Msym/frame, allowing it to be transmitted with strong channel coding and treated as channel-invariant in the evaluated "
paper1/CLAIMS.md,38,relpath_local,results/policy/threshold_vs_rf.csv,"| c262629 | Its average payload is approximately B_L = 0.024 Msym/frame, allowing it to be transmitted with strong channel coding and treated as channel-invariant in the evaluated "
paper1/CLAIMS.md,38,relpath_local,code/payload_audit.py,"| c262629 | Its average payload is approximately B_L = 0.024 Msym/frame, allowing it to be transmitted with strong channel coding and treated as channel-invariant in the evaluated "
paper1/CLAIMS.md,38,bare_filename,payload_audit.py,"| c262629 | Its average payload is approximately B_L = 0.024 Msym/frame, allowing it to be transmitted with strong channel coding and treated as channel-invariant in the evaluated "
paper1/CLAIMS.md,38,bare_filename,main.tex,"| c262629 | Its average payload is approximately B_L = 0.024 Msym/frame, allowing it to be transmitted with strong channel coding and treated as channel-invariant in the evaluated "
paper1/CLAIMS.md,39,relpath_other,Msym/frame,"| c694801 | The C_16 mode is more reliable but less spectrally efficient (channel-use payload B_C_16 ≈ 0.99 Msym/frame), while the C_256 mode is more spectrally efficient but more "
paper1/CLAIMS.md,39,relpath_other,Msym/frame,"| c694801 | The C_16 mode is more reliable but less spectrally efficient (channel-use payload B_C_16 ≈ 0.99 Msym/frame), while the C_256 mode is more spectrally efficient but more "
paper1/CLAIMS.md,39,bare_filename,main.tex,"| c694801 | The C_16 mode is more reliable but less spectrally efficient (channel-use payload B_C_16 ≈ 0.99 Msym/frame), while the C_256 mode is more spectrally efficient but more "
paper1/CLAIMS.md,39,relpath_local,code/payload_audit.py,"| c694801 | The C_16 mode is more reliable but less spectrally efficient (channel-use payload B_C_16 ≈ 0.99 Msym/frame), while the C_256 mode is more spectrally efficient but more "
paper1/CLAIMS.md,39,bare_filename,payload_audit.py,"| c694801 | The C_16 mode is more reliable but less spectrally efficient (channel-use payload B_C_16 ≈ 0.99 Msym/frame), while the C_256 mode is more spectrally efficient but more "
paper1/CLAIMS.md,39,relpath_other,17/17,"| c694801 | The C_16 mode is more reliable but less spectrally efficient (channel-use payload B_C_16 ≈ 0.99 Msym/frame), while the C_256 mode is more spectrally efficient but more "
paper1/CLAIMS.md,39,bare_filename,main.tex,"| c694801 | The C_16 mode is more reliable but less spectrally efficient (channel-use payload B_C_16 ≈ 0.99 Msym/frame), while the C_256 mode is more spectrally efficient but more "
paper1/CLAIMS.md,40,relpath_local,results/p2_latency/latency_frozen.csv,"| cac0943 | Third, its per-frame inference cost on a single CPU core is 52.8 ± 5.7 ms (P95 = 59.1 ms), measured over 2,000 trials (Section [ref]); this fits the 100 ms budget of a "
paper1/CLAIMS.md,40,relpath_local,code/rf_latency_benchmark.py,"| cac0943 | Third, its per-frame inference cost on a single CPU core is 52.8 ± 5.7 ms (P95 = 59.1 ms), measured over 2,000 trials (Section [ref]); this fits the 100 ms budget of a "
paper1/CLAIMS.md,40,bare_filename,main.tex,"| cac0943 | Third, its per-frame inference cost on a single CPU core is 52.8 ± 5.7 ms (P95 = 59.1 ms), measured over 2,000 trials (Section [ref]); this fits the 100 ms budget of a "
paper1/CLAIMS.md,43,relpath_other,Mbit/frame---a,"| c94d26a | The object-level message L carries the collaborator's detected objects; on the OPV2V validate split a frame contains on average 27 detected objects, and encoding each a"
paper1/CLAIMS.md,43,relpath_local,results/policy/threshold_vs_rf.csv,"| c94d26a | The object-level message L carries the collaborator's detected objects; on the OPV2V validate split a frame contains on average 27 detected objects, and encoding each a"
paper1/CLAIMS.md,43,relpath_local,code/payload_audit.py,"| c94d26a | The object-level message L carries the collaborator's detected objects; on the OPV2V validate split a frame contains on average 27 detected objects, and encoding each a"
paper1/CLAIMS.md,43,bare_filename,payload_audit.py,"| c94d26a | The object-level message L carries the collaborator's detected objects; on the OPV2V validate split a frame contains on average 27 detected objects, and encoding each a"
paper1/CLAIMS.md,43,bare_filename,main.tex,"| c94d26a | The object-level message L carries the collaborator's detected objects; on the OPV2V validate split a frame contains on average 27 detected objects, and encoding each a"
paper1/CLAIMS.md,44,relpath_local,code/payload_audit.py,| c6dc5e0 | The feature-level message encodes the transmitted BEV feature tensor of size 256 × 48 × 176 ≈ 2.16 × 10^6 elements: the 281.6 × 76.8 m detection range at 0.4 m voxels y
paper1/CLAIMS.md,44,bare_filename,payload_audit.py,| c6dc5e0 | The feature-level message encodes the transmitted BEV feature tensor of size 256 × 48 × 176 ≈ 2.16 × 10^6 elements: the 281.6 × 76.8 m detection range at 0.4 m voxels y
paper1/CLAIMS.md,44,relpath_other,bit/elem,| c6dc5e0 | The feature-level message encodes the transmitted BEV feature tensor of size 256 × 48 × 176 ≈ 2.16 × 10^6 elements: the 281.6 × 76.8 m detection range at 0.4 m voxels y
paper1/CLAIMS.md,44,bare_filename,main.tex,| c6dc5e0 | The feature-level message encodes the transmitted BEV feature tensor of size 256 × 48 × 176 ≈ 2.16 × 10^6 elements: the 281.6 × 76.8 m detection range at 0.4 m voxels y
paper1/CLAIMS.md,45,relpath_other,Mbit/frame,"| c05116d | We adopt a fixed source budget of B_C ≈ 1.98 Mbit/frame for the feature message, i.e.\ ≈ 0.92 bit per element of this 2.16 × 10^6-element tensor; because every comparis"
paper1/CLAIMS.md,45,relpath_other,bit/elem,"| c05116d | We adopt a fixed source budget of B_C ≈ 1.98 Mbit/frame for the feature message, i.e.\ ≈ 0.92 bit per element of this 2.16 × 10^6-element tensor; because every comparis"
paper1/CLAIMS.md,45,relpath_local,code/payload_audit.py,"| c05116d | We adopt a fixed source budget of B_C ≈ 1.98 Mbit/frame for the feature message, i.e.\ ≈ 0.92 bit per element of this 2.16 × 10^6-element tensor; because every comparis"
paper1/CLAIMS.md,45,bare_filename,payload_audit.py,"| c05116d | We adopt a fixed source budget of B_C ≈ 1.98 Mbit/frame for the feature message, i.e.\ ≈ 0.92 bit per element of this 2.16 × 10^6-element tensor; because every comparis"
paper1/CLAIMS.md,45,relpath_other,bit/elem,"| c05116d | We adopt a fixed source budget of B_C ≈ 1.98 Mbit/frame for the feature message, i.e.\ ≈ 0.92 bit per element of this 2.16 × 10^6-element tensor; because every comparis"
paper1/CLAIMS.md,45,bare_filename,main.tex,"| c05116d | We adopt a fixed source budget of B_C ≈ 1.98 Mbit/frame for the feature message, i.e.\ ≈ 0.92 bit per element of this 2.16 × 10^6-element tensor; because every comparis"
paper1/CLAIMS.md,46,relpath_other,rate-1/2,| cd0421c | Both feature modes C_16 and C_256 carry this same 1.98 Mbit perception payload but require different numbers of channel uses; applying the rate-1/2 coded-bit conversion
paper1/CLAIMS.md,46,relpath_other,Msym/frame,| cd0421c | Both feature modes C_16 and C_256 carry this same 1.98 Mbit perception payload but require different numbers of channel uses; applying the rate-1/2 coded-bit conversion
paper1/CLAIMS.md,46,relpath_other,Msym/frame,| cd0421c | Both feature modes C_16 and C_256 carry this same 1.98 Mbit perception payload but require different numbers of channel uses; applying the rate-1/2 coded-bit conversion
paper1/CLAIMS.md,46,bare_filename,main.tex,| cd0421c | Both feature modes C_16 and C_256 carry this same 1.98 Mbit perception payload but require different numbers of channel uses; applying the rate-1/2 coded-bit conversion
paper1/CLAIMS.md,46,relpath_local,code/payload_audit.py,| cd0421c | Both feature modes C_16 and C_256 carry this same 1.98 Mbit perception payload but require different numbers of channel uses; applying the rate-1/2 coded-bit conversion
paper1/CLAIMS.md,46,bare_filename,payload_audit.py,| cd0421c | Both feature modes C_16 and C_256 carry this same 1.98 Mbit perception payload but require different numbers of channel uses; applying the rate-1/2 coded-bit conversion
paper1/CLAIMS.md,46,relpath_other,17/17,| cd0421c | Both feature modes C_16 and C_256 carry this same 1.98 Mbit perception payload but require different numbers of channel uses; applying the rate-1/2 coded-bit conversion
paper1/CLAIMS.md,46,bare_filename,main.tex,| cd0421c | Both feature modes C_16 and C_256 carry this same 1.98 Mbit perception payload but require different numbers of channel uses; applying the rate-1/2 coded-bit conversion
paper1/CLAIMS.md,49,relpath_other,configuration---rate-1/2,"| c1c7e4f | This transport configuration---rate-1/2 LDPC with 16-/256-QAM, compared at matched channel uses---matches the conventional digital baseline of SComCP [cite]. | 1, 2, 16"
paper1/CLAIMS.md,49,relpath_other,16-/256-QAM,"| c1c7e4f | This transport configuration---rate-1/2 LDPC with 16-/256-QAM, compared at matched channel uses---matches the conventional digital baseline of SComCP [cite]. | 1, 2, 16"
paper1/CLAIMS.md,51,relpath_other,AWGN/Rayleigh,| c12100b | Run-to-run variance is exposed not by a within-validate resplit but by averaging all realised-F1 and payload metrics over 200 Monte-Carlo channel realisations per opera
paper1/CLAIMS.md,54,relpath_other,16/256-QAM,"| c29e50e | LDPC + 16/256-QAM (separate coding). Standard separate source-channel coding baselines using rate-1/2 LDPC with 16-QAM and 256-QAM modulation [cite]. | 16, 256, 1, 2 | "
paper1/CLAIMS.md,54,relpath_other,rate-1/2,"| c29e50e | LDPC + 16/256-QAM (separate coding). Standard separate source-channel coding baselines using rate-1/2 LDPC with 16-QAM and 256-QAM modulation [cite]. | 16, 256, 1, 2 | "
paper1/CLAIMS.md,55,relpath_other,Msym/frame,"| c74e218 | Evaluation Metrics We report AP@0.5 and AP@0.7 for end-to-end detection performance, mean realised frame F1 for fine-grained frame-level behaviour, and average payload "
paper1/CLAIMS.md,56,relpath_other,Msym/frame,"| c865b3f | We therefore report the true end-to-end detection AP in the two regimes that define the policy: the fallback regime (fading or low-SNR AWGN), where holds L at 0.024 Msy"
paper1/CLAIMS.md,57,relpath_local,results/true_e2e_global_validate.csv,"| ccc975b | AP@0.5 rises by +0.026 (validate) and +0.072 (Culver-City) over the object-level baseline, and AP@0.7 by +0.021 and +0.057; on the sparser test split, where object-leve"
paper1/CLAIMS.md,57,relpath_local,code/true_e2e_global.py,"| ccc975b | AP@0.5 rises by +0.026 (validate) and +0.072 (Culver-City) over the object-level baseline, and AP@0.7 by +0.021 and +0.057; on the sparser test split, where object-leve"
paper1/CLAIMS.md,57,relpath_local,results/p2_deploy/true_e2e_ap.csv,"| ccc975b | AP@0.5 rises by +0.026 (validate) and +0.072 (Culver-City) over the object-level baseline, and AP@0.7 by +0.021 and +0.057; on the sparser test split, where object-leve"
paper1/CLAIMS.md,58,relpath_other,Msym/frame,"| cae9a57 | The gain is largest on the harder Culver-City domain, and on validate sits within 0.001 AP@0.5 of the perfect-channel feature-level ceiling (0.917). (ii) Under fading o"
paper1/CLAIMS.md,62,relpath_other,16/256-QAM,"| c4d0fc6 | Detection Performance versus SNR Fig. [ref] reports AP@0.5 under AWGN and Rayleigh, comparing with the fixed object-level baseline, ImportanceMapJSCC [cite], LDPC + 16/"
paper1/CLAIMS.md,65,relpath_other,Msym/frame,"| cbc8c38 | uses the L-payload of 0.024 Msym/frame across all SNRs under Rayleigh, and switches from L-payload to a near-C_16-payload at SNR ≈ 12 dB under AWGN, matching the channe"
paper1/CLAIMS.md,75,relpath_other,Msym/frame,"| ccfd433 | The selector therefore captures essentially all of the benefit of feature-level transmission once the LDPC threshold is crossed, while paying only 0.632 Msym/frame at t"
paper1/CLAIMS.md,81,relpath_other,Msym/frame,"| ced409d | and a -cost RF retrained on _s(F_t^s- B_s) labels lie on the frontier between Fixed L and the oracle: on test, the deployed selector reaches F1 0.909 at 0.251 Msym/fram"
paper1/CLAIMS.md,81,relpath_local,results/policy/threshold_vs_rf.csv,"| ced409d | and a -cost RF retrained on _s(F_t^s- B_s) labels lie on the frontier between Fixed L and the oracle: on test, the deployed selector reaches F1 0.909 at 0.251 Msym/fram"
paper1/CLAIMS.md,81,relpath_local,code/recompute_policy_200seed.py,"| ced409d | and a -cost RF retrained on _s(F_t^s- B_s) labels lie on the frontier between Fixed L and the oracle: on test, the deployed selector reaches F1 0.909 at 0.251 Msym/fram"
paper1/CLAIMS.md,81,relpath_local,results/p2_deploy/replay_summary.csv,"| ced409d | and a -cost RF retrained on _s(F_t^s- B_s) labels lie on the frontier between Fixed L and the oracle: on test, the deployed selector reaches F1 0.909 at 0.251 Msym/fram"
paper1/CLAIMS.md,82,relpath_other,easy/hard,| c21021c | Averaged over all channels the CA-TOSG-over-Fixed-L gain is small and rises with difficulty (-0.004/+0.024 easy/hard on test); but under a reliable channel (determinist
paper1/CLAIMS.md,85,relpath_local,results/policy/threshold_vs_rf.csv,"| cc8a819 | Dropping the range, density, or object-count cue groups changes F1 by <0.001; the channel-averaged payloads are in Table [ref] (RF 0.251 versus the =8.5 threshold's 0.3"
paper1/CLAIMS.md,85,relpath_local,code/recompute_policy_200seed.py,"| cc8a819 | Dropping the range, density, or object-count cue groups changes F1 by <0.001; the channel-averaged payloads are in Table [ref] (RF 0.251 versus the =8.5 threshold's 0.3"
paper1/CLAIMS.md,85,relpath_local,results/p2_deploy/replay_summary.csv,"| cc8a819 | Dropping the range, density, or object-count cue groups changes F1 by <0.001; the channel-averaged payloads are in Table [ref] (RF 0.251 versus the =8.5 threshold's 0.3"
paper1/CLAIMS.md,98,relpath_other,P1/P1,| cba79b4 | This is a solid feature-level result---above the ImportanceMapJSCC reference of 0.801 / 0.688 (learned importance-map identity ceiling)---but it is neither the stronges
paper1/CLAIMS.md,99,relpath_other,km/h,"| ca250e3 | Under AWGN the selector tolerates SNR-estimation noise up to ≈ 1 dB with ≤ 0.0003 F1 loss; under a Jakes model at 60 km/h the SNR estimate decorrelates within 10 ms, co"
paper1/CLAIMS.md,100,relpath_other,AWGN/Rayleigh,| ca2f1c7 | The framework also spans the full fading-severity range: replacing the AWGN/Rayleigh limits with Rician fading moves the feature-activation knee smoothly between them a
paper1/CLAIMS.md,101,relpath_local,results/p2_latency/latency_frozen.csv,"| c281123 | Finally, the deployed Random Forest runs in 52.8 ± 5.7 ms per frame (P95=59.1 ms) on a single CPU core---within the 100 ms budget of a 10 Hz LiDAR cycle---and a decisio"
paper1/CLAIMS.md,101,relpath_local,code/rf_latency_benchmark.py,"| c281123 | Finally, the deployed Random Forest runs in 52.8 ± 5.7 ms per frame (P95=59.1 ms) on a single CPU core---within the 100 ms budget of a 10 Hz LiDAR cycle---and a decisio"
paper1/CLAIMS.md,101,bare_filename,main.tex,"| c281123 | Finally, the deployed Random Forest runs in 52.8 ± 5.7 ms per frame (P95=59.1 ms) on a single CPU core---within the 100 ms budget of a 10 Hz LiDAR cycle---and a decisio"
paper1/CLAIMS.md,103,relpath_local,results/p2_latency/latency_frozen.csv,"| cc99de6 | It runs in 52.8 ± 5.7 ms (P95 = 59.1 ms) per frame on a single CPU core, within the 100 ms budget of a 10 Hz LiDAR cycle, and a decision tree or logistic-regression sel"
paper1/CLAIMS.md,103,relpath_local,code/rf_latency_benchmark.py,"| cc99de6 | It runs in 52.8 ± 5.7 ms (P95 = 59.1 ms) per frame on a single CPU core, within the 100 ms budget of a 10 Hz LiDAR cycle, and a decision tree or logistic-regression sel"
paper1/CLAIMS.md,103,bare_filename,main.tex,"| cc99de6 | It runs in 52.8 ± 5.7 ms (P95 = 59.1 ms) per frame on a single CPU core, within the 100 ms budget of a 10 Hz LiDAR cycle, and a decision tree or logistic-regression sel"
paper1/CLAIMS.md,104,relpath_local,results/true_e2e_global_culver.csv,"| c931029 | Second, channel-aware semantic granularity selection recovers the feature-level detection gain only when the channel and task state justify it: when the channel can car"
paper1/CLAIMS.md,104,relpath_local,code/true_e2e_global.py,"| c931029 | Second, channel-aware semantic granularity selection recovers the feature-level detection gain only when the channel and task state justify it: when the channel can car"
paper1/CLAIMS.md,104,relpath_local,results/p2_deploy/true_e2e_ap.csv,"| c931029 | Second, channel-aware semantic granularity selection recovers the feature-level detection gain only when the channel and task state justify it: when the channel can car"
paper1/CLAIMS.md,107,relpath_local,paper/main.tex,"_Total: 97 number-bearing claims from `paper/main.tex`. Evidence: 27 filled / 70 pending (P2–P4); 27 preserved, 0 flagged STALE (numbers changed) this re-run._"
paper1/PROTOCOL.md,6,relpath_other,rate/modulation,the rate/modulation chain and cited to its generator. Reported results live in `results/` and
paper1/PROTOCOL.md,6,relpath_local,results/,the rate/modulation chain and cited to its generator. Reported results live in `results/` and
paper1/PROTOCOL.md,7,bare_filename,CLAIMS.md,are indexed by `CLAIMS.md`.
paper1/PROTOCOL.md,10,relpath_other,training/eval,the selection rules are specified here and nowhere else. If a generator (training/eval script)
paper1/PROTOCOL.md,14,relpath_local,code/payload_audit.py,"`code/payload_audit.py`, which re-derives them from first principles and bit-compares against"
paper1/PROTOCOL.md,15,bare_filename,main.tex,"`main.tex`); a citation is a pointer to a derivation, not a delegation of authority."
paper1/PROTOCOL.md,22,relpath_local,code/p2_dataprep/check_leakage.py,"breach, not a judgement call, and `code/p2_dataprep/check_leakage.py` is the resident gate that"
paper1/PROTOCOL.md,34,relpath_other,test/Culver,"produced on test/Culver may have been used to pick a knob. If a knob was picked, it was picked"
paper1/PROTOCOL.md,38,relpath_other,test/Culver,to held-out test/Culver without that note.
paper1/PROTOCOL.md,47,relpath_local,opv2v_data_dumping/,"(`opv2v_data_dumping/<split>/<scene>/`). All frames of a scene, and later all of its channel"
paper1/PROTOCOL.md,57,relpath_other,112/157/135/202/64/48/57/459/746,"*OPV2V validate has 9 scenes* (frame counts 112/157/135/202/64/48/57/459/746 = 1980, sorted"
paper1/PROTOCOL.md,58,relpath_local,code/p2_dataprep/_scene_map.py,"scene-dir order; reconstructed by `code/p2_dataprep/_scene_map.py`, asserted to sum to the dataset"
paper1/PROTOCOL.md,60,bare_filename,check_leakage.py,cross-checked by `check_leakage.py` against an independent loader-order scene manifest
paper1/PROTOCOL.md,61,bare_filename,export_scene_manifest.py,"(`export_scene_manifest.py`, a different code path)). Model/hyper-parameter and λ"
paper1/PROTOCOL.md,61,relpath_other,Model/hyper-parameter,"(`export_scene_manifest.py`, a different code path)). Model/hyper-parameter and λ"
paper1/PROTOCOL.md,62,relpath_other,70/30,selection use **scene-level 9-fold LOSO** over these 9 scenes rather than a single 70/30 dev split
paper1/PROTOCOL.md,68,relpath_other,Es/N0,"- **SNR grid:** {0, 2, 4, 6, 8, 10, 12, 14, 16, 18, 20} dB (11 points), read as Es/N0, identical"
paper1/PROTOCOL.md,69,relpath_local,code/true_e2e_global.py,axis to the BLER table and to `code/true_e2e_global.py`.
paper1/PROTOCOL.md,72,relpath_local,code/p2_dataprep/expand_grid_clean.py,"(uniform over grid cells), built by `code/p2_dataprep/expand_grid_clean.py`. This is a dense, deterministic"
paper1/PROTOCOL.md,73,bare_filename,_v3.csv,"expansion — NOT the per-frame single random draw frozen into `dataset_*_v3.csv`, and NOT the"
paper1/PROTOCOL.md,75,relpath_other,rate-1/2,"- **BLER source:** Sionna 5G-LDPC (k=500, n=1000) rate-1/2 + 16/256-QAM frame-level table"
paper1/PROTOCOL.md,75,relpath_other,16/256-QAM,"- **BLER source:** Sionna 5G-LDPC (k=500, n=1000) rate-1/2 + 16/256-QAM frame-level table"
paper1/PROTOCOL.md,76,relpath_local,results/bler_sionna/bler_sionna.csv,`results/bler_sionna/bler_sionna.csv` (`bler_frame` column). Rayleigh frame BLER = 1 across
paper1/PROTOCOL.md,80,bare_filename,FROZEN_MANIFEST.json,**P2-B new deployment script (to be built)** reading only `FROZEN_MANIFEST.json` (the legacy
paper1/PROTOCOL.md,81,bare_filename,recompute_policy_200seed.py,`recompute_policy_200seed.py` is fused off). The two distributions must not be conflated.
paper1/PROTOCOL.md,87,relpath_other,n/a,| **E** | ego-only (no message) | B_E = 0 | n/a (always delivered) | by definition |
paper1/PROTOCOL.md,88,relpath_local,code/payload_audit.py,"| **L** | object-level message | B_L = 0.024 Msym | BLER_L = 0 (mainline: assumed reliably delivered) | `code/payload_audit.py` link (0.024 Mbit info, rate-1/2 QPSK ≈1 b/ch-use) |"
paper1/PROTOCOL.md,88,relpath_other,rate-1/2,"| **L** | object-level message | B_L = 0.024 Msym | BLER_L = 0 (mainline: assumed reliably delivered) | `code/payload_audit.py` link (0.024 Mbit info, rate-1/2 QPSK ≈1 b/ch-use) |"
paper1/PROTOCOL.md,88,relpath_other,b/ch-use,"| **L** | object-level message | B_L = 0.024 Msym | BLER_L = 0 (mainline: assumed reliably delivered) | `code/payload_audit.py` link (0.024 Mbit info, rate-1/2 QPSK ≈1 b/ch-use) |"
paper1/PROTOCOL.md,89,relpath_local,code/payload_audit.py,"| **F** | feature-level message | B_F = 0.99 Msym | BLER_F(SNR, channel) from the Sionna table | `code/payload_audit.py` link (1.98 Mbit info → /0.5 LDPC → 3.96 Mbit → /4 for 16-QA"
paper1/PROTOCOL.md,91,relpath_other,rate-1/2,- **Main experiment transports F with rate-1/2 LDPC + 16-QAM.**
paper1/PROTOCOL.md,97,bare_filename,make_dataset.py,"information; masking, not preference — same semantics as `make_dataset.py`, Change-log R2). The"
paper1/PROTOCOL.md,99,relpath_other,E/L,"LABEL argmax is masked. E is a first-class action, so E/L still win naturally where F is feasible"
paper1/PROTOCOL.md,110,relpath_other,Msym/frame,"- **B_max ∈ {0.10, 0.20, 0.30} Msym/frame** — the operating budgets swept for the constrained"
paper1/PROTOCOL.md,115,relpath_other,channel-uses/s,- **Intended derivation:** available channel-uses/s ÷ LiDAR frame rate (802.11bd parameters).
paper1/PROTOCOL.md,119,relpath_local,analysis_tools/build_bler_sionna_ofdm.py,"BLER model* (`analysis_tools/build_bler_sionna_ofdm.py`: N_FFT=64, N_SC=52 data subcarriers,"
paper1/PROTOCOL.md,120,relpath_other,channel-uses/s,"Δf=156.25 kHz); it commits **no** channel-uses/s → per-frame-symbol-budget mapping, and none is"
paper1/PROTOCOL.md,123,relpath_other,Msym/frame,three B_max values are therefore **prespecified operating points (in Msym/frame) on the
paper1/PROTOCOL.md,126,relpath_other,Mbit/s,Mbit/s link rate.
paper1/PROTOCOL.md,131,bare_filename,main.tex,"Lagrange multiplier λ ≥ 0 (`main.tex` Eq. around L204). For **each** budget B_max ∈ {0.10, 0.20, 0.30}"
paper1/PROTOCOL.md,133,bare_filename,FROZEN_MANIFEST.json,R5) — because λ\*(B_max) differs; all three model hashes are recorded in `FROZEN_MANIFEST.json`.
paper1/PROTOCOL.md,135,relpath_local,code/p2_dataprep/train_p2_loso.py,**Candidate set — SINGLE SOURCE OF TRUTH.** `code/p2_dataprep/train_p2_loso.py` **parses the JSON
paper1/PROTOCOL.md,168,relpath_local,results/p2_dataprep/validate_loso_folds.csv,"is written to `results/p2_dataprep/validate_loso_folds.csv`, so both aggregates below are recomputable"
paper1/PROTOCOL.md,171,bare_filename,validate_loso_folds.csv,**Aggregations (Change-log R7).** All from `validate_loso_folds.csv`:
paper1/PROTOCOL.md,182,relpath_local,results/p2_dataprep/candidate_walk_B0XX.csv,candidate index; (3) write this order to `results/p2_dataprep/candidate_walk_B0XX.csv` **before any
paper1/PROTOCOL.md,195,bare_filename,FROZEN_MANIFEST.json,**Manifest (R7).** Only when **all three** budgets pass the walk is `FROZEN_MANIFEST.json` written.
paper1/PROTOCOL.md,198,relpath_other,grid/cue,"alongside the three model sha256, the **folds CSV sha256** and grid/cue input hashes, the candidate"
paper1/PROTOCOL.md,200,relpath_other,python/sklearn/numpy/pandas,"(python/sklearn/numpy/pandas), and the timestamp. Nothing after may look at test/Culver labels."
paper1/PROTOCOL.md,200,relpath_other,test/Culver,"(python/sklearn/numpy/pandas), and the timestamp. Nothing after may look at test/Culver labels."
paper1/PROTOCOL.md,207,relpath_local,code/p2_dataprep/check_leakage.py,`code/p2_dataprep/check_leakage.py` asserts: (1) every budget's `frozen_validate_payload ≤ B_max`;
paper1/PROTOCOL.md,210,relpath_other,catosg-frozen-manifest/1,`schema` is exactly `catosg-frozen-manifest/1`; (6) `candidate_block_md5` equals the md5 of the current
paper1/PROTOCOL.md,211,bare_filename,validate_loso_folds.csv,PROTOCOL `CATOSG-CANDIDATES` block; (7) `validate_loso_folds.csv` has exactly 112 × 9 = 1008 rows.
paper1/PROTOCOL.md,218,relpath_other,test/Culver,**Apply to test/Culver (P2 submit-B).** Evaluate the three frozen selectors at their frozen λ\*/τ\*
paper1/PROTOCOL.md,219,bare_filename,FROZEN_MANIFEST.json,"on test and Culver **once**, reading only `FROZEN_MANIFEST.json`, with no re-tuning."
paper1/PROTOCOL.md,224,bare_filename,main.tex,description embedded elsewhere (README / REPRODUCE / PROVENANCE / handoff notes / main.tex prose);
paper1/PROTOCOL.md,226,bare_filename,PROTOCOL.md,"PROTOCOL.md"". All revisions are pre-registered in the **Change-log** at the foot of this file, each"
paper1/PROTOCOL.md,236,bare_filename,CLAIMS.md,source CSV + generator (CLAIMS.md rows closed); no v1/v2/v3/_old/_bak naming survives in the
paper1/PROTOCOL.md,236,relpath_other,v1/v2/v3/_old/_bak,source CSV + generator (CLAIMS.md rows closed); no v1/v2/v3/_old/_bak naming survives in the
paper1/PROTOCOL.md,237,bare_filename,main.tex,pipeline or in main.tex/results (P2 submit-D assertion); `FROZEN_MANIFEST.json` exists and its
paper1/PROTOCOL.md,237,bare_filename,FROZEN_MANIFEST.json,pipeline or in main.tex/results (P2 submit-D assertion); `FROZEN_MANIFEST.json` exists and its
paper1/PROTOCOL.md,238,relpath_local,code/payload_audit.py,md5s match the data actually used; payload chain still bit-audits (`code/payload_audit.py`).
paper1/PROTOCOL.md,239,relpath_other,oracle/selector,"- **Rayleigh:** BLER_F ≈ 1 so F ≈ ego, but the oracle/selector should still show **both E and L**"
paper1/PROTOCOL.md,241,relpath_other,E/L-dominated,- **AWGN low SNR:** the mix is **E/L-dominated** (F mostly infeasible or beaten).
paper1/PROTOCOL.md,247,bare_filename,FROZEN_MANIFEST.json,`FROZEN_MANIFEST.json`; no per-split refit anywhere.
paper1/PROTOCOL.md,260,relpath_other,P2/P5,"analysis**, pre-registered here before P2/P5 recomputation (see the leakage history):"
paper1/PROTOCOL.md,265,relpath_other,fit/evaluated,"- The JSCC selector is fit/evaluated by **k-fold in-distribution** on the same split, explicitly"
paper1/PROTOCOL.md,267,relpath_other,P1/P1,- Any JSCC edge value whose source was deleted in the P1/P1.5 cleanup is **evidence-orphaned** in
paper1/PROTOCOL.md,268,bare_filename,CLAIMS.md,`CLAIMS.md` and must be recomputed under this rule or the sentence dropped (P5).
paper1/PROTOCOL.md,272,bare_filename,FROZEN_MANIFEST.json,"Before `FROZEN_MANIFEST.json` exists (the **pre-freeze** stage), the ONLY data that may be"
paper1/PROTOCOL.md,273,bare_filename,expand_grid_clean.py,"generated is the **validate** grid (`expand_grid_clean.py --split validate`, the default)."
paper1/PROTOCOL.md,277,relpath_local,code/p2_dataprep/check_leakage.py,- `code/p2_dataprep/check_leakage.py` enforces this: with no manifest present it asserts the
paper1/PROTOCOL.md,278,relpath_other,test/Culver,test/Culver grids are **absent**; with a manifest present they are optional (regenerated by the
paper1/PROTOCOL.md,291,relpath_other,2/,"- **R1 (2026-08-08) — §2/§6: selection by scene-level 9-fold LOSO, replacing the single 70/30 dev"
paper1/PROTOCOL.md,291,relpath_other,70/30,"- **R1 (2026-08-08) — §2/§6: selection by scene-level 9-fold LOSO, replacing the single 70/30 dev"
paper1/PROTOCOL.md,292,relpath_other,70/30,split.** Reason: a single scene-first 70/30 split leaves the dev set at only 2 of the 9 validate
paper1/PROTOCOL.md,294,relpath_other,70/30,9 scenes as held-out folds (each held out exactly once). The 70/30 mechanism
paper1/PROTOCOL.md,295,bare_filename,make_scene_split.py,"(`make_scene_split.py`, `validate_scene_split.csv`, `PROVENANCE_split.txt`) is **removed entirely**"
paper1/PROTOCOL.md,295,bare_filename,validate_scene_split.csv,"(`make_scene_split.py`, `validate_scene_split.csv`, `PROVENANCE_split.txt`) is **removed entirely**"
paper1/PROTOCOL.md,295,bare_filename,PROVENANCE_split.txt,"(`make_scene_split.py`, `validate_scene_split.csv`, `PROVENANCE_split.txt`) is **removed entirely**"
paper1/PROTOCOL.md,297,bare_filename,validate_loso_folds.csv,assertion (each scene held out exactly once) against `validate_loso_folds.csv`.
paper1/PROTOCOL.md,300,bare_filename,make_dataset.py,(`make_dataset.py`); it is now stated in the protocol and implemented in `expand_grid_clean.py`.
paper1/PROTOCOL.md,300,bare_filename,expand_grid_clean.py,(`make_dataset.py`); it is now stated in the protocol and implemented in `expand_grid_clean.py`.
paper1/PROTOCOL.md,304,relpath_other,test/Culver,- **R4 (2026-08-08) — §10: pre-freeze stage restricted to validate-grid generation;** test/Culver
paper1/PROTOCOL.md,306,relpath_other,5/,"- **R5 (2026-08-08, P2 submit-A) — §5/§6: one model per budget + full candidate set as single source"
paper1/PROTOCOL.md,308,relpath_other,selector_B010/B020/B030,"(`selector_B010/B020/B030`), all three hashes in the manifest, because λ\*(B_max) differs. (ii) §6"
paper1/PROTOCOL.md,309,relpath_other,n_estimators/max_depth/,now carries the complete candidate set — RF hyper-parameters (`n_estimators/max_depth/
paper1/PROTOCOL.md,310,relpath_other,min_samples_leaf/max_features,"min_samples_leaf/max_features`), `class_weight ∈ {null, balanced}`, an explicit λ grid, a"
paper1/PROTOCOL.md,311,relpath_other,dB/0,"0–20 dB/0.5 dB τ grid, seed, scene-mean aggregation, and a fully-specified tie-break — as a machine"
paper1/PROTOCOL.md,312,bare_filename,train_p2_loso.py,-parseable `CATOSG-CANDIDATES` JSON block that `train_p2_loso.py` parses (no candidate values are
paper1/PROTOCOL.md,316,bare_filename,train_rf.py,selectors `train_rf.py` and `recompute_policy_200seed.py` are fused off (hard error at entry;
paper1/PROTOCOL.md,316,bare_filename,recompute_policy_200seed.py,selectors `train_rf.py` and `recompute_policy_200seed.py` are fused off (hard error at entry;
paper1/PROTOCOL.md,318,relpath_other,performance/feasibility,"- **R6 (2026-08-09, P2 submit-A correction) — §6: performance/feasibility semantic split + final-check"
paper1/PROTOCOL.md,319,relpath_other,manifest/gate,iron rule + manifest/gate hardening.** (a) Model-selection *performance* is scene-mean realised F1;
paper1/PROTOCOL.md,324,relpath_other,test/Culver,"is written, no test/Culver grid is built, and the run fuses. (d) The manifest gains"
paper1/PROTOCOL.md,326,relpath_other,python/sklearn/numpy/pandas,/ budget_satisfied` and an environment block (python/sklearn/numpy/pandas versions);
paper1/PROTOCOL.md,327,bare_filename,validate_loso_folds.csv,`validate_loso_folds.csv` gains `n_frames`; the gate runs seven frozen-state checks. The 1008 LOSO
paper1/PROTOCOL.md,335,bare_filename,candidate_walk_B0XX.csv,"descending (walk order written to `candidate_walk_B0XX.csv` before any retrain), retrain each on"
paper1/PROTOCOL.md,342,relpath_other,C16/C_16/16-QAM/C256/C_256/256-QAM,"only *explicit* mode markers (C16/C_16/16-QAM/C256/C_256/256-QAM), not plain ""16 dB""/""16 %""."
paper1/PROTOCOL.md,347,bare_filename,FROZEN_MANIFEST.json,"match `FROZEN_MANIFEST.json`, mismatch fuses without overwriting) remains in force under R9."
paper1/PROTOCOL.md,367,relpath_other,test/Culver-City,"2026-08-09, prior to any test/Culver-City evaluation; subsequent supervisor review will not change"
paper1/PROTOCOL.md,373,relpath_other,model/δ/τ,"model/δ/τ change, no replay re-run. It only swaps the reference oracle: per budget it recomputes a"
paper1/PROTOCOL.md,380,relpath_other,B010/B020,oracle (B030 unchanged at λ=0; B010/B020 recomputed). **Root-cause correction:** B010/B020's `cw=balanced`
paper1/PROTOCOL.md,380,relpath_other,B010/B020,oracle (B030 unchanged at λ=0; B010/B020 recomputed). **Root-cause correction:** B010/B020's `cw=balanced`
paper1/PROTOCOL.md,390,bare_filename,r10c_diagnostic.py,this entry governs. The corrected diagnostic (`r10c_diagnostic.py`) recomputes on the **feasible**
paper1/PROTOCOL.md,397,relpath_other,F1_RF/B_RF,ΔF1(E vs L) ≤ 0; and the recomputed per-realisation F1_RF/B_RF reproduce the existing replay CSVs
paper1/PROTOCOL.md,398,relpath_other,determinism/integrity,"(a determinism/integrity check of the original P2-B run, which **passed**). **Corrected finding:** the"
paper1/PROTOCOL.md,417,relpath_other,test/Culver,"definition, is flagged **NOT budget-constrained**: on test/Culver its mean payload can exceed B_max"
paper1/PROTOCOL.md,420,bare_filename,make_r10_report.py,`make_r10_report.py` (no hand-written numbers → `R10_REPORT.md` + `PROVENANCE_r10c.txt`).**
paper1/PROTOCOL.md,420,bare_filename,R10_REPORT.md,`make_r10_report.py` (no hand-written numbers → `R10_REPORT.md` + `PROVENANCE_r10c.txt`).**
paper1/PROTOCOL.md,420,bare_filename,PROVENANCE_r10c.txt,`make_r10_report.py` (no hand-written numbers → `R10_REPORT.md` + `PROVENANCE_r10c.txt`).**
paper1/PROTOCOL.md,425,relpath_other,retracted_r10/,"negligible on Culver (≈0.00003). Record hygiene (single-version, no `retracted_r10/`): the flawed"
paper1/PROTOCOL.md,426,bare_filename,r10_diagnostic.py,`r10_diagnostic.py` + its `r10_*.csv` are removed via the reference gate; `anomaly_check.py` no
paper1/PROTOCOL.md,426,bare_filename,anomaly_check.py,`r10_diagnostic.py` + its `r10_*.csv` are removed via the reference gate; `anomaly_check.py` no
paper1/PROTOCOL.md,427,bare_filename,anomaly_report.txt,longer prints the retracted conclusion and `anomaly_report.txt` is regenerated in place. 6d AP and
paper1/PROTOCOL.md,428,relpath_other,P2-C/D,P2-C/D stay frozen pending review.
paper1/PROTOCOL.md,439,bare_filename,FROZEN_MANIFEST.json,`FROZEN_MANIFEST.json` stand unchanged; the quantified limitation is sourced only from the R10d
paper1/PROTOCOL.md,440,bare_filename,make_r10_report.py,numbers regenerated by `make_r10_report.py` from `r10c_missed_e_cost.csv`. This entry **unfreezes**
paper1/PROTOCOL.md,440,bare_filename,r10c_missed_e_cost.csv,numbers regenerated by `make_r10_report.py` from `r10c_missed_e_cost.csv`. This entry **unfreezes**
paper1/PROTOCOL.md,442,relpath_other,P2-C/D,"is not revisited) and P2-C/D (latency remeasure, CLAIMS backfill, freeze summary). The E-scarcity fix"
paper1/PROTOCOL.md,446,bare_filename,main.tex,"frozen selectors, δ, τ\*, the oracle definition, or the mainline replay; `main.tex` untouched. Every"
paper1/PROTOCOL.md,447,relpath_other,re-weighting/replay,"item is a **descriptive** re-weighting/replay of the cached per-(frame, SNR, channel) grid"
paper1/PROTOCOL.md,448,relpath_local,data/p2/p2_grid_,(`data/p2/p2_grid_{split}.csv`: `eff_E/eff_L/eff_F/bler_F/oracle_ELF`) with the frozen `predict()`; no
paper1/PROTOCOL.md,448,relpath_other,eff_E/eff_L/eff_F/bler_F/oracle_ELF,(`data/p2/p2_grid_{split}.csv`: `eff_E/eff_L/eff_F/bler_F/oracle_ELF`) with the frozen `predict()`; no
paper1/PROTOCOL.md,452,relpath_other,25/75,"- **(1) Channel-ratio sensitivity.** AWGN:Rayleigh ∈ {25/75, 50/50, 75/25}, i.e. weight the grid's"
paper1/PROTOCOL.md,452,relpath_other,50/50,"- **(1) Channel-ratio sensitivity.** AWGN:Rayleigh ∈ {25/75, 50/50, 75/25}, i.e. weight the grid's"
paper1/PROTOCOL.md,452,relpath_other,75/25,"- **(1) Channel-ratio sensitivity.** AWGN:Rayleigh ∈ {25/75, 50/50, 75/25}, i.e. weight the grid's"
paper1/PROTOCOL.md,454,relpath_other,F1/payload,× 3 budget F1/payload. *Expected:* more Rayleigh → lower feature-selection rate → payload ↓ toward
paper1/PROTOCOL.md,456,relpath_other,50/50,"- **(2) Non-uniform SNR (2 forms, params frozen).** Re-weight the SNR marginal (channel 50/50) by two"
paper1/PROTOCOL.md,466,bare_filename,FROZEN_MANIFEST.json,they do NOT touch `FROZEN_MANIFEST.json`):** **(3a) SNR-only** — a selector trained on validate over
paper1/PROTOCOL.md,477,relpath_local,analysis_tools/build_bler_sionna.py,"pipeline (`analysis_tools/build_bler_sionna.py`, extended with a Rician block-fading branch: per-"
paper1/PROTOCOL.md,478,relpath_other,rate-1/2,"codeword `|h|²` non-central with the same rate-1/2 5G-LDPC, 16/256-QAM, `N_CW=3960`, adaptive MC)."
paper1/PROTOCOL.md,478,relpath_other,16/256-QAM,"codeword `|h|²` non-central with the same rate-1/2 5G-LDPC, 16/256-QAM, `N_CW=3960`, adaptive MC)."
paper1/PROTOCOL.md,483,bare_filename,main.tex,"same 200-realisation replay system and seed as item 5, `main.tex` untouched; the ONLY change is the"
paper1/PROTOCOL.md,485,relpath_other,SNR/cue,as AWGN-like and *is willing to request F* on SNR/cue grounds; delivery success/failure is then
paper1/PROTOCOL.md,485,relpath_other,success/failure,as AWGN-like and *is willing to request F* on SNR/cue grounds; delivery success/failure is then
paper1/PROTOCOL.md,489,relpath_other,0/3,is delivered → ρ_F and the hard-frame gain partially recover; **(b) K=0/3** — below onset the requested
paper1/PROTOCOL.md,497,bare_filename,FROZEN_MANIFEST.json,"the deployed CA-TOSG models, `FROZEN_MANIFEST.json`, δ, τ\*, or the mainline replay; `main.tex` is"
paper1/PROTOCOL.md,497,bare_filename,main.tex,"the deployed CA-TOSG models, `FROZEN_MANIFEST.json`, δ, τ\*, or the mainline replay; `main.tex` is"
paper1/PROTOCOL.md,499,relpath_local,code/p2_dataprep/train_p4a_bandit.py,`code/p2_dataprep/train_p4a_bandit.py` **parses** (no values hard-coded elsewhere; IRON RULE — any
paper1/PROTOCOL.md,509,relpath_local,data/p2/p2_grid_,cached per-frame `eff` (`data/p2/p2_grid_*.csv`; **zero new perception inference**); same three
paper1/PROTOCOL.md,512,relpath_other,RF/τ,"samplings** replay (`CSI_SEED`, identical draws to the RF/τ replay); same metric definitions."
paper1/PROTOCOL.md,513,relpath_other,Selection/tuning,"Selection/tuning happens **only on validate**, by the same **scene-level 9-fold LOSO** (each scene"
paper1/PROTOCOL.md,519,relpath_local,results/p4a/P4A_MANIFEST.json,`results/p4a/P4A_MANIFEST.json` (3 sha256 / hyperparams / seed / per-budget frozen payload check);
paper1/PROTOCOL.md,520,relpath_local,results/p4a/,"results + PROVENANCE under `results/p4a/`, all labelled **""external baseline, not deployed""**."
paper1/PROTOCOL.md,545,bare_filename,main.tex,Nothing here changes the deployed CA-TOSG models / δ / τ\* / oracle / mainline replay; `main.tex`
paper1/PROTOCOL.md,547,relpath_local,opencood/hypes_yaml/second_intermediate_fusion.yaml,- **(1) Checkpoint + inference config.** Backbone config `opencood/hypes_yaml/second_intermediate_fusion.yaml`
paper1/PROTOCOL.md,552,bare_filename,fusion.yaml,"fusion.yaml`), **intermediate / compressed-F** (`second_intermediate_fusion.yaml`, the F branch), and"
paper1/PROTOCOL.md,552,bare_filename,second_intermediate_fusion.yaml,"fusion.yaml`), **intermediate / compressed-F** (`second_intermediate_fusion.yaml`, the F branch), and"
paper1/PROTOCOL.md,555,relpath_other,Hz/frame,sparse-voxel SECOND ≈ a few Hz/frame): **~1.5–3 h total** (to be refined by a 20-frame micro-timing at
paper1/PROTOCOL.md,556,relpath_other,ego/late/comp_,"execution). Output: `ego/late/comp_{split}.npz` under a **new** dir (e.g. `gs_rerun_second/`), never"
paper1/PROTOCOL.md,556,relpath_other,gs_rerun_second/,"execution). Output: `ego/late/comp_{split}.npz` under a **new** dir (e.g. `gs_rerun_second/`), never"
paper1/PROTOCOL.md,560,relpath_other,80/0,"AttBEVBackbone: **C × H × W** with C = 256, H = round(80/0.1)/8 = 100, W = round(281.6/0.1)/8 = 352 →"
paper1/PROTOCOL.md,563,relpath_other,rate-1/2,(rate-1/2 LDPC + QAM): `B_F^SECOND [Msym] = elements × bits_per_element / 0.5 / bits_per_QAM_symbol`.
paper1/PROTOCOL.md,567,relpath_other,b/elem,"(i) INT8 = 8 b/elem, (ii) FP16 = 16 b/elem. Under 16-QAM (4 b/sym), INT8 → ≈ 9.01e6·8/0.5/4 = **36.0"
paper1/PROTOCOL.md,567,relpath_other,b/elem,"(i) INT8 = 8 b/elem, (ii) FP16 = 16 b/elem. Under 16-QAM (4 b/sym), INT8 → ≈ 9.01e6·8/0.5/4 = **36.0"
paper1/PROTOCOL.md,567,relpath_other,b/sym,"(i) INT8 = 8 b/elem, (ii) FP16 = 16 b/elem. Under 16-QAM (4 b/sym), INT8 → ≈ 9.01e6·8/0.5/4 = **36.0"
paper1/PROTOCOL.md,567,relpath_other,8/0,"(i) INT8 = 8 b/elem, (ii) FP16 = 16 b/elem. Under 16-QAM (4 b/sym), INT8 → ≈ 9.01e6·8/0.5/4 = **36.0"
paper1/PROTOCOL.md,571,relpath_other,ego/late/compressed,- **(3) Cache protocol = mainline (settled).** clean per-frame eff cache (ego/late/compressed F1 vs the
paper1/PROTOCOL.md,575,relpath_other,source/sha,"this plan (the ckpt source/sha, the transmitted-feature layer, and the `bits_per_element` decision)."
paper1/PROTOCOL.md,577,relpath_other,R6/R7,**Diagnostic note (Change-log R6/R7).** The gap between a candidate's OOF payload and its full-retrain
paper1/PROTOCOL.md,584,relpath_local,results/p2_dataprep/FROZEN_MANIFEST.json,"`results/p2_dataprep/FROZEN_MANIFEST.json` (schema `catosg-frozen-manifest/1`, freeze"
paper1/PROTOCOL.md,584,relpath_other,catosg-frozen-manifest/1,"`results/p2_dataprep/FROZEN_MANIFEST.json` (schema `catosg-frozen-manifest/1`, freeze"
paper1/PROTOCOL.md,588,relpath_other,5/,"**Frozen selectors (one per budget, §5/§6; sha256 in the manifest).** Selection = frozen walk over the"
paper1/PROTOCOL.md,593,relpath_local,data/p2/selector_B010.pkl,| 0.10 | `data/p2/selector_B010.pkl` | 58 | None | 0.05 | 6 | 0.067887 | 0.9070 | 18.0 |
paper1/PROTOCOL.md,594,relpath_local,data/p2/selector_B020.pkl,| 0.20 | `data/p2/selector_B020.pkl` | 1 | None | 0.02 | 2 | 0.099231 | 0.9087 | 12.0 |
paper1/PROTOCOL.md,595,relpath_local,data/p2/selector_B030.pkl,| 0.30 | `data/p2/selector_B030.pkl` | 56 | None | 0.00 | 0 | 0.156962 | 0.9094 | 8.0 |
paper1/PROTOCOL.md,598,relpath_other,R10/R11,"budget — the root cause of the E-collapse, Change-log R10/R11)."
paper1/PROTOCOL.md,600,relpath_local,code/payload_audit.py,**Resident gates (all must pass on the committed tree).** `code/payload_audit.py` (17/17 links);
paper1/PROTOCOL.md,600,relpath_other,17/17,**Resident gates (all must pass on the committed tree).** `code/payload_audit.py` (17/17 links);
paper1/PROTOCOL.md,601,relpath_local,code/verify_paragraph_insert.py,`code/verify_paragraph_insert.py 1 2 3` (3/3); `code/extract_claims.py --check` (CLAIMS ≡ main.tex);
paper1/PROTOCOL.md,601,relpath_other,3/3,`code/verify_paragraph_insert.py 1 2 3` (3/3); `code/extract_claims.py --check` (CLAIMS ≡ main.tex);
paper1/PROTOCOL.md,601,relpath_local,code/extract_claims.py,`code/verify_paragraph_insert.py 1 2 3` (3/3); `code/extract_claims.py --check` (CLAIMS ≡ main.tex);
paper1/PROTOCOL.md,601,bare_filename,main.tex,`code/verify_paragraph_insert.py 1 2 3` (3/3); `code/extract_claims.py --check` (CLAIMS ≡ main.tex);
paper1/PROTOCOL.md,602,relpath_local,results/STALE_FINGERPRINTS.md,block-exit grep over `results/STALE_FINGERPRINTS.md` (0 hits); `code/p2_dataprep/check_leakage.py`
paper1/PROTOCOL.md,602,relpath_local,code/p2_dataprep/check_leakage.py,block-exit grep over `results/STALE_FINGERPRINTS.md` (0 hits); `code/p2_dataprep/check_leakage.py`
paper1/PROTOCOL.md,603,relpath_other,test/Culver,(LOSO fold-structure + 15 frozen-state manifest checks + freeze-aware test/Culver + scene anchor).
paper1/PROTOCOL.md,605,relpath_local,results/p2_deploy/,**P2 deployment deliverables (all in `results/p2_deploy/` unless noted).**
paper1/PROTOCOL.md,606,bare_filename,eval_p2_deploy.py,"- **R9 decision (P2-B, confirmatory, decided once).** `eval_p2_deploy.py` → `replay_{split}_B0XX.csv`"
paper1/PROTOCOL.md,606,bare_filename,_B0XX.csv,"- **R9 decision (P2-B, confirmatory, decided once).** `eval_p2_deploy.py` → `replay_{split}_B0XX.csv`"
paper1/PROTOCOL.md,607,relpath_other,ΔF/ΔB,"(200 paired replay-level ΔF/ΔB, CI reproducible), `replay_summary.csv`, `r9_decision.csv`. Locked"
paper1/PROTOCOL.md,607,bare_filename,replay_summary.csv,"(200 paired replay-level ΔF/ΔB, CI reproducible), `replay_summary.csv`, `r9_decision.csv`. Locked"
paper1/PROTOCOL.md,607,bare_filename,r9_decision.csv,"(200 paired replay-level ΔF/ΔB, CI reproducible), `replay_summary.csv`, `r9_decision.csv`. Locked"
paper1/PROTOCOL.md,608,bare_filename,r9_result_claims.md,result wording: `r9_result_claims.md` (PRIMARY test@B020: non-inferior in F1 within δ=0.005 AND
paper1/PROTOCOL.md,610,bare_filename,main.tex,sentence wording when it lands in main.tex at P5.
paper1/PROTOCOL.md,611,bare_filename,eval_p2_ap.py,"- **6d true end-to-end AP (descriptive, Change-log R11).** `eval_p2_ap.py` → `true_e2e_ap.csv`"
paper1/PROTOCOL.md,611,bare_filename,true_e2e_ap.csv,"- **6d true end-to-end AP (descriptive, Change-log R11).** `eval_p2_ap.py` → `true_e2e_ap.csv`"
paper1/PROTOCOL.md,612,bare_filename,PROVENANCE_ap.txt,"(split × budget × policy, global-sort AP@.3/.5/.7) + `PROVENANCE_ap.txt`. Descriptive only; the R9"
paper1/PROTOCOL.md,614,bare_filename,r10c_diagnostic.py,- **R10 E-collapse account (post-unblinding diagnostic).** `r10c_diagnostic.py` → `r10c_*.csv`;
paper1/PROTOCOL.md,615,bare_filename,make_r10_report.py,`make_r10_report.py` → `R10_REPORT.md` + `PROVENANCE_r10c.txt`. Two-number rule (do not conflate):
paper1/PROTOCOL.md,615,bare_filename,R10_REPORT.md,`make_r10_report.py` → `R10_REPORT.md` + `PROVENANCE_r10c.txt`. Two-number rule (do not conflate):
paper1/PROTOCOL.md,615,bare_filename,PROVENANCE_r10c.txt,`make_r10_report.py` → `R10_REPORT.md` + `PROVENANCE_r10c.txt`. Two-number rule (do not conflate):
paper1/PROTOCOL.md,619,relpath_local,code/rf_latency_benchmark.py,- **P2-C latency (frozen selectors).** `code/rf_latency_benchmark.py` → `results/p2_latency/`
paper1/PROTOCOL.md,619,relpath_local,results/p2_latency/,- **P2-C latency (frozen selectors).** `code/rf_latency_benchmark.py` → `results/p2_latency/`
paper1/PROTOCOL.md,620,bare_filename,latency_frozen.csv,"`latency_frozen.csv` (batch-1, WARMUP=100, 1000 trials: ≈59.7–59.9 ms mean, P95 ≈66–69 ms on this"
paper1/PROTOCOL.md,621,bare_filename,e2e_timing.csv,host) + `e2e_timing.csv` (per-stage measured/calculated/assumed/not-included tags).
paper1/PROTOCOL.md,621,relpath_other,measured/calculated/assumed/not-included,host) + `e2e_timing.csv` (per-stage measured/calculated/assumed/not-included tags).
paper1/PROTOCOL.md,626,bare_filename,main.tex,"**Open P5 items (require a main.tex edit; main.tex is frozen through P2, so deferred).**"
paper1/PROTOCOL.md,626,bare_filename,main.tex,"**Open P5 items (require a main.tex edit; main.tex is frozen through P2, so deferred).**"
paper1/PROTOCOL.md,627,bare_filename,main.tex,- main.tex still carries the **legacy-pipeline** numbers (`tab:headline_agg` from
paper1/PROTOCOL.md,628,relpath_local,results/policy/threshold_vs_rf.csv,`results/policy/threshold_vs_rf.csv` via `recompute_policy_200seed.py`; true-e2e-AP figures from
paper1/PROTOCOL.md,628,bare_filename,recompute_policy_200seed.py,`results/policy/threshold_vs_rf.csv` via `recompute_policy_200seed.py`; true-e2e-AP figures from
paper1/PROTOCOL.md,629,relpath_local,results/true_e2e_global_,`results/true_e2e_global_*.csv` via `true_e2e_global.py`). The P2 artifacts above **supersede** these
paper1/PROTOCOL.md,629,bare_filename,true_e2e_global.py,`results/true_e2e_global_*.csv` via `true_e2e_global.py`). The P2 artifacts above **supersede** these
paper1/PROTOCOL.md,632,bare_filename,main.tex,"- Latency sentence (main.tex §5.x, `52.8 ± 5.7` ms / P95 `59.1` ms, 2,000 trials) was measured on the"
paper1/PROTOCOL.md,633,bare_filename,latency_frozen.csv,**retired v2** selector; the P2-frozen remeasure is ≈59.9 ms / P95 ≈67 ms (`latency_frozen.csv`).
paper1/PROTOCOL.md,635,bare_filename,main.tex,- The R9 / R10 / E-limitation sentences are **not yet in main.tex**; their CLAIMS rows will be created
paper1/PROTOCOL.md,636,bare_filename,extract_claims.py,"by `extract_claims.py` only once the prose lands (P5), at which point the *Allowed wording* columns"
paper1/PROTOCOL.md,637,bare_filename,r9_result_claims.md,point to `r9_result_claims.md` / `R10_REPORT.md`.
paper1/PROTOCOL.md,637,bare_filename,R10_REPORT.md,point to `r9_result_claims.md` / `R10_REPORT.md`.
paper1/PROTOCOL.md,643,relpath_local,results/p3_sensitivity/,"`results/p3_sensitivity/` (baseline reproduces `replay_summary.csv` exactly, `p3_baseline_sanity.csv`);"
paper1/PROTOCOL.md,643,bare_filename,replay_summary.csv,"`results/p3_sensitivity/` (baseline reproduces `replay_summary.csv` exactly, `p3_baseline_sanity.csv`);"
paper1/PROTOCOL.md,643,bare_filename,p3_baseline_sanity.csv,"`results/p3_sensitivity/` (baseline reproduces `replay_summary.csv` exactly, `p3_baseline_sanity.csv`);"
paper1/PROTOCOL.md,648,bare_filename,item1_channel_ratio.csv,"| 1 | channel ratio (`item1_channel_ratio.csv`) | more Rayleigh → feature-selection rate + payload ↓ toward B_L, F1 → Fixed-L | ρ_F 0.110→0.073→0.037 and payload 0.131→0.095→0.060 "
paper1/PROTOCOL.md,648,relpath_other,75/25,"| 1 | channel ratio (`item1_channel_ratio.csv`) | more Rayleigh → feature-selection rate + payload ↓ toward B_L, F1 → Fixed-L | ρ_F 0.110→0.073→0.037 and payload 0.131→0.095→0.060 "
paper1/PROTOCOL.md,648,relpath_other,50/50,"| 1 | channel ratio (`item1_channel_ratio.csv`) | more Rayleigh → feature-selection rate + payload ↓ toward B_L, F1 → Fixed-L | ρ_F 0.110→0.073→0.037 and payload 0.131→0.095→0.060 "
paper1/PROTOCOL.md,648,relpath_other,25/75,"| 1 | channel ratio (`item1_channel_ratio.csv`) | more Rayleigh → feature-selection rate + payload ↓ toward B_L, F1 → Fixed-L | ρ_F 0.110→0.073→0.037 and payload 0.131→0.095→0.060 "
paper1/PROTOCOL.md,649,bare_filename,item2_nonuniform_snr.csv,"| 2 | non-uniform SNR (`item2_nonuniform_snr.csv`) | low-skew shifts toward L (payload↓, F1→Fixed-L); trunc-Gaussian intermediate | Beta(2,5): ρ_F 0.021, payload 0.044, F1 0.9021 ("
paper1/PROTOCOL.md,650,bare_filename,item3_misclass_flip.csv,| 3 | channel-type flip (`item3_misclass_flip.csv`) | graceful F1 degradation with p; fallback keeps L safe | F1 0.9046→0.9040→0.9035→0.9023 for p=0/.05/.10/.20; payload ~flat (0.0
paper1/PROTOCOL.md,650,relpath_other,0/,| 3 | channel-type flip (`item3_misclass_flip.csv`) | graceful F1 degradation with p; fallback keeps L safe | F1 0.9046→0.9040→0.9035→0.9023 for p=0/.05/.10/.20; payload ~flat (0.0
paper1/PROTOCOL.md,651,bare_filename,item3_variants.csv,"| 3-var | labelled variants (`item3_variants.csv`, validate-only, NOT deployed) | cues + a channel signal needed; a monotone re-encoding ≈ binary | snr_only collapses to L (ρ_F=0, "
paper1/PROTOCOL.md,651,relpath_other,delay/Doppler,"| 3-var | labelled variants (`item3_variants.csv`, validate-only, NOT deployed) | cues + a channel signal needed; a monotone re-encoding ≈ binary | snr_only collapses to L (ρ_F=0, "
paper1/PROTOCOL.md,652,bare_filename,item4_bler_L.csv,| 4 | BLER_L grid (`item4_bler_L.csv`) | small monotone F1 drop where L selected; payload unchanged | F1 0.9046→0.9039→0.9009→0.8971 for BLER_L=0/.01/.05/.10; payload 0.0947 flat |
paper1/PROTOCOL.md,652,relpath_other,0/,| 4 | BLER_L grid (`item4_bler_L.csv`) | small monotone F1 drop where L selected; payload unchanged | F1 0.9046→0.9039→0.9009→0.8971 for BLER_L=0/.01/.05/.10; payload 0.0947 flat |
paper1/PROTOCOL.md,653,bare_filename,item5_rician.csv,"| 5 | Rician K (`item5_rician.csv`, table `bler_sionna_rician.csv`) | larger K → feature branch feasible at lower SNR → feature-selection rate ↑ | **PHYSICAL LAYER, as expected:** "
paper1/PROTOCOL.md,653,bare_filename,bler_sionna_rician.csv,"| 5 | Rician K (`item5_rician.csv`, table `bler_sionna_rician.csv`) | larger K → feature branch feasible at lower SNR → feature-selection rate ↑ | **PHYSICAL LAYER, as expected:** "
paper1/PROTOCOL.md,660,bare_filename,item5_rician.csv,`item5_rician.csv` (rayleigh=1) and `item5c_rician_rayleigh0.csv` / `item5c_rician_by_snr.csv`
paper1/PROTOCOL.md,660,bare_filename,item5c_rician_rayleigh0.csv,`item5_rician.csv` (rayleigh=1) and `item5c_rician_rayleigh0.csv` / `item5c_rician_by_snr.csv`
paper1/PROTOCOL.md,660,bare_filename,item5c_rician_by_snr.csv,`item5_rician.csv` (rayleigh=1) and `item5c_rician_rayleigh0.csv` / `item5c_rician_by_snr.csv`
paper1/PROTOCOL.md,668,relpath_other,0/3,| opportunistic | rayleigh=0 | 10 | 0.8878 | 0.166 | 0.147 | slightly higher than K=0/3: above the ~16 dB onset F is delivered |
paper1/PROTOCOL.md,670,bare_filename,item5c_rician_by_snr.csv,"Per-SNR onset (rayleigh=0, K=10, `item5c_rician_by_snr.csv`): as SNR crosses the onset the true"
paper1/PROTOCOL.md,672,relpath_other,0/3,"while below 16 dB the requested F fails (F1 flat ≈0.871, payload ≈0.285 wasted). For K=0/3 the frame-BLER"
paper1/PROTOCOL.md,676,relpath_other,0/3,high SNR. (b) **met** — K=0/3 below onset: failed F → ego fallback → wasted payload (0.166 vs 0.024) and
paper1/PROTOCOL.md,684,bare_filename,train_p4a_bandit.py,"**""external baseline, not deployed.""** A contextual-bandit RL selector (`train_p4a_bandit.py`,"
paper1/PROTOCOL.md,685,bare_filename,eval_p4a_deploy.py,"`eval_p4a_deploy.py`) trained to the matched protocol, compared to the deployed RF and the τ rule."
paper1/PROTOCOL.md,686,bare_filename,main.tex,Frozen CA-TOSG models / δ / τ\* / oracle / mainline replay unchanged; `main.tex` untouched. Manifest
paper1/PROTOCOL.md,687,relpath_local,results/p4a/P4A_MANIFEST.json,`results/p4a/P4A_MANIFEST.json` (3 bandit sha256 / hyperparams / seed / per-budget frozen payload).
paper1/PROTOCOL.md,688,bare_filename,replay_summary.csv,Sanity: the eval's `F1_RF` / `B_RF` reproduce `replay_summary.csv` exactly (0 mismatches).
paper1/PROTOCOL.md,690,bare_filename,p4a_loso_oof.csv,"**Selection outcome (validate LOSO, `p4a_loso_oof.csv` / `p4a_walk.csv`).** Ordered by frame-weighted"
paper1/PROTOCOL.md,690,bare_filename,p4a_walk.csv,"**Selection outcome (validate LOSO, `p4a_loso_oof.csv` / `p4a_walk.csv`).** Ordered by frame-weighted"
paper1/PROTOCOL.md,698,relpath_other,F1/payload,frozen F1/payload are identical.)
paper1/PROTOCOL.md,700,bare_filename,p4a_summary.csv,"**Comparison (descriptive, paired bootstrap CI only — NO new decision; `p4a_summary.csv`).** Anchors"
paper1/PROTOCOL.md,703,relpath_other,splits/budgets,(RL much lower payload). Range over splits/budgets: ΔF from −0.004 (validate B010) to −0.026 (Culver B030).
paper1/PROTOCOL.md,707,relpath_other,F1/payload,the same F1/payload neighbourhood. **Observed:** RL is in a similar F1 *band* on validate (0.907 vs 0.911)
paper1/PROTOCOL.md,708,relpath_other,test/Culver,"but drifts further below on test/Culver, and sits at the **Fixed-L payload corner** rather than matching"
paper1/README.md,4,relpath_local,results/,Every reported number traces to one file in `results/` (table below).
paper1/README.md,8,relpath_local,paper/,"paper/                  LaTeX source, figures, refs.bib  (the manuscript)"
paper1/README.md,8,bare_filename,refs.bib,"paper/                  LaTeX source, figures, refs.bib  (the manuscript)"
paper1/README.md,9,relpath_local,code/,"code/                   main experiment scripts (dataset build, RF, e2e AP, jscc_perframe, test-split pipeline)"
paper1/README.md,10,relpath_local,analysis_tools/,"analysis_tools/         shared analysis code: LDPC-QAM BLER table builder, inference_subset, physical sanity"
paper1/README.md,11,relpath_local,data/,"data/                   per-frame datasets + trained selector          (git-excluded, kept local)"
paper1/README.md,12,relpath_local,results/,results/                final result CSVs — one per reported number
paper1/README.md,13,relpath_other,experiment_logs/,"experiment_logs/        raw eval logs & training runs (incl. OFDM×LDPC) (git-excluded, 6.5 GB, kept local)"
paper1/README.md,14,relpath_other,pretrained_models/,pretrained_models/      symlink to checkpoints on H:                    (git-excluded)
paper1/README.md,15,relpath_local,opencood_modifications/,opencood_modifications/ README of the #self+ edits made to opencood/
paper1/README.md,15,relpath_local,opencood/,opencood_modifications/ README of the #self+ edits made to opencood/
paper1/README.md,16,relpath_local,env_setup/,env_setup/              pip requirements
paper1/README.md,17,relpath_local,scomcp_reproduction/,scomcp_reproduction/    reproduction of the SComCP baseline method      (git-excluded data/models)
paper1/README.md,17,relpath_local,data/models,scomcp_reproduction/    reproduction of the SComCP baseline method      (git-excluded data/models)
paper1/README.md,24,relpath_local,results/policy/pareto_points.csv,"| Payload–accuracy Pareto (Fig. 4.3) | `results/policy/pareto_points.csv` (200-realisation, current selector — see `results/policy/PROVENANCE.txt`) |"
paper1/README.md,24,relpath_local,results/policy/PROVENANCE.txt,"| Payload–accuracy Pareto (Fig. 4.3) | `results/policy/pareto_points.csv` (200-realisation, current selector — see `results/policy/PROVENANCE.txt`) |"
paper1/README.md,25,relpath_local,results/true_e2e_global_,"| True e2e AP knee — validate / test / Culver (global-sort) | `results/true_e2e_global_{validate,test,culver}.csv` |"
paper1/README.md,26,relpath_other,ap_vs_snr/,"| AP-vs-SNR figure (fig:ap_snr, global-sort) | source `ap_vs_snr/*.csv` **removed in P1.5** (stale JSCC/LDPC summaries); P2 regenerates against `bler_sionna` |"
paper1/README.md,26,relpath_other,JSCC/LDPC,"| AP-vs-SNR figure (fig:ap_snr, global-sort) | source `ap_vs_snr/*.csv` **removed in P1.5** (stale JSCC/LDPC summaries); P2 regenerates against `bler_sionna` |"
paper1/README.md,27,relpath_local,results/jscc/two_regime_edge_clean.csv,"| Two-regime edge (fig:two_regime, Table III) | `results/jscc/two_regime_edge_clean.csv` (deployed), `results/jscc/two_regime_kfold_diag.csv` (in-dist) |"
paper1/README.md,27,relpath_local,results/jscc/two_regime_kfold_diag.csv,"| Two-regime edge (fig:two_regime, Table III) | `results/jscc/two_regime_edge_clean.csv` (deployed), `results/jscc/two_regime_kfold_diag.csv` (in-dist) |"
paper1/README.md,28,relpath_local,results/jscc_selector_,"| JSCC selector edge — AWGN / Rayleigh / OFDM | `results/jscc_selector_{awgn,rayleigh,ofdm}.csv` |"
paper1/README.md,29,relpath_local,results/where2comm_ap.csv,"| Where2comm baseline (global-sort 0.887/0.871/0.790, epoch-50) | `results/where2comm_ap.csv` |"
paper1/README.md,30,relpath_local,results/feature_importance.csv,| Feature importance | `results/feature_importance.csv` — SNR+channel share **pending P2 re-freeze** (do not cite the old 65% figure) |
paper1/README.md,32,relpath_local,results/robustness_csi_noise.csv,"| Robustness: CSI noise / aging / request delay | `results/robustness_csi_noise.csv`, `results/robustness_csi_aging.csv`, `results/robustness_request_delay.csv` (Rician **removed i"
paper1/README.md,32,relpath_local,results/robustness_csi_aging.csv,"| Robustness: CSI noise / aging / request delay | `results/robustness_csi_noise.csv`, `results/robustness_csi_aging.csv`, `results/robustness_request_delay.csv` (Rician **removed i"
paper1/README.md,32,relpath_local,results/robustness_request_delay.csv,"| Robustness: CSI noise / aging / request delay | `results/robustness_csi_noise.csv`, `results/robustness_csi_aging.csv`, `results/robustness_request_delay.csv` (Rician **removed i"
paper1/README.md,33,relpath_local,results/a2_difficulty.csv,"| Difficulty strata (hard-frame gain) | `results/a2_difficulty.csv`, `results/a2_difficulty_reliable.csv` |"
paper1/README.md,33,relpath_local,results/a2_difficulty_reliable.csv,"| Difficulty strata (hard-frame gain) | `results/a2_difficulty.csv`, `results/a2_difficulty_reliable.csv` |"
paper1/README.md,34,relpath_local,results/ablation/a7_ablation.csv,"| Ablation / SNR-threshold arm | `results/ablation/a7_ablation.csv`, `results/ablation/a7_cue_value.csv`, `results/snr_threshold.csv` |"
paper1/README.md,34,relpath_local,results/ablation/a7_cue_value.csv,"| Ablation / SNR-threshold arm | `results/ablation/a7_ablation.csv`, `results/ablation/a7_cue_value.csv`, `results/snr_threshold.csv` |"
paper1/README.md,34,relpath_local,results/snr_threshold.csv,"| Ablation / SNR-threshold arm | `results/ablation/a7_ablation.csv`, `results/ablation/a7_cue_value.csv`, `results/snr_threshold.csv` |"
paper1/README.md,35,relpath_local,results/multiseed_hardening.csv,| Multi-seed confidence intervals | `results/multiseed_hardening.csv` |
paper1/README.md,36,relpath_local,results/ablation/a8_models.csv,| Model comparison | `results/ablation/a8_models.csv` |
paper1/README.md,37,relpath_local,results/policy/generalisation_,"| Generalisation headline — validate / test / Culver | `results/policy/generalisation_{validate,test,culver}.csv` (200-realisation, current selector; validate is in-sample — see pr"
paper1/README.md,38,relpath_local,results/policy/PROVENANCE.txt,| Policy recompute provenance (RF hash / seeds / protocol / in-sample sanity) | `results/policy/PROVENANCE.txt` → `code/recompute_policy_200seed.py` (v3-P1; the old root `policy_re
paper1/README.md,38,relpath_local,code/recompute_policy_200seed.py,| Policy recompute provenance (RF hash / seeds / protocol / in-sample sanity) | `results/policy/PROVENANCE.txt` → `code/recompute_policy_200seed.py` (v3-P1; the old root `policy_re
paper1/README.md,38,bare_filename,policy_recompute_PROVENANCE.txt,| Policy recompute provenance (RF hash / seeds / protocol / in-sample sanity) | `results/policy/PROVENANCE.txt` → `code/recompute_policy_200seed.py` (v3-P1; the old root `policy_re
paper1/README.md,39,relpath_local,results/l_channel_reliability.csv,"| L-channel reliability / scene subsets | `results/l_channel_reliability.csv`, `results/scene_subsets.csv` |"
paper1/README.md,39,relpath_local,results/scene_subsets.csv,"| L-channel reliability / scene subsets | `results/l_channel_reliability.csv`, `results/scene_subsets.csv` |"
paper1/README.md,44,relpath_local,results/jscc_selector_,"`results/jscc_selector_{awgn,rayleigh,ofdm}.csv`. **BLER table (P1 Step 1, 2026-07-11):**"
paper1/README.md,45,relpath_local,results/bler_sionna/bler_sionna.csv,the current physically-correct table is `results/bler_sionna/bler_sionna.csv` — Sionna 5G-LDPC
paper1/README.md,46,relpath_other,rate-1/2,"(k=500,n=1000) rate-1/2 + 16/256-QAM, adaptive MC (≥100 block errors or 1e5 codewords), Es/N0"
paper1/README.md,46,relpath_other,16/256-QAM,"(k=500,n=1000) rate-1/2 + 16/256-QAM, adaptive MC (≥100 block errors or 1e5 codewords), Es/N0"
paper1/README.md,46,relpath_other,Es/N0,"(k=500,n=1000) rate-1/2 + 16/256-QAM, adaptive MC (≥100 block errors or 1e5 codewords), Es/N0"
paper1/README.md,47,relpath_local,code/plot_bler_frame.py,"axis, with **codeword-level and frame-level** columns (frame = 1−(1−p_cw)^3960; generator `code/plot_bler_frame.py`)."
paper1/README.md,48,relpath_local,results/ldpc_qam_bler_table.csv,The old `results/ldpc_qam_bler_table.csv` is **DEPRECATED** (40-block MC → 0.025=1/40 quantisation
paper1/README.md,48,relpath_other,1/40,The old `results/ldpc_qam_bler_table.csv` is **DEPRECATED** (40-block MC → 0.025=1/40 quantisation
paper1/README.md,52,relpath_local,results/ap_vs_snr/,"`results/ap_vs_snr/*_summary.csv`, **removed in P1.5** (stale JSCC/LDPC summaries); P2 regenerates"
paper1/README.md,52,bare_filename,_summary.csv,"`results/ap_vs_snr/*_summary.csv`, **removed in P1.5** (stale JSCC/LDPC summaries); P2 regenerates"
paper1/README.md,52,relpath_other,JSCC/LDPC,"`results/ap_vs_snr/*_summary.csv`, **removed in P1.5** (stale JSCC/LDPC summaries); P2 regenerates"
paper1/README.md,53,relpath_other,channel_codec_ap/,them against `bler_sionna`. (The older psm `channel_codec_ap/` set was removed as
paper1/README.md,54,relpath_other,stale/inconsistent,"stale/inconsistent; OFDM enters the paper only through the F1 edge in `jscc_selector_ofdm.csv`,"
paper1/README.md,54,bare_filename,jscc_selector_ofdm.csv,"stale/inconsistent; OFDM enters the paper only through the F1 edge in `jscc_selector_ofdm.csv`,"
paper1/README.md,58,relpath_local,data/,"`data/`, `experiment_logs/`, `pretrained_models/`, scomcp models/data, and all `*.pkl/*.pth/*.npy/*.png`."
paper1/README.md,58,relpath_other,experiment_logs/,"`data/`, `experiment_logs/`, `pretrained_models/`, scomcp models/data, and all `*.pkl/*.pth/*.npy/*.png`."
paper1/README.md,58,relpath_other,pretrained_models/,"`data/`, `experiment_logs/`, `pretrained_models/`, scomcp models/data, and all `*.pkl/*.pth/*.npy/*.png`."
paper1/README.md,58,relpath_other,models/data,"`data/`, `experiment_logs/`, `pretrained_models/`, scomcp models/data, and all `*.pkl/*.pth/*.npy/*.png`."
paper1/REPRODUCE.md,3,relpath_local,paper/main.tex,Every table and figure in `paper/main.tex` traces to a committed CSV in `results/` and a generator
paper1/REPRODUCE.md,3,relpath_local,results/,Every table and figure in `paper/main.tex` traces to a committed CSV in `results/` and a generator
paper1/REPRODUCE.md,4,relpath_local,code/,"script in `code/`. This file maps each one to its command, lists the data-prep chain, and states the"
paper1/REPRODUCE.md,5,relpath_local,code/payload_audit.py,randomness. All numbers in the paper are read from these CSVs (never hand-typed); `code/payload_audit.py`
paper1/REPRODUCE.md,9,relpath_local,OpenCOOD/peiyi_work/paper1/,> `OpenCOOD/peiyi_work/paper1/` (they compute `REPO` = the OpenCOOD root and read the source datasets
paper1/REPRODUCE.md,10,relpath_other,Figures/scripts/CSVs,> and caches there). Figures/scripts/CSVs are then copied into this **archive** repo (`ca-tosg/paper1/`)
paper1/REPRODUCE.md,10,relpath_other,ca-tosg/paper1/,> and caches there). Figures/scripts/CSVs are then copied into this **archive** repo (`ca-tosg/paper1/`)
paper1/REPRODUCE.md,12,bare_filename,_v3.csv,"> the runtime still uses `_v3` names for its inputs (`dataset_{split}_v3.csv`, `gs_rerun/jscc_v3/…`),"
paper1/REPRODUCE.md,12,relpath_other,gs_rerun/jscc_v3/,"> the runtime still uses `_v3` names for its inputs (`dataset_{split}_v3.csv`, `gs_rerun/jscc_v3/…`),"
paper1/REPRODUCE.md,17,relpath_other,home/josh/miniconda3/envs/sionna310/bin/python,- Python: `/home/josh/miniconda3/envs/sionna310/bin/python` (conda env `sionna310`).
paper1/REPRODUCE.md,18,relpath_other,home/josh/cooperative_semantic_perception/OpenCOOD,- `PYTHONPATH=/home/josh/cooperative_semantic_perception/OpenCOOD` for every generator (imports
paper1/REPRODUCE.md,19,relpath_local,peiyi_work/paper1/code/extra_experiments/,`opencood.*` + `peiyi_work/paper1/code/extra_experiments/*`).
paper1/REPRODUCE.md,22,relpath_other,table/figure,- GPU needed only for inference stages (§1.b/§1.c); all table/figure post-processing is CPU-only.
paper1/REPRODUCE.md,23,relpath_other,pdflatex/latexmk,- LaTeX toolchain (pdflatex/latexmk) is **not** in this env — compile `paper/main.tex` on Overleaf.
paper1/REPRODUCE.md,23,relpath_local,paper/main.tex,- LaTeX toolchain (pdflatex/latexmk) is **not** in this env — compile `paper/main.tex` on Overleaf.
paper1/REPRODUCE.md,25,relpath_other,CSVs/npz,## 1. Data preparation (raw OPV2V → cached per-frame CSVs/npz)
paper1/REPRODUCE.md,29,relpath_local,data/dataset_,"a. **Per-frame dataset** `data/dataset_{validate,test,culver}_v3.csv` — 21 ego-side cues + per-method"
paper1/REPRODUCE.md,29,bare_filename,_v3.csv,"a. **Per-frame dataset** `data/dataset_{validate,test,culver}_v3.csv` — 21 ego-side cues + per-method"
paper1/REPRODUCE.md,30,relpath_other,late/comp/ego,"clean F1 (late/comp/ego) + Sionna frame BLER columns. Built by `code/make_dataset.py`, then the"
paper1/REPRODUCE.md,30,relpath_local,code/make_dataset.py,"clean F1 (late/comp/ego) + Sionna frame BLER columns. Built by `code/make_dataset.py`, then the"
paper1/REPRODUCE.md,31,relpath_local,code/recompute_canonical_f1.py,"canonical F1 columns are (re)written by `code/recompute_canonical_f1.py` (adds `ego_f1`, the v3"
paper1/REPRODUCE.md,33,relpath_other,gs_rerun/,"b. **Global-sort AP caches** `gs_rerun/{late,comp,ego}_{split}.npz` — cached per-frame boxes+scores+GT"
paper1/REPRODUCE.md,35,relpath_local,code/regen_preds_with_scores.py,`code/regen_preds_with_scores.py` (one call per model_dir/fusion; see `gs_rerun/reproduce.sh`).
paper1/REPRODUCE.md,35,relpath_other,model_dir/fusion,`code/regen_preds_with_scores.py` (one call per model_dir/fusion; see `gs_rerun/reproduce.sh`).
paper1/REPRODUCE.md,35,relpath_other,gs_rerun/reproduce,`code/regen_preds_with_scores.py` (one call per model_dir/fusion; see `gs_rerun/reproduce.sh`).
paper1/REPRODUCE.md,36,relpath_other,gs_rerun/jscc_v3/jscc_,c. **JSCC per-frame decodes** `gs_rerun/jscc_v3/jscc_{ch}_{split}_snr{NN}.npz` — importance-map JSCC
paper1/REPRODUCE.md,38,relpath_local,code/extra_experiments/jscc_perframe/jscc_sweep.py,"`code/extra_experiments/jscc_perframe/jscc_sweep.py --mode sweep` (~GPU-hours), then scored to"
paper1/REPRODUCE.md,39,bare_filename,score_jscc.py,per-frame F1 by `score_jscc.py --mode score`.
paper1/REPRODUCE.md,40,relpath_local,data/selector_rf.pkl,"d. **Deployed selector** `data/selector_rf.pkl` — the 400-tree RandomForest, trained once on the full"
paper1/REPRODUCE.md,41,bare_filename,dataset_validate_v3.csv,`dataset_validate_v3.csv` oracle labels by `code/train_rf.py`. Never retrained for test/culver.
paper1/REPRODUCE.md,41,relpath_local,code/train_rf.py,`dataset_validate_v3.csv` oracle labels by `code/train_rf.py`. Never retrained for test/culver.
paper1/REPRODUCE.md,41,relpath_other,test/culver,`dataset_validate_v3.csv` oracle labels by `code/train_rf.py`. Never retrained for test/culver.
paper1/REPRODUCE.md,42,bare_filename,PROTOCOL.md,*(Superseded by PROTOCOL.md §6; retraining in P2 — hyper-parameters + λ\* now selected by
paper1/REPRODUCE.md,44,bare_filename,FROZEN_MANIFEST.json,frozen via `FROZEN_MANIFEST.json`. `train_rf.py`'s single full-validate fit is the legacy path.)*
paper1/REPRODUCE.md,44,bare_filename,train_rf.py,frozen via `FROZEN_MANIFEST.json`. `train_rf.py`'s single full-validate fit is the legacy path.)*
paper1/REPRODUCE.md,48,bare_filename,main.tex,"| Table (main.tex) | command (run in OpenCOOD runtime, `PYTHONPATH=.`) | source CSV (archive path) |"
paper1/REPRODUCE.md,51,relpath_local,code/true_e2e_global.py,"| tab:headline (true-e2e headline) | `python code/true_e2e_global.py --split {validate,test,culver} …` | `results/true_e2e_global_{split}.csv` |"
paper1/REPRODUCE.md,51,relpath_local,results/true_e2e_global_,"| tab:headline (true-e2e headline) | `python code/true_e2e_global.py --split {validate,test,culver} …` | `results/true_e2e_global_{split}.csv` |"
paper1/REPRODUCE.md,52,relpath_local,results/true_e2e_global_,"| tab:true_e2e / tab:gen_true_e2e / tab:gen_true_e2e_culver | same as above (per split) | `results/true_e2e_global_{validate,test,culver}.csv` |"
paper1/REPRODUCE.md,53,relpath_local,code/recompute_policy_200seed.py,"| tab:headline_agg (RF vs SNR-threshold, 200-real.) | `python code/recompute_policy_200seed.py` | `results/policy/threshold_vs_rf.csv` (+ `policy/pareto_points.csv`, `policy/genera"
paper1/REPRODUCE.md,53,relpath_local,results/policy/threshold_vs_rf.csv,"| tab:headline_agg (RF vs SNR-threshold, 200-real.) | `python code/recompute_policy_200seed.py` | `results/policy/threshold_vs_rf.csv` (+ `policy/pareto_points.csv`, `policy/genera"
paper1/REPRODUCE.md,53,relpath_other,policy/pareto_points.csv,"| tab:headline_agg (RF vs SNR-threshold, 200-real.) | `python code/recompute_policy_200seed.py` | `results/policy/threshold_vs_rf.csv` (+ `policy/pareto_points.csv`, `policy/genera"
paper1/REPRODUCE.md,53,relpath_other,policy/generalisation_,"| tab:headline_agg (RF vs SNR-threshold, 200-real.) | `python code/recompute_policy_200seed.py` | `results/policy/threshold_vs_rf.csv` (+ `policy/pareto_points.csv`, `policy/genera"
paper1/REPRODUCE.md,54,relpath_local,code/extra_experiments/jscc_perframe/build_two_regime_edge_clean.py,| tab:two_regime (In-dist / Deployed edge) | `python code/extra_experiments/jscc_perframe/build_two_regime_edge_clean.py` and `kfold_two_regime_diag.py` | `results/jscc/two_regime_
paper1/REPRODUCE.md,54,bare_filename,kfold_two_regime_diag.py,| tab:two_regime (In-dist / Deployed edge) | `python code/extra_experiments/jscc_perframe/build_two_regime_edge_clean.py` and `kfold_two_regime_diag.py` | `results/jscc/two_regime_
paper1/REPRODUCE.md,54,relpath_local,results/jscc/two_regime_edge_clean.csv,| tab:two_regime (In-dist / Deployed edge) | `python code/extra_experiments/jscc_perframe/build_two_regime_edge_clean.py` and `kfold_two_regime_diag.py` | `results/jscc/two_regime_
paper1/REPRODUCE.md,54,relpath_local,results/jscc/two_regime_kfold_diag.csv,| tab:two_regime (In-dist / Deployed edge) | `python code/extra_experiments/jscc_perframe/build_two_regime_edge_clean.py` and `kfold_two_regime_diag.py` | `results/jscc/two_regime_
paper1/REPRODUCE.md,55,relpath_local,code/extra_experiments/a7_ablation.py,"| tab:ablation (cue subsets + threshold) | `python code/extra_experiments/a7_ablation.py` | `results/ablation/a7_ablation.csv`, `ablation/a7_cue_value.csv` |"
paper1/REPRODUCE.md,55,relpath_local,results/ablation/a7_ablation.csv,"| tab:ablation (cue subsets + threshold) | `python code/extra_experiments/a7_ablation.py` | `results/ablation/a7_ablation.csv`, `ablation/a7_cue_value.csv` |"
paper1/REPRODUCE.md,55,relpath_other,ablation/a7_cue_value.csv,"| tab:ablation (cue subsets + threshold) | `python code/extra_experiments/a7_ablation.py` | `results/ablation/a7_ablation.csv`, `ablation/a7_cue_value.csv` |"
paper1/REPRODUCE.md,56,relpath_local,results/where2comm_ap_PROVENANCE.txt,| §Where2comm numbers | OpenCOOD global-sort eval of the epoch-50 Where2comm checkpoint (eval yaml in the CSV `source` column) — see `results/where2comm_ap_PROVENANCE.txt`. NOT `wh
paper1/REPRODUCE.md,56,bare_filename,where2comm_compare.py,| §Where2comm numbers | OpenCOOD global-sort eval of the epoch-50 Where2comm checkpoint (eval yaml in the CSV `source` column) — see `results/where2comm_ap_PROVENANCE.txt`. NOT `wh
paper1/REPRODUCE.md,56,relpath_local,results/where2comm_ap.csv,| §Where2comm numbers | OpenCOOD global-sort eval of the epoch-50 Where2comm checkpoint (eval yaml in the CSV `source` column) — see `results/where2comm_ap_PROVENANCE.txt`. NOT `wh
paper1/REPRODUCE.md,60,relpath_local,paper/figures/,Run each generator in the OpenCOOD runtime (`PYTHONPATH=.`); the PDF lands in `paper/figures/` and is
paper1/REPRODUCE.md,61,bare_filename,_preview.png,copied into this repo. (`fig_*_preview.png` are gitignored previews.)
paper1/REPRODUCE.md,65,bare_filename,ca_tosg_method_overview.pdf,| fig:overview | `ca_tosg_method_overview.pdf` | **manual** (draw.io; see `paper/DRAW_OVERVIEW_FIGURE.md`) | schematic |
paper1/REPRODUCE.md,65,relpath_local,paper/DRAW_OVERVIEW_FIGURE.md,| fig:overview | `ca_tosg_method_overview.pdf` | **manual** (draw.io; see `paper/DRAW_OVERVIEW_FIGURE.md`) | schematic |
paper1/REPRODUCE.md,66,bare_filename,fig_channel_bler_frame.pdf,| fig:bler | `fig_channel_bler_frame.pdf` | `code/plot_bler_frame.py` | `results/bler_sionna/bler_sionna.csv` |
paper1/REPRODUCE.md,66,relpath_local,code/plot_bler_frame.py,| fig:bler | `fig_channel_bler_frame.pdf` | `code/plot_bler_frame.py` | `results/bler_sionna/bler_sionna.csv` |
paper1/REPRODUCE.md,66,relpath_local,results/bler_sionna/bler_sionna.csv,| fig:bler | `fig_channel_bler_frame.pdf` | `code/plot_bler_frame.py` | `results/bler_sionna/bler_sionna.csv` |
paper1/REPRODUCE.md,67,bare_filename,fig_qualitative_bev.pdf,| fig:qualitative | `fig_qualitative_bev.pdf` | manual (BEV render) | — |
paper1/REPRODUCE.md,68,relpath_local,code/plot_ap_snr.py,"| fig:ap_snr | `fig_ap50_{awgn,rayleigh}.pdf` | `code/plot_ap_snr.py` | `results/true_e2e_global_validate.csv` + `results/jscc/{jscc_ap_f1,channel_codec_ap_validate}.csv` |"
paper1/REPRODUCE.md,68,relpath_local,results/true_e2e_global_validate.csv,"| fig:ap_snr | `fig_ap50_{awgn,rayleigh}.pdf` | `code/plot_ap_snr.py` | `results/true_e2e_global_validate.csv` + `results/jscc/{jscc_ap_f1,channel_codec_ap_validate}.csv` |"
paper1/REPRODUCE.md,68,relpath_local,results/jscc/,"| fig:ap_snr | `fig_ap50_{awgn,rayleigh}.pdf` | `code/plot_ap_snr.py` | `results/true_e2e_global_validate.csv` + `results/jscc/{jscc_ap_f1,channel_codec_ap_validate}.csv` |"
paper1/REPRODUCE.md,69,bare_filename,fig_payload_awgn.pdf,| fig:payload_snr | `fig_payload_awgn.pdf` | `code/plot_pareto_payload.py` | `results/true_e2e_global_validate.csv` |
paper1/REPRODUCE.md,69,relpath_local,code/plot_pareto_payload.py,| fig:payload_snr | `fig_payload_awgn.pdf` | `code/plot_pareto_payload.py` | `results/true_e2e_global_validate.csv` |
paper1/REPRODUCE.md,69,relpath_local,results/true_e2e_global_validate.csv,| fig:payload_snr | `fig_payload_awgn.pdf` | `code/plot_pareto_payload.py` | `results/true_e2e_global_validate.csv` |
paper1/REPRODUCE.md,70,bare_filename,fig_stacked_area.pdf,"| fig:decision_ratio | `fig_decisions_{awgn,rayleigh}.pdf` + `fig_stacked_area.pdf` | `code/snr_decision_plot.py`, `code/plot_stacked_area.py` | `results/true_e2e_global_validate.c"
paper1/REPRODUCE.md,70,relpath_local,code/snr_decision_plot.py,"| fig:decision_ratio | `fig_decisions_{awgn,rayleigh}.pdf` + `fig_stacked_area.pdf` | `code/snr_decision_plot.py`, `code/plot_stacked_area.py` | `results/true_e2e_global_validate.c"
paper1/REPRODUCE.md,70,relpath_local,code/plot_stacked_area.py,"| fig:decision_ratio | `fig_decisions_{awgn,rayleigh}.pdf` + `fig_stacked_area.pdf` | `code/snr_decision_plot.py`, `code/plot_stacked_area.py` | `results/true_e2e_global_validate.c"
paper1/REPRODUCE.md,70,relpath_local,results/true_e2e_global_validate.csv,"| fig:decision_ratio | `fig_decisions_{awgn,rayleigh}.pdf` + `fig_stacked_area.pdf` | `code/snr_decision_plot.py`, `code/plot_stacked_area.py` | `results/true_e2e_global_validate.c"
paper1/REPRODUCE.md,70,relpath_local,results/step4_oracle_action_dist.csv,"| fig:decision_ratio | `fig_decisions_{awgn,rayleigh}.pdf` + `fig_stacked_area.pdf` | `code/snr_decision_plot.py`, `code/plot_stacked_area.py` | `results/true_e2e_global_validate.c"
paper1/REPRODUCE.md,71,bare_filename,fig_feature_importance.pdf,| fig:feat_imp | `fig_feature_importance.pdf` | `code/plot_feature_importance.py` | `results/feature_importance.csv` (RF `feature_importances_` of the deployed selector) |
paper1/REPRODUCE.md,71,relpath_local,code/plot_feature_importance.py,| fig:feat_imp | `fig_feature_importance.pdf` | `code/plot_feature_importance.py` | `results/feature_importance.csv` (RF `feature_importances_` of the deployed selector) |
paper1/REPRODUCE.md,71,relpath_local,results/feature_importance.csv,| fig:feat_imp | `fig_feature_importance.pdf` | `code/plot_feature_importance.py` | `results/feature_importance.csv` (RF `feature_importances_` of the deployed selector) |
paper1/REPRODUCE.md,72,bare_filename,fig_pareto_test.pdf,"| fig:pareto | `fig_pareto_test.pdf` | `code/plot_pareto_payload.py` | `results/policy/pareto_points.csv`, `results/true_e2e_global_validate.csv` |"
paper1/REPRODUCE.md,72,relpath_local,code/plot_pareto_payload.py,"| fig:pareto | `fig_pareto_test.pdf` | `code/plot_pareto_payload.py` | `results/policy/pareto_points.csv`, `results/true_e2e_global_validate.csv` |"
paper1/REPRODUCE.md,72,relpath_local,results/policy/pareto_points.csv,"| fig:pareto | `fig_pareto_test.pdf` | `code/plot_pareto_payload.py` | `results/policy/pareto_points.csv`, `results/true_e2e_global_validate.csv` |"
paper1/REPRODUCE.md,72,relpath_local,results/true_e2e_global_validate.csv,"| fig:pareto | `fig_pareto_test.pdf` | `code/plot_pareto_payload.py` | `results/policy/pareto_points.csv`, `results/true_e2e_global_validate.csv` |"
paper1/REPRODUCE.md,73,bare_filename,fig_difficulty.pdf,"| fig:difficulty | `fig_difficulty.pdf` | `code/extra_experiments/a2_difficulty.py` | `results/a2_difficulty.csv`, `results/a2_difficulty_reliable.csv` |"
paper1/REPRODUCE.md,73,relpath_local,code/extra_experiments/a2_difficulty.py,"| fig:difficulty | `fig_difficulty.pdf` | `code/extra_experiments/a2_difficulty.py` | `results/a2_difficulty.csv`, `results/a2_difficulty_reliable.csv` |"
paper1/REPRODUCE.md,73,relpath_local,results/a2_difficulty.csv,"| fig:difficulty | `fig_difficulty.pdf` | `code/extra_experiments/a2_difficulty.py` | `results/a2_difficulty.csv`, `results/a2_difficulty_reliable.csv` |"
paper1/REPRODUCE.md,73,relpath_local,results/a2_difficulty_reliable.csv,"| fig:difficulty | `fig_difficulty.pdf` | `code/extra_experiments/a2_difficulty.py` | `results/a2_difficulty.csv`, `results/a2_difficulty_reliable.csv` |"
paper1/REPRODUCE.md,74,bare_filename,fig_two_regime.pdf,"| fig:two_regime | `fig_two_regime.pdf` | `code/extra_experiments/jscc_perframe/make_two_regime_figure.py` | `results/jscc/two_regime_kfold_diag.csv` (panel b), JSCC per-frame F1 ("
paper1/REPRODUCE.md,74,relpath_local,code/extra_experiments/jscc_perframe/make_two_regime_figure.py,"| fig:two_regime | `fig_two_regime.pdf` | `code/extra_experiments/jscc_perframe/make_two_regime_figure.py` | `results/jscc/two_regime_kfold_diag.csv` (panel b), JSCC per-frame F1 ("
paper1/REPRODUCE.md,74,relpath_local,results/jscc/two_regime_kfold_diag.csv,"| fig:two_regime | `fig_two_regime.pdf` | `code/extra_experiments/jscc_perframe/make_two_regime_figure.py` | `results/jscc/two_regime_kfold_diag.csv` (panel b), JSCC per-frame F1 ("
paper1/REPRODUCE.md,76,relpath_local,code/extra_experiments/v3_eval.py,## 4. Randomness / determinism (from `code/extra_experiments/v3_eval.py`)
paper1/REPRODUCE.md,82,bare_filename,PROTOCOL.md,random_state=0`. *(Superseded by PROTOCOL.md §6; retraining in P2 — `class_weight='balanced'` is
paper1/REPRODUCE.md,84,bare_filename,kfold_two_regime_diag.py,"- **k-fold in-distribution diagnostic** (`kfold_two_regime_diag.py`): `StratifiedKFold(5, shuffle=True,"
paper1/REPRODUCE.md,93,relpath_local,code/payload_audit.py,python code/payload_audit.py                       # 15/15 links MATCH (payload chain -> tables)
paper1/REPRODUCE.md,93,relpath_other,15/15,python code/payload_audit.py                       # 15/15 links MATCH (payload chain -> tables)
paper1/REPRODUCE.md,94,relpath_local,code/verify_paragraph_insert.py,python code/verify_paragraph_insert.py 1 2 3       # GATE PASS (hand-written paragraphs verbatim)
paper1/REPRODUCE.md,95,relpath_local,results/STALE_FINGERPRINTS.md,grep -nE -f <(grep '^RX ' results/STALE_FINGERPRINTS.md | cut -c4-) paper/main.tex   # expect 0 (block-exit)
paper1/REPRODUCE.md,95,relpath_local,paper/main.tex,grep -nE -f <(grep '^RX ' results/STALE_FINGERPRINTS.md | cut -c4-) paper/main.tex   # expect 0 (block-exit)
paper1/REPRODUCE.md,96,relpath_local,code/extract_claims.py,python code/extract_claims.py --check              # CLAIMS.md up to date vs main.tex
paper1/REPRODUCE.md,96,bare_filename,CLAIMS.md,python code/extract_claims.py --check              # CLAIMS.md up to date vs main.tex
paper1/REPRODUCE.md,96,bare_filename,main.tex,python code/extract_claims.py --check              # CLAIMS.md up to date vs main.tex
paper1/REPRODUCE.md,97,relpath_local,code/p2_dataprep/check_leakage.py,"python code/p2_dataprep/check_leakage.py           # LEAKAGE GATE PASS (resident, P2 data prep)"
paper1/REPRODUCE.md,100,relpath_local,data/p2/,The leakage gate needs the P2 validate grid + scene manifest + the freeze manifest (data/p2/ is
paper1/REPRODUCE.md,101,relpath_local,code/p2_dataprep/expand_grid_clean.py,"git-excluded); build them with `python code/p2_dataprep/expand_grid_clean.py`,"
paper1/REPRODUCE.md,102,relpath_local,code/p2_dataprep/export_scene_manifest.py,"`python code/p2_dataprep/export_scene_manifest.py`, then"
paper1/REPRODUCE.md,103,relpath_local,code/p2_dataprep/train_p2_loso.py,`python code/p2_dataprep/train_p2_loso.py` (LOSO 9-fold + freeze; writes FROZEN_MANIFEST.json +
paper1/REPRODUCE.md,103,bare_filename,FROZEN_MANIFEST.json,`python code/p2_dataprep/train_p2_loso.py` (LOSO 9-fold + freeze; writes FROZEN_MANIFEST.json +
paper1/REPRODUCE.md,104,bare_filename,validate_loso_folds.csv,validate_loso_folds.csv).
paper1/analysis_tools/MAP_REPRODUCTION_CHANGELOG.md,3,relpath_local,analysis_tools/,_Status (R9 md cleanup): **KEPT** — changelog + logic record for the ImportanceMap-JSCC reproduction code in `analysis_tools/`; historical provenance._
paper1/analysis_tools/MAP_REPRODUCTION_CHANGELOG.md,8,relpath_other,added/changed,"This documents every file added/changed, the implementation logic, and how each"
paper1/analysis_tools/MAP_REPRODUCTION_CHANGELOG.md,21,relpath_other,AWGN/Rayleigh,| JSCC AWGN/Rayleigh @ any SNR | 0.68 | 0.61 (flat) |
paper1/analysis_tools/MAP_REPRODUCTION_CHANGELOG.md,36,relpath_local,opencood/models/fuse_modules/importance_map_jscc_fuse.py,### `opencood/models/fuse_modules/importance_map_jscc_fuse.py` (rewritten)
paper1/analysis_tools/MAP_REPRODUCTION_CHANGELOG.md,41,relpath_other,real/imag,the 2·c_complex real channels are split into real/imag to form a **complex
paper1/analysis_tools/MAP_REPRODUCTION_CHANGELOG.md,48,relpath_other,1/snr_linear,"- `ComplexAWGNChannel`: `y=T+n`, `n~CN(0,N0)`, `N0=1/snr_linear`."
paper1/analysis_tools/MAP_REPRODUCTION_CHANGELOG.md,50,relpath_other,y/,`T̂=conj(h)·y/(|h|²+ε)` (ε→0 is the paper's ŷ=y/h; ε is a small Tikhonov term
paper1/analysis_tools/MAP_REPRODUCTION_CHANGELOG.md,50,relpath_other,y/h,`T̂=conj(h)·y/(|h|²+ε)` (ε→0 is the paper's ŷ=y/h; ε is a small Tikhonov term
paper1/analysis_tools/MAP_REPRODUCTION_CHANGELOG.md,53,relpath_other,-j2πkτ_m/K,"`h_{i,k}=Σ_m a_m(i)e^{-j2πkτ_m/K}` (eq. 3), pilot channel estimation + ZF"
paper1/analysis_tools/MAP_REPRODUCTION_CHANGELOG.md,62,relpath_other,c_complex/64,"payload CR = ρ·c_complex/64**, reported honestly."
paper1/analysis_tools/MAP_REPRODUCTION_CHANGELOG.md,67,relpath_other,train_snr_low/high,- **Per-step SNR randomization** (`train_snr_low/high`) so one per-channel model
paper1/analysis_tools/MAP_REPRODUCTION_CHANGELOG.md,73,relpath_local,opencood/models/fuse_modules/where2comm_fuse.py,### `opencood/models/fuse_modules/where2comm_fuse.py` (edited)
paper1/analysis_tools/MAP_REPRODUCTION_CHANGELOG.md,76,relpath_other,rate-1/2,remote (non-ego) tokens are erased with the calibrated `BLER(snr)` of rate-1/2
paper1/analysis_tools/MAP_REPRODUCTION_CHANGELOG.md,77,relpath_other,16/256QAM,LDPC + 16/256QAM. This is the paper's *separate source-channel coding baseline*
paper1/analysis_tools/MAP_REPRODUCTION_CHANGELOG.md,85,bare_filename,point_pillar_importance_map_jscc_awgn.yaml,- `point_pillar_importance_map_jscc_awgn.yaml` (edited): jscc block now
paper1/analysis_tools/MAP_REPRODUCTION_CHANGELOG.md,87,relpath_other,train_snr_low/high,"`comm_threshold: 0.01`, `channel_type: awgn`, `train_snr_low/high: 0/12`."
paper1/analysis_tools/MAP_REPRODUCTION_CHANGELOG.md,87,relpath_other,0/12,"`comm_threshold: 0.01`, `channel_type: awgn`, `train_snr_low/high: 0/12`."
paper1/analysis_tools/MAP_REPRODUCTION_CHANGELOG.md,88,bare_filename,point_pillar_importance_map_jscc_rayleigh.yaml,"- `point_pillar_importance_map_jscc_rayleigh.yaml`, `..._ofdm.yaml` (new):"
paper1/analysis_tools/MAP_REPRODUCTION_CHANGELOG.md,88,bare_filename,..._ofdm.yaml,"- `point_pillar_importance_map_jscc_rayleigh.yaml`, `..._ofdm.yaml` (new):"
paper1/analysis_tools/MAP_REPRODUCTION_CHANGELOG.md,89,relpath_other,rayleigh/ofdm,siblings with `channel_type` rayleigh/ofdm and train SNR 0..20.
paper1/analysis_tools/MAP_REPRODUCTION_CHANGELOG.md,91,relpath_local,analysis_tools/,"### Training (edited, `analysis_tools/`)"
paper1/analysis_tools/MAP_REPRODUCTION_CHANGELOG.md,92,bare_filename,stage1_pretrain_jscc_reconstruction_sttopk.py,- `stage1_pretrain_jscc_reconstruction_sttopk.py`: warm-start default →
paper1/analysis_tools/MAP_REPRODUCTION_CHANGELOG.md,93,bare_filename,net_epoch50.pth,"where2comm `net_epoch50.pth` (the old warm-start ckpt was broken, AP 0.14);"
paper1/analysis_tools/MAP_REPRODUCTION_CHANGELOG.md,94,relpath_other,Ψs/Ψd,trains only `semantic_codec` (Ψs/Ψd) on `L_rec`; default 3000 steps.
paper1/analysis_tools/MAP_REPRODUCTION_CHANGELOG.md,95,bare_filename,stage2_whole_network_map_jscc.py,- `stage2_whole_network_map_jscc.py`: whole-network joint training
paper1/analysis_tools/MAP_REPRODUCTION_CHANGELOG.md,100,relpath_local,analysis_tools/,"### Evaluation / sweeps / baseline (new, `analysis_tools/`)"
paper1/analysis_tools/MAP_REPRODUCTION_CHANGELOG.md,101,bare_filename,build_ldpc_qam_bler_table.py,- `build_ldpc_qam_bler_table.py`: sweeps the in-repo physical LDPC+QAM simulator
paper1/analysis_tools/MAP_REPRODUCTION_CHANGELOG.md,102,bare_filename,ldpc_qam_physical_sanity_n1000_ebn0.py,"(`ldpc_qam_physical_sanity_n1000_ebn0.py`, rate-1/2 LDPC N=1000, min-sum) to"
paper1/analysis_tools/MAP_REPRODUCTION_CHANGELOG.md,102,relpath_other,rate-1/2,"(`ldpc_qam_physical_sanity_n1000_ebn0.py`, rate-1/2 LDPC N=1000, min-sum) to"
paper1/analysis_tools/MAP_REPRODUCTION_CHANGELOG.md,103,bare_filename,ldpc_qam_bler_table.csv,"produce `ldpc_qam_bler_table.csv`. Calibrated waterfalls: **16QAM ~10 dB,"
paper1/analysis_tools/MAP_REPRODUCTION_CHANGELOG.md,105,bare_filename,run_jscc_eval.py,"- `run_jscc_eval.py`: general driver — sets JSCC `channel_type`+`snr_db`, copies"
paper1/analysis_tools/MAP_REPRODUCTION_CHANGELOG.md,106,bare_filename,inference_subset.py,"the trained ckpt, runs `inference_subset.py` on a fixed 1000-frame subset,"
paper1/analysis_tools/MAP_REPRODUCTION_CHANGELOG.md,108,relpath_other,AWGN/Rayleigh/OFDM,the AWGN/Rayleigh/OFDM JSCC sweeps.
paper1/analysis_tools/MAP_REPRODUCTION_CHANGELOG.md,109,bare_filename,run_separate_coding_sweep.py,- `run_separate_coding_sweep.py`: separate-coding baseline driver — injects the
paper1/analysis_tools/MAP_REPRODUCTION_CHANGELOG.md,114,relpath_local,analysis_tools/,"### Figures (new, `analysis_tools/`)"
paper1/analysis_tools/MAP_REPRODUCTION_CHANGELOG.md,115,bare_filename,make_fig1_framework.py,- `make_fig1_framework.py`: matplotlib schematic of the pipeline (paper Fig. 1).
paper1/analysis_tools/MAP_REPRODUCTION_CHANGELOG.md,116,bare_filename,plot_paper_figures.py,- `plot_paper_figures.py`: per-channel 1×2 panel (AP@0.5 | AP@0.7) overlaying
paper1/analysis_tools/MAP_REPRODUCTION_CHANGELOG.md,117,relpath_other,2/3/4,JSCC / LDPC+16QAM / LDPC+256QAM / upper-bound line (paper Fig. 2/3/4).
paper1/analysis_tools/MAP_REPRODUCTION_CHANGELOG.md,128,relpath_other,5/6,| SNR dB | 0 | 5/6 | 10/12 | 15 | 20 |
paper1/analysis_tools/MAP_REPRODUCTION_CHANGELOG.md,128,relpath_other,10/12,| SNR dB | 0 | 5/6 | 10/12 | 15 | 20 |
paper1/analysis_tools/MAP_REPRODUCTION_CHANGELOG.md,148,relpath_other,backbone/checkpoint,paper's ~0.80) because the perception backbone/checkpoint differs; the *relative
paper1/analysis_tools/MAP_REPRODUCTION_CHANGELOG.md,151,relpath_other,experiment_logs/importance_map_jscc/paper_range_figures/,Figures: `experiment_logs/importance_map_jscc/paper_range_figures/`
paper1/analysis_tools/MAP_REPRODUCTION_CHANGELOG.md,152,bare_filename,fig1_framework.png,"fig1_framework.png, fig_awgn_jscc_vs_separate.png,"
paper1/analysis_tools/MAP_REPRODUCTION_CHANGELOG.md,152,bare_filename,fig_awgn_jscc_vs_separate.png,"fig1_framework.png, fig_awgn_jscc_vs_separate.png,"
paper1/analysis_tools/MAP_REPRODUCTION_CHANGELOG.md,153,bare_filename,fig_rayleigh_jscc_vs_separate.png,"fig_rayleigh_jscc_vs_separate.png, fig_ofdm_jscc_vs_separate.png"
paper1/analysis_tools/MAP_REPRODUCTION_CHANGELOG.md,153,bare_filename,fig_ofdm_jscc_vs_separate.png,"fig_rayleigh_jscc_vs_separate.png, fig_ofdm_jscc_vs_separate.png"
paper1/analysis_tools/MAP_REPRODUCTION_CHANGELOG.md,154,relpath_other,jscc_eval/,CSVs: `.../jscc_eval/*_summary.csv`. (Old May artifacts archived under
paper1/analysis_tools/MAP_REPRODUCTION_CHANGELOG.md,154,bare_filename,_summary.csv,CSVs: `.../jscc_eval/*_summary.csv`. (Old May artifacts archived under
paper1/analysis_tools/MAP_REPRODUCTION_CHANGELOG.md,155,relpath_other,paper_range_figures/_archive_may2026_oldrun/,paper_range_figures/_archive_may2026_oldrun/.)
paper1/analysis_tools/MAP_REPRODUCTION_CHANGELOG.md,157,relpath_other,jscc_eval/,"### Final paper-faithful run (equal channel uses) — AP@0.5, source jscc_eval/*_summary.csv"
paper1/analysis_tools/MAP_REPRODUCTION_CHANGELOG.md,157,bare_filename,_summary.csv,"### Final paper-faithful run (equal channel uses) — AP@0.5, source jscc_eval/*_summary.csv"
paper1/analysis_tools/MAP_REPRODUCTION_CHANGELOG.md,162,relpath_other,1/4,"obey the paper's equal-bandwidth rule (16QAM keeps 1/4, 256QAM keeps 1/2 of the"
paper1/analysis_tools/MAP_REPRODUCTION_CHANGELOG.md,162,relpath_other,1/2,"obey the paper's equal-bandwidth rule (16QAM keeps 1/4, 256QAM keeps 1/2 of the"
paper1/analysis_tools/build_bler_sionna.py,2,relpath_other,1/40,"# min-sum table: its 0.025 floor = 1/40 sampling limit, and its codeword-level BLER was"
paper1/analysis_tools/build_bler_sionna.py,5,relpath_other,Rate-1/2,"Rate-1/2 5G-LDPC (k=500, n=1000) + 16/256-QAM over AWGN and Rayleigh block-fading,"
paper1/analysis_tools/build_bler_sionna.py,5,relpath_other,16/256-QAM,"Rate-1/2 5G-LDPC (k=500, n=1000) + 16/256-QAM over AWGN and Rayleigh block-fading,"
paper1/analysis_tools/build_bler_sionna.py,8,relpath_other,Es/N0,"X-AXIS = Es/N0 (dB), received symbol SNR -- the quantity a receiver / the selector's"
paper1/analysis_tools/build_bler_sionna.py,10,relpath_other,Eb/N0,"Eb/N0 used by the OLD table:  Eb/N0 = Es/N0 - 10*log10(coderate * bits_per_symbol),"
paper1/analysis_tools/build_bler_sionna.py,10,relpath_other,Eb/N0,"Eb/N0 used by the OLD table:  Eb/N0 = Es/N0 - 10*log10(coderate * bits_per_symbol),"
paper1/analysis_tools/build_bler_sionna.py,10,relpath_other,Es/N0,"Eb/N0 used by the OLD table:  Eb/N0 = Es/N0 - 10*log10(coderate * bits_per_symbol),"
paper1/analysis_tools/build_bler_sionna.py,11,relpath_other,rate-1/2,i.e. for rate-1/2:  16-QAM  Eb/N0 = Es/N0 - 3.01 dB ;  256-QAM  Eb/N0 = Es/N0 - 6.02 dB.
paper1/analysis_tools/build_bler_sionna.py,11,relpath_other,Eb/N0,i.e. for rate-1/2:  16-QAM  Eb/N0 = Es/N0 - 3.01 dB ;  256-QAM  Eb/N0 = Es/N0 - 6.02 dB.
paper1/analysis_tools/build_bler_sionna.py,11,relpath_other,Es/N0,i.e. for rate-1/2:  16-QAM  Eb/N0 = Es/N0 - 3.01 dB ;  256-QAM  Eb/N0 = Es/N0 - 6.02 dB.
paper1/analysis_tools/build_bler_sionna.py,11,relpath_other,Eb/N0,i.e. for rate-1/2:  16-QAM  Eb/N0 = Es/N0 - 3.01 dB ;  256-QAM  Eb/N0 = Es/N0 - 6.02 dB.
paper1/analysis_tools/build_bler_sionna.py,11,relpath_other,Es/N0,i.e. for rate-1/2:  16-QAM  Eb/N0 = Es/N0 - 3.01 dB ;  256-QAM  Eb/N0 = Es/N0 - 6.02 dB.
paper1/analysis_tools/build_bler_sionna.py,20,relpath_other,1/N,>= MAX_CW codewords (whichever first) -> no 1/N quantisation floor. Deep-tail points that
paper1/analysis_tools/build_bler_sionna.py,21,relpath_other,1/MAX_CW,hit MAX_CW with 0 errors report bler_cw as an upper bound (< 1/MAX_CW).
paper1/analysis_tools/build_bler_sionna.py,27,relpath_other,1/,"|h|^2 ~ Exp(1), effective noise scaled by 1/|h|^2 (per-block effective Es/N0 = |h|^2 * mean)."
paper1/analysis_tools/build_bler_sionna.py,27,relpath_other,Es/N0,"|h|^2 ~ Exp(1), effective noise scaled by 1/|h|^2 (per-block effective Es/N0 = |h|^2 * mean)."
paper1/analysis_tools/build_bler_sionna.py,47,relpath_local,results/bler_sionna,"OUT = os.path.join(P1, ""results/bler_sionna"")"
paper1/analysis_tools/build_bler_sionna.py,56,relpath_other,Es/N0,"""""""Adaptive-MC codeword BLER at Es/N0 (dB) over AWGN / Rayleigh / Rician block-fading. bps=bits/symbol."
paper1/analysis_tools/build_bler_sionna.py,56,relpath_other,bits/symbol,"""""""Adaptive-MC codeword BLER at Es/N0 (dB) over AWGN / Rayleigh / Rician block-fading. bps=bits/symbol."
paper1/analysis_tools/build_bler_sionna.py,63,relpath_other,n/m,"b = src([BATCH, K]); c = enc(b); x = mp(c)                      # [B, n/m] symbols"
paper1/analysis_tools/build_bler_sionna.py,84,relpath_other,bits/symbol,"bps = int(round(math.log2(m)))            # 16-QAM -> 4 bits/symbol, 256-QAM -> 8"
paper1/analysis_tools/build_bler_sionna.py,96,relpath_other,Es/N0,"print(f""  {m:3d}QAM {channel:8s}{ktag:>6s} Es/N0={esno:5.1f} Eb/N0={ebno:5.1f} """
paper1/analysis_tools/build_bler_sionna.py,96,relpath_other,Eb/N0,"print(f""  {m:3d}QAM {channel:8s}{ktag:>6s} Es/N0={esno:5.1f} Eb/N0={ebno:5.1f} """
paper1/analysis_tools/build_bler_sionna.py,112,bare_filename,bler_sionna_rician.csv,# Rician mode (P3 item 5): comma-separated K factors. Writes a SEPARATE bler_sionna_rician.csv and
paper1/analysis_tools/build_bler_sionna.py,113,relpath_other,awgn/rayleigh,# does NOT touch the frozen awgn/rayleigh bler_sionna.csv. Wider coarse grid (fading cliffs sit high).
paper1/analysis_tools/build_bler_sionna.py,113,bare_filename,bler_sionna.csv,# does NOT touch the frozen awgn/rayleigh bler_sionna.csv. Wider coarse grid (fading cliffs sit high).
paper1/analysis_tools/build_bler_sionna.py,130,bare_filename,bler_sionna_rician.csv,"pd.DataFrame(allrows).to_csv(os.path.join(OUT, ""bler_sionna_rician.csv""), index=False)"
paper1/analysis_tools/build_bler_sionna.py,132,bare_filename,bler_sionna_rician.csv,"print(""\n[DONE rician] ->"", os.path.join(OUT, ""bler_sionna_rician.csv""))"
paper1/analysis_tools/build_bler_sionna.py,143,bare_filename,bler_sionna.csv,"pd.DataFrame(allrows).to_csv(os.path.join(OUT, ""bler_sionna.csv""), index=False)"
paper1/analysis_tools/build_bler_sionna.py,145,bare_filename,bler_sionna.csv,"print(""\n[DONE] ->"", os.path.join(OUT, ""bler_sionna.csv""))"
paper1/analysis_tools/build_bler_sionna.py,46,path_anchor,os.path.dirname,HERE = os.path.dirname(os.path.abspath(__file__)); P1 = os.path.dirname(HERE)
paper1/analysis_tools/build_bler_sionna_ofdm.py,7,bare_filename,build_bler_sionna.py,"SAME framework as build_bler_sionna.py (Es/N0 axis, per-codeword-independent realisation, perfect CSI,"
paper1/analysis_tools/build_bler_sionna_ofdm.py,7,relpath_other,Es/N0,"SAME framework as build_bler_sionna.py (Es/N0 axis, per-codeword-independent realisation, perfect CSI,"
paper1/analysis_tools/build_bler_sionna_ofdm.py,10,relpath_other,training/deployment,"discussion, NOT the selector training/deployment sweeps; the 200-real protocol channel set stays"
paper1/analysis_tools/build_bler_sionna_ofdm.py,17,relpath_other,Es/N0,"average subcarrier power E[|H[k]|^2]=1, matching the flat-Rayleigh Es/N0 normalisation). Same"
paper1/analysis_tools/build_bler_sionna_ofdm.py,25,relpath_other,N0/,subcarrier gains = frequency diversity. Perfect per-subcarrier CSI (per-symbol effective N0 = N0/|H|^2).
paper1/analysis_tools/build_bler_sionna_ofdm.py,26,relpath_local,results/bler_sionna/bler_sionna_ofdm.csv,Output: results/bler_sionna/bler_sionna_ofdm.csv (channel='ofdm'); merged into bler_sionna.csv after review.
paper1/analysis_tools/build_bler_sionna_ofdm.py,26,bare_filename,bler_sionna.csv,Output: results/bler_sionna/bler_sionna_ofdm.csv (channel='ofdm'); merged into bler_sionna.csv after review.
paper1/analysis_tools/build_bler_sionna_ofdm.py,50,relpath_local,results/bler_sionna,"OUT = os.path.join(P1, ""results/bler_sionna"")"
paper1/analysis_tools/build_bler_sionna_ofdm.py,101,relpath_other,Es/N0,"print(f""  {m:3d}QAM ofdm Es/N0={esno:5.1f} BLER_cw={p:.3e} ({nerr}/{ncw}) """
paper1/analysis_tools/build_bler_sionna_ofdm.py,118,relpath_other,OFDM/TDL,"print(f""OFDM/TDL: N_SC={N_SC} SCS={SCS/1e3:.1f}kHz tau_rms={TAU_RMS*1e9:.0f}ns L={L_TAPS} """
paper1/analysis_tools/build_bler_sionna_ofdm.py,118,relpath_other,SCS/1e3,"print(f""OFDM/TDL: N_SC={N_SC} SCS={SCS/1e3:.1f}kHz tau_rms={TAU_RMS*1e9:.0f}ns L={L_TAPS} """
paper1/analysis_tools/build_bler_sionna_ofdm.py,126,bare_filename,bler_sionna_ofdm.csv,"df.to_csv(os.path.join(OUT, ""bler_sionna_ofdm.csv""), index=False)"
paper1/analysis_tools/build_bler_sionna_ofdm.py,127,bare_filename,bler_sionna_ofdm.csv,"print(""\nwrote"", os.path.join(OUT, ""bler_sionna_ofdm.csv""), df.shape, flush=True)"
paper1/analysis_tools/build_bler_sionna_ofdm.py,49,path_anchor,os.path.dirname,HERE = os.path.dirname(os.path.abspath(__file__)); P1 = os.path.dirname(HERE)
paper1/analysis_tools/build_ldpc_qam_bler_table.py,3,relpath_local,analysis_tools/ldpc_qam_physical_sanity_n1000_ebn0.py,simulator (analysis_tools/ldpc_qam_physical_sanity_n1000_ebn0.py).
paper1/analysis_tools/build_ldpc_qam_bler_table.py,6,relpath_other,rate-1/2,"where2comm link-erasure hook: rate-1/2 LDPC (N=1000) + 16/256QAM over AWGN, with"
paper1/analysis_tools/build_ldpc_qam_bler_table.py,6,relpath_other,16/256QAM,"where2comm link-erasure hook: rate-1/2 LDPC (N=1000) + 16/256QAM over AWGN, with"
paper1/analysis_tools/build_ldpc_qam_bler_table.py,7,relpath_other,Eb/N0,SNR treated as information-bit-normalized (Eb/N0). The simulation naturally
paper1/analysis_tools/build_ldpc_qam_bler_table.py,11,relpath_other,experiment_logs/importance_map_jscc/ldpc_qam_bler_table.csv,Output: experiment_logs/importance_map_jscc/ldpc_qam_bler_table.csv
paper1/analysis_tools/build_ldpc_qam_bler_table.py,29,relpath_other,experiment_logs/importance_map_jscc/,"parser.add_argument(""--out"", default=""experiment_logs/importance_map_jscc/"""
paper1/analysis_tools/build_ldpc_qam_bler_table.py,30,bare_filename,ldpc_qam_bler_table.csv,"""ldpc_qam_bler_table.csv"")"
paper1/analysis_tools/build_ldpc_qam_bler_table.py,21,local_import,ldpc_qam_physical_sanity_n1000_ebn0,from ldpc_qam_physical_sanity_n1000_ebn0 import simulate_ldpc_qam
paper1/analysis_tools/inference_subset.py,170,bare_filename,05d.png,"vis_save_path = os.path.join(vis_save_path, '%05d.png' % i)"
paper1/analysis_tools/ldpc_qam_physical_sanity_n1000_ebn0.py,93,relpath_other,rate-1/2,Systematic rate-1/2 LDPC-like sparse parity-check code:
paper1/analysis_tools/ldpc_qam_physical_sanity_n1000_ebn0.py,97,relpath_other,1/2,"K = 500, N = 1000, rate = 1/2."
paper1/analysis_tools/ldpc_qam_physical_sanity_n1000_ebn0.py,194,relpath_other,1/2,"# code_rate = 1/2, bits_per_symbol = log2(M_qam)."
paper1/analysis_tools/ldpc_qam_physical_sanity_n1000_ebn0.py,253,relpath_other,experiment_logs/importance_map_jscc/ldpc_qam_sanity_n1000_ebn0,"out_dir = Path(""experiment_logs/importance_map_jscc/ldpc_qam_sanity_n1000_ebn0"")"
paper1/analysis_tools/ldpc_qam_physical_sanity_n1000_ebn0.py,264,relpath_other,1/2,"print(f""[RUN] LDPC rate=1/2, N=1000, {qam}QAM, SNR={snr} dB"")"
paper1/analysis_tools/ldpc_qam_physical_sanity_n1000_ebn0.py,285,bare_filename,ldpc_qam_sanity_n1000_ebn0_summary.csv,"csv_path = out_dir / ""ldpc_qam_sanity_n1000_ebn0_summary.csv"""
paper1/analysis_tools/ldpc_qam_physical_sanity_n1000_ebn0.py,289,bare_filename,ldpc_qam_sanity_n1000_ebn0_summary.csv,"csv_path = out_dir / ""ldpc_qam_sanity_n1000_ebn0_summary.csv"""
paper1/analysis_tools/make_fig1_framework.py,31,relpath_other,experiment_logs/importance_map_jscc/paper_range_figures,"out_dir = Path(""experiment_logs/importance_map_jscc/paper_range_figures"")"
paper1/analysis_tools/make_fig1_framework.py,47,relpath_other,nAWGN/Rayleigh/OFDM,"box(ax, (7.9, 4.2), 1.7, 1.0, ""Channel\nAWGN/Rayleigh/OFDM"", ch)"
paper1/analysis_tools/make_fig1_framework.py,75,bare_filename,fig1_framework.png,"print(""[DONE] Fig.1 framework ->"", out_dir / ""fig1_framework.png"")"
paper1/analysis_tools/plot_bler_compare.py,11,relpath_local,results/ldpc_qam_bler_table.csv,"old = pd.read_csv(os.path.join(P1, 'results/ldpc_qam_bler_table.csv'))     # AWGN codeword, N=40"
paper1/analysis_tools/plot_bler_compare.py,12,relpath_local,results/bler_sionna/bler_sionna.csv,"new = pd.read_csv(os.path.join(P1, 'results/bler_sionna/bler_sionna.csv'))"
paper1/analysis_tools/plot_bler_compare.py,28,relpath_other,1/40,"ax.axhline(1/40, color='r', ls=':', lw=1.0, alpha=0.7)"
paper1/analysis_tools/plot_bler_compare.py,29,relpath_other,1/40,"ax.annotate('old 1/40 sampling floor', xy=(13, 1/40), xytext=(9, 0.09),"
paper1/analysis_tools/plot_bler_compare.py,29,relpath_other,1/40,"ax.annotate('old 1/40 sampling floor', xy=(13, 1/40), xytext=(9, 0.09),"
paper1/analysis_tools/plot_bler_compare.py,32,relpath_other,Es/N0,ax.set_xlabel('Es/N0 (dB)  [old table: its snr_db axis]')
paper1/analysis_tools/plot_bler_compare.py,37,relpath_local,results/bler_sionna/bler_old_vs_new,"fig.savefig(os.path.join(P1, 'results/bler_sionna/bler_old_vs_new.' + ext))"
paper1/analysis_tools/plot_bler_compare.py,38,relpath_local,results/bler_sionna/bler_old_vs_new,"print('wrote results/bler_sionna/bler_old_vs_new.{pdf,png,svg}')"
paper1/analysis_tools/plot_bler_compare.py,6,path_anchor,os.path.dirname,"import sys as _s; _s.path.insert(0, os.path.join(os.path.dirname(os.path.dirname(os.path.abspath(__file__))), 'code'))"
paper1/analysis_tools/plot_bler_compare.py,7,local_import,paper_style,import paper_style as PS; PS.apply()
paper1/analysis_tools/plot_bler_compare.py,10,path_anchor,os.path.dirname,P1 = os.path.dirname(os.path.dirname(os.path.abspath(__file__)))
paper1/analysis_tools/plot_paper_figures.py,5,relpath_other,identity/perfect-channel,line must come from a measured MAP-JSCC identity/perfect-channel CSV generated
paper1/analysis_tools/plot_paper_figures.py,75,relpath_other,identity/perfect-channel,"help=""measured MAP-JSCC identity/perfect-channel CSV from the same checkpoint/CR"")"
paper1/analysis_tools/plot_paper_figures.py,75,relpath_other,checkpoint/CR,"help=""measured MAP-JSCC identity/perfect-channel CSV from the same checkpoint/CR"")"
paper1/analysis_tools/plot_paper_figures.py,80,relpath_other,experiment_logs/importance_map_jscc/paper_range_figures,"p.add_argument(""--out"", default=""experiment_logs/importance_map_jscc/paper_range_figures"")"
paper1/analysis_tools/plot_paper_figures.py,124,bare_filename,_jscc_vs_separate.png,"print(""[DONE]"", out_dir / f""fig_{args.channel}_jscc_vs_separate.png"")"
paper1/analysis_tools/run_jscc_eval.py,4,relpath_other,model_dir/config.yaml,For each requested SNR it writes a temp model_dir/config.yaml (with the JSCC
paper1/analysis_tools/run_jscc_eval.py,5,relpath_other,importance_source/psm,"`channel_type` and `snr_db` set, importance_source/psm preserved), copies the"
paper1/analysis_tools/run_jscc_eval.py,6,bare_filename,net_epoch1.pth,"trained checkpoint as net_epoch1.pth, runs analysis_tools/inference_subset.py on"
paper1/analysis_tools/run_jscc_eval.py,6,relpath_local,analysis_tools/inference_subset.py,"trained checkpoint as net_epoch1.pth, runs analysis_tools/inference_subset.py on"
paper1/analysis_tools/run_jscc_eval.py,12,bare_filename,run_jscc_eval.py,python run_jscc_eval.py --config <awgn.yaml> --ckpt <stage2.pth> \
paper1/analysis_tools/run_jscc_eval.py,12,bare_filename,awgn.yaml,python run_jscc_eval.py --config <awgn.yaml> --ckpt <stage2.pth> \
paper1/analysis_tools/run_jscc_eval.py,12,bare_filename,stage2.pth,python run_jscc_eval.py --config <awgn.yaml> --ckpt <stage2.pth> \
paper1/analysis_tools/run_jscc_eval.py,16,bare_filename,run_jscc_eval.py,python run_jscc_eval.py --config <awgn.yaml> --ckpt <stage2.pth> \
paper1/analysis_tools/run_jscc_eval.py,16,bare_filename,awgn.yaml,python run_jscc_eval.py --config <awgn.yaml> --ckpt <stage2.pth> \
paper1/analysis_tools/run_jscc_eval.py,16,bare_filename,stage2.pth,python run_jscc_eval.py --config <awgn.yaml> --ckpt <stage2.pth> \
paper1/analysis_tools/run_jscc_eval.py,20,bare_filename,run_jscc_eval.py,python run_jscc_eval.py --config <awgn.yaml> --ckpt <stage2.pth> \
paper1/analysis_tools/run_jscc_eval.py,20,bare_filename,awgn.yaml,python run_jscc_eval.py --config <awgn.yaml> --ckpt <stage2.pth> \
paper1/analysis_tools/run_jscc_eval.py,20,bare_filename,stage2.pth,python run_jscc_eval.py --config <awgn.yaml> --ckpt <stage2.pth> \
paper1/analysis_tools/run_jscc_eval.py,59,bare_filename,config.yaml,"(model_dir / ""config.yaml"").write_text(update_config(config_text, channel, snr, cr))"
paper1/analysis_tools/run_jscc_eval.py,60,bare_filename,net_epoch1.pth,"shutil.copyfile(ckpt, model_dir / ""net_epoch1.pth"")"
paper1/analysis_tools/run_jscc_eval.py,63,relpath_local,analysis_tools/inference_subset.py,"cmd = [sys.executable, ""-u"", ""analysis_tools/inference_subset.py"","
paper1/analysis_tools/run_jscc_eval.py,105,relpath_local,opencood/logs/jscc_eval,"p.add_argument(""--model_root"", default=""opencood/logs/jscc_eval"")"
paper1/analysis_tools/run_jscc_eval.py,106,relpath_other,experiment_logs/importance_map_jscc/jscc_eval,"p.add_argument(""--out_root"", default=""experiment_logs/importance_map_jscc/jscc_eval"")"
paper1/analysis_tools/run_jscc_eval.py,117,bare_filename,_summary.csv,"summary = out_root / f""{args.tag}_summary.csv"""
paper1/analysis_tools/run_jscc_eval.py,121,bare_filename,args.ckpt,"rows.append(run_one(base_text, args.ckpt, args.channel, snr, args.tag,"
paper1/analysis_tools/run_separate_coding_sweep.py,12,bare_filename,run_separate_coding_sweep.py,python run_separate_coding_sweep.py \
paper1/analysis_tools/run_separate_coding_sweep.py,13,relpath_local,opencood/logs/point_pillar_where2comm_2026_05_20_16_39_22,--w2c_dir opencood/logs/point_pillar_where2comm_2026_05_20_16_39_22 \
paper1/analysis_tools/run_separate_coding_sweep.py,33,relpath_other,P1/P1,"# NOTE (P1/P1.5, 2026-08): consumes the DEPRECATED codeword-level ldpc_qam_bler_table.csv. The"
paper1/analysis_tools/run_separate_coding_sweep.py,33,bare_filename,ldpc_qam_bler_table.csv,"# NOTE (P1/P1.5, 2026-08): consumes the DEPRECATED codeword-level ldpc_qam_bler_table.csv. The"
paper1/analysis_tools/run_separate_coding_sweep.py,34,relpath_other,LDPC16/256,# committed ap_vs_snr LDPC16/256 summaries this fed were REMOVED in P1.5; P2 regenerates the AP-vs-SNR
paper1/analysis_tools/run_separate_coding_sweep.py,35,relpath_local,results/bler_sionna/bler_sionna.csv,# curves against results/bler_sionna/bler_sionna.csv. NOT repointed to bler_sionna here: incompatible
paper1/analysis_tools/run_separate_coding_sweep.py,36,relpath_other,Es/N0,"# schema (frame-level, multi-channel, Es/N0) would break this codeword-level loader."
paper1/analysis_tools/run_separate_coding_sweep.py,37,relpath_other,experiment_logs/importance_map_jscc/ldpc_qam_bler_table.csv,"BLER_CSV = str(Path(""experiment_logs/importance_map_jscc/ldpc_qam_bler_table.csv"").resolve())"
paper1/analysis_tools/run_separate_coding_sweep.py,55,bare_filename,config.yaml,"# Trained config.yaml carries numpy tags, so use the full Loader/Dumper"
paper1/analysis_tools/run_separate_coding_sweep.py,55,relpath_other,Loader/Dumper,"# Trained config.yaml carries numpy tags, so use the full Loader/Dumper"
paper1/analysis_tools/run_separate_coding_sweep.py,63,bare_filename,config.yaml,"(model_dir / ""config.yaml"").write_text(yaml.dump(cfg, sort_keys=False))"
paper1/analysis_tools/run_separate_coding_sweep.py,64,bare_filename,net_epoch1.pth,"shutil.copyfile(ckpt, model_dir / ""net_epoch1.pth"")"
paper1/analysis_tools/run_separate_coding_sweep.py,67,relpath_local,analysis_tools/inference_subset.py,"cmd = [sys.executable, ""-u"", ""analysis_tools/inference_subset.py"","
paper1/analysis_tools/run_separate_coding_sweep.py,100,relpath_local,opencood/logs/separate_coding_eval,"p.add_argument(""--model_root"", default=""opencood/logs/separate_coding_eval"")"
paper1/analysis_tools/run_separate_coding_sweep.py,101,relpath_other,experiment_logs/importance_map_jscc/separate_coding_eval,"p.add_argument(""--out_root"", default=""experiment_logs/importance_map_jscc/separate_coding_eval"")"
paper1/analysis_tools/run_separate_coding_sweep.py,104,bare_filename,config.yaml,"base_cfg = (Path(args.w2c_dir) / ""config.yaml"").read_text()"
paper1/analysis_tools/run_separate_coding_sweep.py,109,bare_filename,_summary.csv,"summary = out_root / f""{args.tag}_summary.csv"""
paper1/analysis_tools/stage1_pretrain_jscc_reconstruction_sttopk.py,56,relpath_local,opencood/hypes_yaml/point_pillar_importance_map_jscc_awgn.yaml,"default=""opencood/hypes_yaml/point_pillar_importance_map_jscc_awgn.yaml"""
paper1/analysis_tools/stage1_pretrain_jscc_reconstruction_sttopk.py,60,relpath_local,opencood/logs/point_pillar_where2comm_2026_05_20_16_39_22/net_epoch50.pth,"default=""opencood/logs/point_pillar_where2comm_2026_05_20_16_39_22/net_epoch50.pth"""
paper1/analysis_tools/stage1_pretrain_jscc_reconstruction_sttopk.py,64,relpath_other,experiment_logs/importance_map_jscc/stage1_rec_pretrain_sttopk_snr10,"default=""experiment_logs/importance_map_jscc/stage1_rec_pretrain_sttopk_snr10"""
paper1/analysis_tools/stage1_pretrain_jscc_reconstruction_sttopk.py,117,bare_filename,stage1_rec_sttopk_log.csv,"log_path = os.path.join(out_dir, ""stage1_rec_sttopk_log.csv"")"
paper1/analysis_tools/stage1_pretrain_jscc_reconstruction_sttopk.py,172,bare_filename,steps.pth,"ckpt_path = os.path.join(out_dir, f""stage1_rec_sttopk_{max_steps}steps.pth"")"
paper1/analysis_tools/stage2_whole_network_map_jscc.py,46,relpath_local,opencood/hypes_yaml/point_pillar_importance_map_jscc_awgn.yaml,"default=""opencood/hypes_yaml/point_pillar_importance_map_jscc_awgn.yaml"""
paper1/analysis_tools/stage2_whole_network_map_jscc.py,50,relpath_other,experiment_logs/importance_map_jscc/stage1_rec_pretrain_sttopk_snr10/stage1_rec_sttopk_1000steps.pth,"default=""experiment_logs/importance_map_jscc/stage1_rec_pretrain_sttopk_snr10/stage1_rec_sttopk_1000steps.pth"""
paper1/analysis_tools/stage2_whole_network_map_jscc.py,54,relpath_other,experiment_logs/importance_map_jscc/stage2_whole_map_snr10_3000steps,"default=""experiment_logs/importance_map_jscc/stage2_whole_map_snr10_3000steps"""
paper1/analysis_tools/stage2_whole_network_map_jscc.py,113,bare_filename,stage2_whole_map_log.csv,"log_path = os.path.join(out_dir, ""stage2_whole_map_log.csv"")"
paper1/analysis_tools/stage2_whole_network_map_jscc.py,187,bare_filename,steps.pth,"ckpt_path = os.path.join(out_dir, f""stage2_whole_map_{max_steps}steps.pth"")"
paper1/code/canonical_rescore.py,8,relpath_local,results/canonical_rescore.csv,# Prints and writes results/canonical_rescore.csv with BEFORE (own-GT) vs AFTER (canonical).
paper1/code/canonical_rescore.py,11,relpath_other,home/josh/cooperative_semantic_perception/OpenCOOD,"REPO = '/home/josh/cooperative_semantic_perception/OpenCOOD'; sys.path.insert(0, REPO)"
paper1/code/canonical_rescore.py,13,relpath_local,peiyi_work/paper1/gs_rerun,"GS = os.path.join(REPO, 'peiyi_work/paper1/gs_rerun')"
paper1/code/canonical_rescore.py,14,relpath_local,results/canonical_rescore.csv,"OUT = os.path.join(os.path.dirname(os.path.dirname(os.path.abspath(__file__))), 'results/canonical_rescore.csv')"
paper1/code/canonical_rescore.py,11,path_anchor,sys.path,"REPO = '/home/josh/cooperative_semantic_perception/OpenCOOD'; sys.path.insert(0, REPO)"
paper1/code/canonical_rescore.py,14,path_anchor,os.path.dirname,"OUT = os.path.join(os.path.dirname(os.path.dirname(os.path.abspath(__file__))), 'results/canonical_rescore.csv')"
paper1/code/extra_experiments/README.md,1,relpath_local,extra_experiments/,# `extra_experiments/` — 修订实验 A1–A8 + C / Revision experiments
paper1/code/extra_experiments/README.md,5,relpath_other,这是为回应审稿/导师意见新增的一批实验,这是为回应审稿/导师意见新增的一批实验。**全部从缓存的逐帧 CSV 计算，不重跑 GPU 推理**，所以又快又可复现。
paper1/code/extra_experiments/README.md,6,bare_filename,_common.py,- `_common.py` —— 公共工具（payload 口径、特征列、effective-F1、策略实现）。所有 `aX_*.py` 都 import 它，是**单一事实来源**。
paper1/code/extra_experiments/README.md,7,relpath_other,out/,- `out/` —— 每个实验输出的结果 CSV（见 `out/README.md`）。
paper1/code/extra_experiments/README.md,7,relpath_other,out/README.md,- `out/` —— 每个实验输出的结果 CSV（见 `out/README.md`）。
paper1/code/extra_experiments/README.md,8,relpath_escaping_repo,../paper/figures/,- 图直接写到 `../paper/figures/`。
paper1/code/extra_experiments/README.md,10,relpath_local,extra_experiments/aX_xxx.py,**怎么跑**（在完整 OpenCOOD 目录下）：`PYTHONPATH=. python extra_experiments/aX_xxx.py`
paper1/code/extra_experiments/README.md,16,bare_filename,a1_pareto.py,"| `a1_pareto.py` | payload–F1 **帕累托前沿** + 拉格朗日 λ 扫描 | CA-TOSG 在前沿上,固定特征级被 dominated |"
paper1/code/extra_experiments/README.md,17,bare_filename,a2_difficulty.py,| `a2_difficulty.py` | 按难度（easy/med/hard）分层 + 「好信道」切片 | 增益集中在**难帧×好信道**（最高 +0.045 F1）|
paper1/code/extra_experiments/README.md,17,relpath_other,easy/med/hard,| `a2_difficulty.py` | 按难度（easy/med/hard）分层 + 「好信道」切片 | 增益集中在**难帧×好信道**（最高 +0.045 F1）|
paper1/code/extra_experiments/README.md,18,bare_filename,a3_subsets.py,| `a3_subsets.py` | occlusion/sparse/long-range 场景子集 + 动作占比 | occlusion/sparse 支持；long-range proxy 不支持（诚实记录）|
paper1/code/extra_experiments/README.md,18,relpath_other,occlusion/sparse/long-range,| `a3_subsets.py` | occlusion/sparse/long-range 场景子集 + 动作占比 | occlusion/sparse 支持；long-range proxy 不支持（诚实记录）|
paper1/code/extra_experiments/README.md,18,relpath_other,occlusion/sparse,| `a3_subsets.py` | occlusion/sparse/long-range 场景子集 + 动作占比 | occlusion/sparse 支持；long-range proxy 不支持（诚实记录）|
paper1/code/extra_experiments/README.md,19,bare_filename,a4_jscc_aware.py,"| `a4_jscc_aware.py` | JSCC vs LDPC 的 AP-SNR 对比 | JSCC graceful,削弱信道驱动；逐帧 JSCC-aware 留作 future work |"
paper1/code/extra_experiments/README.md,20,bare_filename,a5_causality.py,| `a5_causality.py` | 请求延迟/决策 staleness | 一帧延迟 18% 决策变化；建议本地同轮 CSI / 持久偏好 |
paper1/code/extra_experiments/README.md,20,relpath_other,请求延迟/决策,| `a5_causality.py` | 请求延迟/决策 staleness | 一帧延迟 18% 决策变化；建议本地同轮 CSI / 持久偏好 |
paper1/code/extra_experiments/README.md,21,bare_filename,a6_l_reliability.py,"| `a6_l_reliability.py` | 物体级 L 不可靠/更贵时的敏感性 | L 越不理想,CA-TOSG 价值越大（结论鲁棒）|"
paper1/code/extra_experiments/README.md,21,relpath_other,不可靠/更贵时的敏感性,"| `a6_l_reliability.py` | 物体级 L 不可靠/更贵时的敏感性 | L 越不理想,CA-TOSG 价值越大（结论鲁棒）|"
paper1/code/extra_experiments/README.md,22,bare_filename,a7_ablation.py,| `a7_ablation.py` | 特征 ablation + **SNR 阈值 baseline** | 阈值在平均 F1 上即可匹配 RF；RF 优势是带宽效率 |
paper1/code/extra_experiments/README.md,23,bare_filename,a8_models.py,| `a8_models.py` | DT/LogReg/SVM/MLP/RF + 阈值 的精度/延迟/体积 | 所有模型 F1 几乎相同；轻量模型可换 |
paper1/code/extra_experiments/README.md,23,relpath_other,DT/LogReg/SVM/MLP/RF,| `a8_models.py` | DT/LogReg/SVM/MLP/RF + 阈值 的精度/延迟/体积 | 所有模型 F1 几乎相同；轻量模型可换 |
paper1/code/extra_experiments/README.md,23,relpath_other,的精度/延迟/体积,| `a8_models.py` | DT/LogReg/SVM/MLP/RF + 阈值 的精度/延迟/体积 | 所有模型 F1 几乎相同；轻量模型可换 |
paper1/code/extra_experiments/README.md,24,bare_filename,c_channels.py,| `c_channels.py` | Rician 衰落扫描 + CSI 信道老化（Jakes）| 决策随 K 因子从 Rayleigh-like 平滑过渡到 AWGN-like |
paper1/code/extra_experiments/README.md,28,relpath_other,reviewer/advisor,Experiments added to address reviewer/advisor feedback. **All computed from cached per-frame CSVs—no
paper1/code/extra_experiments/README.md,30,bare_filename,_common.py,"- `_common.py` — shared helpers (payload accounting, feature columns, effective-F1, policy realisation)."
paper1/code/extra_experiments/README.md,32,relpath_other,out/,- `out/` — result CSV per experiment (see `out/README.md`).
paper1/code/extra_experiments/README.md,32,relpath_other,out/README.md,- `out/` — result CSV per experiment (see `out/README.md`).
paper1/code/extra_experiments/README.md,33,relpath_escaping_repo,../paper/figures/,- Figures are written directly into `../paper/figures/`.
paper1/code/extra_experiments/README.md,35,relpath_local,extra_experiments/aX_xxx.py,**Run** (inside the full OpenCOOD tree): `PYTHONPATH=. python extra_experiments/aX_xxx.py`
paper1/code/extra_experiments/README.md,39,bare_filename,a1_pareto.py,| `a1_pareto.py` | payload–F1 **Pareto frontier** + Lagrangian λ sweep | CA-TOSG is on the frontier; fixed feature-level is dominated |
paper1/code/extra_experiments/README.md,40,bare_filename,a2_difficulty.py,| `a2_difficulty.py` | easy/med/hard stratification + good-channel cut | gain concentrates on hard frames × usable channel (up to +0.045 F1) |
paper1/code/extra_experiments/README.md,40,relpath_other,easy/med/hard,| `a2_difficulty.py` | easy/med/hard stratification + good-channel cut | gain concentrates on hard frames × usable channel (up to +0.045 F1) |
paper1/code/extra_experiments/README.md,41,bare_filename,a3_subsets.py,| `a3_subsets.py` | occlusion/sparse/long-range subsets + action ratios | occlusion/sparse support it; long-range proxy does not (reported honestly) |
paper1/code/extra_experiments/README.md,41,relpath_other,occlusion/sparse/long-range,| `a3_subsets.py` | occlusion/sparse/long-range subsets + action ratios | occlusion/sparse support it; long-range proxy does not (reported honestly) |
paper1/code/extra_experiments/README.md,41,relpath_other,occlusion/sparse,| `a3_subsets.py` | occlusion/sparse/long-range subsets + action ratios | occlusion/sparse support it; long-range proxy does not (reported honestly) |
paper1/code/extra_experiments/README.md,42,bare_filename,a4_jscc_aware.py,| `a4_jscc_aware.py` | JSCC vs LDPC AP-SNR comparison | graceful JSCC weakens the channel case; per-frame JSCC-aware = future work |
paper1/code/extra_experiments/README.md,43,bare_filename,a5_causality.py,| `a5_causality.py` | request-delay / decision staleness | 18% decision change at one-frame delay; use same-round local CSI / persistent preference |
paper1/code/extra_experiments/README.md,44,bare_filename,a6_l_reliability.py,"| `a6_l_reliability.py` | sensitivity to object-level L being unreliable/costlier | the worse L gets, the more CA-TOSG helps (robust conclusion) |"
paper1/code/extra_experiments/README.md,44,relpath_other,unreliable/costlier,"| `a6_l_reliability.py` | sensitivity to object-level L being unreliable/costlier | the worse L gets, the more CA-TOSG helps (robust conclusion) |"
paper1/code/extra_experiments/README.md,45,bare_filename,a7_ablation.py,| `a7_ablation.py` | feature ablation + **SNR-threshold baseline** | threshold matches RF on mean F1; RF's edge is bandwidth efficiency |
paper1/code/extra_experiments/README.md,46,bare_filename,a8_models.py,| `a8_models.py` | DT/LogReg/SVM/MLP/RF + threshold: accuracy/latency/size | all models reach the same F1; a lighter one is deployable |
paper1/code/extra_experiments/README.md,46,relpath_other,DT/LogReg/SVM/MLP/RF,| `a8_models.py` | DT/LogReg/SVM/MLP/RF + threshold: accuracy/latency/size | all models reach the same F1; a lighter one is deployable |
paper1/code/extra_experiments/README.md,46,relpath_other,accuracy/latency/size,| `a8_models.py` | DT/LogReg/SVM/MLP/RF + threshold: accuracy/latency/size | all models reach the same F1; a lighter one is deployable |
paper1/code/extra_experiments/README.md,47,bare_filename,c_channels.py,| `c_channels.py` | Rician fading sweep + CSI aging (Jakes) | decisions interpolate smoothly from Rayleigh-like to AWGN-like with K |
paper1/code/extra_experiments/_common.py,3,bare_filename,train_rf_v2.py,"(mirrors train_rf_v2.py 'full' mode), effective-F1 bookkeeping, and policy"
paper1/code/extra_experiments/_common.py,12,relpath_local,code/,# code/. ROOT is now the paper1 dir (dirname^3 of this file). All experiments read the CANONICAL v3
paper1/code/extra_experiments/_common.py,13,relpath_local,data/dataset_,# datasets (data/dataset_{split}_v3.csv) + the v3-retrained deployed selector (data/selector_rf.pkl).
paper1/code/extra_experiments/_common.py,13,bare_filename,_v3.csv,# datasets (data/dataset_{split}_v3.csv) + the v3-retrained deployed selector (data/selector_rf.pkl).
paper1/code/extra_experiments/_common.py,13,relpath_local,data/selector_rf.pkl,# datasets (data/dataset_{split}_v3.csv) + the v3-retrained deployed selector (data/selector_rf.pkl).
paper1/code/extra_experiments/_common.py,24,relpath_local,data/dataset_validate_v3.csv,"VAL_CSV = os.path.join(ROOT, 'data/dataset_validate_v3.csv')"
paper1/code/extra_experiments/_common.py,25,relpath_local,data/dataset_test_v3.csv,"TEST_CSV = os.path.join(ROOT, 'data/dataset_test_v3.csv')"
paper1/code/extra_experiments/_common.py,26,relpath_local,data/dataset_culver_v3.csv,"CULVER_CSV = os.path.join(ROOT, 'data/dataset_culver_v3.csv')"
paper1/code/extra_experiments/_common.py,27,relpath_local,data/selector_rf.pkl,"RF_PKL = os.path.join(ROOT, 'data/selector_rf.pkl')"
paper1/code/extra_experiments/_common.py,28,relpath_local,code/extra_experiments/out,"OUTDIR = os.path.join(ROOT, 'code/extra_experiments/out')"
paper1/code/extra_experiments/_common.py,29,relpath_local,paper/figures,"FIGDIR = os.path.join(ROOT, 'paper/figures')"
paper1/code/extra_experiments/_common.py,32,relpath_other,rate-1/2,"PAYLOAD = {'L': 0.024, 'C16': 0.99, 'C256': 0.495}  # channel uses (Msym) at rate-1/2; corrected 2026-07-12"
paper1/code/extra_experiments/_common.py,14,path_anchor,os.path.dirname,ROOT = os.path.dirname(os.path.dirname(os.path.dirname(os.path.abspath(__file__))))  # .../paper1
paper1/code/extra_experiments/_common.py,15,path_anchor,os.path.dirname,REPO = os.path.dirname(os.path.dirname(ROOT))                                        # .../OpenCOOD
paper1/code/extra_experiments/_common.py,18,path_anchor,sys.path,"sys.path.insert(0, os.path.join(ROOT, 'code'))"
paper1/code/extra_experiments/_common.py,20,local_import,paper_style,import paper_style as PS
paper1/code/extra_experiments/a1_pareto.py,5,bare_filename,recompute_policy_200seed.py,frontier + policy points already produced (200-realisation averaged) by recompute_policy_200seed.py:
paper1/code/extra_experiments/a1_pareto.py,6,relpath_local,results/policy/frontier_,"results/policy/frontier_{split}.csv   (lambda, payload, f1, frac_C256/C16/L)"
paper1/code/extra_experiments/a1_pareto.py,6,relpath_other,frac_C256/C16/L,"results/policy/frontier_{split}.csv   (lambda, payload, f1, frac_C256/C16/L)"
paper1/code/extra_experiments/a1_pareto.py,7,relpath_local,results/policy/pareto_points.csv,"results/policy/pareto_points.csv      (Fixed L/C16/C256, oracle, clairvoyant, RF, tau, blind)"
paper1/code/extra_experiments/a1_pareto.py,7,relpath_other,L/C16/C256,"results/policy/pareto_points.csv      (Fixed L/C16/C256, oracle, clairvoyant, RF, tau, blind)"
paper1/code/extra_experiments/a1_pareto.py,8,relpath_local,paper/figures/fig_pareto_,"Outputs paper/figures/fig_pareto_{validate,test,culver}.pdf (+ _preview.png)."
paper1/code/extra_experiments/a1_pareto.py,8,bare_filename,_preview.png,"Outputs paper/figures/fig_pareto_{validate,test,culver}.pdf (+ _preview.png)."
paper1/code/extra_experiments/a1_pareto.py,16,relpath_local,results/policy,"POL = os.path.join(P1, 'results/policy'); FIGDIR = os.path.join(P1, 'paper/figures')"
paper1/code/extra_experiments/a1_pareto.py,16,relpath_local,paper/figures,"POL = os.path.join(P1, 'results/policy'); FIGDIR = os.path.join(P1, 'paper/figures')"
paper1/code/extra_experiments/a1_pareto.py,41,relpath_other,Mbit/frame,"ax.set_xscale('log'); ax.set_xlabel('Average payload (Mbit/frame, log)')"
paper1/code/extra_experiments/a1_pareto.py,47,bare_filename,_preview.png,"fig.savefig(out, bbox_inches='tight'); fig.savefig(out.replace('.pdf', '_preview.png'), dpi=140, bbox_inches='tight')"
paper1/code/extra_experiments/a1_pareto.py,52,bare_filename,pareto_points.csv,"pareto = pd.read_csv(os.path.join(POL, 'pareto_points.csv'))"
paper1/code/extra_experiments/a1_pareto.py,15,path_anchor,os.path.dirname,HERE = os.path.dirname(os.path.abspath(__file__)); P1 = os.path.dirname(os.path.dirname(HERE))
paper1/code/extra_experiments/a1_pareto.py,19,path_anchor,sys.path,"sys.path.insert(0, os.path.join(P1, 'code')); import paper_style as PS; PS.apply()"
paper1/code/extra_experiments/a2_difficulty.py,3,relpath_other,Easy/Medium/Hard,Stratify frames into Easy/Medium/Hard by the ego's own object-level detection quality (late_f1
paper1/code/extra_experiments/a2_difficulty.py,12,relpath_other,out/a2_difficulty.csv,"Outputs: out/a2_difficulty.csv, out/a2_difficulty_reliable.csv, paper/figures/fig_difficulty.pdf"
paper1/code/extra_experiments/a2_difficulty.py,12,relpath_other,out/a2_difficulty_reliable.csv,"Outputs: out/a2_difficulty.csv, out/a2_difficulty_reliable.csv, paper/figures/fig_difficulty.pdf"
paper1/code/extra_experiments/a2_difficulty.py,12,relpath_local,paper/figures/fig_difficulty.pdf,"Outputs: out/a2_difficulty.csv, out/a2_difficulty_reliable.csv, paper/figures/fig_difficulty.pdf"
paper1/code/extra_experiments/a2_difficulty.py,101,bare_filename,a2_difficulty.csv,"ac.to_csv(os.path.join(C.OUTDIR, 'a2_difficulty.csv'), index=False)"
paper1/code/extra_experiments/a2_difficulty.py,102,bare_filename,a2_difficulty_reliable.csv,"rc.to_csv(os.path.join(C.OUTDIR, 'a2_difficulty_reliable.csv'), index=False)"
paper1/code/extra_experiments/a2_difficulty.py,111,bare_filename,fig_difficulty.pdf,"out = os.path.join(C.FIGDIR, 'fig_difficulty.pdf')"
paper1/code/extra_experiments/a2_difficulty.py,112,bare_filename,_preview.png,"fig.savefig(out, bbox_inches='tight'); fig.savefig(out.replace('.pdf', '_preview.png'), dpi=140, bbox_inches='tight')"
paper1/code/extra_experiments/a2_difficulty.py,19,local_import,_common,import _common as C
paper1/code/extra_experiments/a2_difficulty.py,20,local_import,v3_eval,import v3_eval as V
paper1/code/extra_experiments/a3_subsets.py,2,bare_filename,main.tex,# DIAGNOSTIC - single frozen realisation - NOT FOR PUBLICATION (not cited in main.tex; if any A3
paper1/code/extra_experiments/a3_subsets.py,11,relpath_other,occluded/ambiguous,Occlusion* : object-level false positives high (late_fp) -- proxy for occluded/ambiguous scenes
paper1/code/extra_experiments/a3_subsets.py,14,relpath_other,out/a3_subsets.csv,Output: out/a3_subsets.csv
paper1/code/extra_experiments/a3_subsets.py,35,relpath_other,2/3,"thr = np.quantile(score, 2/3)"
paper1/code/extra_experiments/a3_subsets.py,37,relpath_other,1/3,"for grp, mask in [('subset (top 1/3)', insub), ('complement', ~insub)]:"
paper1/code/extra_experiments/a3_subsets.py,63,bare_filename,a3_subsets.csv,"out.to_csv(os.path.join(C.OUTDIR, 'a3_subsets.csv'), index=False)"
paper1/code/extra_experiments/a3_subsets.py,19,local_import,_common,import _common as C
paper1/code/extra_experiments/a4_jscc_aware.py,7,relpath_other,LDPC+16/256-QAM,"JSCC feature, LDPC+16/256-QAM feature, the perfect-channel upper bound, the"
paper1/code/extra_experiments/a4_jscc_aware.py,20,relpath_local,paper/figures/fig_jscc_aware.pdf,Output: paper/figures/fig_jscc_aware.pdf
paper1/code/extra_experiments/a4_jscc_aware.py,30,relpath_local,peiyi_work/04_experiment_logs/importance_map_jscc/jscc_eval,"JDIR = os.path.join(C.REPO, 'peiyi_work/04_experiment_logs/importance_map_jscc/jscc_eval')"
paper1/code/extra_experiments/a4_jscc_aware.py,41,bare_filename,awgn_jscc_summary.csv,"'ImportanceMapJSCC feature': ('awgn_jscc_summary.csv', C.PS.C_ORACLE, '-'),"
paper1/code/extra_experiments/a4_jscc_aware.py,42,bare_filename,awgn_ldpc16_summary.csv,"'LDPC + 16-QAM feature': ('awgn_ldpc16_summary.csv', C.PS.C_C16, '-'),"
paper1/code/extra_experiments/a4_jscc_aware.py,43,bare_filename,awgn_ldpc256_summary.csv,"'LDPC + 256-QAM feature': ('awgn_ldpc256_summary.csv', C.PS.C_C256, '-'),"
paper1/code/extra_experiments/a4_jscc_aware.py,44,bare_filename,awgn_upper_summary.csv,"'Perfect-channel upper bound': ('awgn_upper_summary.csv', C.PS.C_REF, '--'),"
paper1/code/extra_experiments/a4_jscc_aware.py,45,bare_filename,ego_only_summary.csv,"'Ego-only floor': ('ego_only_summary.csv', '0.65', ':'),"
paper1/code/extra_experiments/a4_jscc_aware.py,59,bare_filename,fig_jscc_aware.pdf,"out = os.path.join(C.FIGDIR, 'fig_jscc_aware.pdf')"
paper1/code/extra_experiments/a4_jscc_aware.py,61,bare_filename,_preview.png,"fig.savefig(out.replace('.pdf', '_preview.png'), bbox_inches='tight', dpi=140)"
paper1/code/extra_experiments/a4_jscc_aware.py,65,bare_filename,awgn_jscc_summary.csv,j = load('awgn_jscc_summary.csv')
paper1/code/extra_experiments/a4_jscc_aware.py,28,local_import,_common,import _common as C
paper1/code/extra_experiments/a5_causality.py,12,relpath_other,scene/channel,"between frame t and t+d (the scene/channel state moved),"
paper1/code/extra_experiments/a5_causality.py,17,relpath_other,out/a5_causality.csv,Output: out/a5_causality.csv
paper1/code/extra_experiments/a5_causality.py,64,bare_filename,a5_causality.csv,"out.to_csv(os.path.join(C.OUTDIR, 'a5_causality.csv'), index=False)"
paper1/code/extra_experiments/a5_causality.py,65,relpath_other,request/round-trip,"print('=== A5: decision staleness vs request/round-trip delay (OPV2V test, 10 Hz) ===')"
paper1/code/extra_experiments/a5_causality.py,22,local_import,_common,import _common as C
paper1/code/extra_experiments/a6_l_reliability.py,12,relpath_other,out/a6_l_reliability.csv,Output: out/a6_l_reliability.csv
paper1/code/extra_experiments/a6_l_reliability.py,64,bare_filename,a6_l_reliability.csv,"out.to_csv(os.path.join(C.OUTDIR, 'a6_l_reliability.csv'), index=False)"
paper1/code/extra_experiments/a6_l_reliability.py,67,relpath_other,unreliable/expensive,"print('\nReading: as L becomes unreliable/expensive, the RF gain over Fixed L grows '"
paper1/code/extra_experiments/a6_l_reliability.py,17,local_import,_common,import _common as C
paper1/code/extra_experiments/a7_ablation.py,10,relpath_other,out/a7_ablation.csv,Outputs: out/a7_ablation.csv + out/a7_cue_value.csv
paper1/code/extra_experiments/a7_ablation.py,10,relpath_other,out/a7_cue_value.csv,Outputs: out/a7_ablation.csv + out/a7_cue_value.csv
paper1/code/extra_experiments/a7_ablation.py,71,bare_filename,a7_ablation.csv,"df.to_csv(os.path.join(C.OUTDIR, 'a7_ablation.csv'), index=False)"
paper1/code/extra_experiments/a7_ablation.py,79,bare_filename,a7_cue_value.csv,"os.path.join(C.OUTDIR, 'a7_cue_value.csv'), index=False)"
paper1/code/extra_experiments/a7_ablation.py,80,relpath_other,out/a7_ablation.csv,print('wrote out/a7_ablation.csv + a7_cue_value.csv')
paper1/code/extra_experiments/a7_ablation.py,80,bare_filename,a7_cue_value.csv,print('wrote out/a7_ablation.csv + a7_cue_value.csv')
paper1/code/extra_experiments/a7_ablation.py,15,local_import,_common,import _common as C
paper1/code/extra_experiments/a7_ablation.py,16,local_import,v3_eval,import v3_eval as V
paper1/code/extra_experiments/a8_models.py,8,relpath_other,out/a8_models.csv,Output: out/a8_models.csv
paper1/code/extra_experiments/a8_models.py,23,relpath_local,results/policy/threshold_vs_rf.csv,RETUNED_TAU = 8.5   # engine best-tau on test (results/policy/threshold_vs_rf.csv)
paper1/code/extra_experiments/a8_models.py,74,bare_filename,a8_models.csv,"out.to_csv(os.path.join(C.OUTDIR, 'a8_models.csv'), index=False)"
paper1/code/extra_experiments/a8_models.py,75,relpath_other,F1/payload,print('=== A8 v3 model comparison (realised F1/payload = 200-realisation; latency batch-1) ===')
paper1/code/extra_experiments/a8_models.py,20,local_import,_common,import _common as C
paper1/code/extra_experiments/a8_models.py,21,local_import,v3_eval,import v3_eval as V
paper1/code/extra_experiments/a9_hardening.py,3,bare_filename,recompute_policy_200seed.py,"# is now ABSORBED by the 200-realisation engine (recompute_policy_200seed.py) and v3_eval.py, which"
paper1/code/extra_experiments/a9_hardening.py,3,bare_filename,v3_eval.py,"# is now ABSORBED by the 200-realisation engine (recompute_policy_200seed.py) and v3_eval.py, which"
paper1/code/extra_experiments/a9_hardening.py,9,relpath_other,50/50,"(1) Multi-seed CIs: re-draw the random per-frame SNR (U[0,20]) and channel (50/50"
paper1/code/extra_experiments/a9_hardening.py,10,relpath_other,AWGN/Rayleigh,"AWGN/Rayleigh) for N seeds; for each, recompute the effective F1 and re-run the"
paper1/code/extra_experiments/a9_hardening.py,12,relpath_other,+/-,best SNR-threshold rule. Report mean +/- 95% CI over seeds.
paper1/code/extra_experiments/a9_hardening.py,22,relpath_other,out/a9_hardening.csv,Output: out/a9_hardening.csv
paper1/code/extra_experiments/a9_hardening.py,30,relpath_local,peiyi_work/04_experiment_logs/importance_map_jscc/ldpc_qam_bler_table.csv,'peiyi_work/04_experiment_logs/importance_map_jscc/ldpc_qam_bler_table.csv'))
paper1/code/extra_experiments/a9_hardening.py,111,relpath_other,1/3,hard = df['late_f1'] <= df['late_f1'].quantile(1/3)
paper1/code/extra_experiments/a9_hardening.py,122,bare_filename,a9_hardening.csv,"out.to_csv(os.path.join(C.OUTDIR, 'a9_hardening.csv'), index=False)"
paper1/code/extra_experiments/a9_hardening.py,128,relpath_other,thr_pay_at_rf_f1/rf_pay,f'=> RF uses {thr_pay_at_rf_f1/rf_pay:.1f}x less bandwidth at equal F1')
paper1/code/extra_experiments/a9_hardening.py,27,local_import,_common,import _common as C
paper1/code/extra_experiments/c_channels.py,3,relpath_other,AWGN/Rayleigh,Extends the AWGN/Rayleigh study toward vehicular channels.
paper1/code/extra_experiments/c_channels.py,7,relpath_other,g/gbar,p(g) = ((1+K)/gbar) exp(-K - (1+K)g/gbar) I0( 2 sqrt(K(1+K) g/gbar) ).
paper1/code/extra_experiments/c_channels.py,7,relpath_other,g/gbar,p(g) = ((1+K)/gbar) exp(-K - (1+K)g/gbar) I0( 2 sqrt(K(1+K) g/gbar) ).
paper1/code/extra_experiments/c_channels.py,16,relpath_other,km/h,delay at v = 60 km/h. (Complements the CSI-noise ablation already in the paper.)
paper1/code/extra_experiments/c_channels.py,18,relpath_other,out/c_rician.csv,"Outputs: out/c_rician.csv, out/c_aging.csv, paper/figures/fig_rician.pdf"
paper1/code/extra_experiments/c_channels.py,18,relpath_other,out/c_aging.csv,"Outputs: out/c_rician.csv, out/c_aging.csv, paper/figures/fig_rician.pdf"
paper1/code/extra_experiments/c_channels.py,18,relpath_local,paper/figures/fig_rician.pdf,"Outputs: out/c_rician.csv, out/c_aging.csv, paper/figures/fig_rician.pdf"
paper1/code/extra_experiments/c_channels.py,29,bare_filename,ldpc_qam_bler_table.csv,"# SUPERSEDED (P1, 2026-08): consumes the DEPRECATED codeword-level ldpc_qam_bler_table.csv. Its"
paper1/code/extra_experiments/c_channels.py,30,relpath_local,results/robustness_rician.csv,# Rician-fading output (results/robustness_rician.csv) was archived then REMOVED in P1.5 as
paper1/code/extra_experiments/c_channels.py,34,relpath_local,peiyi_work/04_experiment_logs/importance_map_jscc/ldpc_qam_bler_table.csv,'peiyi_work/04_experiment_logs/importance_map_jscc/ldpc_qam_bler_table.csv'))
paper1/code/extra_experiments/c_channels.py,105,bare_filename,fig_rician.pdf,"out = os.path.join(C.FIGDIR, 'fig_rician.pdf')"
paper1/code/extra_experiments/c_channels.py,107,bare_filename,_preview.png,"fig.savefig(out.replace('.pdf', '_preview.png'), bbox_inches='tight', dpi=140)"
paper1/code/extra_experiments/c_channels.py,108,bare_filename,c_rician.csv,"pd.DataFrame(rows).to_csv(os.path.join(C.OUTDIR, 'c_rician.csv'), index=False)"
paper1/code/extra_experiments/c_channels.py,113,relpath_other,km/h,# (2) Channel aging: Jakes decorrelation -> est-SNR error std vs delay at 60 km/h
paper1/code/extra_experiments/c_channels.py,132,bare_filename,c_aging.csv,"pd.DataFrame(arows).to_csv(os.path.join(C.OUTDIR, 'c_aging.csv'), index=False)"
paper1/code/extra_experiments/c_channels.py,133,relpath_other,km/h,"print('\n=== channel aging (60 km/h, fd~%.0f Hz) ===' % fd)"
paper1/code/extra_experiments/c_channels.py,27,local_import,_common,import _common as C
paper1/code/extra_experiments/jscc_perframe/build_channel_codec_ap.py,3,relpath_other,LDPC/upper,# upper (identity comp) references. LDPC/upper from the FROZEN comp/ego npz (no GPU); JSCC from
paper1/code/extra_experiments/jscc_perframe/build_channel_codec_ap.py,3,relpath_other,comp/ego,# upper (identity comp) references. LDPC/upper from the FROZEN comp/ego npz (no GPU); JSCC from
paper1/code/extra_experiments/jscc_perframe/build_channel_codec_ap.py,4,relpath_local,results/jscc/jscc_ap_f1.csv,# results/jscc/jscc_ap_f1.csv (already scored). Reads only frozen inputs (comp/ego npz + v3 GT +
paper1/code/extra_experiments/jscc_perframe/build_channel_codec_ap.py,4,relpath_other,comp/ego,# results/jscc/jscc_ap_f1.csv (already scored). Reads only frozen inputs (comp/ego npz + v3 GT +
paper1/code/extra_experiments/jscc_perframe/build_channel_codec_ap.py,11,relpath_local,results/jscc/channel_codec_ap.csv,"Output: results/jscc/channel_codec_ap.csv (long form: channel, codec, snr_db, ap50)."
paper1/code/extra_experiments/jscc_perframe/build_channel_codec_ap.py,16,relpath_local,peiyi_work/paper1/code/extra_experiments,"sys.path.insert(0, REPO); sys.path.insert(0, os.path.join(REPO, 'peiyi_work/paper1/code/extra_experiments'))"
paper1/code/extra_experiments/jscc_perframe/build_channel_codec_ap.py,22,relpath_local,peiyi_work/paper1,"P1 = os.path.join(REPO, 'peiyi_work/paper1'); GS = os.path.join(P1, 'gs_rerun'); OUT = os.path.join(P1, 'results/jscc')"
paper1/code/extra_experiments/jscc_perframe/build_channel_codec_ap.py,22,relpath_local,results/jscc,"P1 = os.path.join(REPO, 'peiyi_work/paper1'); GS = os.path.join(P1, 'gs_rerun'); OUT = os.path.join(P1, 'results/jscc')"
paper1/code/extra_experiments/jscc_perframe/build_channel_codec_ap.py,48,bare_filename,jscc_ap_f1.csv,"jscc = pd.read_csv(os.path.join(OUT, 'jscc_ap_f1.csv'))"
paper1/code/extra_experiments/jscc_perframe/build_channel_codec_ap.py,15,path_anchor,os.path.dirname,"HERE = os.path.dirname(os.path.abspath(__file__)); REPO = os.path.abspath(os.path.join(HERE, *(['..'] * 5)))"
paper1/code/extra_experiments/jscc_perframe/build_channel_codec_ap.py,16,path_anchor,sys.path,"sys.path.insert(0, REPO); sys.path.insert(0, os.path.join(REPO, 'peiyi_work/paper1/code/extra_experiments'))"
paper1/code/extra_experiments/jscc_perframe/build_channel_codec_ap.py,17,path_anchor,sys.path,"sys.path.insert(0, HERE)"
paper1/code/extra_experiments/jscc_perframe/build_channel_codec_ap.py,19,local_import,v3_eval,import v3_eval as V
paper1/code/extra_experiments/jscc_perframe/build_channel_codec_ap.py,20,local_import,score_jscc,import score_jscc as SC
paper1/code/extra_experiments/jscc_perframe/build_two_regime_edge.py,8,relpath_other,BLER/ego,no cliff). JSCC delivers a graded feature message -- no BLER/ego fallback (that is the
paper1/code/extra_experiments/jscc_perframe/build_two_regime_edge.py,14,relpath_local,results/jscc/two_regime_edge.csv,"Outputs: results/jscc/two_regime_edge.csv (appends per channel,split,regime)."
paper1/code/extra_experiments/jscc_perframe/build_two_regime_edge.py,20,relpath_local,peiyi_work/paper1/code/extra_experiments,"sys.path.insert(0, REPO); sys.path.insert(0, os.path.join(REPO, 'peiyi_work/paper1/code/extra_experiments'))"
paper1/code/extra_experiments/jscc_perframe/build_two_regime_edge.py,25,relpath_local,peiyi_work/paper1,"P1 = os.path.join(REPO, 'peiyi_work/paper1'); DATA = os.path.join(P1, 'data')"
paper1/code/extra_experiments/jscc_perframe/build_two_regime_edge.py,26,relpath_other,gs_rerun/jscc_v3,"JSCC_DIR = os.path.join(P1, 'gs_rerun/jscc_v3'); OUT = os.path.join(P1, 'results/jscc')"
paper1/code/extra_experiments/jscc_perframe/build_two_regime_edge.py,26,relpath_local,results/jscc,"JSCC_DIR = os.path.join(P1, 'gs_rerun/jscc_v3'); OUT = os.path.join(P1, 'results/jscc')"
paper1/code/extra_experiments/jscc_perframe/build_two_regime_edge.py,28,relpath_other,rate-1/2,"PAY_L, PAY_C = 0.024, 0.99   # channel uses (Msym) at rate-1/2: L=0.024, C=C16=1.98/0.5/4=0.99"
paper1/code/extra_experiments/jscc_perframe/build_two_regime_edge.py,29,relpath_other,rate-1/2,#                              (1.98/4=0.495 was the UNCODED count -- wrong for the rate-1/2 chain)
paper1/code/extra_experiments/jscc_perframe/build_two_regime_edge.py,56,bare_filename,_v3.csv,"df = pd.read_csv(os.path.join(DATA, f'dataset_{split}_v3.csv'))"
paper1/code/extra_experiments/jscc_perframe/build_two_regime_edge.py,98,bare_filename,dataset_validate_v3.csv,"sample = pd.read_csv(os.path.join(DATA, 'dataset_validate_v3.csv'))"
paper1/code/extra_experiments/jscc_perframe/build_two_regime_edge.py,113,bare_filename,two_regime_edge.csv,"path = os.path.join(OUT, 'two_regime_edge.csv')"
paper1/code/extra_experiments/jscc_perframe/build_two_regime_edge.py,19,path_anchor,os.path.dirname,"HERE = os.path.dirname(os.path.abspath(__file__)); REPO = os.path.abspath(os.path.join(HERE, *(['..'] * 5)))"
paper1/code/extra_experiments/jscc_perframe/build_two_regime_edge.py,20,path_anchor,sys.path,"sys.path.insert(0, REPO); sys.path.insert(0, os.path.join(REPO, 'peiyi_work/paper1/code/extra_experiments'))"
paper1/code/extra_experiments/jscc_perframe/build_two_regime_edge.py,21,path_anchor,sys.path,"sys.path.insert(0, HERE)"
paper1/code/extra_experiments/jscc_perframe/build_two_regime_edge.py,22,local_import,v3_eval,import v3_eval as V
paper1/code/extra_experiments/jscc_perframe/build_two_regime_edge.py,23,local_import,score_jscc,import score_jscc as SC
paper1/code/extra_experiments/jscc_perframe/build_two_regime_edge.py,99,local_import,_common,import _common as C
paper1/code/extra_experiments/jscc_perframe/build_two_regime_edge_clean.py,1,relpath_other,train/tune-on-eval,#self+ CA-TOSG P1 v3 CLEAN PROTOCOL two-regime edge (supervisor fix: no train/tune-on-eval leakage).
paper1/code/extra_experiments/jscc_perframe/build_two_regime_edge_clean.py,2,bare_filename,build_two_regime_edge.py,# Difference vs build_two_regime_edge.py: there the RF was fit AND best_tau chosen on the SAME split
paper1/code/extra_experiments/jscc_perframe/build_two_regime_edge_clean.py,3,relpath_other,test/culver,# it evaluated (test/culver rows self-trained + threshold self-tuned -> optimistic edge). Here the
paper1/code/extra_experiments/jscc_perframe/build_two_regime_edge_clean.py,11,bare_filename,build_two_regime_edge.py,Regimes (identical eff_C model to build_two_regime_edge.py -- only the train/eval separation changed):
paper1/code/extra_experiments/jscc_perframe/build_two_regime_edge_clean.py,11,relpath_other,train/eval,Regimes (identical eff_C model to build_two_regime_edge.py -- only the train/eval separation changed):
paper1/code/extra_experiments/jscc_perframe/build_two_regime_edge_clean.py,16,relpath_other,rayleigh/ofdm,fading) -> for rayleigh/ofdm the threshold policy degenerates to all-L; tau* is then a no-op. This
paper1/code/extra_experiments/jscc_perframe/build_two_regime_edge_clean.py,17,bare_filename,build_two_regime_edge.py,matches build_two_regime_edge.py exactly; only the leakage is removed.
paper1/code/extra_experiments/jscc_perframe/build_two_regime_edge_clean.py,18,relpath_local,results/jscc/two_regime_edge_clean.csv,"Output: results/jscc/two_regime_edge_clean.csv (one row per channel,regime,eval_split)."
paper1/code/extra_experiments/jscc_perframe/build_two_regime_edge_clean.py,27,relpath_local,peiyi_work/paper1/code/extra_experiments,"sys.path.insert(0, os.path.join(REPO, 'peiyi_work/paper1/code/extra_experiments'))"
paper1/code/extra_experiments/jscc_perframe/build_two_regime_edge_clean.py,32,bare_filename,score_jscc.py,# is overridden below to read the cached per-frame F1 npz (score_jscc.py output) instead of
paper1/code/extra_experiments/jscc_perframe/build_two_regime_edge_clean.py,37,relpath_local,peiyi_work/paper1,"P1 = os.path.join(REPO, 'peiyi_work/paper1'); DATA = os.path.join(P1, 'data')"
paper1/code/extra_experiments/jscc_perframe/build_two_regime_edge_clean.py,38,relpath_local,results/jscc,"OUT = os.path.join(P1, 'results/jscc')"
paper1/code/extra_experiments/jscc_perframe/build_two_regime_edge_clean.py,58,bare_filename,_v3.csv,"df = pd.read_csv(os.path.join(DATA, f'dataset_{split}_v3.csv'))"
paper1/code/extra_experiments/jscc_perframe/build_two_regime_edge_clean.py,121,bare_filename,two_regime_edge_clean.csv,"ap.add_argument('--out', default=os.path.join(OUT, 'two_regime_edge_clean.csv'))"
paper1/code/extra_experiments/jscc_perframe/build_two_regime_edge_clean.py,124,bare_filename,dataset_validate_v3.csv,"feat = C.feat_cols(pd.read_csv(os.path.join(DATA, 'dataset_validate_v3.csv')), 'full')"
paper1/code/extra_experiments/jscc_perframe/build_two_regime_edge_clean.py,24,path_anchor,os.path.dirname,HERE = os.path.dirname(os.path.abspath(__file__))
paper1/code/extra_experiments/jscc_perframe/build_two_regime_edge_clean.py,26,path_anchor,sys.path,"sys.path.insert(0, REPO)"
paper1/code/extra_experiments/jscc_perframe/build_two_regime_edge_clean.py,27,path_anchor,sys.path,"sys.path.insert(0, os.path.join(REPO, 'peiyi_work/paper1/code/extra_experiments'))"
paper1/code/extra_experiments/jscc_perframe/build_two_regime_edge_clean.py,28,path_anchor,sys.path,"sys.path.insert(0, HERE)"
paper1/code/extra_experiments/jscc_perframe/build_two_regime_edge_clean.py,29,local_import,v3_eval,import v3_eval as V
paper1/code/extra_experiments/jscc_perframe/build_two_regime_edge_clean.py,30,local_import,score_jscc,import score_jscc as SC
paper1/code/extra_experiments/jscc_perframe/build_two_regime_edge_clean.py,34,local_import,build_two_regime_edge,"from build_two_regime_edge import (jscc_grid as _jscc_grid_rescore, eff_C_of, SNR_GRID,"
paper1/code/extra_experiments/jscc_perframe/build_two_regime_edge_clean.py,123,local_import,_common,import _common as C
paper1/code/extra_experiments/jscc_perframe/jscc_selector_compare.py,12,relpath_other,runs/v2/dataset.csv,- runs/v2/dataset.csv ............ cues + late_f1 (= F1 of object-level L)
paper1/code/extra_experiments/jscc_perframe/jscc_selector_compare.py,13,relpath_other,out/jscc_perframe_jscc_awgn.csv,- out/jscc_perframe_jscc_awgn.csv  per-frame JSCC feature F1 at an SNR grid
paper1/code/extra_experiments/jscc_perframe/jscc_selector_compare.py,17,relpath_other,70/30,"per frame; oracle = argmax. 70/30 frame split, RF trained on oracle labels with"
paper1/code/extra_experiments/jscc_perframe/jscc_selector_compare.py,24,bare_filename,jscc_selector_compare.py,Run: PYTHONPATH=. <sionna310 python> jscc_selector_compare.py   (after the sweep)
paper1/code/extra_experiments/jscc_perframe/jscc_selector_compare.py,70,relpath_other,70/30,# 70/30 split
paper1/code/extra_experiments/jscc_perframe/jscc_selector_compare.py,32,path_anchor,os.path.dirname,HERE = os.path.dirname(os.path.abspath(__file__))
paper1/code/extra_experiments/jscc_perframe/jscc_selector_compare.py,34,path_anchor,sys.path,"sys.path.insert(0, os.path.join(ROOT, 'extra_experiments'))"
paper1/code/extra_experiments/jscc_perframe/jscc_selector_compare.py,35,local_import,_common,import _common as C  # noqa: E402
paper1/code/extra_experiments/jscc_perframe/jscc_sweep.py,4,bare_filename,regen_preds_with_scores.py,Drives regen_preds_with_scores.py (which saves per-frame boxes+scores+gts npz) over the JSCC learned
paper1/code/extra_experiments/jscc_perframe/jscc_sweep.py,10,relpath_other,0/4/8/12/16/20,Full sweep = 3 channels x 2 splits x 6 SNRs = 36 runs (~25 GPU-hours). SNR grid 0/4/8/12/16/20.
paper1/code/extra_experiments/jscc_perframe/jscc_sweep.py,13,relpath_other,--channels/--splits/--snrs,--mode sweep   : the full 36-run queue (or a subset via --channels/--splits/--snrs).
paper1/code/extra_experiments/jscc_perframe/jscc_sweep.py,14,relpath_other,8/10/12,"--mode probe   : interpolation-validity probe -- decode validate at SNR 8/10/12 (limit frames),"
paper1/code/extra_experiments/jscc_perframe/jscc_sweep.py,15,bare_filename,score_jscc.py,"so score_jscc.py can report interp(8,12)->10 vs real-10 per-frame F1 MAE."
paper1/code/extra_experiments/jscc_perframe/jscc_sweep.py,22,relpath_local,peiyi_work/paper1,P1 = REPO / 'peiyi_work/paper1'
paper1/code/extra_experiments/jscc_perframe/jscc_sweep.py,23,relpath_local,code/regen_preds_with_scores.py,REGEN = P1 / 'code/regen_preds_with_scores.py'
paper1/code/extra_experiments/jscc_perframe/jscc_sweep.py,24,relpath_other,mnt/h/opencood_project/outputs/experiment_logs/importance_map_jscc,CKPT_ROOT = Path('/mnt/h/opencood_project/outputs/experiment_logs/importance_map_jscc')
paper1/code/extra_experiments/jscc_perframe/jscc_sweep.py,25,relpath_local,opencood/hypes_yaml/point_pillar_importance_map_jscc_,CFG = {c: REPO / f'opencood/hypes_yaml/point_pillar_importance_map_jscc_{c}_learned.yaml'
paper1/code/extra_experiments/jscc_perframe/jscc_sweep.py,25,bare_filename,_learned.yaml,CFG = {c: REPO / f'opencood/hypes_yaml/point_pillar_importance_map_jscc_{c}_learned.yaml'
paper1/code/extra_experiments/jscc_perframe/jscc_sweep.py,27,relpath_other,_learned_v3/stage2_whole_map_4000steps.pth,CKPT = {c: CKPT_ROOT / f'stage2_{c}_learned_v3/stage2_whole_map_4000steps.pth'
paper1/code/extra_experiments/jscc_perframe/jscc_sweep.py,29,relpath_local,opencood/,DATA = REPO / 'opencood/../opv2v_data_dumping'           # -> OpenCOOD/opv2v_data_dumping
paper1/code/extra_experiments/jscc_perframe/jscc_sweep.py,29,relpath_local,OpenCOOD/opv2v_data_dumping,DATA = REPO / 'opencood/../opv2v_data_dumping'           # -> OpenCOOD/opv2v_data_dumping
paper1/code/extra_experiments/jscc_perframe/jscc_sweep.py,30,relpath_local,opv2v_data_dumping/validate,"SPLIT_DIR = {'validate': str((REPO / 'opv2v_data_dumping/validate')),"
paper1/code/extra_experiments/jscc_perframe/jscc_sweep.py,31,relpath_local,opv2v_data_dumping/test,"'test': str((REPO / 'opv2v_data_dumping/test')),"
paper1/code/extra_experiments/jscc_perframe/jscc_sweep.py,32,relpath_local,opv2v_data_dumping/test_culver_city,'culver': str((REPO / 'opv2v_data_dumping/test_culver_city'))}
paper1/code/extra_experiments/jscc_perframe/jscc_sweep.py,49,bare_filename,config.yaml,(md / 'config.yaml').write_text(cfg)
paper1/code/extra_experiments/jscc_perframe/jscc_sweep.py,50,bare_filename,net_epoch1.pth,"shutil.copyfile(CKPT[channel], md / 'net_epoch1.pth')"
paper1/code/extra_experiments/jscc_perframe/jscc_sweep.py,58,relpath_other,model/dataset,"# Retry: an occasional early SIGSEGV (ret=-11, empty log) was observed at model/dataset init"
paper1/code/extra_experiments/jscc_perframe/jscc_sweep.py,59,relpath_other,CUDA/TF-init,"# (transient, likely a CUDA/TF-init race between back-to-back subprocesses) -- retry up to 3x."
paper1/code/extra_experiments/jscc_perframe/jscc_sweep.py,75,relpath_other,gs_rerun/jscc_v3,"ap.add_argument('--out_dir', default=str(P1 / 'gs_rerun/jscc_v3'))"
paper1/code/extra_experiments/jscc_perframe/jscc_sweep.py,85,relpath_other,8/10/12,"# AWGN validate at 8/10/12, limited frames, for the interpolation-validity check"
paper1/code/extra_experiments/jscc_perframe/jscc_sweep.py,20,path_anchor,Path(__file__),HERE = Path(__file__).resolve().parent
paper1/code/extra_experiments/jscc_perframe/jscc_sweep.py,21,path_anchor,parents[,REPO = HERE.parents[4]                                   # OpenCOOD root
paper1/code/extra_experiments/jscc_perframe/kfold_two_regime_diag.py,15,relpath_local,peiyi_work/paper1/code/extra_experiments,"sys.path.insert(0, os.path.join(REPO, 'peiyi_work/paper1/code/extra_experiments'))"
paper1/code/extra_experiments/jscc_perframe/kfold_two_regime_diag.py,82,bare_filename,two_regime_kfold_diag.csv,"ap.add_argument('--out', default=os.path.join(B.OUT, 'two_regime_kfold_diag.csv'))"
paper1/code/extra_experiments/jscc_perframe/kfold_two_regime_diag.py,84,bare_filename,dataset_validate_v3.csv,"feat = C.feat_cols(pd.read_csv(os.path.join(DATA, 'dataset_validate_v3.csv')), 'full')"
paper1/code/extra_experiments/jscc_perframe/kfold_two_regime_diag.py,12,path_anchor,os.path.dirname,HERE = os.path.dirname(os.path.abspath(__file__))
paper1/code/extra_experiments/jscc_perframe/kfold_two_regime_diag.py,14,path_anchor,sys.path,"sys.path.insert(0, REPO)"
paper1/code/extra_experiments/jscc_perframe/kfold_two_regime_diag.py,15,path_anchor,sys.path,"sys.path.insert(0, os.path.join(REPO, 'peiyi_work/paper1/code/extra_experiments'))"
paper1/code/extra_experiments/jscc_perframe/kfold_two_regime_diag.py,16,path_anchor,sys.path,"sys.path.insert(0, HERE)"
paper1/code/extra_experiments/jscc_perframe/kfold_two_regime_diag.py,17,local_import,v3_eval,import v3_eval as V
paper1/code/extra_experiments/jscc_perframe/kfold_two_regime_diag.py,18,local_import,build_two_regime_edge_clean,"import build_two_regime_edge_clean as B   # _load, _realise, eff_C_of, jscc_grid(cached), TAU_GRID, PAY_*"
paper1/code/extra_experiments/jscc_perframe/kfold_two_regime_diag.py,19,local_import,_common,import _common as C
paper1/code/extra_experiments/jscc_perframe/make_two_regime_figure.py,7,bare_filename,make_two_regime_figure.py,Run: PYTHONPATH=. <sionna310 py> make_two_regime_figure.py
paper1/code/extra_experiments/jscc_perframe/make_two_regime_figure.py,8,relpath_local,paper/figures/fig_two_regime.pdf,Outputs: paper/figures/fig_two_regime.pdf (+ _preview.png) and
paper1/code/extra_experiments/jscc_perframe/make_two_regime_figure.py,8,bare_filename,_preview.png,Outputs: paper/figures/fig_two_regime.pdf (+ _preview.png) and
paper1/code/extra_experiments/jscc_perframe/make_two_regime_figure.py,9,relpath_other,out/two_regime_bars.csv,out/two_regime_bars.csv (the plotted numbers).
paper1/code/extra_experiments/jscc_perframe/make_two_regime_figure.py,28,bare_filename,ldpc_qam_bler_table.csv,"# panel-(a) cliff uses BE.V._bler (Sionna v3), not the old v2 ldpc_qam_bler_table.csv;"
paper1/code/extra_experiments/jscc_perframe/make_two_regime_figure.py,68,bare_filename,_v3.csv,"df = pd.read_csv(os.path.join(BE.DATA, f'dataset_{SPLIT}_v3.csv')).reset_index(drop=True)"
paper1/code/extra_experiments/jscc_perframe/make_two_regime_figure.py,74,bare_filename,two_regime_kfold_diag.csv,"# --- panel (b) uses the leakage-free IN-DISTRIBUTION k-fold table (two_regime_kfold_diag.csv),"
paper1/code/extra_experiments/jscc_perframe/make_two_regime_figure.py,75,relpath_other,train/tune,#     the same numbers reported in sec:jscc_aware(a). The old leaky edge() (train/tune on the eval
paper1/code/extra_experiments/jscc_perframe/make_two_regime_figure.py,78,bare_filename,two_regime_kfold_diag.csv,"kf = pd.read_csv(os.path.join(BE.OUT, 'two_regime_kfold_diag.csv'))"
paper1/code/extra_experiments/jscc_perframe/make_two_regime_figure.py,135,bare_filename,fig_two_regime.pdf,"out = os.path.join(C.FIGDIR, 'fig_two_regime.pdf')"
paper1/code/extra_experiments/jscc_perframe/make_two_regime_figure.py,136,bare_filename,_preview.png,"fig.savefig(out, bbox_inches='tight'); fig.savefig(out.replace('.pdf', '_preview.png'), dpi=150, bbox_inches='tight')"
paper1/code/extra_experiments/jscc_perframe/make_two_regime_figure.py,20,path_anchor,os.path.dirname,HERE = os.path.dirname(os.path.abspath(__file__))
paper1/code/extra_experiments/jscc_perframe/make_two_regime_figure.py,22,path_anchor,sys.path,"sys.path.insert(0, os.path.join(ROOT, 'extra_experiments'))"
paper1/code/extra_experiments/jscc_perframe/make_two_regime_figure.py,23,local_import,_common,import _common as C  # noqa: E402
paper1/code/extra_experiments/jscc_perframe/make_two_regime_figure.py,66,local_import,build_two_regime_edge,import build_two_regime_edge as BE
paper1/code/extra_experiments/jscc_perframe/plot_channel_codec_ap.py,3,relpath_other,row/col,# row/col titles once each; single figure-level legend. Three reference lines (byte-consistent with
paper1/code/extra_experiments/jscc_perframe/plot_channel_codec_ap.py,13,relpath_local,results/jscc,"POL = os.path.join(P1, 'results/jscc'); FIGDIR = os.path.join(P1, 'paper/figures')"
paper1/code/extra_experiments/jscc_perframe/plot_channel_codec_ap.py,13,relpath_local,paper/figures,"POL = os.path.join(P1, 'results/jscc'); FIGDIR = os.path.join(P1, 'paper/figures')"
paper1/code/extra_experiments/jscc_perframe/plot_channel_codec_ap.py,48,relpath_other,Es/N0,"ax.set_xlabel('Es/N0 (dB)', fontsize=9)"
paper1/code/extra_experiments/jscc_perframe/plot_channel_codec_ap.py,54,bare_filename,_preview.png,"fig.savefig(out, bbox_inches='tight'); fig.savefig(out.replace('.pdf', '_preview.png'), dpi=150, bbox_inches='tight')"
paper1/code/extra_experiments/jscc_perframe/plot_channel_codec_ap.py,12,path_anchor,os.path.dirname,HERE = os.path.dirname(os.path.abspath(__file__)); P1 = os.path.dirname(os.path.dirname(os.path.dirname(HERE)))
paper1/code/extra_experiments/jscc_perframe/plot_channel_codec_ap.py,16,path_anchor,sys.path,"sys.path.insert(0, os.path.join(P1, 'code')); import paper_style as PS; PS.apply()"
paper1/code/extra_experiments/jscc_perframe/run_jscc_perframe.py,7,bare_filename,net_epoch1.pth,"2. copy the stage2 checkpoint as net_epoch1.pth into a fresh model_dir,"
paper1/code/extra_experiments/jscc_perframe/run_jscc_perframe.py,8,relpath_local,analysis_tools/inference_subset.py,"3. run analysis_tools/inference_subset.py --save_npy (dumps per-frame pred/gt .npy),"
paper1/code/extra_experiments/jscc_perframe/run_jscc_perframe.py,8,relpath_other,pred/gt,"3. run analysis_tools/inference_subset.py --save_npy (dumps per-frame pred/gt .npy),"
paper1/code/extra_experiments/jscc_perframe/run_jscc_perframe.py,9,relpath_other,_snrXX/npy,The npy land in <model_root>/<tag>_snrXX/npy and are scored per-frame by
paper1/code/extra_experiments/jscc_perframe/run_jscc_perframe.py,10,bare_filename,score_jscc_perframe.py,"score_jscc_perframe.py (reuses the pipeline's f1_from_boxes, IoU 0.5, so the JSCC F1"
paper1/code/extra_experiments/jscc_perframe/run_jscc_perframe.py,14,relpath_other,home/josh/miniconda3/envs/sionna310/bin/python,PYTHONPATH=. /home/josh/miniconda3/envs/sionna310/bin/python \
paper1/code/extra_experiments/jscc_perframe/run_jscc_perframe.py,15,relpath_local,peiyi_work/01_paper_ca_tosg/extra_experiments/jscc_perframe/run_jscc_perframe.py,peiyi_work/01_paper_ca_tosg/extra_experiments/jscc_perframe/run_jscc_perframe.py \
paper1/code/extra_experiments/jscc_perframe/run_jscc_perframe.py,27,relpath_local,code/,"# code/, the repo root is parents[5] (was [4]); inference_subset.py moved to paper1/analysis_tools/;"
paper1/code/extra_experiments/jscc_perframe/run_jscc_perframe.py,27,bare_filename,inference_subset.py,"# code/, the repo root is parents[5] (was [4]); inference_subset.py moved to paper1/analysis_tools/;"
paper1/code/extra_experiments/jscc_perframe/run_jscc_perframe.py,27,relpath_local,paper1/analysis_tools/,"# code/, the repo root is parents[5] (was [4]); inference_subset.py moved to paper1/analysis_tools/;"
paper1/code/extra_experiments/jscc_perframe/run_jscc_perframe.py,28,relpath_local,results/DATA_MANIFEST.md,"# the learned stage2 checkpoints live on the H: drive (registered in results/DATA_MANIFEST.md, md5"
paper1/code/extra_experiments/jscc_perframe/run_jscc_perframe.py,31,relpath_local,peiyi_work/paper1/analysis_tools/inference_subset.py,INFER = REPO / 'peiyi_work/paper1/analysis_tools/inference_subset.py'
paper1/code/extra_experiments/jscc_perframe/run_jscc_perframe.py,33,relpath_other,mnt/h/opencood_project/outputs/experiment_logs/importance_map_jscc,CKPT_ROOT = Path('/mnt/h/opencood_project/outputs/experiment_logs/importance_map_jscc')
paper1/code/extra_experiments/jscc_perframe/run_jscc_perframe.py,35,relpath_local,opencood/hypes_yaml/point_pillar_importance_map_jscc_awgn_learned.yaml,"'awgn':     REPO / 'opencood/hypes_yaml/point_pillar_importance_map_jscc_awgn_learned.yaml',"
paper1/code/extra_experiments/jscc_perframe/run_jscc_perframe.py,36,relpath_local,opencood/hypes_yaml/point_pillar_importance_map_jscc_rayleigh_learned.yaml,"'rayleigh': REPO / 'opencood/hypes_yaml/point_pillar_importance_map_jscc_rayleigh_learned.yaml',"
paper1/code/extra_experiments/jscc_perframe/run_jscc_perframe.py,37,relpath_local,opencood/hypes_yaml/point_pillar_importance_map_jscc_ofdm_learned.yaml,"'ofdm':     REPO / 'opencood/hypes_yaml/point_pillar_importance_map_jscc_ofdm_learned.yaml',"
paper1/code/extra_experiments/jscc_perframe/run_jscc_perframe.py,40,relpath_other,stage2_awgn_learned_v3/stage2_whole_map_4000steps.pth,"'awgn':     CKPT_ROOT / 'stage2_awgn_learned_v3/stage2_whole_map_4000steps.pth',"
paper1/code/extra_experiments/jscc_perframe/run_jscc_perframe.py,41,relpath_other,stage2_rayleigh_learned_v3/stage2_whole_map_4000steps.pth,"'rayleigh': CKPT_ROOT / 'stage2_rayleigh_learned_v3/stage2_whole_map_4000steps.pth',"
paper1/code/extra_experiments/jscc_perframe/run_jscc_perframe.py,42,relpath_other,stage2_ofdm_learned_v3/stage2_whole_map_4000steps.pth,"'ofdm':     CKPT_ROOT / 'stage2_ofdm_learned_v3/stage2_whole_map_4000steps.pth',"
paper1/code/extra_experiments/jscc_perframe/run_jscc_perframe.py,61,bare_filename,config.yaml,"(model_dir / ""config.yaml"").write_text(cfg_text)"
paper1/code/extra_experiments/jscc_perframe/run_jscc_perframe.py,62,bare_filename,net_epoch1.pth,"shutil.copyfile(CKPT[channel], model_dir / ""net_epoch1.pth"")"
paper1/code/extra_experiments/jscc_perframe/run_jscc_perframe.py,27,path_anchor,parents[,"# code/, the repo root is parents[5] (was [4]); inference_subset.py moved to paper1/analysis_tools/;"
paper1/code/extra_experiments/jscc_perframe/run_jscc_perframe.py,30,path_anchor,Path(__file__),REPO = Path(__file__).resolve().parents[5]          # OpenCOOD repo root
paper1/code/extra_experiments/jscc_perframe/run_jscc_perframe.py,32,path_anchor,Path(__file__),HERE = Path(__file__).resolve().parent
paper1/code/extra_experiments/jscc_perframe/score_jscc.py,2,bare_filename,recompute_canonical_f1.py,"# Per-frame F1 (all boxes, score=ones -- matches recompute_canonical_f1.py) + global-sort AP."
paper1/code/extra_experiments/jscc_perframe/score_jscc.py,5,relpath_other,gs_rerun/jscc_v3/jscc_,"--mode score : for every gs_rerun/jscc_v3/jscc_<ch>_<split>_snr<NN>.npz, per-frame F1 + global-sort"
paper1/code/extra_experiments/jscc_perframe/score_jscc.py,6,relpath_other,gs_rerun/comp_,AP vs the canonical union GT (gs_rerun/comp_<split>.npz['gts']); writes
paper1/code/extra_experiments/jscc_perframe/score_jscc.py,7,relpath_local,results/jscc/jscc_ap_f1.csv,results/jscc/jscc_ap_f1.csv and per-frame F1 npz jscc_perframe_f1_<ch>_<split>.npz.
paper1/code/extra_experiments/jscc_perframe/score_jscc.py,8,relpath_other,8/10/12,"--mode probe : interpolation-validity check. Reads the probe npz at SNR 8/10/12 (validate), computes"
paper1/code/extra_experiments/jscc_perframe/score_jscc.py,10,relpath_local,results/jscc/interp_probe_mae.csv,real F1_10. One row -> results/jscc/interp_probe_mae.csv.
paper1/code/extra_experiments/jscc_perframe/score_jscc.py,17,relpath_local,peiyi_work/paper1,"P1 = os.path.join(REPO, 'peiyi_work/paper1'); GS = os.path.join(P1, 'gs_rerun')"
paper1/code/extra_experiments/jscc_perframe/score_jscc.py,18,relpath_local,results/jscc,"JSCC_DIR = os.path.join(GS, 'jscc_v3'); OUT = os.path.join(P1, 'results/jscc')"
paper1/code/extra_experiments/jscc_perframe/score_jscc.py,26,bare_filename,recompute_canonical_f1.py,"""""""All predicted boxes (score=ones), IoU 0.5 -- identical recipe to recompute_canonical_f1.py."""""""
paper1/code/extra_experiments/jscc_perframe/score_jscc.py,75,bare_filename,interp_probe_mae.csv,"pd.DataFrame([row]).to_csv(os.path.join(OUT, 'interp_probe_mae.csv'), index=False)"
paper1/code/extra_experiments/jscc_perframe/score_jscc.py,76,relpath_local,results/jscc/interp_probe_mae.csv,"print('\n[PROBE]', row); print('wrote results/jscc/interp_probe_mae.csv')"
paper1/code/extra_experiments/jscc_perframe/score_jscc.py,94,bare_filename,jscc_ap_f1.csv,"os.path.join(OUT, 'jscc_ap_f1.csv'), index=False)"
paper1/code/extra_experiments/jscc_perframe/score_jscc.py,95,relpath_local,results/jscc/jscc_ap_f1.csv,print('wrote results/jscc/jscc_ap_f1.csv')
paper1/code/extra_experiments/jscc_perframe/score_jscc.py,14,path_anchor,os.path.dirname,"HERE = os.path.dirname(os.path.abspath(__file__)); REPO = os.path.abspath(os.path.join(HERE, *(['..'] * 5)))"
paper1/code/extra_experiments/jscc_perframe/score_jscc.py,15,path_anchor,sys.path,"sys.path.insert(0, REPO)"
paper1/code/extra_experiments/jscc_perframe/score_jscc_perframe.py,1,bare_filename,run_jscc_perframe.py,#self+ Score per-frame JSCC F1 from the saved npy of run_jscc_perframe.py.
paper1/code/extra_experiments/jscc_perframe/score_jscc_perframe.py,3,relpath_other,runs/v2/dataset.csv,# to late_f1 / compressed_f1 in runs/v2/dataset.csv.
paper1/code/extra_experiments/jscc_perframe/score_jscc_perframe.py,5,relpath_other,runs/,"Scans runs/<tag>_<channel>_snrNN/npy for each requested SNR, computes per-frame F1,"
paper1/code/extra_experiments/jscc_perframe/score_jscc_perframe.py,5,relpath_other,_snrNN/npy,"Scans runs/<tag>_<channel>_snrNN/npy for each requested SNR, computes per-frame F1,"
paper1/code/extra_experiments/jscc_perframe/score_jscc_perframe.py,6,relpath_other,out/jscc_perframe_,and writes out/jscc_perframe_<tag>_<channel>.csv with columns
paper1/code/extra_experiments/jscc_perframe/score_jscc_perframe.py,27,bare_filename,_pred.npy,"p = os.path.join(npy_dir, f'{idx:04d}_pred.npy')"
paper1/code/extra_experiments/jscc_perframe/score_jscc_perframe.py,35,bare_filename,_gt.npy_test.npy,"p = os.path.join(npy_dir, f'{idx:04d}_gt.npy_test.npy')"
paper1/code/extra_experiments/jscc_perframe/score_jscc_perframe.py,72,bare_filename,_pred.npy,n = len({f[:4] for f in os.listdir(npy_dir) if f.endswith('_pred.npy')})
paper1/code/extra_experiments/jscc_perframe/score_jscc_perframe.py,19,path_anchor,os.path.dirname,"REPO = os.path.abspath(os.path.join(os.path.dirname(__file__), *(['..'] * 4)))"
paper1/code/extra_experiments/jscc_perframe/score_jscc_perframe.py,20,path_anchor,sys.path,"sys.path.insert(0, REPO)"
paper1/code/extra_experiments/jscc_perframe/score_jscc_perframe.py,23,path_anchor,os.path.dirname,HERE = os.path.dirname(os.path.abspath(__file__))
paper1/code/extra_experiments/jscc_perframe/score_jscc_perframe.py,80,path_anchor,os.path.dirname,"os.makedirs(os.path.dirname(out), exist_ok=True)"
paper1/code/extra_experiments/robustness.py,3,relpath_other,codeword-BLER/failure-,"# (200 real. + v3 GT + Sionna frame BLER + ego), NOT the old codeword-BLER/failure->0/single-draw path."
paper1/code/extra_experiments/robustness.py,3,relpath_other,0/single-draw,"# (200 real. + v3 GT + Sionna frame BLER + ego), NOT the old codeword-BLER/failure->0/single-draw path."
paper1/code/extra_experiments/robustness.py,7,relpath_other,km/h,"(2) Channel aging: est-snr error from Jakes decorrelation at 60 km/h (fd~327 Hz), delay tau in"
paper1/code/extra_experiments/robustness.py,13,relpath_other,out/robustness_csi_noise.csv,"Outputs: out/robustness_csi_noise.csv, out/robustness_aging.csv, out/robustness_staleness.csv"
paper1/code/extra_experiments/robustness.py,13,relpath_other,out/robustness_aging.csv,"Outputs: out/robustness_csi_noise.csv, out/robustness_aging.csv, out/robustness_staleness.csv"
paper1/code/extra_experiments/robustness.py,13,relpath_other,out/robustness_staleness.csv,"Outputs: out/robustness_csi_noise.csv, out/robustness_aging.csv, out/robustness_staleness.csv"
paper1/code/extra_experiments/robustness.py,104,bare_filename,robustness_csi_noise.csv,"cn.to_csv(os.path.join(C.OUTDIR, 'robustness_csi_noise.csv'), index=False)"
paper1/code/extra_experiments/robustness.py,105,bare_filename,robustness_aging.csv,"ag.to_csv(os.path.join(C.OUTDIR, 'robustness_aging.csv'), index=False)"
paper1/code/extra_experiments/robustness.py,106,bare_filename,robustness_staleness.csv,"st.to_csv(os.path.join(C.OUTDIR, 'robustness_staleness.csv'), index=False)"
paper1/code/extra_experiments/robustness.py,108,relpath_other,km/h,"print('\n=== Channel aging Jakes 60 km/h fd=%.0f Hz (200-real, test) ===' % FD); print(ag.to_string(index=False))"
paper1/code/extra_experiments/robustness.py,19,local_import,_common,import _common as C
paper1/code/extra_experiments/robustness.py,20,local_import,v3_eval,import v3_eval as V
paper1/code/extra_experiments/v3_eval.py,1,relpath_other,a2/a7/a8/,#self+ CA-TOSG P1 Step-5: shared 200-realisation evaluator for the ablation experiments (a2/a7/a8/
paper1/code/extra_experiments/v3_eval.py,5,bare_filename,recompute_policy_200seed.py,"Mirrors recompute_policy_200seed.py exactly: per realisation draw per-frame SNR~U[0,20] and"
paper1/code/extra_experiments/v3_eval.py,17,relpath_local,results/bler_sionna/bler_sionna.csv,"BLER_CSV = os.path.join(_P1, 'results/bler_sionna/bler_sionna.csv')"
paper1/code/extra_experiments/v3_eval.py,18,relpath_other,rate-1/2,# Channel USES per frame (Msymbols) at rate-1/2: info bits / coderate / bits_per_symbol. The modulator
paper1/code/extra_experiments/v3_eval.py,19,relpath_other,rate-1/2,"# carries the CODED stream (rate-1/2 -> 2x info bits), so C16 = 1.98/0.5/4 = 0.99, C256 = 1.98/0.5/8 ="
paper1/code/extra_experiments/v3_eval.py,21,relpath_other,rate-1/2,# for the rate-1/2 chain used throughout + the Sionna table; corrected 2026-07-12 per supervisor.)
paper1/code/extra_experiments/v3_eval.py,29,bare_filename,PROVENANCE_ofdm.txt,# OFDM rows live in a separate file until the supervisor reviews the curve (PROVENANCE_ofdm.txt) --
paper1/code/extra_experiments/v3_eval.py,31,bare_filename,bler_sionna_ofdm.csv,"_OFDM = os.path.join(os.path.dirname(BLER_CSV), 'bler_sionna_ofdm.csv')"
paper1/code/extra_experiments/v3_eval.py,15,path_anchor,os.path.dirname,_HERE = os.path.dirname(os.path.abspath(__file__))
paper1/code/extra_experiments/v3_eval.py,16,path_anchor,os.path.dirname,_P1 = os.path.dirname(os.path.dirname(_HERE))
paper1/code/extra_experiments/v3_eval.py,31,path_anchor,os.path.dirname,"_OFDM = os.path.join(os.path.dirname(BLER_CSV), 'bler_sionna_ofdm.csv')"
paper1/code/extract_claims.py,1,relpath_other,usr/bin/env,#!/usr/bin/env python3
paper1/code/extract_claims.py,5,relpath_local,paper/main.tex,"Pulls every number-bearing sentence out of paper/main.tex and emits paper1/CLAIMS.md, a 9-column"
paper1/code/extract_claims.py,5,relpath_local,paper1/CLAIMS.md,"Pulls every number-bearing sentence out of paper/main.tex and emits paper1/CLAIMS.md, a 9-column"
paper1/code/extract_claims.py,11,relpath_other,citation/label/ref,"numeric tokens, excluding citation/label/ref keys). The six evidence columns are back-filled by hand"
paper1/code/extract_claims.py,22,relpath_other,pm/,"TOKENISATION: \pm/\times/... render as ±/×/...; thousands 2{,}000 -> one token; numbers inside"
paper1/code/extract_claims.py,22,relpath_other,times/,"TOKENISATION: \pm/\times/... render as ±/×/...; thousands 2{,}000 -> one token; numbers inside"
paper1/code/extract_claims.py,23,relpath_other,cite/,\cite/\ref/\label/\eqref keys stripped before extraction; residue cleaned (LaTeX en-dash `--` split;
paper1/code/extract_claims.py,23,relpath_other,ref/,\cite/\ref/\label/\eqref keys stripped before extraction; residue cleaned (LaTeX en-dash `--` split;
paper1/code/extract_claims.py,23,relpath_other,label/,\cite/\ref/\label/\eqref keys stripped before extraction; residue cleaned (LaTeX en-dash `--` split;
paper1/code/extract_claims.py,24,relpath_other,trailing/leading,trailing/leading commas stripped; empty tokens dropped).
paper1/code/extract_claims.py,26,relpath_local,paper1/code/extract_claims.py,Run:  python paper1/code/extract_claims.py          # writes paper1/CLAIMS.md
paper1/code/extract_claims.py,26,relpath_local,paper1/CLAIMS.md,Run:  python paper1/code/extract_claims.py          # writes paper1/CLAIMS.md
paper1/code/extract_claims.py,27,relpath_local,paper1/code/extract_claims.py,python paper1/code/extract_claims.py --check   # exit 1 if CLAIMS.md is stale
paper1/code/extract_claims.py,27,bare_filename,CLAIMS.md,python paper1/code/extract_claims.py --check   # exit 1 if CLAIMS.md is stale
paper1/code/extract_claims.py,36,relpath_local,paper/main.tex,"TEX = os.path.join(P1, 'paper/main.tex')"
paper1/code/extract_claims.py,37,bare_filename,CLAIMS.md,"OUT = os.path.join(P1, 'CLAIMS.md')"
paper1/code/extract_claims.py,52,relpath_other,cite/,"""""""Drop \\cite/\\ref/\\label keys (their digits are not claims); normalise 2{,}000 -> 2,000 and the"
paper1/code/extract_claims.py,52,relpath_other,ref/,"""""""Drop \\cite/\\ref/\\label keys (their digits are not claims); normalise 2{,}000 -> 2,000 and the"
paper1/code/extract_claims.py,99,relpath_other,trailing/leading,"v = m.group(0).strip(',')                              # drop trailing/leading comma residue"
paper1/code/extract_claims.py,100,relpath_other,+/-,"# a leading +/- that is really a hyphen after a letter (e.g. ""rate-1/2"") is not a sign"
paper1/code/extract_claims.py,100,relpath_other,rate-1/2,"# a leading +/- that is really a hyphen after a letter (e.g. ""rate-1/2"") is not a sign"
paper1/code/extract_claims.py,110,relpath_other,action/QAM,# PLUS the action/QAM mode identifiers -- otherwise two claims that differ ONLY by C16 vs C256
paper1/code/extract_claims.py,145,relpath_local,paper/main.tex,"""Every number-bearing sentence in `paper/main.tex`, one row per claim. **Auto-generated by """
paper1/code/extract_claims.py,146,relpath_local,code/extract_claims.py,"""`code/extract_claims.py`** (ID + Claim + Exact value). Stable `ID` survives re-runs. The six """
paper1/code/extract_claims.py,150,relpath_other,R6/R7,"""_Diagnostic note (PROTOCOL R6/R7): the gap between a candidate's OOF payload and its full-retrain """
paper1/code/extract_claims.py,189,relpath_local,paper/main.tex,"lines.append(f""\n_Total: {len(rows)} number-bearing claims from `paper/main.tex`. """
paper1/code/extract_claims.py,200,bare_filename,CLAIMS.md,print('CLAIMS.md is STALE vs main.tex -- re-run: python code/extract_claims.py')
paper1/code/extract_claims.py,200,bare_filename,main.tex,print('CLAIMS.md is STALE vs main.tex -- re-run: python code/extract_claims.py')
paper1/code/extract_claims.py,200,relpath_local,code/extract_claims.py,print('CLAIMS.md is STALE vs main.tex -- re-run: python code/extract_claims.py')
paper1/code/extract_claims.py,202,bare_filename,CLAIMS.md,print('CLAIMS.md up to date.')
paper1/code/extract_claims.py,34,path_anchor,os.path.dirname,HERE = os.path.dirname(os.path.abspath(__file__))
paper1/code/extract_claims.py,35,path_anchor,os.path.dirname,P1 = os.path.dirname(HERE)
paper1/code/gt_audit.py,4,bare_filename,base_postprocessor.py,#   - EVAL-time GT = post_processor.generate_gt_bbx (base_postprocessor.py L45-96): projects EVERY
paper1/code/gt_audit.py,12,relpath_local,results/gt_audit.csv,# Output: results/gt_audit.csv
paper1/code/gt_audit.py,15,relpath_other,home/josh/cooperative_semantic_perception/OpenCOOD,"REPO = '/home/josh/cooperative_semantic_perception/OpenCOOD'; sys.path.insert(0, REPO)"
paper1/code/gt_audit.py,16,relpath_local,peiyi_work/paper1/gs_rerun,"GS = os.path.join(REPO, 'peiyi_work/paper1/gs_rerun')"
paper1/code/gt_audit.py,60,relpath_other,lgn/n,"lateGT_near=round(lgn/n, 2), lateGT_far=round(lgf/n, 2),"
paper1/code/gt_audit.py,60,relpath_other,lgf/n,"lateGT_near=round(lgn/n, 2), lateGT_far=round(lgf/n, 2),"
paper1/code/gt_audit.py,61,relpath_other,cgn/n,"compGT_near=round(cgn/n, 2), compGT_far=round(cgf/n, 2),"
paper1/code/gt_audit.py,61,relpath_other,cgf/n,"compGT_near=round(cgn/n, 2), compGT_far=round(cgf/n, 2),"
paper1/code/gt_audit.py,65,relpath_other,lgn/n,"print(f""{sp:9s} GT late {lgn/n:.2f}/{lgf/n:.2f} comp {cgn/n:.2f}/{cgf/n:.2f} (near/far) overlap={ov:.3f} """
paper1/code/gt_audit.py,65,relpath_other,lgf/n,"print(f""{sp:9s} GT late {lgn/n:.2f}/{lgf/n:.2f} comp {cgn/n:.2f}/{cgf/n:.2f} (near/far) overlap={ov:.3f} """
paper1/code/gt_audit.py,65,relpath_other,cgn/n,"print(f""{sp:9s} GT late {lgn/n:.2f}/{lgf/n:.2f} comp {cgn/n:.2f}/{cgf/n:.2f} (near/far) overlap={ov:.3f} """
paper1/code/gt_audit.py,65,relpath_other,cgf/n,"print(f""{sp:9s} GT late {lgn/n:.2f}/{lgf/n:.2f} comp {cgn/n:.2f}/{cgf/n:.2f} (near/far) overlap={ov:.3f} """
paper1/code/gt_audit.py,65,relpath_other,near/far,"print(f""{sp:9s} GT late {lgn/n:.2f}/{lgf/n:.2f} comp {cgn/n:.2f}/{cgf/n:.2f} (near/far) overlap={ov:.3f} """
paper1/code/gt_audit.py,68,relpath_local,results/gt_audit.csv,"df.to_csv(os.path.join(os.path.dirname(os.path.dirname(os.path.abspath(__file__))), 'results/gt_audit.csv'), index=False)"
paper1/code/gt_audit.py,71,relpath_local,results/gt_audit.csv,"print(""[artifact] results/gt_audit.csv"")"
paper1/code/gt_audit.py,15,path_anchor,sys.path,"REPO = '/home/josh/cooperative_semantic_perception/OpenCOOD'; sys.path.insert(0, REPO)"
paper1/code/gt_audit.py,68,path_anchor,os.path.dirname,"df.to_csv(os.path.join(os.path.dirname(os.path.dirname(os.path.abspath(__file__))), 'results/gt_audit.csv'), index=False)"
paper1/code/make_dataset.py,6,relpath_local,data/dataset_,Inputs  : data/dataset_{split}_v3.csv  (from recompute_canonical_f1.py -- carries the canonical
paper1/code/make_dataset.py,6,bare_filename,_v3.csv,Inputs  : data/dataset_{split}_v3.csv  (from recompute_canonical_f1.py -- carries the canonical
paper1/code/make_dataset.py,6,bare_filename,recompute_canonical_f1.py,Inputs  : data/dataset_{split}_v3.csv  (from recompute_canonical_f1.py -- carries the canonical
paper1/code/make_dataset.py,11,relpath_other,SNR/channel,"Everything else (cues, canonical F1 columns, the frozen SNR/channel draw) is untouched."
paper1/code/make_dataset.py,14,relpath_local,results/bler_sionna/bler_sionna.csv,"1. BLER SOURCE = Sionna frame-level table results/bler_sionna/bler_sionna.csv, reading the"
paper1/code/make_dataset.py,15,relpath_other,Es/N0,"`bler_frame` column (= 1-(1-p_cw)^3960, Es/N0 axis) -- NOT the deprecated codeword-level"
paper1/code/make_dataset.py,16,bare_filename,ldpc_qam_bler_table.csv,"ldpc_qam_bler_table.csv (whose codeword BLER, used as if frame-level, was ~3 orders too"
paper1/code/make_dataset.py,17,relpath_other,Es/N0,"optimistic). est_snr_db is read as Es/N0, identical to true_e2e_global.py."
paper1/code/make_dataset.py,17,bare_filename,true_e2e_global.py,"optimistic). est_snr_db is read as Es/N0, identical to true_e2e_global.py."
paper1/code/make_dataset.py,32,bare_filename,a1_pareto.py,Lagrangian lambda>0 sweep lives only in the pareto experiment (a1_pareto.py) and is not touched here.
paper1/code/make_dataset.py,53,relpath_other,home/josh/cooperative_semantic_perception/OpenCOOD,REPO = '/home/josh/cooperative_semantic_perception/OpenCOOD'
paper1/code/make_dataset.py,54,relpath_local,peiyi_work/paper1,"P1 = os.path.join(REPO, 'peiyi_work/paper1')"
paper1/code/make_dataset.py,56,relpath_local,results/bler_sionna/bler_sionna.csv,"BLER_CSV = os.path.join(P1, 'results/bler_sionna/bler_sionna.csv')  # frame-level, Es/N0"
paper1/code/make_dataset.py,56,relpath_other,Es/N0,"BLER_CSV = os.path.join(P1, 'results/bler_sionna/bler_sionna.csv')  # frame-level, Es/N0"
paper1/code/make_dataset.py,62,relpath_other,bits/sym,# payload but C-256 uses half the symbols (8 vs 4 bits/sym). Kept for the printed sanity report;
paper1/code/make_dataset.py,64,relpath_other,rate-1/2,# channel uses (Msym) at rate-1/2 (report only; the lam=0 oracle label does NOT depend on payload):
paper1/code/make_dataset.py,70,relpath_other,Es/N0,"""""""Frame-level BLER at Es/N0=snr (dB) for a QAM order over a channel, from the Sionna table."
paper1/code/make_dataset.py,84,bare_filename,_v3.csv,"path = os.path.join(DATA, f'dataset_{sp}_v3.csv')"
paper1/code/make_dataset.py,125,bare_filename,_v3.csv,print(f'  md5(dataset_{sp}_v3.csv) = {md5s[sp]}')
paper1/code/make_dataset.py,127,bare_filename,_v3.csv,print('\n=== dataset_*_v3.csv md5 (for PROVENANCE) ===')
paper1/code/p2_dataprep/_scene_map.py,1,relpath_other,usr/bin/env,#!/usr/bin/env python3
paper1/code/p2_dataprep/_scene_map.py,5,bare_filename,_v3.csv,The per-frame dataset (dataset_{split}_v3.csv) carries a running sample_id 0..n-1 but NO scene
paper1/code/p2_dataprep/_scene_map.py,13,bare_filename,train_p2_loso.py,This is the SINGLE source of scene identity for the LOSO folds (train_p2_loso.py) and the leakage
paper1/code/p2_dataprep/_scene_map.py,14,bare_filename,check_leakage.py,"gate (check_leakage.py), so the folds and their audit share one definition by construction."
paper1/code/p2_dataprep/anomaly_check.py,1,relpath_other,usr/bin/env,#!/usr/bin/env python3
paper1/code/p2_dataprep/anomaly_check.py,5,relpath_local,results/p2_deploy/,"Reads results/p2_deploy/* + FROZEN_MANIFEST.json + the grids, tests every pre-registered sec-8"
paper1/code/p2_dataprep/anomaly_check.py,5,bare_filename,FROZEN_MANIFEST.json,"Reads results/p2_deploy/* + FROZEN_MANIFEST.json + the grids, tests every pre-registered sec-8"
paper1/code/p2_dataprep/anomaly_check.py,6,relpath_local,results/p2_deploy/anomaly_report.txt,"expectation, writes results/p2_deploy/anomaly_report.txt, and -- per the binding handling rules --"
paper1/code/p2_dataprep/anomaly_check.py,10,relpath_other,path/to/env/python,Run:  /path/to/env/python paper1/code/p2_dataprep/anomaly_check.py
paper1/code/p2_dataprep/anomaly_check.py,10,relpath_local,paper1/code/p2_dataprep/anomaly_check.py,Run:  /path/to/env/python paper1/code/p2_dataprep/anomaly_check.py
paper1/code/p2_dataprep/anomaly_check.py,20,relpath_local,results/p2_deploy,"DEPLOY = os.path.join(P1, 'results/p2_deploy')"
paper1/code/p2_dataprep/anomaly_check.py,21,relpath_local,results/p2_dataprep/FROZEN_MANIFEST.json,"MANIFEST = os.path.join(P1, 'results/p2_dataprep/FROZEN_MANIFEST.json')"
paper1/code/p2_dataprep/anomaly_check.py,22,bare_filename,anomaly_report.txt,"REPORT = os.path.join(DEPLOY, 'anomaly_report.txt')"
paper1/code/p2_dataprep/anomaly_check.py,27,bare_filename,headline_action_dist.csv,"act = pd.read_csv(os.path.join(DEPLOY, 'headline_action_dist.csv'))"
paper1/code/p2_dataprep/anomaly_check.py,28,bare_filename,replay_summary.csv,"summ = pd.read_csv(os.path.join(DEPLOY, 'replay_summary.csv'))"
paper1/code/p2_dataprep/anomaly_check.py,36,relpath_other,catosg-frozen-manifest/1,"add('S8-plumbing', 'manifest present, schema catosg-frozen-manifest/1, frozen payload <= B_max',"
paper1/code/p2_dataprep/anomaly_check.py,37,relpath_other,catosg-frozen-manifest/1,"man.get('schema') == 'catosg-frozen-manifest/1' and ok_pay,"
paper1/code/p2_dataprep/anomaly_check.py,44,relpath_other,model/lambda,# 7. one frozen model/lambda*/tau* per budget (structural: eval reads manifest only)
paper1/code/p2_dataprep/anomaly_check.py,45,relpath_other,test/Culver,"add('S8-onefrozen', 'test/Culver produced with exactly one frozen model + lambda*/tau* from the manifest',"
paper1/code/p2_dataprep/anomaly_check.py,57,relpath_other,E/L-dominated,# 3. AWGN low-SNR (<=8) E/L-dominated
paper1/code/p2_dataprep/anomaly_check.py,58,relpath_other,E/L-dominated,"add(f'S8-awgnlowEL[{split},B{budget}]', 'AWGN low SNR (<=8 dB): E/L-dominated (F small)',"
paper1/code/p2_dataprep/anomaly_check.py,86,relpath_other,test/Culver,"'substantially on test/Culver (esp. under Rayleigh, where F is infeasible and the '"
paper1/code/p2_dataprep/anomaly_check.py,89,relpath_other,B010/B020,'models. NOTE (corrected per R10): B010/B020\'s cw=balanced candidates WERE '
paper1/code/p2_dataprep/anomaly_check.py,94,bare_filename,r10c_diagnostic.py,'post-unblinding diagnostic (r10c_diagnostic.py) quantifies the cost against the '
paper1/code/p2_dataprep/anomaly_check.py,98,relpath_other,R10c/R10d,'cost only payload was RETRACTED in R10c/R10d).\n')
paper1/code/p2_dataprep/anomaly_check.py,113,relpath_local,results/p2_deploy/anomaly_report.txt,'(see results/p2_deploy/anomaly_report.txt). Halted per handling rule 1.')
paper1/code/p2_dataprep/anomaly_check.py,18,path_anchor,os.path.dirname,HERE = os.path.dirname(os.path.abspath(__file__))
paper1/code/p2_dataprep/anomaly_check.py,19,path_anchor,os.path.dirname,P1 = os.path.dirname(os.path.dirname(HERE))
paper1/code/p2_dataprep/check_leakage.py,1,relpath_other,usr/bin/env,#!/usr/bin/env python3
paper1/code/p2_dataprep/check_leakage.py,7,bare_filename,validate_loso_folds.csv,"channel copies, each frame maps to one scene). If the LOSO record validate_loso_folds.csv is"
paper1/code/p2_dataprep/check_leakage.py,9,relpath_other,70/30,set == the grid scenes -- this replaces the old 70/30 disjointness check (Change-log R1). With a
paper1/code/p2_dataprep/check_leakage.py,16,bare_filename,scene_manifest_validate.csv,"(3) INDEPENDENT scene cross-check, NO SKIP: scene_manifest_validate.csv (different code path) must"
paper1/code/p2_dataprep/check_leakage.py,22,relpath_other,test/Culver,no test/Culver scene.
paper1/code/p2_dataprep/check_leakage.py,24,relpath_local,data/p2/,"Data-dependent: the validate grid lives in data/p2/ (git-excluded). If absent, the gate FAILS with an"
paper1/code/p2_dataprep/check_leakage.py,42,relpath_local,peiyi_work/paper1/data,"DATA = os.path.join(OPENCOOD, 'peiyi_work/paper1/data')"
paper1/code/p2_dataprep/check_leakage.py,43,relpath_local,data/p2,"GRID = os.path.join(P1, 'data/p2')"
paper1/code/p2_dataprep/check_leakage.py,44,relpath_local,results/p2_dataprep,"PROV = os.path.join(P1, 'results/p2_dataprep')"
paper1/code/p2_dataprep/check_leakage.py,45,bare_filename,FROZEN_MANIFEST.json,"MANIFEST = os.path.join(PROV, 'FROZEN_MANIFEST.json')"
paper1/code/p2_dataprep/check_leakage.py,46,bare_filename,validate_loso_folds.csv,"FOLDS = os.path.join(PROV, 'validate_loso_folds.csv')"
paper1/code/p2_dataprep/check_leakage.py,47,bare_filename,PROTOCOL.md,"PROTOCOL = os.path.join(P1, 'PROTOCOL.md')"
paper1/code/p2_dataprep/check_leakage.py,48,bare_filename,dataset_validate.csv,"CUES_CSV = os.path.join(DATA, 'dataset_validate.csv')"
paper1/code/p2_dataprep/check_leakage.py,49,bare_filename,p2_grid_validate.csv,"GRID_CSV = os.path.join(GRID, 'p2_grid_validate.csv')"
paper1/code/p2_dataprep/check_leakage.py,50,relpath_local,results/bler_sionna/bler_sionna.csv,"BLER_CSV = os.path.join(P1, 'results/bler_sionna/bler_sionna.csv')"
paper1/code/p2_dataprep/check_leakage.py,51,relpath_other,catosg-frozen-manifest/1,SCHEMA = 'catosg-frozen-manifest/1'
paper1/code/p2_dataprep/check_leakage.py,55,bare_filename,PROTOCOL.md,"""""""Return (md5, n_candidates) for PROTOCOL.md's CATOSG-CANDIDATES block (single source of truth)."""""""
paper1/code/p2_dataprep/check_leakage.py,59,bare_filename,PROTOCOL.md,raise Fail('CATOSG-CANDIDATES block not found in PROTOCOL.md')
paper1/code/p2_dataprep/check_leakage.py,102,bare_filename,expand_grid_clean.py,raise Fail(f'{split} grid absent ({p}); run expand_grid_clean.py (cannot verify without data).')
paper1/code/p2_dataprep/check_leakage.py,128,bare_filename,validate_loso_folds.csv,"raise Fail(f'validate_loso_folds.csv has {len(folds)} rows, expected {n_cand}x{len(grid_scenes)}')"
paper1/code/p2_dataprep/check_leakage.py,145,bare_filename,validate_loso_folds.csv,raise Fail('manifest present but validate_loso_folds.csv absent (LOSO record required post-freeze).')
paper1/code/p2_dataprep/check_leakage.py,154,bare_filename,FROZEN_MANIFEST.json,print('  (2) manifest: PRE-FREEZE (no FROZEN_MANIFEST.json).')
paper1/code/p2_dataprep/check_leakage.py,158,bare_filename,FROZEN_MANIFEST.json,raise Fail('FROZEN_MANIFEST.json is EMPTY')
paper1/code/p2_dataprep/check_leakage.py,162,bare_filename,FROZEN_MANIFEST.json,raise Fail(f'FROZEN_MANIFEST.json is not valid JSON: {e}')
paper1/code/p2_dataprep/check_leakage.py,174,relpath_other,grid/cues/folds,"# check 4: declared inputs + grid/cues/folds must all exist (missing = FAIL, no skip)"
paper1/code/p2_dataprep/check_leakage.py,179,relpath_escaping_repo,../OpenCOOD/,"fp = os.path.join(P1, meta['file'])                       # check 10: cue relpath (../OpenCOOD/..) resolves"
paper1/code/p2_dataprep/check_leakage.py,191,bare_filename,validate_loso_folds.csv,"raise Fail(f'validate_loso_folds.csv has {len(folds)} rows, expected {n_cand}x{man[""loso""][""folds""]}={expect}')"
paper1/code/p2_dataprep/check_leakage.py,193,bare_filename,validate_loso_folds.csv,raise Fail('validate_loso_folds.csv missing n_frames column (R6: weighted payload must be recomputable)')
paper1/code/p2_dataprep/check_leakage.py,240,relpath_other,0/1,#        the CSV column (0/1) must agree with the recompute for every attempted row.
paper1/code/p2_dataprep/check_leakage.py,258,relpath_other,payload/F1,# R9-2b: the selected walk row's frozen payload/F1 must match the manifest item-by-item
paper1/code/p2_dataprep/check_leakage.py,268,bare_filename,scene_manifest_validate.csv,"man_p = os.path.join(PROV, 'scene_manifest_validate.csv')"
paper1/code/p2_dataprep/check_leakage.py,270,bare_filename,export_scene_manifest.py,raise Fail(f'scene manifest absent ({man_p}); run export_scene_manifest.py (no-skip anchor).')
paper1/code/p2_dataprep/check_leakage.py,278,bare_filename,dataset_validate.csv,"ds_p = os.path.join(DATA, 'dataset_validate.csv')"
paper1/code/p2_dataprep/check_leakage.py,283,bare_filename,dataset_validate.csv,raise Fail('dataset_validate.csv missing cav_keys or length != manifest (anchor cannot run)')
paper1/code/p2_dataprep/check_leakage.py,306,relpath_other,selection/tuning,raise Fail(f'{split} grid carries selection/tuning columns: {sorted(bad)}')
paper1/code/p2_dataprep/check_leakage.py,311,bare_filename,FROZEN_MANIFEST.json,raise Fail(f'{split} grid predates FROZEN_MANIFEST.json (built before freeze?)')
paper1/code/p2_dataprep/check_leakage.py,316,relpath_other,test/Culver,raise Fail(f'test/Culver tuning artifact present in results/p2_dataprep/: {fn}')
paper1/code/p2_dataprep/check_leakage.py,316,relpath_local,results/p2_dataprep/,raise Fail(f'test/Culver tuning artifact present in results/p2_dataprep/: {fn}')
paper1/code/p2_dataprep/check_leakage.py,319,relpath_other,test/Culver,print(f'  (4) test/Culver clean OK [{stage}].')
paper1/code/p2_dataprep/check_leakage.py,36,path_anchor,sys.path,"sys.path.insert(0, os.path.dirname(os.path.abspath(__file__)))"
paper1/code/p2_dataprep/check_leakage.py,37,local_import,_scene_map,"from _scene_map import scene_labels, _scene_frame_counts  # noqa: E402"
paper1/code/p2_dataprep/check_leakage.py,39,path_anchor,os.path.dirname,HERE = os.path.dirname(os.path.abspath(__file__))
paper1/code/p2_dataprep/check_leakage.py,40,path_anchor,os.path.dirname,P1 = os.path.dirname(os.path.dirname(HERE))
paper1/code/p2_dataprep/check_leakage.py,41,path_anchor,os.path.dirname,"OPENCOOD = os.path.join(os.path.dirname(os.path.dirname(P1)), 'OpenCOOD')"
paper1/code/p2_dataprep/eval_p2_ap.py,1,relpath_other,usr/bin/env,#!/usr/bin/env python3
paper1/code/p2_dataprep/eval_p2_ap.py,5,bare_filename,eval_p2_deploy.py,This is the AP companion to eval_p2_deploy.py. It is DESCRIPTIVE: the R9 decision was made once
paper1/code/p2_dataprep/eval_p2_ap.py,6,bare_filename,eval_p2_deploy.py,"(eval_p2_deploy.py, r9_decision.csv) and is NOT revisited here. No confirmatory / adjudicative"
paper1/code/p2_dataprep/eval_p2_ap.py,6,bare_filename,r9_decision.csv,"(eval_p2_deploy.py, r9_decision.csv) and is NOT revisited here. No confirmatory / adjudicative"
paper1/code/p2_dataprep/eval_p2_ap.py,20,relpath_other,snr/channel,(BLER_COIN_SEED) so the deploy snr/channel draw sequence stays byte-identical; the same coin matrix is
paper1/code/p2_dataprep/eval_p2_ap.py,21,relpath_other,+/-,shared by RF and tau within a split (paired). AP is the mean +/- std over the 200 realisations.
paper1/code/p2_dataprep/eval_p2_ap.py,27,bare_filename,true_e2e_global.py,"calculate_ap(..., global_sort_detections=True)), identical to true_e2e_global.py."
paper1/code/p2_dataprep/eval_p2_ap.py,39,relpath_local,results/p2_deploy/,Outputs (results/p2_deploy/):
paper1/code/p2_dataprep/eval_p2_ap.py,40,bare_filename,true_e2e_ap.csv,"true_e2e_ap.csv     -- split x budget x policy: ap30/50/70 (mean, and std over 200 realisations for"
paper1/code/p2_dataprep/eval_p2_ap.py,40,relpath_other,ap30/50/70,"true_e2e_ap.csv     -- split x budget x policy: ap30/50/70 (mean, and std over 200 realisations for"
paper1/code/p2_dataprep/eval_p2_ap.py,41,relpath_other,RF/tau,the stochastic RF/tau rows; std=0 / blank for the deterministic references).
paper1/code/p2_dataprep/eval_p2_ap.py,42,bare_filename,PROVENANCE_ap.txt,"PROVENANCE_ap.txt   -- seeds, GT convention, the AP-vs-F1 coin note, cache hashes."
paper1/code/p2_dataprep/eval_p2_ap.py,44,relpath_other,path/to/env/python,Run:  /path/to/env/python paper1/code/p2_dataprep/eval_p2_ap.py
paper1/code/p2_dataprep/eval_p2_ap.py,44,relpath_local,paper1/code/p2_dataprep/eval_p2_ap.py,Run:  /path/to/env/python paper1/code/p2_dataprep/eval_p2_ap.py
paper1/code/p2_dataprep/eval_p2_ap.py,61,relpath_local,peiyi_work/paper1/gs_rerun,"GS = os.path.join(OPENCOOD, 'peiyi_work/paper1/gs_rerun')   # ego/late/comp_{split}.npz caches"
paper1/code/p2_dataprep/eval_p2_ap.py,61,relpath_other,ego/late/comp_,"GS = os.path.join(OPENCOOD, 'peiyi_work/paper1/gs_rerun')   # ego/late/comp_{split}.npz caches"
paper1/code/p2_dataprep/eval_p2_ap.py,70,bare_filename,true_e2e_global.py,"LATE, COMP, EGO = 0, 1, 2     # branch indices (ST order), matching true_e2e_global.py"
paper1/code/p2_dataprep/eval_p2_ap.py,96,bare_filename,true_e2e_global.py,"Global-sort AP vs the ONE canonical GT (gt_tot = sum gtn), identical to true_e2e_global.py."""""""
paper1/code/p2_dataprep/eval_p2_ap.py,110,relpath_other,LATE/COMP/EGO,"""""""Vectorised action-index (0=E,1=L,2=F) -> branch (LATE/COMP/EGO) for one realisation."
paper1/code/p2_dataprep/eval_p2_ap.py,175,relpath_other,0/1/2,"rf_idx = D.rf_actions_stacked(bd['model'], bd['feat'], ds, snr_2d, is_ray_2d)   # (R,n) 0/1/2"
paper1/code/p2_dataprep/eval_p2_ap.py,176,relpath_other,1/2,"ta_idx = D.tau_actions(snr_2d, is_ray_2d, bd['tau'])                            # (R,n) 1/2"
paper1/code/p2_dataprep/eval_p2_ap.py,189,relpath_other,+/-,"f'AP@.5={np.mean(a50):.4f}+/-{np.std(a50):.4f} AP@.7={np.mean(a70):.4f}', flush=True)"
paper1/code/p2_dataprep/eval_p2_ap.py,192,bare_filename,true_e2e_ap.csv,"df.to_csv(os.path.join(OUT, 'true_e2e_ap.csv'), index=False)"
paper1/code/p2_dataprep/eval_p2_ap.py,194,bare_filename,PROVENANCE_ap.txt,"with open(os.path.join(OUT, 'PROVENANCE_ap.txt'), 'w') as f:"
paper1/code/p2_dataprep/eval_p2_ap.py,195,bare_filename,eval_p2_ap.py,f.write('CA-TOSG P2 submit-B / 6d -- TRUE end-to-end AP (eval_p2_ap.py). DESCRIPTIVE ONLY.\n' + '=' * 78 + '\n')
paper1/code/p2_dataprep/eval_p2_ap.py,196,relpath_local,results/p2_dataprep/FROZEN_MANIFEST.json,"f.write(f'manifest: results/p2_dataprep/FROZEN_MANIFEST.json (schema {man[""schema""]}, freeze {man[""freeze_timestamp""]})\n')"
paper1/code/p2_dataprep/eval_p2_ap.py,197,bare_filename,eval_p2_deploy.py,f.write('Selector application + CSI replay are BIT-IDENTICAL to eval_p2_deploy.py '
paper1/code/p2_dataprep/eval_p2_ap.py,198,relpath_other,load_manifest/bler16/rf_actions_stacked/tau_actions,'(imported load_manifest/bler16/rf_actions_stacked/tau_actions; same rng(CSI_SEED) order).\n')
paper1/code/p2_dataprep/eval_p2_ap.py,199,relpath_other,samplings/split,"f.write(f'CSI: {N_REPLAY} paired samplings/split, seed={CSI_SEED} (SNR~U[0,20], channel~Bernoulli(0.5 Rayleigh)).\n')"
paper1/code/p2_dataprep/eval_p2_ap.py,211,bare_filename,r9_decision.csv,f.write('DESCRIPTIVE table; the R9 decision (r9_decision.csv) is not revisited here.\n')
paper1/code/p2_dataprep/eval_p2_ap.py,212,relpath_local,results/p2_deploy/true_e2e_ap.csv,"print('\nwrote results/p2_deploy/true_e2e_ap.csv + PROVENANCE_ap.txt', flush=True)"
paper1/code/p2_dataprep/eval_p2_ap.py,212,bare_filename,PROVENANCE_ap.txt,"print('\nwrote results/p2_deploy/true_e2e_ap.csv + PROVENANCE_ap.txt', flush=True)"
paper1/code/p2_dataprep/eval_p2_ap.py,54,path_anchor,os.path.dirname,HERE = os.path.dirname(os.path.abspath(__file__))
paper1/code/p2_dataprep/eval_p2_ap.py,55,path_anchor,sys.path,"sys.path.insert(0, HERE)"
paper1/code/p2_dataprep/eval_p2_ap.py,56,local_import,eval_p2_deploy,import eval_p2_deploy as D  # bit-identical selector + CSI machinery (single source)
paper1/code/p2_dataprep/eval_p2_ap.py,60,path_anchor,sys.path,"sys.path.insert(0, OPENCOOD)                                # for `import opencood.utils.eval_utils`"
paper1/code/p2_dataprep/eval_p2_deploy.py,1,relpath_other,usr/bin/env,#!/usr/bin/env python3
paper1/code/p2_dataprep/eval_p2_deploy.py,5,bare_filename,FROZEN_MANIFEST.json,EVERY parameter comes from FROZEN_MANIFEST.json and NOWHERE else (PROTOCOL sec 6 / R9): the three
paper1/code/p2_dataprep/eval_p2_deploy.py,7,relpath_other,test/Culver,"sourced elsewhere is a fuse. test/Culver LABELS are used ONLY for scoring, never for selection"
paper1/code/p2_dataprep/eval_p2_deploy.py,16,relpath_local,results/p2_deploy/,"Outputs (results/p2_deploy/, all raw + PROVENANCE):"
paper1/code/p2_dataprep/eval_p2_deploy.py,18,bare_filename,headline_action_dist.csv,"b. headline_action_dist.csv  -- per split x budget x SNR x channel: RF & oracle action fractions,"
paper1/code/p2_dataprep/eval_p2_deploy.py,19,relpath_other,F1/payload,"realised grid F1/payload, RF-vs-oracle accuracy (from the deterministic grid)."
paper1/code/p2_dataprep/eval_p2_deploy.py,20,relpath_other,E/L/F,c. perclass_{split}_{tag}.csv + confusion -- E/L/F precision/recall/support of RF vs oracle_ELF.
paper1/code/p2_dataprep/eval_p2_deploy.py,20,relpath_other,precision/recall/support,c. perclass_{split}_{tag}.csv + confusion -- E/L/F precision/recall/support of RF vs oracle_ELF.
paper1/code/p2_dataprep/eval_p2_deploy.py,21,bare_filename,eval_p2_ap.py,d. (true end-to-end AP -- separate step; see eval_p2_ap.py.)
paper1/code/p2_dataprep/eval_p2_deploy.py,22,bare_filename,r9_decision.csv,"R9 decision: r9_decision.csv (test @ B020 = sole primary; paired bootstrap 10,000 percentile; the"
paper1/code/p2_dataprep/eval_p2_deploy.py,23,relpath_other,TRUE/FALSE,"three conditions each TRUE/FALSE). B010/B030 + Culver = secondary (CI only, no decision)."
paper1/code/p2_dataprep/eval_p2_deploy.py,23,relpath_other,B010/B030,"three conditions each TRUE/FALSE). B010/B030 + Culver = secondary (CI only, no decision)."
paper1/code/p2_dataprep/eval_p2_deploy.py,24,bare_filename,anomaly_report.txt,anomaly_report.txt: PROTOCOL sec 8 checklist. Any unmet expectation FUSES (no continue/retrain/delta).
paper1/code/p2_dataprep/eval_p2_deploy.py,24,relpath_other,continue/retrain/delta,anomaly_report.txt: PROTOCOL sec 8 checklist. Any unmet expectation FUSES (no continue/retrain/delta).
paper1/code/p2_dataprep/eval_p2_deploy.py,26,relpath_other,path/to/env/python,Run:  /path/to/env/python paper1/code/p2_dataprep/eval_p2_deploy.py
paper1/code/p2_dataprep/eval_p2_deploy.py,26,relpath_local,paper1/code/p2_dataprep/eval_p2_deploy.py,Run:  /path/to/env/python paper1/code/p2_dataprep/eval_p2_deploy.py
paper1/code/p2_dataprep/eval_p2_deploy.py,39,relpath_local,peiyi_work/paper1/data,"DATA = os.path.join(OPENCOOD, 'peiyi_work/paper1/data')"
paper1/code/p2_dataprep/eval_p2_deploy.py,40,relpath_local,results/p2_dataprep/FROZEN_MANIFEST.json,"MANIFEST = os.path.join(P1, 'results/p2_dataprep/FROZEN_MANIFEST.json')"
paper1/code/p2_dataprep/eval_p2_deploy.py,41,relpath_local,results/bler_sionna/bler_sionna.csv,"BLER_CSV = os.path.join(P1, 'results/bler_sionna/bler_sionna.csv')"
paper1/code/p2_dataprep/eval_p2_deploy.py,42,relpath_local,data/p2,"GRID_DIR = os.path.join(P1, 'data/p2')"
paper1/code/p2_dataprep/eval_p2_deploy.py,43,relpath_local,results/p2_deploy,"OUT = os.path.join(P1, 'results/p2_deploy')"
paper1/code/p2_dataprep/eval_p2_deploy.py,48,bare_filename,dataset_validate.csv,"DATASET = {'validate': 'dataset_validate.csv', 'test': 'dataset_test_v3.csv', 'culver': 'dataset_culver_v3.csv'}"
paper1/code/p2_dataprep/eval_p2_deploy.py,48,bare_filename,dataset_test_v3.csv,"DATASET = {'validate': 'dataset_validate.csv', 'test': 'dataset_test_v3.csv', 'culver': 'dataset_culver_v3.csv'}"
paper1/code/p2_dataprep/eval_p2_deploy.py,48,bare_filename,dataset_culver_v3.csv,"DATASET = {'validate': 'dataset_validate.csv', 'test': 'dataset_test_v3.csv', 'culver': 'dataset_culver_v3.csv'}"
paper1/code/p2_dataprep/eval_p2_deploy.py,74,relpath_other,catosg-frozen-manifest/1,if man.get('schema') != 'catosg-frozen-manifest/1':
paper1/code/p2_dataprep/eval_p2_deploy.py,93,relpath_other,Es/N0,"""""""Vectorised 16-QAM frame BLER at Es/N0=snr for a per-frame channel array (channel: bool rayleigh)."""""""
paper1/code/p2_dataprep/eval_p2_deploy.py,123,relpath_other,0/1/2,"whose columns are `feat` order and whose labels are the integer action indices 0/1/2 = E/L/F, so"
paper1/code/p2_dataprep/eval_p2_deploy.py,123,relpath_other,E/L/F,"whose columns are `feat` order and whose labels are the integer action indices 0/1/2 = E/L/F, so"
paper1/code/p2_dataprep/eval_p2_deploy.py,124,relpath_other,name/string,"predict() returns those indices directly (no name/string mapping). Returns (R,n) int idx."""""""
paper1/code/p2_dataprep/eval_p2_deploy.py,188,relpath_other,E/L/F,# The model returns integer indices; map to E/L/F strings to compare with oracle_ELF.
paper1/code/p2_dataprep/eval_p2_deploy.py,220,bare_filename,replay_summary.csv,"pd.DataFrame(replay_summ).to_csv(os.path.join(OUT, 'replay_summary.csv'), index=False)"
paper1/code/p2_dataprep/eval_p2_deploy.py,221,bare_filename,headline_action_dist.csv,"pd.DataFrame(action_rows).to_csv(os.path.join(OUT, 'headline_action_dist.csv'), index=False)"
paper1/code/p2_dataprep/eval_p2_deploy.py,222,bare_filename,perclass_ELF.csv,"pd.DataFrame(perclass_rows).to_csv(os.path.join(OUT, 'perclass_ELF.csv'), index=False)"
paper1/code/p2_dataprep/eval_p2_deploy.py,236,bare_filename,r9_decision.csv,"dec.to_csv(os.path.join(OUT, 'r9_decision.csv'), index=False)"
paper1/code/p2_dataprep/eval_p2_deploy.py,240,relpath_other,B010/B030,"print('  (B010/B030 + all Culver are SECONDARY -- CI only, no decision.)')"
paper1/code/p2_dataprep/eval_p2_deploy.py,243,bare_filename,PROVENANCE_deploy.txt,"with open(os.path.join(OUT, 'PROVENANCE_deploy.txt'), 'w') as f:"
paper1/code/p2_dataprep/eval_p2_deploy.py,244,bare_filename,eval_p2_deploy.py,f.write('CA-TOSG P2 submit-B -- deployment eval (eval_p2_deploy.py)\n' + '=' * 72 + '\n')
paper1/code/p2_dataprep/eval_p2_deploy.py,245,relpath_local,results/p2_dataprep/FROZEN_MANIFEST.json,"f.write(f'manifest: results/p2_dataprep/FROZEN_MANIFEST.json (schema {man[""schema""]}, '"
paper1/code/p2_dataprep/eval_p2_deploy.py,255,relpath_other,B010/B030/Culver,f'-> non-inferior&superior={non_inferior_and_lower}. B010/B030/Culver secondary.\n')
paper1/code/p2_dataprep/eval_p2_deploy.py,256,relpath_other,test/Culver,f.write('test/Culver labels used for SCORING ONLY (no selection). Results saved/reported as-is.\n')
paper1/code/p2_dataprep/eval_p2_deploy.py,256,relpath_other,saved/reported,f.write('test/Culver labels used for SCORING ONLY (no selection). Results saved/reported as-is.\n')
paper1/code/p2_dataprep/eval_p2_deploy.py,257,relpath_local,results/p2_deploy/,"print('\nwrote results/p2_deploy/{replay_*,replay_summary,headline_action_dist,perclass_ELF,'"
paper1/code/p2_dataprep/eval_p2_deploy.py,258,bare_filename,PROVENANCE_deploy.txt,'r9_decision}.csv + PROVENANCE_deploy.txt')
paper1/code/p2_dataprep/eval_p2_deploy.py,36,path_anchor,os.path.dirname,HERE = os.path.dirname(os.path.abspath(__file__))
paper1/code/p2_dataprep/eval_p2_deploy.py,37,path_anchor,os.path.dirname,P1 = os.path.dirname(os.path.dirname(HERE))
paper1/code/p2_dataprep/eval_p2_deploy.py,38,path_anchor,os.path.dirname,"OPENCOOD = os.path.join(os.path.dirname(os.path.dirname(P1)), 'OpenCOOD')"
paper1/code/p2_dataprep/eval_p3_sensitivity.py,1,relpath_other,usr/bin/env,#!/usr/bin/env python3
paper1/code/p2_dataprep/eval_p3_sensitivity.py,5,bare_filename,main.tex,DESCRIPTIVE ONLY. No change to the frozen selectors / delta / tau* / oracle / mainline replay; main.tex
paper1/code/p2_dataprep/eval_p3_sensitivity.py,7,relpath_other,channel/SNR/BLER_L,"modified channel/SNR/BLER_L distribution, reusing the cached per-frame eff (ego_f1/late_f1/compressed_f1"
paper1/code/p2_dataprep/eval_p3_sensitivity.py,7,relpath_other,ego_f1/late_f1/compressed_f1,"modified channel/SNR/BLER_L distribution, reusing the cached per-frame eff (ego_f1/late_f1/compressed_f1"
paper1/code/p2_dataprep/eval_p3_sensitivity.py,9,bare_filename,FROZEN_MANIFEST.json,tau* come from FROZEN_MANIFEST.json (sha256-verified). §8 anti-forcing clause applies: expected
paper1/code/p2_dataprep/eval_p3_sensitivity.py,12,relpath_other,50/50,"Baseline path (uniform SNR, 50/50 channel, BLER_L=0) draws from rng(CSI_SEED) in the SAME order as"
paper1/code/p2_dataprep/eval_p3_sensitivity.py,13,bare_filename,p3_baseline_sanity.csv,"eval_p2_deploy, so it reproduces the mainline replay_summary EXACTLY (sanity, p3_baseline_sanity.csv)."
paper1/code/p2_dataprep/eval_p3_sensitivity.py,16,relpath_other,+/-,mean +/- std over N_REPLAY realisations):
paper1/code/p2_dataprep/eval_p3_sensitivity.py,18,relpath_other,50/50,"2. non-uniform SNR    : SNR ~ {uniform, Beta(2,5)x20 low-skew, N(10,5) trunc[0,20]} (channel 50/50)."
paper1/code/p2_dataprep/eval_p3_sensitivity.py,23,relpath_local,results/bler_sionna/bler_sionna_rician.csv,"5. Rician (if table)  : K in {0,3,10} from results/bler_sionna/bler_sionna_rician.csv; selector fed"
paper1/code/p2_dataprep/eval_p3_sensitivity.py,26,relpath_local,results/p3_sensitivity/,Outputs (results/p3_sensitivity/): item{1..5}_*.csv + p3_baseline_sanity.csv + PROVENANCE_p3.txt.
paper1/code/p2_dataprep/eval_p3_sensitivity.py,26,bare_filename,p3_baseline_sanity.csv,Outputs (results/p3_sensitivity/): item{1..5}_*.csv + p3_baseline_sanity.csv + PROVENANCE_p3.txt.
paper1/code/p2_dataprep/eval_p3_sensitivity.py,26,bare_filename,PROVENANCE_p3.txt,Outputs (results/p3_sensitivity/): item{1..5}_*.csv + p3_baseline_sanity.csv + PROVENANCE_p3.txt.
paper1/code/p2_dataprep/eval_p3_sensitivity.py,27,relpath_other,path/to/env/python,Run:  /path/to/env/python paper1/code/p2_dataprep/eval_p3_sensitivity.py
paper1/code/p2_dataprep/eval_p3_sensitivity.py,27,relpath_local,paper1/code/p2_dataprep/eval_p3_sensitivity.py,Run:  /path/to/env/python paper1/code/p2_dataprep/eval_p3_sensitivity.py
paper1/code/p2_dataprep/eval_p3_sensitivity.py,41,relpath_local,results/p3_sensitivity,"OUT = os.path.join(P1, 'results/p3_sensitivity')"
paper1/code/p2_dataprep/eval_p3_sensitivity.py,42,relpath_local,results/bler_sionna/bler_sionna_rician.csv,"RICIAN_TBL = os.path.join(P1, 'results/bler_sionna/bler_sionna_rician.csv')"
paper1/code/p2_dataprep/eval_p3_sensitivity.py,78,relpath_other,F1/payload/rho,"""""""Vectorised F1/payload/rho over realisations given per-cell actions (R,n)."""""""
paper1/code/p2_dataprep/eval_p3_sensitivity.py,139,relpath_other,50/50,# item 2: non-uniform SNR (channel 50/50)
paper1/code/p2_dataprep/eval_p3_sensitivity.py,161,bare_filename,p3_baseline_sanity.csv,"pd.DataFrame(sanity).to_csv(os.path.join(OUT, 'p3_baseline_sanity.csv'), index=False)"
paper1/code/p2_dataprep/eval_p3_sensitivity.py,162,bare_filename,item1_channel_ratio.csv,"pd.DataFrame(rows1).to_csv(os.path.join(OUT, 'item1_channel_ratio.csv'), index=False)"
paper1/code/p2_dataprep/eval_p3_sensitivity.py,163,bare_filename,item2_nonuniform_snr.csv,"pd.DataFrame(rows2).to_csv(os.path.join(OUT, 'item2_nonuniform_snr.csv'), index=False)"
paper1/code/p2_dataprep/eval_p3_sensitivity.py,164,bare_filename,item3_misclass_flip.csv,"pd.DataFrame(rows3).to_csv(os.path.join(OUT, 'item3_misclass_flip.csv'), index=False)"
paper1/code/p2_dataprep/eval_p3_sensitivity.py,165,bare_filename,item4_bler_L.csv,"pd.DataFrame(rows4).to_csv(os.path.join(OUT, 'item4_bler_L.csv'), index=False)"
paper1/code/p2_dataprep/eval_p3_sensitivity.py,204,bare_filename,item5_rician.csv,"pd.DataFrame(rows5).to_csv(os.path.join(OUT, 'item5_rician.csv'), index=False)"
paper1/code/p2_dataprep/eval_p3_sensitivity.py,207,bare_filename,PROVENANCE_p3.txt,"with open(os.path.join(OUT, 'PROVENANCE_p3.txt'), 'w') as f:"
paper1/code/p2_dataprep/eval_p3_sensitivity.py,208,bare_filename,eval_p3_sensitivity.py,f.write('CA-TOSG P3 -- descriptive sensitivity batch (eval_p3_sensitivity.py). DESCRIPTIVE ONLY.\n' + '=' * 80 + '\n')
paper1/code/p2_dataprep/eval_p3_sensitivity.py,209,relpath_local,results/p2_dataprep/FROZEN_MANIFEST.json,"f.write(f'manifest: results/p2_dataprep/FROZEN_MANIFEST.json ({man[""schema""]}, freeze {man[""freeze_timestamp""]})\n')"
paper1/code/p2_dataprep/eval_p3_sensitivity.py,211,relpath_other,channel/SNR/BLER_L,"'channel/SNR/BLER_L distribution, reusing cached per-frame eff + frozen predict(); no new\n'"
paper1/code/p2_dataprep/eval_p3_sensitivity.py,212,relpath_other,selectors/delta/tau,'detection inference. Frozen selectors/delta/tau*/oracle unchanged; main.tex untouched.\n')
paper1/code/p2_dataprep/eval_p3_sensitivity.py,212,bare_filename,main.tex,'detection inference. Frozen selectors/delta/tau*/oracle unchanged; main.tex untouched.\n')
paper1/code/p2_dataprep/eval_p3_sensitivity.py,213,relpath_other,50/50,"f.write(f'Baseline (uniform SNR, 50/50, BLER_L=0) uses rng(CSI_SEED={CSI_SEED}) in eval_p2_deploy order\n'"
paper1/code/p2_dataprep/eval_p3_sensitivity.py,214,bare_filename,replay_summary.csv,'-> reproduces replay_summary.csv EXACTLY (p3_baseline_sanity.csv).\n')
paper1/code/p2_dataprep/eval_p3_sensitivity.py,214,bare_filename,p3_baseline_sanity.csv,'-> reproduces replay_summary.csv EXACTLY (p3_baseline_sanity.csv).\n')
paper1/code/p2_dataprep/eval_p3_sensitivity.py,217,relpath_other,actions/oracle,"f'flip mask seed={FLIP_SEED}); item4 BLER_L in {{0,.01,.05,.10}} (eff_L only, actions/oracle fixed).\n')"
paper1/code/p2_dataprep/eval_p3_sensitivity.py,218,bare_filename,item5_rician.csv,"f.write(f'item5 Rician: {""present -> item5_rician.csv"" if rician_done else ""table ABSENT -> SKIPPED""} '"
paper1/code/p2_dataprep/eval_p3_sensitivity.py,221,relpath_local,results/p3_sensitivity/,"print(f'wrote results/p3_sensitivity/ item1-4 + sanity{""+item5"" if rician_done else "" (item5 skipped)""} + PROVENANCE_p3.txt')"
paper1/code/p2_dataprep/eval_p3_sensitivity.py,221,bare_filename,PROVENANCE_p3.txt,"print(f'wrote results/p3_sensitivity/ item1-4 + sanity{""+item5"" if rician_done else "" (item5 skipped)""} + PROVENANCE_p3.txt')"
paper1/code/p2_dataprep/eval_p3_sensitivity.py,36,path_anchor,os.path.dirname,HERE = os.path.dirname(os.path.abspath(__file__))
paper1/code/p2_dataprep/eval_p3_sensitivity.py,37,path_anchor,sys.path,"sys.path.insert(0, HERE)"
paper1/code/p2_dataprep/eval_p3_sensitivity.py,38,local_import,eval_p2_deploy,import eval_p2_deploy as D
paper1/code/p2_dataprep/eval_p3c_rician_bracket.py,1,relpath_other,usr/bin/env,#!/usr/bin/env python3
paper1/code/p2_dataprep/eval_p3c_rician_bracket.py,7,relpath_other,SNR/cue,AWGN-like and IS WILLING to request F on SNR/cue grounds. Delivery success/failure is then adjudicated by
paper1/code/p2_dataprep/eval_p3c_rician_bracket.py,7,relpath_other,success/failure,AWGN-like and IS WILLING to request F on SNR/cue grounds. Delivery success/failure is then adjudicated by
paper1/code/p2_dataprep/eval_p3c_rician_bracket.py,8,relpath_local,results/bler_sionna/bler_sionna_rician.csv,"the TRUE Rician frame-BLER (results/bler_sionna/bler_sionna_rician.csv, K in {0,3,10}). This is the"
paper1/code/p2_dataprep/eval_p3c_rician_bracket.py,11,bare_filename,main.tex,main.tex untouched; no new detection inference (cached eff + frozen predict()).
paper1/code/p2_dataprep/eval_p3c_rician_bracket.py,13,relpath_local,results/p3_sensitivity/,Outputs (results/p3_sensitivity/):
paper1/code/p2_dataprep/eval_p3c_rician_bracket.py,14,bare_filename,item5c_rician_rayleigh0.csv,"item5c_rician_rayleigh0.csv  -- 200-replay aggregate (same seed), per split x budget x K: F1/std,"
paper1/code/p2_dataprep/eval_p3c_rician_bracket.py,14,relpath_other,F1/std,"item5c_rician_rayleigh0.csv  -- 200-replay aggregate (same seed), per split x budget x K: F1/std,"
paper1/code/p2_dataprep/eval_p3c_rician_bracket.py,15,bare_filename,item5_rician.csv,"payload, rho_feature (directly comparable to item5_rician.csv)."
paper1/code/p2_dataprep/eval_p3c_rician_bracket.py,16,bare_filename,item5c_rician_by_snr.csv,item5c_rician_by_snr.csv     -- deterministic per split x budget x K x SNR sweep (analytic eff): shows
paper1/code/p2_dataprep/eval_p3c_rician_bracket.py,17,relpath_other,failed/fallback,the onset behaviour (F delivered above onset for K=10; failed/fallback
paper1/code/p2_dataprep/eval_p3c_rician_bracket.py,18,relpath_other,0/3,below onset for K=0/3).
paper1/code/p2_dataprep/eval_p3c_rician_bracket.py,19,relpath_other,path/to/env/python,Run:  /path/to/env/python paper1/code/p2_dataprep/eval_p3c_rician_bracket.py
paper1/code/p2_dataprep/eval_p3c_rician_bracket.py,19,relpath_local,paper1/code/p2_dataprep/eval_p3c_rician_bracket.py,Run:  /path/to/env/python paper1/code/p2_dataprep/eval_p3c_rician_bracket.py
paper1/code/p2_dataprep/eval_p3c_rician_bracket.py,32,relpath_local,results/p3_sensitivity,"OUT = os.path.join(P1, 'results/p3_sensitivity')"
paper1/code/p2_dataprep/eval_p3c_rician_bracket.py,33,relpath_local,results/bler_sionna/bler_sionna_rician.csv,"RICIAN_TBL = os.path.join(P1, 'results/bler_sionna/bler_sionna_rician.csv')"
paper1/code/p2_dataprep/eval_p3c_rician_bracket.py,51,bare_filename,build_bler_sionna.py,"raise SystemExit('P3-C FUSE: rician table absent -- run build_bler_sionna.py --rician_K 0,3,10 first.')"
paper1/code/p2_dataprep/eval_p3c_rician_bracket.py,78,relpath_other,w/,"_ = rng.random(size=(N_REPLAY, n))                      # keep draw order aligned w/ item5"
paper1/code/p2_dataprep/eval_p3c_rician_bracket.py,109,bare_filename,item5c_rician_rayleigh0.csv,"pd.DataFrame(agg_rows).to_csv(os.path.join(OUT, 'item5c_rician_rayleigh0.csv'), index=False)"
paper1/code/p2_dataprep/eval_p3c_rician_bracket.py,110,bare_filename,item5c_rician_by_snr.csv,"pd.DataFrame(snr_rows).to_csv(os.path.join(OUT, 'item5c_rician_by_snr.csv'), index=False)"
paper1/code/p2_dataprep/eval_p3c_rician_bracket.py,113,bare_filename,PROVENANCE_p3.txt,"with open(os.path.join(OUT, 'PROVENANCE_p3.txt'), 'a') as f:"
paper1/code/p2_dataprep/eval_p3c_rician_bracket.py,114,bare_filename,eval_p3c_rician_bracket.py,"f.write('\n[P3-C, 2026-08-11] Rician BRACKETING variant (eval_p3c_rician_bracket.py). '"
paper1/code/p2_dataprep/eval_p3c_rician_bracket.py,120,bare_filename,item5c_rician_rayleigh0.csv,f.write('  item5c_rician_rayleigh0.csv = 200-replay aggregate; item5c_rician_by_snr.csv = '
paper1/code/p2_dataprep/eval_p3c_rician_bracket.py,120,bare_filename,item5c_rician_by_snr.csv,f.write('  item5c_rician_rayleigh0.csv = 200-replay aggregate; item5c_rician_by_snr.csv = '
paper1/code/p2_dataprep/eval_p3c_rician_bracket.py,122,relpath_other,model/oracle/delta/tau,'bler_F = true Rician frame-BLER). No frozen model/oracle/delta/tau* change; main.tex untouched.\n')
paper1/code/p2_dataprep/eval_p3c_rician_bracket.py,122,bare_filename,main.tex,'bler_F = true Rician frame-BLER). No frozen model/oracle/delta/tau* change; main.tex untouched.\n')
paper1/code/p2_dataprep/eval_p3c_rician_bracket.py,123,relpath_local,results/p3_sensitivity/,"print('wrote results/p3_sensitivity/{item5c_rician_rayleigh0.csv, item5c_rician_by_snr.csv} + PROVENANCE note')"
paper1/code/p2_dataprep/eval_p3c_rician_bracket.py,123,bare_filename,item5c_rician_rayleigh0.csv,"print('wrote results/p3_sensitivity/{item5c_rician_rayleigh0.csv, item5c_rician_by_snr.csv} + PROVENANCE note')"
paper1/code/p2_dataprep/eval_p3c_rician_bracket.py,123,bare_filename,item5c_rician_by_snr.csv,"print('wrote results/p3_sensitivity/{item5c_rician_rayleigh0.csv, item5c_rician_by_snr.csv} + PROVENANCE note')"
paper1/code/p2_dataprep/eval_p3c_rician_bracket.py,27,path_anchor,os.path.dirname,HERE = os.path.dirname(os.path.abspath(__file__))
paper1/code/p2_dataprep/eval_p3c_rician_bracket.py,28,path_anchor,sys.path,"sys.path.insert(0, HERE)"
paper1/code/p2_dataprep/eval_p3c_rician_bracket.py,29,local_import,eval_p2_deploy,import eval_p2_deploy as D
paper1/code/p2_dataprep/eval_p4a_deploy.py,1,relpath_other,usr/bin/env,#!/usr/bin/env python3
paper1/code/p2_dataprep/eval_p4a_deploy.py,6,relpath_other,SNR/channel,"RL, RF, and tau policies see the IDENTICAL per-frame SNR/channel draws), same eff definition, same paired"
paper1/code/p2_dataprep/eval_p4a_deploy.py,9,bare_filename,main.tex,main.tex untouched; no new perception inference.
paper1/code/p2_dataprep/eval_p4a_deploy.py,11,relpath_local,results/p4a/,Outputs (results/p4a/): p4a_replay_{split}_B0XX.csv (200 rows) + p4a_summary.csv + PROVENANCE_p4a.txt.
paper1/code/p2_dataprep/eval_p4a_deploy.py,11,bare_filename,_B0XX.csv,Outputs (results/p4a/): p4a_replay_{split}_B0XX.csv (200 rows) + p4a_summary.csv + PROVENANCE_p4a.txt.
paper1/code/p2_dataprep/eval_p4a_deploy.py,11,bare_filename,p4a_summary.csv,Outputs (results/p4a/): p4a_replay_{split}_B0XX.csv (200 rows) + p4a_summary.csv + PROVENANCE_p4a.txt.
paper1/code/p2_dataprep/eval_p4a_deploy.py,11,bare_filename,PROVENANCE_p4a.txt,Outputs (results/p4a/): p4a_replay_{split}_B0XX.csv (200 rows) + p4a_summary.csv + PROVENANCE_p4a.txt.
paper1/code/p2_dataprep/eval_p4a_deploy.py,12,relpath_other,path/to/env/python,Run:  /path/to/env/python paper1/code/p2_dataprep/eval_p4a_deploy.py
paper1/code/p2_dataprep/eval_p4a_deploy.py,12,relpath_local,paper1/code/p2_dataprep/eval_p4a_deploy.py,Run:  /path/to/env/python paper1/code/p2_dataprep/eval_p4a_deploy.py
paper1/code/p2_dataprep/eval_p4a_deploy.py,29,relpath_local,results/p4a,"OUT = os.path.join(P1, 'results/p4a')"
paper1/code/p2_dataprep/eval_p4a_deploy.py,30,bare_filename,P4A_MANIFEST.json,"P4A_MANIFEST = os.path.join(OUT, 'P4A_MANIFEST.json')"
paper1/code/p2_dataprep/eval_p4a_deploy.py,46,bare_filename,P4A_MANIFEST.json,raise SystemExit('P4-A eval FUSE: P4A_MANIFEST.json absent -- run train_p4a_bandit.py first.')
paper1/code/p2_dataprep/eval_p4a_deploy.py,46,bare_filename,train_p4a_bandit.py,raise SystemExit('P4-A eval FUSE: P4A_MANIFEST.json absent -- run train_p4a_bandit.py first.')
paper1/code/p2_dataprep/eval_p4a_deploy.py,121,bare_filename,p4a_summary.csv,"pd.DataFrame(summ).to_csv(os.path.join(OUT, 'p4a_summary.csv'), index=False)"
paper1/code/p2_dataprep/eval_p4a_deploy.py,123,bare_filename,PROVENANCE_p4a.txt,"with open(os.path.join(OUT, 'PROVENANCE_p4a.txt'), 'w') as f:"
paper1/code/p2_dataprep/eval_p4a_deploy.py,124,bare_filename,eval_p4a_deploy.py,f.write('CA-TOSG P4-A -- external RL bandit baseline vs RF and tau (eval_p4a_deploy.py). '
paper1/code/p2_dataprep/eval_p4a_deploy.py,126,relpath_local,results/p4a/P4A_MANIFEST.json,"f.write(f'P4A manifest: results/p4a/P4A_MANIFEST.json ({p4man[""schema""]}, algo {p4man[""algorithm""]}, '"
paper1/code/p2_dataprep/eval_p4a_deploy.py,128,relpath_other,samplings/split,"f.write(f'Same 200 paired CSI samplings/split, seed={CSI_SEED} (identical draws to eval_p2_deploy); '"
paper1/code/p2_dataprep/eval_p4a_deploy.py,132,bare_filename,main.tex,f.write('Frozen CA-TOSG models / delta / tau* / oracle unchanged; main.tex untouched; no new '
paper1/code/p2_dataprep/eval_p4a_deploy.py,134,relpath_local,results/p4a/,"print('wrote results/p4a/{p4a_replay_*, p4a_summary.csv, PROVENANCE_p4a.txt}')"
paper1/code/p2_dataprep/eval_p4a_deploy.py,134,bare_filename,p4a_summary.csv,"print('wrote results/p4a/{p4a_replay_*, p4a_summary.csv, PROVENANCE_p4a.txt}')"
paper1/code/p2_dataprep/eval_p4a_deploy.py,134,bare_filename,PROVENANCE_p4a.txt,"print('wrote results/p4a/{p4a_replay_*, p4a_summary.csv, PROVENANCE_p4a.txt}')"
paper1/code/p2_dataprep/eval_p4a_deploy.py,23,path_anchor,os.path.dirname,HERE = os.path.dirname(os.path.abspath(__file__))
paper1/code/p2_dataprep/eval_p4a_deploy.py,24,path_anchor,sys.path,"sys.path.insert(0, HERE)"
paper1/code/p2_dataprep/eval_p4a_deploy.py,25,local_import,eval_p2_deploy,import eval_p2_deploy as D
paper1/code/p2_dataprep/eval_p4a_deploy.py,26,local_import,train_p4a_bandit,import train_p4a_bandit as T
paper1/code/p2_dataprep/expand_grid_clean.py,1,relpath_other,usr/bin/env,#!/usr/bin/env python3
paper1/code/p2_dataprep/expand_grid_clean.py,7,relpath_other,validate/test/culver,Per split (validate/test/culver):
paper1/code/p2_dataprep/expand_grid_clean.py,8,bare_filename,_v3.csv,1. Read the clean per-frame F1 cache dataset_{split}_v3.csv and ASSERT the three clean-utility
paper1/code/p2_dataprep/expand_grid_clean.py,13,relpath_other,cells/frame,"(11 x 2 = 22 cells/frame). For each cell compute, under S = {E, L, F}:"
paper1/code/p2_dataprep/expand_grid_clean.py,14,relpath_other,rate-1/2,BLER_F  = frame-level BLER of the 16-QAM rate-1/2 feature message (Sionna table lookup)
paper1/code/p2_dataprep/expand_grid_clean.py,20,relpath_other,earlier/cheaper,"eff_F column keeps the true utility. Ties -> the earlier/cheaper action (E, then L)."
paper1/code/p2_dataprep/expand_grid_clean.py,21,relpath_local,data/p2/p2_grid_,4. Write data/p2/p2_grid_{split}.csv (git-excluded) + results/p2_dataprep/PROVENANCE_grid[_split].txt.
paper1/code/p2_dataprep/expand_grid_clean.py,21,relpath_local,results/p2_dataprep/PROVENANCE_grid,4. Write data/p2/p2_grid_{split}.csv (git-excluded) + results/p2_dataprep/PROVENANCE_grid[_split].txt.
paper1/code/p2_dataprep/expand_grid_clean.py,24,bare_filename,FROZEN_MANIFEST.json,be built ONLY after FROZEN_MANIFEST.json exists; this script refuses otherwise (structural §10 guard).
paper1/code/p2_dataprep/expand_grid_clean.py,27,bare_filename,_v3.csv,distinct from the frozen single random draw in dataset_*_v3.csv and from the 200-realisation MC.
paper1/code/p2_dataprep/expand_grid_clean.py,30,relpath_other,path/to/env/python,Run:  /path/to/env/python paper1/code/p2_dataprep/expand_grid_clean.py
paper1/code/p2_dataprep/expand_grid_clean.py,30,relpath_local,paper1/code/p2_dataprep/expand_grid_clean.py,Run:  /path/to/env/python paper1/code/p2_dataprep/expand_grid_clean.py
paper1/code/p2_dataprep/expand_grid_clean.py,46,relpath_local,peiyi_work/paper1/data,"DATA = os.path.join(OPENCOOD, 'peiyi_work/paper1/data')           # clean per-frame caches (v3)"
paper1/code/p2_dataprep/expand_grid_clean.py,47,relpath_local,results/bler_sionna/bler_sionna.csv,"BLER_CSV = os.path.join(P1, 'results/bler_sionna/bler_sionna.csv')  # frame-level, Es/N0"
paper1/code/p2_dataprep/expand_grid_clean.py,47,relpath_other,Es/N0,"BLER_CSV = os.path.join(P1, 'results/bler_sionna/bler_sionna.csv')  # frame-level, Es/N0"
paper1/code/p2_dataprep/expand_grid_clean.py,48,relpath_local,data/p2,"OUT_DATA = os.path.join(P1, 'data/p2')                            # git-excluded artifacts"
paper1/code/p2_dataprep/expand_grid_clean.py,49,relpath_local,results/p2_dataprep,"OUT_PROV = os.path.join(P1, 'results/p2_dataprep')               # tracked provenance"
paper1/code/p2_dataprep/expand_grid_clean.py,50,bare_filename,FROZEN_MANIFEST.json,"MANIFEST = os.path.join(OUT_PROV, 'FROZEN_MANIFEST.json')         # P2 freeze marker (PROTOCOL sec 10)"
paper1/code/p2_dataprep/expand_grid_clean.py,52,relpath_other,test/culver,# versionless pipeline naming (P2 submit-A migration); test/culver stay _v3 until P2 submit-B rebuild
paper1/code/p2_dataprep/expand_grid_clean.py,53,bare_filename,dataset_validate.csv,"DATASET_NAME = {'validate': 'dataset_validate.csv',"
paper1/code/p2_dataprep/expand_grid_clean.py,54,bare_filename,dataset_test_v3.csv,"'test': 'dataset_test_v3.csv', 'culver': 'dataset_culver_v3.csv'}"
paper1/code/p2_dataprep/expand_grid_clean.py,54,bare_filename,dataset_culver_v3.csv,"'test': 'dataset_test_v3.csv', 'culver': 'dataset_culver_v3.csv'}"
paper1/code/p2_dataprep/expand_grid_clean.py,57,relpath_other,rate-1/2,"QAM_F = 16                                                        # F = feature-level, 16-QAM rate-1/2"
paper1/code/p2_dataprep/expand_grid_clean.py,59,bare_filename,PROTOCOL.md,"PAYLOAD_MSYM = {'E': 0.0, 'L': 0.024, 'F': 0.99}                 # report-only (see PROTOCOL.md / payload_audit.py)"
paper1/code/p2_dataprep/expand_grid_clean.py,59,bare_filename,payload_audit.py,"PAYLOAD_MSYM = {'E': 0.0, 'L': 0.024, 'F': 0.99}                 # report-only (see PROTOCOL.md / payload_audit.py)"
paper1/code/p2_dataprep/expand_grid_clean.py,65,relpath_other,Es/N0,"""""""Frame-level BLER at Es/N0=snr for a QAM order over a channel; mirrors make_dataset.py exactly"
paper1/code/p2_dataprep/expand_grid_clean.py,65,bare_filename,make_dataset.py,"""""""Frame-level BLER at Es/N0=snr for a QAM order over a channel; mirrors make_dataset.py exactly"
paper1/code/p2_dataprep/expand_grid_clean.py,134,relpath_other,test/Culver,"f""model, THEN regenerate test/Culver by a separate post-manifest command."")"
paper1/code/p2_dataprep/expand_grid_clean.py,140,relpath_other,E/L/F,"f""oracle base-rate(E/L/F)={r['base_rate']}  md5={r['md5']}"")"
paper1/code/p2_dataprep/expand_grid_clean.py,142,bare_filename,PROVENANCE_grid.txt,"prov = os.path.join(OUT_PROV, 'PROVENANCE_grid.txt' if split == 'validate'"
paper1/code/p2_dataprep/expand_grid_clean.py,145,bare_filename,expand_grid_clean.py,"f.write(f""CA-TOSG P2 data prep -- clean-cache grid expansion (expand_grid_clean.py --split {split})\n"")"
paper1/code/p2_dataprep/expand_grid_clean.py,147,relpath_other,Es/N0,"f.write(f""SNR grid: {SNR_GRID} dB (Es/N0)  x  channels: {CHANNELS}\n"")"
paper1/code/p2_dataprep/expand_grid_clean.py,148,relpath_other,rate-1/2,"f.write(f""Action set S = {ACTIONS}; F = {QAM_F}-QAM rate-1/2 LDPC.\n"")"
paper1/code/p2_dataprep/expand_grid_clean.py,156,relpath_local,data/p2/,"f.write(""Grid artifacts are git-excluded (data/p2/); regenerate with expand_grid_clean.py.\n"")"
paper1/code/p2_dataprep/expand_grid_clean.py,156,bare_filename,expand_grid_clean.py,"f.write(""Grid artifacts are git-excluded (data/p2/); regenerate with expand_grid_clean.py.\n"")"
paper1/code/p2_dataprep/expand_grid_clean.py,158,bare_filename,FROZEN_MANIFEST.json,"f.write(""POST-FREEZE artifact: built after FROZEN_MANIFEST.json (PROTOCOL sec 10).\n"")"
paper1/code/p2_dataprep/expand_grid_clean.py,163,relpath_other,E/L/F,"f.write(f""    oracle base-rate E/L/F = {r['base_rate']}\n"")"
paper1/code/p2_dataprep/expand_grid_clean.py,40,path_anchor,sys.path,"sys.path.insert(0, os.path.dirname(os.path.abspath(__file__)))"
paper1/code/p2_dataprep/expand_grid_clean.py,41,local_import,_scene_map,from _scene_map import scene_labels  # noqa: E402
paper1/code/p2_dataprep/expand_grid_clean.py,43,path_anchor,os.path.dirname,HERE = os.path.dirname(os.path.abspath(__file__))
paper1/code/p2_dataprep/expand_grid_clean.py,44,path_anchor,os.path.dirname,P1 = os.path.dirname(os.path.dirname(HERE))                       # paper1
paper1/code/p2_dataprep/expand_grid_clean.py,45,path_anchor,os.path.dirname,"OPENCOOD = os.path.join(os.path.dirname(os.path.dirname(P1)), 'OpenCOOD')"
paper1/code/p2_dataprep/export_scene_manifest.py,1,relpath_other,usr/bin/env,#!/usr/bin/env python3
paper1/code/p2_dataprep/export_scene_manifest.py,5,bare_filename,_scene_map.py,Different code path from `_scene_map.py` on purpose: `_scene_map` COUNTS the first-CAV frame files
paper1/code/p2_dataprep/export_scene_manifest.py,8,bare_filename,check_leakage.py,scene's full numeric-CAV directory set. `check_leakage.py` then cross-checks:
paper1/code/p2_dataprep/export_scene_manifest.py,19,relpath_local,paper1/code/p2_dataprep/export_scene_manifest.py,Run:  python paper1/code/p2_dataprep/export_scene_manifest.py [--split validate|test|culver]
paper1/code/p2_dataprep/export_scene_manifest.py,30,relpath_local,results/p2_dataprep,"OUT_PROV = os.path.join(P1, 'results/p2_dataprep')"
paper1/code/p2_dataprep/export_scene_manifest.py,26,path_anchor,os.path.dirname,HERE = os.path.dirname(os.path.abspath(__file__))
paper1/code/p2_dataprep/export_scene_manifest.py,27,path_anchor,os.path.dirname,P1 = os.path.dirname(os.path.dirname(HERE))
paper1/code/p2_dataprep/export_scene_manifest.py,28,path_anchor,os.path.dirname,"OPENCOOD = os.path.join(os.path.dirname(os.path.dirname(P1)), 'OpenCOOD')"
paper1/code/p2_dataprep/make_r10_report.py,1,relpath_other,usr/bin/env,#!/usr/bin/env python3
paper1/code/p2_dataprep/make_r10_report.py,3,relpath_other,REPORT/PROVENANCE,"""""""Single source for every R10-family REPORT/PROVENANCE number: recompute them from"
paper1/code/p2_dataprep/make_r10_report.py,4,relpath_local,results/p2_deploy/r10c_missed_e_cost.csv,results/p2_deploy/r10c_missed_e_cost.csv (+ r10c_vs_oracle_account.csv) -- NO hand-written numbers.
paper1/code/p2_dataprep/make_r10_report.py,4,bare_filename,r10c_vs_oracle_account.csv,results/p2_deploy/r10c_missed_e_cost.csv (+ r10c_vs_oracle_account.csv) -- NO hand-written numbers.
paper1/code/p2_dataprep/make_r10_report.py,9,bare_filename,r10c_diagnostic.py,"the R10-report review.) Does NOT touch the CSVs, r10c_diagnostic.py, or any assertion; it regenerates"
paper1/code/p2_dataprep/make_r10_report.py,10,relpath_local,results/p2_deploy/R10_REPORT.md,results/p2_deploy/R10_REPORT.md and PROVENANCE_r10c.txt. Run after r10c_diagnostic.py.
paper1/code/p2_dataprep/make_r10_report.py,10,bare_filename,PROVENANCE_r10c.txt,results/p2_deploy/R10_REPORT.md and PROVENANCE_r10c.txt. Run after r10c_diagnostic.py.
paper1/code/p2_dataprep/make_r10_report.py,10,bare_filename,r10c_diagnostic.py,results/p2_deploy/R10_REPORT.md and PROVENANCE_r10c.txt. Run after r10c_diagnostic.py.
paper1/code/p2_dataprep/make_r10_report.py,12,relpath_other,path/to/env/python,Run:  /path/to/env/python paper1/code/p2_dataprep/make_r10_report.py
paper1/code/p2_dataprep/make_r10_report.py,12,relpath_local,paper1/code/p2_dataprep/make_r10_report.py,Run:  /path/to/env/python paper1/code/p2_dataprep/make_r10_report.py
paper1/code/p2_dataprep/make_r10_report.py,21,relpath_local,results/p2_deploy,"OUT = os.path.join(P1, 'results/p2_deploy')"
paper1/code/p2_dataprep/make_r10_report.py,22,bare_filename,r10c_missed_e_cost.csv,"COST = os.path.join(OUT, 'r10c_missed_e_cost.csv')"
paper1/code/p2_dataprep/make_r10_report.py,23,bare_filename,r10c_vs_oracle_account.csv,"VSORC = os.path.join(OUT, 'r10c_vs_oracle_account.csv')"
paper1/code/p2_dataprep/make_r10_report.py,24,relpath_local,results/p2_dataprep/FROZEN_MANIFEST.json,"MANIFEST = os.path.join(P1, 'results/p2_dataprep/FROZEN_MANIFEST.json')"
paper1/code/p2_dataprep/make_r10_report.py,46,relpath_other,total/all-classes,"# --- guards (this is the gap that bit the review): the CSV must have NO total/all-classes row, and"
paper1/code/p2_dataprep/make_r10_report.py,51,relpath_other,TOTAL/all-classes,f'{CLASSES} -- a TOTAL/all-classes row in the CSV would double-count.')
paper1/code/p2_dataprep/make_r10_report.py,74,relpath_local,code/p2_dataprep/make_r10_report.py,'_Every number is recomputed by `code/p2_dataprep/make_r10_report.py` from '
paper1/code/p2_dataprep/make_r10_report.py,75,bare_filename,r10c_missed_e_cost.csv,'`r10c_missed_e_cost.csv` (3 class rows only) / `r10c_vs_oracle_account.csv`. The '
paper1/code/p2_dataprep/make_r10_report.py,75,bare_filename,r10c_vs_oracle_account.csv,'`r10c_missed_e_cost.csv` (3 class rows only) / `r10c_vs_oracle_account.csv`. The '
paper1/code/p2_dataprep/make_r10_report.py,95,relpath_other,F1/frame,lines.append('| B_max | strict-benefit F1/frame | total E-collapse F1/frame | cost-induced cells |')
paper1/code/p2_dataprep/make_r10_report.py,95,relpath_other,F1/frame,lines.append('| B_max | strict-benefit F1/frame | total E-collapse F1/frame | cost-induced cells |')
paper1/code/p2_dataprep/make_r10_report.py,111,bare_filename,r10c_vs_tau_account.csv,"'cross-referenced with the R9 **vs-τ** decision (`r10c_vs_tau_account.csv`, '"
paper1/code/p2_dataprep/make_r10_report.py,112,bare_filename,r9_result_claims.md,'`r9_result_claims.md`).')
paper1/code/p2_dataprep/make_r10_report.py,117,bare_filename,R10_REPORT.md,"with open(os.path.join(OUT, 'R10_REPORT.md'), 'w') as f:"
paper1/code/p2_dataprep/make_r10_report.py,122,bare_filename,PROVENANCE_r10c.txt,"with open(os.path.join(OUT, 'PROVENANCE_r10c.txt'), 'w') as f:"
paper1/code/p2_dataprep/make_r10_report.py,123,relpath_other,R10c/R10d,f.write('CA-TOSG R10c/R10d CORRIGENDUM -- POST-UNBLINDING (nothing here is confirmatory)\n' + '=' * 72 + '\n')
paper1/code/p2_dataprep/make_r10_report.py,124,bare_filename,make_r10_report.py,f.write('All numbers recomputed by make_r10_report.py from r10c_missed_e_cost.csv (3 class rows; '
paper1/code/p2_dataprep/make_r10_report.py,124,bare_filename,r10c_missed_e_cost.csv,f.write('All numbers recomputed by make_r10_report.py from r10c_missed_e_cost.csv (3 class rows; '
paper1/code/p2_dataprep/make_r10_report.py,128,bare_filename,r10c_diagnostic.py,'budget-constrained). r10c_diagnostic.py 4 hard assertions PASSED; F1_RF/B_RF reproduce the '
paper1/code/p2_dataprep/make_r10_report.py,128,relpath_other,F1_RF/B_RF,'budget-constrained). r10c_diagnostic.py 4 hard assertions PASSED; F1_RF/B_RF reproduce the '
paper1/code/p2_dataprep/make_r10_report.py,134,relpath_other,B010/B020/B030,"f.write('TWO DIFFERENT NUMBERS (do not conflate), test three budgets B010/B020/B030:\n')"
paper1/code/p2_dataprep/make_r10_report.py,137,bare_filename,r10c_vs_oracle_account.csv,f.write('Accounts kept SEPARATE: r10c_vs_oracle_account.csv (RF vs frozen-lambda clairvoyant) and '
paper1/code/p2_dataprep/make_r10_report.py,138,bare_filename,r10c_vs_tau_account.csv,'r10c_vs_tau_account.csv (R9 RF vs threshold). Retraction chain R10 -> R10c -> R10d.\n')
paper1/code/p2_dataprep/make_r10_report.py,139,bare_filename,R10_REPORT.md,print('wrote R10_REPORT.md + regenerated PROVENANCE_r10c.txt (CSV-derived; TOTAL computed as sum-of-3)')
paper1/code/p2_dataprep/make_r10_report.py,139,bare_filename,PROVENANCE_r10c.txt,print('wrote R10_REPORT.md + regenerated PROVENANCE_r10c.txt (CSV-derived; TOTAL computed as sum-of-3)')
paper1/code/p2_dataprep/make_r10_report.py,19,path_anchor,os.path.dirname,HERE = os.path.dirname(os.path.abspath(__file__))
paper1/code/p2_dataprep/make_r10_report.py,20,path_anchor,os.path.dirname,P1 = os.path.dirname(os.path.dirname(HERE))
paper1/code/p2_dataprep/r10c_diagnostic.py,1,relpath_other,usr/bin/env,#!/usr/bin/env python3
paper1/code/p2_dataprep/r10c_diagnostic.py,3,relpath_other,R10c/R10d,"""""""R10c/R10d CORRIGENDUM diagnostic (post-unblinding; nothing here is confirmatory)."
paper1/code/p2_dataprep/r10c_diagnostic.py,5,bare_filename,r10_diagnostic.py,"Supersedes r10_diagnostic.py, whose taxonomy required eff_E > eff_F for strict-benefit -- wrong where"
paper1/code/p2_dataprep/r10c_diagnostic.py,8,relpath_other,model/delta/tau,"training, no model/delta/tau change, no change to the R9 replay CSVs; recomputes the vs-oracle"
paper1/code/p2_dataprep/r10c_diagnostic.py,10,relpath_other,determinism/integrity,existing replay CSVs (a determinism/integrity check of the original P2-B run).
paper1/code/p2_dataprep/r10c_diagnostic.py,14,relpath_other,test/Culver,"per-frame eff) and uses the frozen lambda, but it is NOT budget-constrained: on test/Culver its mean"
paper1/code/p2_dataprep/r10c_diagnostic.py,29,relpath_other,F1_RF/B_RF,rows satisfy raw dF1(E vs feasible optimum) = eff_E - raw_max <= 0; plus per-realisation F1_RF/B_RF
paper1/code/p2_dataprep/r10c_diagnostic.py,32,relpath_local,results/p2_deploy/,"Outputs (results/p2_deploy/): r10c_missed_e_cost.csv, r10c_vs_oracle_account.csv, r10c_vs_tau_account.csv,"
paper1/code/p2_dataprep/r10c_diagnostic.py,32,bare_filename,r10c_missed_e_cost.csv,"Outputs (results/p2_deploy/): r10c_missed_e_cost.csv, r10c_vs_oracle_account.csv, r10c_vs_tau_account.csv,"
paper1/code/p2_dataprep/r10c_diagnostic.py,32,bare_filename,r10c_vs_oracle_account.csv,"Outputs (results/p2_deploy/): r10c_missed_e_cost.csv, r10c_vs_oracle_account.csv, r10c_vs_tau_account.csv,"
paper1/code/p2_dataprep/r10c_diagnostic.py,32,bare_filename,r10c_vs_tau_account.csv,"Outputs (results/p2_deploy/): r10c_missed_e_cost.csv, r10c_vs_oracle_account.csv, r10c_vs_tau_account.csv,"
paper1/code/p2_dataprep/r10c_diagnostic.py,33,bare_filename,_B0XX.csv,"r10c_decision_log_{split}_B0XX.csv (realisation 0, per frame), PROVENANCE_r10c.txt."
paper1/code/p2_dataprep/r10c_diagnostic.py,33,bare_filename,PROVENANCE_r10c.txt,"r10c_decision_log_{split}_B0XX.csv (realisation 0, per frame), PROVENANCE_r10c.txt."
paper1/code/p2_dataprep/r10c_diagnostic.py,35,relpath_other,path/to/env/python,Run:  /path/to/env/python paper1/code/p2_dataprep/r10c_diagnostic.py
paper1/code/p2_dataprep/r10c_diagnostic.py,35,relpath_local,paper1/code/p2_dataprep/r10c_diagnostic.py,Run:  /path/to/env/python paper1/code/p2_dataprep/r10c_diagnostic.py
paper1/code/p2_dataprep/r10c_diagnostic.py,48,relpath_local,peiyi_work/paper1/data,"DATA = os.path.join(OPENCOOD, 'peiyi_work/paper1/data')"
paper1/code/p2_dataprep/r10c_diagnostic.py,49,relpath_local,results/p2_dataprep/FROZEN_MANIFEST.json,"MANIFEST = os.path.join(P1, 'results/p2_dataprep/FROZEN_MANIFEST.json')"
paper1/code/p2_dataprep/r10c_diagnostic.py,50,relpath_local,results/bler_sionna/bler_sionna.csv,"BLER_CSV = os.path.join(P1, 'results/bler_sionna/bler_sionna.csv')"
paper1/code/p2_dataprep/r10c_diagnostic.py,51,relpath_local,results/p2_deploy,"OUT = os.path.join(P1, 'results/p2_deploy')"
paper1/code/p2_dataprep/r10c_diagnostic.py,55,bare_filename,dataset_validate.csv,"DATASET = {'validate': 'dataset_validate.csv', 'test': 'dataset_test_v3.csv', 'culver': 'dataset_culver_v3.csv'}"
paper1/code/p2_dataprep/r10c_diagnostic.py,55,bare_filename,dataset_test_v3.csv,"DATASET = {'validate': 'dataset_validate.csv', 'test': 'dataset_test_v3.csv', 'culver': 'dataset_culver_v3.csv'}"
paper1/code/p2_dataprep/r10c_diagnostic.py,55,bare_filename,dataset_culver_v3.csv,"DATASET = {'validate': 'dataset_validate.csv', 'test': 'dataset_test_v3.csv', 'culver': 'dataset_culver_v3.csv'}"
paper1/code/p2_dataprep/r10c_diagnostic.py,64,relpath_other,R10c/R10d,raise SystemExit(f'R10c/R10d FUSE: {msg}')
paper1/code/p2_dataprep/r10c_diagnostic.py,98,bare_filename,replay_summary.csv,"replay_summary = pd.read_csv(os.path.join(OUT, 'replay_summary.csv'))"
paper1/code/p2_dataprep/r10c_diagnostic.py,123,relpath_other,F1_RF/B_RF,# integrity: per-realisation F1_RF/B_RF must reproduce the existing replay CSV
paper1/code/p2_dataprep/r10c_diagnostic.py,129,relpath_other,F1_RF/B_RF,fuse(f'{split} B{bmax}: recomputed F1_RF/B_RF != existing replay CSV (integrity)')
paper1/code/p2_dataprep/r10c_diagnostic.py,161,bare_filename,make_r10_report.py,"# (it lives ONLY in make_r10_report.py, computed as sum of the three classes) -- storing both"
paper1/code/p2_dataprep/r10c_diagnostic.py,198,relpath_other,F1/frame,"print(f'[{split} B{int(bmax*100):03d}] strict F1/frame={last3[0][""F1_cost_per_framereal""]:.6f} '"
paper1/code/p2_dataprep/r10c_diagnostic.py,199,relpath_other,F1/frame,"f'sum3 F1/frame={sum(r[""F1_cost_per_framereal""] for r in last3):.6f} '"
paper1/code/p2_dataprep/r10c_diagnostic.py,202,bare_filename,r10c_missed_e_cost.csv,"pd.DataFrame(cost_rows).to_csv(os.path.join(OUT, 'r10c_missed_e_cost.csv'), index=False)"
paper1/code/p2_dataprep/r10c_diagnostic.py,203,bare_filename,r10c_vs_oracle_account.csv,"pd.DataFrame(vsorc_rows).to_csv(os.path.join(OUT, 'r10c_vs_oracle_account.csv'), index=False)"
paper1/code/p2_dataprep/r10c_diagnostic.py,204,bare_filename,r10c_vs_tau_account.csv,"pd.DataFrame(vstau_rows).to_csv(os.path.join(OUT, 'r10c_vs_tau_account.csv'), index=False)"
paper1/code/p2_dataprep/r10c_diagnostic.py,207,bare_filename,make_r10_report.py,"# computed as sum of the three class rows) are produced by make_r10_report.py -- one fact, one place."
paper1/code/p2_dataprep/r10c_diagnostic.py,208,bare_filename,PROVENANCE_r10c.txt,"with open(os.path.join(OUT, 'PROVENANCE_r10c.txt'), 'w') as f:"
paper1/code/p2_dataprep/r10c_diagnostic.py,209,relpath_other,R10c/R10d,f.write('CA-TOSG R10c/R10d CORRIGENDUM -- POST-UNBLINDING (nothing here is confirmatory)\n' + '=' * 72 + '\n')
paper1/code/p2_dataprep/r10c_diagnostic.py,214,bare_filename,make_r10_report.py,f.write('This file is a STUB: run make_r10_report.py to regenerate the authoritative numbers '
paper1/code/p2_dataprep/r10c_diagnostic.py,215,bare_filename,R10_REPORT.md,'(R10_REPORT.md + this PROVENANCE) from r10c_missed_e_cost.csv. The all-classes TOTAL is NOT '
paper1/code/p2_dataprep/r10c_diagnostic.py,215,bare_filename,r10c_missed_e_cost.csv,'(R10_REPORT.md + this PROVENANCE) from r10c_missed_e_cost.csv. The all-classes TOTAL is NOT '
paper1/code/p2_dataprep/r10c_diagnostic.py,217,relpath_other,nR10c/R10d,"print('\nR10c/R10d written -> results/p2_deploy/r10c_*.csv (3 class rows, no TOTAL) '"
paper1/code/p2_dataprep/r10c_diagnostic.py,217,relpath_local,results/p2_deploy/r10c_,"print('\nR10c/R10d written -> results/p2_deploy/r10c_*.csv (3 class rows, no TOTAL) '"
paper1/code/p2_dataprep/r10c_diagnostic.py,218,bare_filename,make_r10_report.py,'(assertions PASSED); run make_r10_report.py for the report.')
paper1/code/p2_dataprep/r10c_diagnostic.py,45,path_anchor,os.path.dirname,HERE = os.path.dirname(os.path.abspath(__file__))
paper1/code/p2_dataprep/r10c_diagnostic.py,46,path_anchor,os.path.dirname,P1 = os.path.dirname(os.path.dirname(HERE))
paper1/code/p2_dataprep/r10c_diagnostic.py,47,path_anchor,os.path.dirname,"OPENCOOD = os.path.join(os.path.dirname(os.path.dirname(P1)), 'OpenCOOD')"
paper1/code/p2_dataprep/train_p2_loso.py,1,relpath_other,usr/bin/env,#!/usr/bin/env python3
paper1/code/p2_dataprep/train_p2_loso.py,5,bare_filename,PROTOCOL.md,Candidate set PARSED from PROTOCOL.md's ```json CATOSG-CANDIDATES``` block (single source of truth).
paper1/code/p2_dataprep/train_p2_loso.py,8,bare_filename,dataset_validate.csv,1. Load the validate grid + join the 21 ego-side cues (versionless dataset_validate.csv; the merge
paper1/code/p2_dataprep/train_p2_loso.py,11,relpath_other,F1/payload,non-held-out scenes' lambda-oracle labels and record OOF realised F1/payload + the held-out
paper1/code/p2_dataprep/train_p2_loso.py,12,bare_filename,validate_loso_folds.csv,scene's n_frames -> validate_loso_folds.csv. The 1008 (=112x9) fits are REUSED from the CSV when
paper1/code/p2_dataprep/train_p2_loso.py,13,relpath_other,selection/feasibility,it already matches the candidate list (only selection/feasibility are recomputed).
paper1/code/p2_dataprep/train_p2_loso.py,19,relpath_other,test/Culver,"payload <= B_max (strict, no tolerance) for ALL budgets, else NO manifest, NO test/Culver grids,"
paper1/code/p2_dataprep/train_p2_loso.py,24,relpath_other,path/to/env/python,/path/to/env/python paper1/code/p2_dataprep/train_p2_loso.py
paper1/code/p2_dataprep/train_p2_loso.py,24,relpath_local,paper1/code/p2_dataprep/train_p2_loso.py,/path/to/env/python paper1/code/p2_dataprep/train_p2_loso.py
paper1/code/p2_dataprep/train_p2_loso.py,45,relpath_local,peiyi_work/paper1/data,"DATA = os.path.join(OPENCOOD, 'peiyi_work/paper1/data')"
paper1/code/p2_dataprep/train_p2_loso.py,46,bare_filename,dataset_validate.csv,"CUES_CSV = os.path.join(DATA, 'dataset_validate.csv')"
paper1/code/p2_dataprep/train_p2_loso.py,47,relpath_local,data/p2/p2_grid_validate.csv,"GRID_CSV = os.path.join(P1, 'data/p2/p2_grid_validate.csv')"
paper1/code/p2_dataprep/train_p2_loso.py,48,relpath_local,results/bler_sionna/bler_sionna.csv,"BLER_CSV = os.path.join(P1, 'results/bler_sionna/bler_sionna.csv')"
paper1/code/p2_dataprep/train_p2_loso.py,49,bare_filename,PROTOCOL.md,"PROTOCOL = os.path.join(P1, 'PROTOCOL.md')"
paper1/code/p2_dataprep/train_p2_loso.py,50,relpath_local,data/p2,"OUT_MODEL = os.path.join(P1, 'data/p2')"
paper1/code/p2_dataprep/train_p2_loso.py,51,relpath_local,results/p2_dataprep,"OUT_PROV = os.path.join(P1, 'results/p2_dataprep')"
paper1/code/p2_dataprep/train_p2_loso.py,52,bare_filename,FROZEN_MANIFEST.json,"MANIFEST = os.path.join(OUT_PROV, 'FROZEN_MANIFEST.json')"
paper1/code/p2_dataprep/train_p2_loso.py,53,bare_filename,validate_loso_folds.csv,"FOLDS_CSV = os.path.join(OUT_PROV, 'validate_loso_folds.csv')"
paper1/code/p2_dataprep/train_p2_loso.py,54,relpath_other,catosg-frozen-manifest/1,MANIFEST_SCHEMA = 'catosg-frozen-manifest/1'
paper1/code/p2_dataprep/train_p2_loso.py,86,bare_filename,PROTOCOL.md,raise SystemExit('CATOSG-CANDIDATES block not found in PROTOCOL.md.')
paper1/code/p2_dataprep/train_p2_loso.py,116,bare_filename,dataset_validate.csv,raise SystemExit('dataset_validate.csv has duplicate sample_id -- cue source not one-per-frame.')
paper1/code/p2_dataprep/train_p2_loso.py,151,bare_filename,validate_loso_folds.csv,"""""""Run the 9-fold LOSO, or REUSE validate_loso_folds.csv when it already matches the candidates"
paper1/code/p2_dataprep/train_p2_loso.py,166,bare_filename,validate_loso_folds.csv,print(f'  REUSE validate_loso_folds.csv ({len(prev)} rows) -- 1008 fits not recomputed (R6).')
paper1/code/p2_dataprep/train_p2_loso.py,263,relpath_other,manifest/models,#     valid products -- the .tmp files are discarded and the current manifest/models are kept. ---
paper1/code/p2_dataprep/train_p2_loso.py,307,relpath_other,0/1,"# budget_passed is written as a 0/1 INTEGER (R9-2a) but the gate re-derives it, not trusts it."
paper1/code/p2_dataprep/train_p2_loso.py,337,bare_filename,PROVENANCE_train.txt,"with open(os.path.join(OUT_PROV, 'PROVENANCE_train.txt'), 'w') as f:"
paper1/code/p2_dataprep/train_p2_loso.py,343,relpath_other,manifest/models,'DISCARDED and the existing manifest/models are KEPT untouched. Fix = a NEW '
paper1/code/p2_dataprep/train_p2_loso.py,351,relpath_other,R8/R9,"# AUDIT (R8/R9): if a prior manifest exists, the re-executed (same-seed, deterministic) walk winners"
paper1/code/p2_dataprep/train_p2_loso.py,364,bare_filename,FROZEN_MANIFEST.json,print('AUDIT: re-executed walk winners match FROZEN_MANIFEST.json (candidate/sha/lambda*/tau*).')
paper1/code/p2_dataprep/train_p2_loso.py,364,relpath_other,candidate/sha/lambda,print('AUDIT: re-executed walk winners match FROZEN_MANIFEST.json (candidate/sha/lambda*/tau*).')
paper1/code/p2_dataprep/train_p2_loso.py,371,bare_filename,PROTOCOL.md,"schema=MANIFEST_SCHEMA, protocol='CA-TOSG P2 (PROTOCOL.md), R9',"
paper1/code/p2_dataprep/train_p2_loso.py,379,relpath_local,data/p2/p2_grid_validate.csv,"train_grid=dict(file='data/p2/p2_grid_validate.csv', md5=_md5(GRID_CSV)),"
paper1/code/p2_dataprep/train_p2_loso.py,381,bare_filename,dataset_validate_v3.csv,"note='versionless (md5 == dataset_validate_v3.csv)'),"
paper1/code/p2_dataprep/train_p2_loso.py,382,relpath_local,results/bler_sionna/bler_sionna.csv,"bler_table=dict(file='results/bler_sionna/bler_sionna.csv', md5=_md5(BLER_CSV)),"
paper1/code/p2_dataprep/train_p2_loso.py,396,bare_filename,PROVENANCE_train.txt,"with open(os.path.join(OUT_PROV, 'PROVENANCE_train.txt'), 'w') as f:"
paper1/code/p2_dataprep/train_p2_loso.py,397,bare_filename,train_p2_loso.py,"f.write('CA-TOSG P2 submit-A (R9) -- frozen-walk selection + freeze, atomic (train_p2_loso.py)\n')"
paper1/code/p2_dataprep/train_p2_loso.py,410,relpath_local,data/p2/,f.write('models git-excluded (data/p2/); manifest+folds+walk-tables tracked (results/p2_dataprep/).\n')
paper1/code/p2_dataprep/train_p2_loso.py,410,relpath_local,results/p2_dataprep/,f.write('models git-excluded (data/p2/); manifest+folds+walk-tables tracked (results/p2_dataprep/).\n')
paper1/code/p2_dataprep/train_p2_loso.py,411,bare_filename,FROZEN_MANIFEST.json,print('\nAll budgets satisfied -> FROZEN_MANIFEST.json + candidate_walk_B0XX.csv + '
paper1/code/p2_dataprep/train_p2_loso.py,411,bare_filename,candidate_walk_B0XX.csv,print('\nAll budgets satisfied -> FROZEN_MANIFEST.json + candidate_walk_B0XX.csv + '
paper1/code/p2_dataprep/train_p2_loso.py,412,bare_filename,validate_loso_folds.csv,'validate_loso_folds.csv + PROVENANCE_train.txt')
paper1/code/p2_dataprep/train_p2_loso.py,412,bare_filename,PROVENANCE_train.txt,'validate_loso_folds.csv + PROVENANCE_train.txt')
paper1/code/p2_dataprep/train_p2_loso.py,42,path_anchor,os.path.dirname,HERE = os.path.dirname(os.path.abspath(__file__))
paper1/code/p2_dataprep/train_p2_loso.py,43,path_anchor,os.path.dirname,P1 = os.path.dirname(os.path.dirname(HERE))
paper1/code/p2_dataprep/train_p2_loso.py,44,path_anchor,os.path.dirname,"OPENCOOD = os.path.join(os.path.dirname(os.path.dirname(P1)), 'OpenCOOD')"
paper1/code/p2_dataprep/train_p3_variants.py,1,relpath_other,usr/bin/env,#!/usr/bin/env python3
paper1/code/p2_dataprep/train_p3_variants.py,7,bare_filename,FROZEN_MANIFEST.json,"random_state=0). They are **labeled variants, not deployed**: they do NOT touch FROZEN_MANIFEST.json,"
paper1/code/p2_dataprep/train_p3_variants.py,18,relpath_other,50/50,"SNR, 50/50 channel, BLER_L=0), reusing eval_p3_sensitivity's draws/metrics. Reported next to the deployed"
paper1/code/p2_dataprep/train_p3_variants.py,18,relpath_other,draws/metrics,"SNR, 50/50 channel, BLER_L=0), reusing eval_p3_sensitivity's draws/metrics. Reported next to the deployed"
paper1/code/p2_dataprep/train_p3_variants.py,19,bare_filename,p3_baseline_sanity.csv,selectors' validate numbers (p3_baseline_sanity.csv) for context. Descriptive only.
paper1/code/p2_dataprep/train_p3_variants.py,21,relpath_local,results/p3_sensitivity/item3_variants.csv,Output: results/p3_sensitivity/item3_variants.csv  (+ notes in PROVENANCE_p3.txt).
paper1/code/p2_dataprep/train_p3_variants.py,21,bare_filename,PROVENANCE_p3.txt,Output: results/p3_sensitivity/item3_variants.csv  (+ notes in PROVENANCE_p3.txt).
paper1/code/p2_dataprep/train_p3_variants.py,22,relpath_other,path/to/env/python,Run:  /path/to/env/python paper1/code/p2_dataprep/train_p3_variants.py
paper1/code/p2_dataprep/train_p3_variants.py,22,relpath_local,paper1/code/p2_dataprep/train_p3_variants.py,Run:  /path/to/env/python paper1/code/p2_dataprep/train_p3_variants.py
paper1/code/p2_dataprep/train_p3_variants.py,37,relpath_local,results/p3_sensitivity,"OUT = os.path.join(P1, 'results/p3_sensitivity')"
paper1/code/p2_dataprep/train_p3_variants.py,38,bare_filename,p2_grid_validate.csv,"GRID = os.path.join(D.GRID_DIR, 'p2_grid_validate.csv')"
paper1/code/p2_dataprep/train_p3_variants.py,72,relpath_other,F1/payload/rho,"""""""Realised validate F1/payload/rho under the baseline replay (uniform SNR, 50/50, BLER_L=0)."""""""
paper1/code/p2_dataprep/train_p3_variants.py,72,relpath_other,50/50,"""""""Realised validate F1/payload/rho under the baseline replay (uniform SNR, 50/50, BLER_L=0)."""""""
paper1/code/p2_dataprep/train_p3_variants.py,114,bare_filename,item3_variants.csv,"pd.DataFrame(rows).to_csv(os.path.join(OUT, 'item3_variants.csv'), index=False)"
paper1/code/p2_dataprep/train_p3_variants.py,115,relpath_local,results/p3_sensitivity/item3_variants.csv,"print('wrote results/p3_sensitivity/item3_variants.csv (labeled variants, not deployed; validate-only)')"
paper1/code/p2_dataprep/train_p3_variants.py,31,path_anchor,os.path.dirname,HERE = os.path.dirname(os.path.abspath(__file__))
paper1/code/p2_dataprep/train_p3_variants.py,32,path_anchor,sys.path,"sys.path.insert(0, HERE)"
paper1/code/p2_dataprep/train_p3_variants.py,33,local_import,eval_p2_deploy,import eval_p2_deploy as D
paper1/code/p2_dataprep/train_p3_variants.py,34,local_import,eval_p3_sensitivity,import eval_p3_sensitivity as P3
paper1/code/p2_dataprep/train_p4a_bandit.py,1,relpath_other,usr/bin/env,#!/usr/bin/env python3
paper1/code/p2_dataprep/train_p4a_bandit.py,5,bare_filename,FROZEN_MANIFEST.json,"""external baseline, not deployed"". Does NOT touch the deployed CA-TOSG selectors, FROZEN_MANIFEST.json,"
paper1/code/p2_dataprep/train_p4a_bandit.py,6,bare_filename,main.tex,"delta, tau*, or the mainline replay; main.tex untouched. Every parameter is PARSED from the machine-"
paper1/code/p2_dataprep/train_p4a_bandit.py,7,bare_filename,PROTOCOL.md,parseable ```json CATOSG-P4A``` block in PROTOCOL.md (single source of truth; nothing hard-coded here).
paper1/code/p2_dataprep/train_p4a_bandit.py,16,relpath_local,results/p4a/,"atomic-swap), scene-level 9-fold LOSO for lambda selection. Freezes 3 models -> results/p4a/"
paper1/code/p2_dataprep/train_p4a_bandit.py,17,bare_filename,P4A_MANIFEST.json,"P4A_MANIFEST.json (+ models in data/p2/, git-excluded)."
paper1/code/p2_dataprep/train_p4a_bandit.py,17,relpath_local,data/p2/,"P4A_MANIFEST.json (+ models in data/p2/, git-excluded)."
paper1/code/p2_dataprep/train_p4a_bandit.py,19,relpath_other,path/to/env/python,Run:  /path/to/env/python paper1/code/p2_dataprep/train_p4a_bandit.py
paper1/code/p2_dataprep/train_p4a_bandit.py,19,relpath_local,paper1/code/p2_dataprep/train_p4a_bandit.py,Run:  /path/to/env/python paper1/code/p2_dataprep/train_p4a_bandit.py
paper1/code/p2_dataprep/train_p4a_bandit.py,37,bare_filename,PROTOCOL.md,"PROTOCOL = os.path.join(P1, 'PROTOCOL.md')"
paper1/code/p2_dataprep/train_p4a_bandit.py,38,bare_filename,p2_grid_validate.csv,"GRID = os.path.join(D.GRID_DIR, 'p2_grid_validate.csv')"
paper1/code/p2_dataprep/train_p4a_bandit.py,39,relpath_local,data/p2,"MODELDIR = os.path.join(P1, 'data/p2')                 # git-excluded, like the frozen selectors"
paper1/code/p2_dataprep/train_p4a_bandit.py,40,relpath_local,results/p4a,"OUT = os.path.join(P1, 'results/p4a')"
paper1/code/p2_dataprep/train_p4a_bandit.py,50,bare_filename,PROTOCOL.md,raise SystemExit('P4-A FUSE: CATOSG-P4A block not found in PROTOCOL.md')
paper1/code/p2_dataprep/train_p4a_bandit.py,121,relpath_other,F1/payload,"""""""Frame-weighted F1/payload over the given rows (grid mean == frame-weighted, R7a). Also scene-mean."""""""
paper1/code/p2_dataprep/train_p4a_bandit.py,127,relpath_other,F1/payload,"""""""Scene-level 9-fold LOSO: train on 8 scenes, OOF F1/payload on the held-out scene; frame-weighted."""""""
paper1/code/p2_dataprep/train_p4a_bandit.py,157,bare_filename,p4a_loso_oof.csv,"pd.DataFrame(oof).to_csv(os.path.join(OUT, 'p4a_loso_oof.csv'), index=False)"
paper1/code/p2_dataprep/train_p4a_bandit.py,193,bare_filename,p4a_walk.csv,"pd.DataFrame(walk_rows).to_csv(os.path.join(OUT, 'p4a_walk.csv'), index=False)"
paper1/code/p2_dataprep/train_p4a_bandit.py,196,relpath_other,catosg-p4a-manifest/1,"schema='catosg-p4a-manifest/1', label='external baseline, not deployed',"
paper1/code/p2_dataprep/train_p4a_bandit.py,204,bare_filename,P4A_MANIFEST.json,"json.dump(manifest, open(os.path.join(OUT, 'P4A_MANIFEST.json'), 'w'), indent=1)"
paper1/code/p2_dataprep/train_p4a_bandit.py,205,relpath_local,results/p4a/,"print('wrote results/p4a/{P4A_MANIFEST.json, p4a_loso_oof.csv, p4a_walk.csv} + models in data/p2/ (git-excluded)')"
paper1/code/p2_dataprep/train_p4a_bandit.py,205,bare_filename,P4A_MANIFEST.json,"print('wrote results/p4a/{P4A_MANIFEST.json, p4a_loso_oof.csv, p4a_walk.csv} + models in data/p2/ (git-excluded)')"
paper1/code/p2_dataprep/train_p4a_bandit.py,205,bare_filename,p4a_loso_oof.csv,"print('wrote results/p4a/{P4A_MANIFEST.json, p4a_loso_oof.csv, p4a_walk.csv} + models in data/p2/ (git-excluded)')"
paper1/code/p2_dataprep/train_p4a_bandit.py,205,bare_filename,p4a_walk.csv,"print('wrote results/p4a/{P4A_MANIFEST.json, p4a_loso_oof.csv, p4a_walk.csv} + models in data/p2/ (git-excluded)')"
paper1/code/p2_dataprep/train_p4a_bandit.py,205,relpath_local,data/p2/,"print('wrote results/p4a/{P4A_MANIFEST.json, p4a_loso_oof.csv, p4a_walk.csv} + models in data/p2/ (git-excluded)')"
paper1/code/p2_dataprep/train_p4a_bandit.py,32,path_anchor,os.path.dirname,HERE = os.path.dirname(os.path.abspath(__file__))
paper1/code/p2_dataprep/train_p4a_bandit.py,33,path_anchor,sys.path,"sys.path.insert(0, HERE)"
paper1/code/p2_dataprep/train_p4a_bandit.py,34,local_import,eval_p2_deploy,import eval_p2_deploy as D
paper1/code/paper_style.py,55,relpath_other,top/right,# spines: drop top/right for a cleaner look
paper1/code/paper_style.py,71,relpath_other,editable/embeddable,"'pdf.fonttype': 42,   # editable/embeddable text in the PDF"
paper1/code/paper_style.py,7,local_import,paper_style,import paper_style as ps; ps.apply()
paper1/code/payload_audit.py,3,bare_filename,main.tex,"# result CSVs, and (c) the numbers actually printed in the paper (parsed from main.tex). No value is"
paper1/code/payload_audit.py,4,relpath_other,rate/QAM,"# hardcoded as an ""expected"": each expected side is either computed from the rate/QAM parameters or read"
paper1/code/payload_audit.py,9,relpath_other,rate-1/2,--(rate-1/2 LDPC: /0.5)-->            3.96 Mbit coded
paper1/code/payload_audit.py,10,relpath_other,bit/sym,--(16-QAM: /4 bit/sym)-->           0.990 Msym  = B_C16
paper1/code/payload_audit.py,11,relpath_other,bit/sym,--(256-QAM: /8 bit/sym)-->          0.495 Msym  = B_C256
paper1/code/payload_audit.py,12,relpath_other,rate-1/2,"object-level L: 0.024 Mbit info --(rate-1/2 QPSK, ~1 bit/ch-use)--> ~0.024 Msym = B_L"
paper1/code/payload_audit.py,12,relpath_other,bit/ch-use,"object-level L: 0.024 Mbit info --(rate-1/2 QPSK, ~1 bit/ch-use)--> ~0.024 Msym = B_L"
paper1/code/payload_audit.py,13,relpath_local,results/policy/threshold_vs_rf.csv,"per-policy deployed mean payload (200-realisation deployment, results/policy/threshold_vs_rf.csv):"
paper1/code/payload_audit.py,16,bare_filename,main.tex,paper cross-check: Eq.(7) constants + tab:headline_agg (RF / best-tau payloads) parsed from main.tex.
paper1/code/payload_audit.py,19,relpath_local,paper1/code/payload_audit.py,python paper1/code/payload_audit.py
paper1/code/payload_audit.py,25,relpath_local,results/policy/threshold_vs_rf.csv,"THRVRF = os.path.join(P1, 'results/policy/threshold_vs_rf.csv')"
paper1/code/payload_audit.py,26,relpath_local,paper/main.tex,"MAIN = os.path.join(P1, 'paper/main.tex')"
paper1/code/payload_audit.py,29,relpath_local,opencood/hypes_yaml/point_pillar_importance_map_jscc_awgn_learned.yaml,"JSCC_CFG = os.path.join(OPENCOOD, 'opencood/hypes_yaml/point_pillar_importance_map_jscc_awgn_learned.yaml')"
paper1/code/payload_audit.py,30,relpath_local,peiyi_work/paper1/data/dataset_validate_v3.csv,"DATASET = os.path.join(OPENCOOD, 'peiyi_work/paper1/data/dataset_validate_v3.csv')"
paper1/code/payload_audit.py,34,relpath_other,bit/element,"#                         (declared convention: ~=0.92 bit/element of the 2.16M-element tensor,"
paper1/code/payload_audit.py,35,bare_filename,main.tex,#                          see main.tex payload paragraph; NOT a source-paper-adopted value --
paper1/code/payload_audit.py,38,relpath_other,rate-1/2,CODE_RATE = 0.5         # rate-1/2 LDPC
paper1/code/payload_audit.py,51,relpath_other,rate-1/2,"chk('1.98 Mbit info / rate-1/2 = coded bits', coded, 3.96, 'arithmetic')"
paper1/code/payload_audit.py,56,relpath_other,rate-1/2,"chk('B_L Msym (0.024 info, rate-1/2 QPSK ~1 b/cu)', B_L_INFO, 0.024, 'arithmetic')"
paper1/code/payload_audit.py,56,relpath_other,b/cu,"chk('B_L Msym (0.024 info, rate-1/2 QPSK ~1 b/cu)', B_L_INFO, 0.024, 'arithmetic')"
paper1/code/payload_audit.py,61,bare_filename,main.tex,"""""""Read Eq.(7) B_L / B_C16 / B_C256 values printed in main.tex (derive expected from the paper)."""""""
paper1/code/payload_audit.py,71,bare_filename,main.tex,"""""""Read tab:headline_agg RF payload (0.251) and best-tau payload (0.303) from main.tex."""""""
paper1/code/payload_audit.py,79,relpath_other,bit/element,"1.98 Mbit spread over the real feature tensor is ~=0.92 bit/element, reading the tensor dims from"
paper1/code/payload_audit.py,93,relpath_other,bit/elem,"chk(f'(0a) declared 1.98 Mbit = {bit_per_elem:.4f} bit/elem of the {elems:,}-elem tensor '"
paper1/code/payload_audit.py,118,bare_filename,threshold_vs_rf.csv,"recon, rf_pay, 'threshold_vs_rf.csv', tol=1e-9)"
paper1/code/payload_audit.py,122,bare_filename,threshold_vs_rf.csv,"'16-25', 'threshold_vs_rf.csv', 15.5 <= frac < 25.5))"
paper1/code/payload_audit.py,130,bare_filename,main.tex,print('=== 2) paper Eq.(7) cross-check (main.tex) ===')
paper1/code/payload_audit.py,134,bare_filename,main.tex,"chk(f'Eq.(7) B_{k} printed in paper == derived', pay[k], eq7[k], 'main.tex Eq.(7)', tol=TOL)"
paper1/code/payload_audit.py,135,relpath_local,results/policy/threshold_vs_rf.csv,print('=== 3) deployed averages (results/policy/threshold_vs_rf.csv) ===')
paper1/code/payload_audit.py,137,bare_filename,main.tex,print('=== 4) tab:headline_agg payloads (main.tex vs CSV) ===')
paper1/code/payload_audit.py,143,bare_filename,main.tex,"rf_paper, 'main.tex vs threshold_vs_rf.csv', tol=TOL)"
paper1/code/payload_audit.py,143,bare_filename,threshold_vs_rf.csv,"rf_paper, 'main.tex vs threshold_vs_rf.csv', tol=TOL)"
paper1/code/payload_audit.py,145,bare_filename,main.tex,"round(float(trow['bestF1_tau_payload']), 3), thr_paper, 'main.tex vs threshold_vs_rf.csv', tol=TOL)"
paper1/code/payload_audit.py,145,bare_filename,threshold_vs_rf.csv,"round(float(trow['bestF1_tau_payload']), 3), thr_paper, 'main.tex vs threshold_vs_rf.csv', tol=TOL)"
paper1/code/payload_audit.py,23,path_anchor,os.path.dirname,HERE = os.path.dirname(os.path.abspath(__file__))
paper1/code/payload_audit.py,24,path_anchor,os.path.dirname,P1 = os.path.dirname(HERE)                                   # paper1
paper1/code/payload_audit.py,28,path_anchor,os.path.dirname,"OPENCOOD = os.path.join(os.path.dirname(os.path.dirname(P1)), 'OpenCOOD')"
paper1/code/plot_ap_snr.py,3,relpath_other,fig_ap50/70_,"""""""Regenerate the four AP-vs-SNR panels (fig_ap50/70_{awgn,rayleigh}.pdf)."
paper1/code/plot_ap_snr.py,8,bare_filename,true_e2e_global_validate.csv,"CA-TOSG (proposed)      true_e2e_global_validate.csv, policy=CA-TOSG."
paper1/code/plot_ap_snr.py,12,bare_filename,true_e2e_global_validate.csv,"Fixed L                 true_e2e_global_validate.csv, policy=Fixed-L."
paper1/code/plot_ap_snr.py,14,bare_filename,true_e2e_global_validate.csv,"Feature ceiling         true_e2e_global_validate.csv, policy=Feature-ceiling."
paper1/code/plot_ap_snr.py,16,bare_filename,_jscc_summary.csv,ImportanceMapJSCC       {ch}_jscc_summary.csv  (learned reproduction).
paper1/code/plot_ap_snr.py,17,bare_filename,_ldpc16_summary.csv,LDPC + 16-QAM (Fixed C16)  {ch}_ldpc16_summary.csv.
paper1/code/plot_ap_snr.py,18,bare_filename,_ldpc256_summary.csv,LDPC + 256-QAM (Fixed C256){ch}_ldpc256_summary.csv.
paper1/code/plot_ap_snr.py,21,bare_filename,true_e2e_global_validate.csv,"to true_e2e_global_validate.csv (they are read from it, not recomputed). The"
paper1/code/plot_ap_snr.py,27,relpath_other,gs_rerun/true_e2e_global_validate.csv,gs_rerun/true_e2e_global_validate.csv
paper1/code/plot_ap_snr.py,28,relpath_other,gs_rerun/figure_rebuild/jscc_global/,"gs_rerun/figure_rebuild/jscc_global/{ch}_{jscc,ldpc16,ldpc256}_summary.csv"
paper1/code/plot_ap_snr.py,28,bare_filename,_summary.csv,"gs_rerun/figure_rebuild/jscc_global/{ch}_{jscc,ldpc16,ldpc256}_summary.csv"
paper1/code/plot_ap_snr.py,29,relpath_local,paper/figures/fig_ap,"Output: paper/figures/fig_ap{50,70}_{awgn,rayleigh}.{pdf,png,svg}"
paper1/code/plot_ap_snr.py,42,relpath_local,paper/figures,"OUT_DIR = os.path.join(P1, 'paper/figures')"
paper1/code/plot_ap_snr.py,52,relpath_local,results/,"# Data lives in results/ in the clean ca-tosg repo, and in gs_rerun/ in the OpenCOOD"
paper1/code/plot_ap_snr.py,52,relpath_other,gs_rerun/,"# Data lives in results/ in the clean ca-tosg repo, and in gs_rerun/ in the OpenCOOD"
paper1/code/plot_ap_snr.py,55,relpath_local,results/true_e2e_global_validate.csv,"os.path.join(P1, 'results/true_e2e_global_validate.csv'),  # v3: matches the item-7 section"
paper1/code/plot_ap_snr.py,56,relpath_local,results/true_e2e_global_validate.csv,"os.path.join(P1, 'results/true_e2e_global_validate.csv'),"
paper1/code/plot_ap_snr.py,57,relpath_other,gs_rerun/true_e2e_global_validate.csv,"os.path.join(P1, 'gs_rerun/true_e2e_global_validate.csv'))"
paper1/code/plot_ap_snr.py,58,relpath_other,gs_rerun/figure_rebuild,"# v3 baseline sources (the old gs_rerun/figure_rebuild summaries are V2 -- JSCC ~0.80, LDPC not reaching the"
paper1/code/plot_ap_snr.py,61,relpath_local,results/jscc/jscc_ap_f1.csv,"JSCC_V3 = os.path.join(P1, 'results/jscc/jscc_ap_f1.csv')            # JSCC baseline (has ap50 + ap70)"
paper1/code/plot_ap_snr.py,62,relpath_local,results/jscc/channel_codec_ap_validate.csv,"CODEC_V3 = os.path.join(P1, 'results/jscc/channel_codec_ap_validate.csv')  # LDPC-16/256 baseline (ap50)"
paper1/code/plot_ap_snr.py,62,relpath_other,LDPC-16/256,"CODEC_V3 = os.path.join(P1, 'results/jscc/channel_codec_ap_validate.csv')  # LDPC-16/256 baseline (ap50)"
paper1/code/plot_ap_snr.py,83,relpath_other,lexicographic/categorical,"# CA-TOSG rows to float so the x-axis is numeric, not lexicographic/categorical."
paper1/code/plot_ap_snr.py,36,path_anchor,sys.path,"_sys.path.insert(0, os.path.dirname(os.path.abspath(__file__)))"
paper1/code/plot_ap_snr.py,37,local_import,paper_style,import paper_style as _ps; _ps.apply()
paper1/code/plot_ap_snr.py,40,path_anchor,os.path.dirname,HERE = os.path.dirname(os.path.abspath(__file__))
paper1/code/plot_ap_snr.py,41,path_anchor,os.path.dirname,P1 = os.path.dirname(HERE)
paper1/code/plot_bler_frame.py,1,bare_filename,bler_sionna.csv,#self+ CA-TOSG: frame-level BLER figure (4 curves) from Sionna bler_sionna.csv.
paper1/code/plot_bler_frame.py,3,relpath_local,results/bler_sionna/bler_sionna.csv,"""""""Regenerate fig_channel_bler_frame.{pdf,png} from results/bler_sionna/bler_sionna.csv."
paper1/code/plot_bler_frame.py,20,relpath_local,results/bler_sionna/bler_sionna.csv,"CSV = os.path.join(P1, 'results/bler_sionna/bler_sionna.csv')"
paper1/code/plot_bler_frame.py,21,relpath_local,paper/figures,"FIG = os.path.join(P1, 'paper/figures')"
paper1/code/plot_bler_frame.py,50,relpath_other,E_s/N_0,ax.set_xlabel(r'$E_s/N_0$ (dB)')
paper1/code/plot_bler_frame.py,18,path_anchor,os.path.dirname,HERE = os.path.dirname(os.path.abspath(__file__))
paper1/code/plot_bler_frame.py,19,path_anchor,os.path.dirname,P1 = os.path.dirname(HERE)
paper1/code/plot_feature_importance.py,20,relpath_local,results/feature_importance.csv,"IN = os.path.join(P1, 'results/feature_importance.csv')      # v3: c_t (channel_is_rayleigh) 0.349 dominant"
paper1/code/plot_feature_importance.py,21,relpath_local,paper/figures,"OUT_DIR = os.path.join(P1, 'paper/figures')"
paper1/code/plot_feature_importance.py,48,bare_filename,fig_feature_importance.png,"fig.savefig(os.path.join(OUT_DIR, 'fig_feature_importance.png'), dpi=140)"
paper1/code/plot_feature_importance.py,49,bare_filename,fig_feature_importance.pdf,"fig.savefig(os.path.join(OUT_DIR, 'fig_feature_importance.pdf'))"
paper1/code/plot_feature_importance.py,50,bare_filename,fig_feature_importance.pdf,"print('wrote', os.path.join(OUT_DIR, 'fig_feature_importance.pdf'))"
paper1/code/plot_feature_importance.py,15,path_anchor,sys.path,"_sys.path.insert(0, _os.path.dirname(_os.path.abspath(__file__)))"
paper1/code/plot_feature_importance.py,16,local_import,paper_style,import paper_style as _ps; _ps.apply()
paper1/code/plot_feature_importance.py,19,path_anchor,os.path.dirname,P1 = os.path.dirname(os.path.dirname(os.path.abspath(__file__)))
paper1/code/plot_oracle_action_dist.py,3,relpath_local,results/step4_oracle_action_dist.csv,"""""""Reads results/step4_oracle_action_dist.csv and plots the oracle action mix vs Es/N0 for each"
paper1/code/plot_oracle_action_dist.py,3,relpath_other,Es/N0,"""""""Reads results/step4_oracle_action_dist.csv and plots the oracle action mix vs Es/N0 for each"
paper1/code/plot_oracle_action_dist.py,5,relpath_local,results/step4_oracle_action_dist,"all-L collapse after the feasibility mask. Outputs results/step4_oracle_action_dist.{pdf,png}."
paper1/code/plot_oracle_action_dist.py,16,bare_filename,step4_oracle_action_dist.csv,"CSV = os.path.join(RESULTS, 'step4_oracle_action_dist.csv')"
paper1/code/plot_oracle_action_dist.py,43,relpath_other,Es/N0,"ax.set_xlabel('Es/N0 (dB)', fontsize=9)"
paper1/code/plot_oracle_action_dist.py,14,path_anchor,os.path.dirname,HERE = os.path.dirname(os.path.abspath(__file__)); P1 = os.path.dirname(HERE)
paper1/code/plot_pareto_payload.py,5,bare_filename,fig_pareto_test.pdf,"fig_pareto_test.pdf  <- results/policy/pareto_points.csv (test rows, corrected rate-1/2 payloads)"
paper1/code/plot_pareto_payload.py,5,relpath_local,results/policy/pareto_points.csv,"fig_pareto_test.pdf  <- results/policy/pareto_points.csv (test rows, corrected rate-1/2 payloads)"
paper1/code/plot_pareto_payload.py,5,relpath_other,rate-1/2,"fig_pareto_test.pdf  <- results/policy/pareto_points.csv (test rows, corrected rate-1/2 payloads)"
paper1/code/plot_pareto_payload.py,8,relpath_local,results/policy/PROVENANCE.txt,selector md5 pending P2 re-freeze (see results/policy/PROVENANCE.txt; the old eb9358e9 was v2).
paper1/code/plot_pareto_payload.py,10,bare_filename,fig_payload_awgn.pdf,fig_payload_awgn.pdf <- results/true_e2e_global_validate.csv (AWGN CA-TOSG rows; matches the validate AP/payload section)
paper1/code/plot_pareto_payload.py,10,relpath_local,results/true_e2e_global_validate.csv,fig_payload_awgn.pdf <- results/true_e2e_global_validate.csv (AWGN CA-TOSG rows; matches the validate AP/payload section)
paper1/code/plot_pareto_payload.py,10,relpath_other,AP/payload,fig_payload_awgn.pdf <- results/true_e2e_global_validate.csv (AWGN CA-TOSG rows; matches the validate AP/payload section)
paper1/code/plot_pareto_payload.py,12,relpath_other,rate-1/2,"per-SNR rho_L: payload = rho_L*B_L + (1-rho_L)*B_C, B_L=0.024, B_C=0.99 (Fixed C16, rate-1/2)."
paper1/code/plot_pareto_payload.py,15,relpath_local,paper/figures/README.md,Provenance is recorded in paper/figures/README.md (Figure provenance section).
paper1/code/plot_pareto_payload.py,16,relpath_local,paper/figures/,"Outputs {pdf,svg} into paper/figures/. Pure plotting, no GPU / no inference."
paper1/code/plot_pareto_payload.py,28,relpath_local,paper/figures,"RES = os.path.join(P1, 'results'); FIG = os.path.join(P1, 'paper/figures')"
paper1/code/plot_pareto_payload.py,29,relpath_other,rate-1/2,"B_L, B_C = 0.024, 0.99                   # object-level; Fixed C16 channel-use payload (rate-1/2: 1.98/(0.5*4))"
paper1/code/plot_pareto_payload.py,39,bare_filename,pareto_points.csv,"df = pd.read_csv(os.path.join(RES, 'policy', 'pareto_points.csv'))  # corrected rate-1/2 payloads"
paper1/code/plot_pareto_payload.py,39,relpath_other,rate-1/2,"df = pd.read_csv(os.path.join(RES, 'policy', 'pareto_points.csv'))  # corrected rate-1/2 payloads"
paper1/code/plot_pareto_payload.py,55,relpath_other,Msym/frame,"ax.set_xlabel('Average payload (Msym/frame, log scale)')"
paper1/code/plot_pareto_payload.py,66,bare_filename,true_e2e_global_validate.csv,"df = pd.read_csv(os.path.join(RES, 'true_e2e_global_validate.csv'))  # validate: matches item-7 payload section (0.633/0.990)"
paper1/code/plot_pareto_payload.py,23,path_anchor,sys.path,"_sys.path.insert(0, os.path.dirname(os.path.abspath(__file__)))"
paper1/code/plot_pareto_payload.py,24,local_import,paper_style,import paper_style as PS; PS.apply()
paper1/code/plot_pareto_payload.py,27,path_anchor,os.path.dirname,HERE = os.path.dirname(os.path.abspath(__file__)); P1 = os.path.dirname(HERE)
paper1/code/plot_stacked_area.py,19,relpath_local,paper/figures,"OUT_DIR = os.path.join(P1, 'paper/figures')"
paper1/code/plot_stacked_area.py,20,relpath_local,results/true_e2e_global_validate.csv,"V3 = os.path.join(P1, 'results/true_e2e_global_validate.csv')  # deployed selector rho_L per SNR"
paper1/code/plot_stacked_area.py,56,bare_filename,fig_stacked_area.png,"fig.savefig(os.path.join(OUT_DIR, 'fig_stacked_area.png'), dpi=140)"
paper1/code/plot_stacked_area.py,57,bare_filename,fig_stacked_area.pdf,"fig.savefig(os.path.join(OUT_DIR, 'fig_stacked_area.pdf'))"
paper1/code/plot_stacked_area.py,58,bare_filename,fig_stacked_area.pdf,"print('wrote', os.path.join(OUT_DIR, 'fig_stacked_area.pdf'))"
paper1/code/plot_stacked_area.py,14,path_anchor,sys.path,"_sys.path.insert(0, _os.path.dirname(_os.path.abspath(__file__)))"
paper1/code/plot_stacked_area.py,15,local_import,paper_style,import paper_style as _ps; _ps.apply()
paper1/code/plot_stacked_area.py,18,path_anchor,os.path.dirname,P1 = os.path.dirname(os.path.dirname(os.path.abspath(__file__)))
paper1/code/recompute_canonical_f1.py,1,relpath_other,late/comp/ego,"#self+ P1 Step-4 prerequisite (b): recompute EVERY per-frame F1 column (late/comp/ego, 3 splits)"
paper1/code/recompute_canonical_f1.py,4,relpath_other,late_f1/compressed_f1,"# the current npz 0.9082). Canonical GT = comp all-CAV union GT. Overwrites late_f1/compressed_f1,"
paper1/code/recompute_canonical_f1.py,5,relpath_local,data/dataset_,"# adds ego_f1, into data/dataset_{split}_v3.csv (the cue columns are LiDAR-derived and kept as-is)."
paper1/code/recompute_canonical_f1.py,5,bare_filename,_v3.csv,"# adds ego_f1, into data/dataset_{split}_v3.csv (the cue columns are LiDAR-derived and kept as-is)."
paper1/code/recompute_canonical_f1.py,8,relpath_other,home/josh/cooperative_semantic_perception/OpenCOOD,"REPO='/home/josh/cooperative_semantic_perception/OpenCOOD'; sys.path.insert(0,REPO)"
paper1/code/recompute_canonical_f1.py,10,relpath_local,peiyi_work/paper1,"P1=os.path.join(REPO,'peiyi_work/paper1'); GS=os.path.join(P1,'gs_rerun'); D=os.path.join(P1,'data')"
paper1/code/recompute_canonical_f1.py,20,relpath_other,tp/,p=tp/(tp+fp) if tp+fp>0 else 0.; r=tp/g if g>0 else 0.
paper1/code/recompute_canonical_f1.py,20,relpath_other,tp/g,p=tp/(tp+fp) if tp+fp>0 else 0.; r=tp/g if g>0 else 0.
paper1/code/recompute_canonical_f1.py,21,relpath_other,r/,return (2*p*r/(p+r)) if p+r>0 else 0.
paper1/code/recompute_canonical_f1.py,38,bare_filename,_v3.csv,"df.to_csv(f'{D}/dataset_{sp}_v3.csv', index=False)"
paper1/code/recompute_canonical_f1.py,43,bare_filename,_v3.csv,"print(f""{sp:9s} late {old_lf:.4f}->{lf.mean():.4f}  comp {old_cf:.4f}->{cf.mean():.4f}  ego(new)={ef.mean():.4f}  -> dataset_{sp}_v3.csv"", flush=True)"
paper1/code/recompute_canonical_f1.py,44,relpath_other,ca-tosg/paper1/results/canonical_f1_columns.csv,"pd.DataFrame(summ).to_csv(os.path.join(P1,'..','..','ca-tosg/paper1/results/canonical_f1_columns.csv'), index=False)"
paper1/code/recompute_canonical_f1.py,45,relpath_local,results/canonical_f1_columns.csv,"print(""[artifact] results/canonical_f1_columns.csv ; datasets: data/dataset_{split}_v3.csv"")"
paper1/code/recompute_canonical_f1.py,45,relpath_local,data/dataset_,"print(""[artifact] results/canonical_f1_columns.csv ; datasets: data/dataset_{split}_v3.csv"")"
paper1/code/recompute_canonical_f1.py,45,bare_filename,_v3.csv,"print(""[artifact] results/canonical_f1_columns.csv ; datasets: data/dataset_{split}_v3.csv"")"
paper1/code/recompute_canonical_f1.py,8,path_anchor,sys.path,"REPO='/home/josh/cooperative_semantic_perception/OpenCOOD'; sys.path.insert(0,REPO)"
paper1/code/recompute_policy_200seed.py,6,relpath_local,data/dataset_,* datasets           : data/dataset_{split}_v3.csv (canonical late_f1/compressed_f1/ego_f1).
paper1/code/recompute_policy_200seed.py,6,bare_filename,_v3.csv,* datasets           : data/dataset_{split}_v3.csv (canonical late_f1/compressed_f1/ego_f1).
paper1/code/recompute_policy_200seed.py,6,relpath_other,late_f1/compressed_f1/ego_f1,* datasets           : data/dataset_{split}_v3.csv (canonical late_f1/compressed_f1/ego_f1).
paper1/code/recompute_policy_200seed.py,7,relpath_local,results/bler_sionna/bler_sionna.csv,* BLER               : Sionna FRAME-level table results/bler_sionna/bler_sionna.csv (bler_frame
paper1/code/recompute_policy_200seed.py,8,relpath_other,Es/N0,"column, Es/N0 axis) for BOTH awgn and rayleigh -- no numerical Rayleigh"
paper1/code/recompute_policy_200seed.py,11,relpath_other,success/failure,success/failure is NOT sampled for the expected-utility policies -- it enters
paper1/code/recompute_policy_200seed.py,15,bare_filename,make_dataset.py,constraint used in make_dataset.py. lambda stays pinned = 0.
paper1/code/recompute_policy_200seed.py,22,relpath_local,data/selector_rf.pkl,"CA-TOSG (RF, deployed)                   -- data/selector_rf.pkl (v3-retrained) on the drawn CSI."
paper1/code/recompute_policy_200seed.py,30,relpath_other,gs_rerun/policy_200seed_v3/,Outputs (staging gs_rerun/policy_200seed_v3/; nothing in the repo tree touched):
paper1/code/recompute_policy_200seed.py,31,bare_filename,pareto_points.csv,"pareto_points.csv, generalisation_{validate,test,culver}.csv,"
paper1/code/recompute_policy_200seed.py,32,bare_filename,action_dist_20dB.csv,"threshold_sweep_{validate,test,culver}.csv, action_dist_20dB.csv, PROVENANCE.txt"
paper1/code/recompute_policy_200seed.py,32,bare_filename,PROVENANCE.txt,"threshold_sweep_{validate,test,culver}.csv, action_dist_20dB.csv, PROVENANCE.txt"
paper1/code/recompute_policy_200seed.py,38,relpath_other,gs_rerun/policy_200seed_v3,"DATA = os.path.join(P1, 'data'); OUT = os.path.join(P1, 'gs_rerun/policy_200seed_v3')"
paper1/code/recompute_policy_200seed.py,39,relpath_local,results/bler_sionna/bler_sionna.csv,"BLER_CSV = os.path.join(P1, 'results/bler_sionna/bler_sionna.csv')"
paper1/code/recompute_policy_200seed.py,40,bare_filename,selector_rf.pkl,"RF_PKL = os.path.join(DATA, 'selector_rf.pkl')"
paper1/code/recompute_policy_200seed.py,42,relpath_other,rate-1/2,# Channel USES per frame (Msym) at rate-1/2: info/coderate/bits_per_sym (modulator carries the CODED
paper1/code/recompute_policy_200seed.py,42,relpath_other,info/coderate/bits_per_sym,# Channel USES per frame (Msym) at rate-1/2: info/coderate/bits_per_sym (modulator carries the CODED
paper1/code/recompute_policy_200seed.py,44,relpath_other,rate-1/2,# for the rate-1/2 chain; corrected 2026-07-12.)
paper1/code/recompute_policy_200seed.py,78,relpath_other,frame/scene,# per-FRAME realised-eff accumulators (for the frame-level paired bootstrap -- the frame/scene
paper1/code/recompute_policy_200seed.py,147,relpath_other,frame/scene,# paired bootstrap (the honest generalisation test; the frame/scene is the iid unit).
paper1/code/recompute_policy_200seed.py,205,bare_filename,recompute_policy_200seed.py,"""recompute_policy_200seed.py is FUSED OFF (superseded by PROTOCOL.md, P2 submit-A). The P2 """
paper1/code/recompute_policy_200seed.py,205,bare_filename,PROTOCOL.md,"""recompute_policy_200seed.py is FUSED OFF (superseded by PROTOCOL.md, P2 submit-A). The P2 """
paper1/code/recompute_policy_200seed.py,207,bare_filename,FROZEN_MANIFEST.json,"""FROZEN_MANIFEST.json (frozen model/lambda*/tau* per budget). This legacy engine """
paper1/code/recompute_policy_200seed.py,207,relpath_other,model/lambda,"""FROZEN_MANIFEST.json (frozen model/lambda*/tau* per budget). This legacy engine """
paper1/code/recompute_policy_200seed.py,209,relpath_local,results/policy/threshold_vs_rf.csv,"""generator-of-record for results/policy/threshold_vs_rf.csv, which still backs main.tex """
paper1/code/recompute_policy_200seed.py,209,bare_filename,main.tex,"""generator-of-record for results/policy/threshold_vs_rf.csv, which still backs main.tex """
paper1/code/recompute_policy_200seed.py,211,bare_filename,main.tex,"""deletion is deferred: deleted at P5 migration batch, once main.tex is migrated to the P2 """
paper1/code/recompute_policy_200seed.py,220,bare_filename,_v3.csv,"path = os.path.join(DATA, f'dataset_{split}_v3.csv')"
paper1/code/recompute_policy_200seed.py,303,bare_filename,pareto_points.csv,"pd.DataFrame(pareto).to_csv(os.path.join(OUT, 'pareto_points.csv'), index=False)"
paper1/code/recompute_policy_200seed.py,306,bare_filename,action_dist_20dB.csv,"pd.DataFrame(dist20).to_csv(os.path.join(OUT, 'action_dist_20dB.csv'), index=False)"
paper1/code/recompute_policy_200seed.py,307,bare_filename,threshold_vs_rf.csv,"pd.DataFrame(tvr).to_csv(os.path.join(OUT, 'threshold_vs_rf.csv'), index=False)"
paper1/code/recompute_policy_200seed.py,308,bare_filename,c256_frontier_band.csv,"pd.DataFrame(c256_bands).to_csv(os.path.join(OUT, 'c256_frontier_band.csv'), index=False)"
paper1/code/recompute_policy_200seed.py,318,bare_filename,PROVENANCE.txt,"with open(os.path.join(OUT, 'PROVENANCE.txt'), 'w') as f:"
paper1/code/recompute_policy_200seed.py,320,relpath_local,data/selector_rf.pkl,"f.write(f""rf_checkpoint_md5: {rf_md5}  rf_path: data/selector_rf.pkl (v3-retrained)\n"")"
paper1/code/recompute_policy_200seed.py,324,relpath_local,results/bler_sionna/bler_sionna.csv,"f.write(""BLER: results/bler_sionna/bler_sionna.csv (frame-level bler_frame, Es/N0); """
paper1/code/recompute_policy_200seed.py,324,relpath_other,Es/N0,"f.write(""BLER: results/bler_sionna/bler_sionna.csv (frame-level bler_frame, Es/N0); """
paper1/code/recompute_policy_200seed.py,332,relpath_other,success/failure,"f.write(""clairvoyant_upper: the ONLY policy that SAMPLES the per-frame block success/failure """
paper1/code/recompute_policy_200seed.py,336,relpath_other,test/culver,"""held-out test/culver without this note).\n"")"
paper1/code/recompute_policy_200seed.py,37,path_anchor,os.path.dirname,HERE = os.path.dirname(os.path.abspath(__file__)); P1 = os.path.dirname(HERE)
paper1/code/regen_ego_only.py,5,relpath_other,F1/AP,"# GT is the ego-frame GT (identical to the Fixed-L / late branch), so ego-only F1/AP is a"
paper1/code/regen_ego_only.py,7,bare_filename,regen_ego_only.py,#   PYTHONPATH=. python regen_ego_only.py --model_dir <late_dir> --out <ego_npz> [--limit N]
paper1/code/regen_ego_only.py,13,path_anchor,os.path.dirname,REPO = os.path.dirname(os.path.dirname(os.path.dirname(os.path.dirname(os.path.abspath(__file__)))))
paper1/code/regen_ego_only.py,14,path_anchor,sys.path,"sys.path.insert(0, REPO)"
paper1/code/regen_ego_only.py,65,path_anchor,os.path.dirname,"os.makedirs(os.path.dirname(opt.out) or '.', exist_ok=True)"
paper1/code/regen_preds_with_scores.py,3,bare_filename,regen_preds_with_scores.py,"#   PYTHONPATH=. python regen_preds_with_scores.py --model_dir <dir> --fusion_method {late,intermediate} --out <npz> [--limit N]"
paper1/code/regen_preds_with_scores.py,8,path_anchor,os.path.dirname,REPO = os.path.dirname(os.path.dirname(os.path.dirname(os.path.dirname(os.path.abspath(__file__)))))
paper1/code/regen_preds_with_scores.py,9,path_anchor,sys.path,"sys.path.insert(0, REPO)"
paper1/code/regen_preds_with_scores.py,57,path_anchor,os.path.dirname,"os.makedirs(os.path.dirname(opt.out) or '.', exist_ok=True)"
paper1/code/rf_latency_benchmark.py,7,bare_filename,FROZEN_MANIFEST.json,"reads the three frozen selectors from FROZEN_MANIFEST.json (sha256-verified before load, exactly like"
paper1/code/rf_latency_benchmark.py,8,bare_filename,eval_p2_deploy.py,eval_p2_deploy.py) and measures the deployment predict() call.
paper1/code/rf_latency_benchmark.py,10,relpath_local,extra_experiments/a8_models.py,Latency protocol (same as extra_experiments/a8_models.py -- the batch-1 online 10 Hz operating point):
paper1/code/rf_latency_benchmark.py,17,bare_filename,e2e_timing.csv,"End-to-end timing table (e2e_timing.csv). One row per per-frame pipeline stage, each tagged"
paper1/code/rf_latency_benchmark.py,25,relpath_local,results/p2_latency/,Outputs (results/p2_latency/):
paper1/code/rf_latency_benchmark.py,26,bare_filename,latency_frozen.csv,latency_frozen.csv  -- per frozen selector: mean/std/P50/P95/P99 ms + size_kb (batch-1).
paper1/code/rf_latency_benchmark.py,26,relpath_other,mean/std/P50/P95/P99,latency_frozen.csv  -- per frozen selector: mean/std/P50/P95/P99 ms + size_kb (batch-1).
paper1/code/rf_latency_benchmark.py,27,bare_filename,e2e_timing.csv,e2e_timing.csv      -- per-frame pipeline timing table with per-row measured/calculated/assumed/
paper1/code/rf_latency_benchmark.py,27,relpath_other,measured/calculated/assumed/,e2e_timing.csv      -- per-frame pipeline timing table with per-row measured/calculated/assumed/
paper1/code/rf_latency_benchmark.py,28,bare_filename,latency_frozen.csv,not-included tags + source (selector row filled from latency_frozen.csv).
paper1/code/rf_latency_benchmark.py,29,bare_filename,PROVENANCE_latency.txt,PROVENANCE_latency.txt
paper1/code/rf_latency_benchmark.py,31,relpath_other,path/to/env/python,Run:  /path/to/env/python paper1/code/rf_latency_benchmark.py
paper1/code/rf_latency_benchmark.py,31,relpath_local,paper1/code/rf_latency_benchmark.py,Run:  /path/to/env/python paper1/code/rf_latency_benchmark.py
paper1/code/rf_latency_benchmark.py,47,relpath_local,results/p2_latency,"OUT_DIR = os.path.join(P1, 'results/p2_latency')"
paper1/code/rf_latency_benchmark.py,52,bare_filename,main.tex,"LIDAR_PERIOD_MS = 100.0   # 10 Hz operating point -- ASSUMED (main.tex claim c1c08b6), not measured"
paper1/code/rf_latency_benchmark.py,60,relpath_other,est_snr/channel,"""""""batch-1 per-call latency (ms). Random frame + random est_snr/channel each trial."""""""
paper1/code/rf_latency_benchmark.py,98,relpath_other,+/-,"print(f""  {rows[-1]['model']}: mean {ts.mean():.2f}+/-{ts.std():.2f} ms  """
paper1/code/rf_latency_benchmark.py,102,bare_filename,latency_frozen.csv,"lat.to_csv(os.path.join(OUT_DIR, 'latency_frozen.csv'), index=False)"
paper1/code/rf_latency_benchmark.py,109,bare_filename,main.tex,"source='10 Hz operating point (main.tex c1c08b6); the per-frame budget; not measured'),"
paper1/code/rf_latency_benchmark.py,111,relpath_other,policy/baseline,"source='not measured this round; incurred by every policy/baseline alike (not selection overhead)'),"
paper1/code/rf_latency_benchmark.py,116,bare_filename,latency_frozen.csv,source=f'latency_frozen.csv; slowest frozen selector (mean; P95={sel_p95:.2f} ms); '
paper1/code/rf_latency_benchmark.py,119,relpath_other,bit/frame,source='2 bit/frame @10 Hz = 20 bps; provisioned in the standard CAM budget (main.tex '
paper1/code/rf_latency_benchmark.py,119,bare_filename,main.tex,source='2 bit/frame @10 Hz = 20 bps; provisioned in the standard CAM budget (main.tex '
paper1/code/rf_latency_benchmark.py,129,bare_filename,e2e_timing.csv,"pd.DataFrame(e2e).to_csv(os.path.join(OUT_DIR, 'e2e_timing.csv'), index=False)"
paper1/code/rf_latency_benchmark.py,131,bare_filename,PROVENANCE_latency.txt,"with open(os.path.join(OUT_DIR, 'PROVENANCE_latency.txt'), 'w') as f:"
paper1/code/rf_latency_benchmark.py,132,bare_filename,rf_latency_benchmark.py,f.write('CA-TOSG P2-C -- frozen-selector latency + end-to-end timing (rf_latency_benchmark.py)\n' + '=' * 80 + '\n')
paper1/code/rf_latency_benchmark.py,133,relpath_local,results/p2_dataprep/FROZEN_MANIFEST.json,"f.write(f'manifest: results/p2_dataprep/FROZEN_MANIFEST.json (schema {man[""schema""]}, '"
paper1/code/rf_latency_benchmark.py,137,relpath_other,mean/std/P50/P95/P99,f'N_TRIALS={N_TRIALS} per-call timings; mean/std/P50/P95/P99 ms + pickled size_kb.\n')
paper1/code/rf_latency_benchmark.py,140,bare_filename,e2e_timing.csv,"f.write('e2e_timing.csv: per-frame pipeline, one row per stage, tag in '"
paper1/code/rf_latency_benchmark.py,148,relpath_local,results/p2_latency/,"print('wrote results/p2_latency/{latency_frozen.csv,e2e_timing.csv,PROVENANCE_latency.txt}', flush=True)"
paper1/code/rf_latency_benchmark.py,148,bare_filename,latency_frozen.csv,"print('wrote results/p2_latency/{latency_frozen.csv,e2e_timing.csv,PROVENANCE_latency.txt}', flush=True)"
paper1/code/rf_latency_benchmark.py,148,bare_filename,e2e_timing.csv,"print('wrote results/p2_latency/{latency_frozen.csv,e2e_timing.csv,PROVENANCE_latency.txt}', flush=True)"
paper1/code/rf_latency_benchmark.py,148,bare_filename,PROVENANCE_latency.txt,"print('wrote results/p2_latency/{latency_frozen.csv,e2e_timing.csv,PROVENANCE_latency.txt}', flush=True)"
paper1/code/rf_latency_benchmark.py,42,path_anchor,os.path.dirname,HERE = os.path.dirname(os.path.abspath(__file__))
paper1/code/rf_latency_benchmark.py,43,path_anchor,sys.path,"sys.path.insert(0, os.path.join(HERE, 'p2_dataprep'))"
paper1/code/rf_latency_benchmark.py,44,local_import,eval_p2_deploy,import eval_p2_deploy as D          # frozen-manifest loader + feature-matrix builder (single source)
paper1/code/run_ego_only.py,2,relpath_other,F1/AP,# ego F1/AP are scored against the LATE (canonical cooperative) GT -- the same GT as
paper1/code/run_ego_only.py,4,relpath_other,gs_rerun/ego_,# collaborator-visible objects). Outputs gs_rerun/ego_{split}.npz + prints the summary.
paper1/code/run_ego_only.py,7,relpath_other,home/josh/cooperative_semantic_perception/OpenCOOD,REPO = '/home/josh/cooperative_semantic_perception/OpenCOOD'
paper1/code/run_ego_only.py,10,relpath_local,peiyi_work/paper1,"P1 = os.path.join(REPO, 'peiyi_work/paper1')"
paper1/code/run_ego_only.py,11,relpath_other,home/josh/miniconda3/envs/sionna310/bin/python,PY = '/home/josh/miniconda3/envs/sionna310/bin/python'
paper1/code/run_ego_only.py,12,relpath_local,peiyi_work/paper1/pretrained_models,"GS = os.path.join(P1, 'gs_rerun'); MP = 'peiyi_work/paper1/pretrained_models'"
paper1/code/run_ego_only.py,50,relpath_local,code/regen_ego_only.py,"subprocess.check_call([PY, os.path.join(P1, 'code/regen_ego_only.py'),"
paper1/code/run_ego_only.py,8,path_anchor,sys.path,"sys.path.insert(0, REPO)"
paper1/code/snr_decision_plot.py,3,relpath_other,L/C16/C256,"""""""V2 figures: 3-way (L/C16/C256) decision behaviour over AWGN + Rayleigh."
paper1/code/snr_decision_plot.py,9,relpath_other,L/C16/C256,"* Realised F1 vs SNR for all policies (fixed L/C16/C256, oracle, RF)"
paper1/code/snr_decision_plot.py,26,relpath_local,paper/figures,"OUT_DIR = os.path.join(P1, 'paper/figures')"
paper1/code/snr_decision_plot.py,27,relpath_local,results/true_e2e_global_validate.csv,"SEL = os.path.join(P1, 'results/true_e2e_global_validate.csv')  # deployed selector rho_L per SNR"
paper1/code/snr_decision_plot.py,28,relpath_local,results/step4_oracle_action_dist.csv,"ORC = os.path.join(P1, 'results/step4_oracle_action_dist.csv')             # oracle frac_{L,C16,C256} per SNR"
paper1/code/snr_decision_plot.py,30,relpath_other,rate-1/2,"PAYLOAD = {'L': 0.024, 'C16': 0.99, 'C256': 0.495}      # rate-1/2 coded channel-use (unused after v3 rewire)"
paper1/code/snr_decision_plot.py,167,relpath_other,rf_frac/oracle_frac,"# dist_v3), NO recompute. SNR-grid alignment = INTERSECTION only, NEVER interpolate -- rf_frac/oracle_frac"
paper1/code/snr_decision_plot.py,192,bare_filename,s.png,"plot_decisions(sw, ch, os.path.join(OUT_DIR, 'fig_decisions_%s.png' % ch))  # only fig_decisions is"
paper1/code/snr_decision_plot.py,193,bare_filename,main.tex,# used in main.tex; fig_f1 is not a manuscript figure and fig_payload comes from plot_pareto_payload.
paper1/code/snr_decision_plot.py,19,path_anchor,sys.path,"_sys.path.insert(0, _os.path.dirname(_os.path.abspath(__file__)))"
paper1/code/snr_decision_plot.py,20,local_import,paper_style,import paper_style as _ps; _ps.apply()
paper1/code/snr_decision_plot.py,25,path_anchor,os.path.dirname,P1 = os.path.dirname(os.path.dirname(os.path.abspath(__file__)))
paper1/code/step4_collab_harm.py,9,relpath_local,results/step4_collaboration_harm.csv,free in the 2-bit codebook -- '11' is reserved). Writes results/step4_collaboration_harm.csv.
paper1/code/step4_collab_harm.py,15,relpath_other,home/josh/cooperative_semantic_perception/OpenCOOD/peiyi_work/paper1,P1 = '/home/josh/cooperative_semantic_perception/OpenCOOD/peiyi_work/paper1'
paper1/code/step4_collab_harm.py,22,bare_filename,_v3.csv,"d = pd.read_csv(os.path.join(DATA, f'dataset_{sp}_v3.csv'))"
paper1/code/step4_collab_harm.py,33,bare_filename,step4_collaboration_harm.csv,"out.to_csv(os.path.join(RESULTS, 'step4_collaboration_harm.csv'), index=False)"
paper1/code/step4_collab_harm.py,35,relpath_local,results/step4_collaboration_harm.csv,print('\nwrote results/step4_collaboration_harm.csv')
paper1/code/step4_oracle_action_dist.py,3,relpath_other,Es/N0,"""""""Sweep the training oracle's action mix over an Es/N0 grid x channel x split, holding the"
paper1/code/step4_oracle_action_dist.py,4,relpath_other,cues/F1,"per-frame cues/F1 fixed and setting every frame to the swept (channel, snr). Recomputes the same"
paper1/code/step4_oracle_action_dist.py,5,bare_filename,make_dataset.py,Sionna frame BLER + ego fallback + lam=0 argmax as make_dataset.py. Checks 3 pre-registered
paper1/code/step4_oracle_action_dist.py,6,relpath_local,results/step4_oracle_action_dist.csv,predictions and writes results/step4_oracle_action_dist.csv.
paper1/code/step4_oracle_action_dist.py,18,relpath_other,home/josh/cooperative_semantic_perception/OpenCOOD,REPO = '/home/josh/cooperative_semantic_perception/OpenCOOD'
paper1/code/step4_oracle_action_dist.py,19,relpath_local,peiyi_work/paper1,"P1 = os.path.join(REPO, 'peiyi_work/paper1')"
paper1/code/step4_oracle_action_dist.py,22,relpath_local,results/bler_sionna/bler_sionna.csv,"BLER_CSV = os.path.join(P1, 'results/bler_sionna/bler_sionna.csv')"
paper1/code/step4_oracle_action_dist.py,26,relpath_other,Es/N0,"SNR_GRID = list(range(0, 25, 2))   # Es/N0 dB; extends past 20 to probe any C256 window"
paper1/code/step4_oracle_action_dist.py,39,bare_filename,_v3.csv,"df = pd.read_csv(os.path.join(DATA, f'dataset_{sp}_v3.csv'))"
paper1/code/step4_oracle_action_dist.py,49,bare_filename,make_dataset.py,"# feasibility mask (label-only), identical to make_dataset.py"
paper1/code/step4_oracle_action_dist.py,63,bare_filename,step4_oracle_action_dist.csv,"out.to_csv(os.path.join(RESULTS, 'step4_oracle_action_dist.csv'), index=False)"
paper1/code/step4_oracle_action_dist.py,66,relpath_local,results/step4_oracle_action_dist.csv,"print('wrote results/step4_oracle_action_dist.csv', out.shape)"
paper1/code/test_split_pipeline/01_gen_predictions.py,5,relpath_other,C16/C256,- PointPillar_Attentive_Compressed (used as the clean C16/C256 message)
paper1/code/test_split_pipeline/01_gen_predictions.py,8,relpath_local,peiyi_work/05_pretrained_models/,peiyi_work/05_pretrained_models/<model>/npy/. We write the test predictions
paper1/code/test_split_pipeline/01_gen_predictions.py,8,relpath_other,npy/,peiyi_work/05_pretrained_models/<model>/npy/. We write the test predictions
paper1/code/test_split_pipeline/01_gen_predictions.py,9,relpath_other,npy_test/,into a SIBLING npy_test/ directory to avoid clobbering the existing validate
paper1/code/test_split_pipeline/01_gen_predictions.py,13,relpath_other,home/josh/miniconda3/envs/sionna310/bin/python,PYTHONPATH=. /home/josh/miniconda3/envs/sionna310/bin/python \\
paper1/code/test_split_pipeline/01_gen_predictions.py,14,relpath_local,peiyi_work/01_paper_ca_tosg/test_split_pipeline/01_gen_predictions.py,peiyi_work/01_paper_ca_tosg/test_split_pipeline/01_gen_predictions.py
paper1/code/test_split_pipeline/01_gen_predictions.py,26,relpath_other,home/josh/miniconda3/envs/sionna310/bin/python,PYTHON = '/home/josh/miniconda3/envs/sionna310/bin/python'
paper1/code/test_split_pipeline/01_gen_predictions.py,32,relpath_local,peiyi_work/05_pretrained_models/,"'ckpt_dir': os.path.join(REPO, 'peiyi_work/05_pretrained_models/'"
paper1/code/test_split_pipeline/01_gen_predictions.py,38,relpath_local,peiyi_work/05_pretrained_models/,"'ckpt_dir': os.path.join(REPO, 'peiyi_work/05_pretrained_models/'"
paper1/code/test_split_pipeline/01_gen_predictions.py,39,relpath_other,pointpillar_attentive_fusion/,'pointpillar_attentive_fusion/'
paper1/code/test_split_pipeline/01_gen_predictions.py,46,relpath_local,opv2v_data_dumping/,TEST_PATH = f'opv2v_data_dumping/{SPLIT}'
paper1/code/test_split_pipeline/01_gen_predictions.py,52,bare_filename,config.yaml,"We copy (not move) the config.yaml, swap root_dir/validate_dir to point at"
paper1/code/test_split_pipeline/01_gen_predictions.py,52,relpath_other,root_dir/validate_dir,"We copy (not move) the config.yaml, swap root_dir/validate_dir to point at"
paper1/code/test_split_pipeline/01_gen_predictions.py,62,bare_filename,config.yaml,"src_cfg = os.path.join(original_dir, 'config.yaml')"
paper1/code/test_split_pipeline/01_gen_predictions.py,64,relpath_other,python/object,# OpenCOOD configs embed numpy objects (e.g. grid_size) via python/object
paper1/code/test_split_pipeline/01_gen_predictions.py,66,relpath_local,opencood/hypes_yaml/yaml_utils.py,# own load_yaml (opencood/hypes_yaml/yaml_utils.py).
paper1/code/test_split_pipeline/01_gen_predictions.py,72,bare_filename,config.yaml,"with open(os.path.join(test_dir, 'config.yaml'), 'w') as f:"
paper1/code/test_split_pipeline/01_gen_predictions.py,83,bare_filename,eval.yaml,# Symlink eval.yaml if present (some ckpts have one).
paper1/code/test_split_pipeline/01_gen_predictions.py,84,bare_filename,eval.yaml,"eval_src = os.path.join(original_dir, 'eval.yaml')"
paper1/code/test_split_pipeline/01_gen_predictions.py,86,bare_filename,eval.yaml,"eval_dst = os.path.join(test_dir, 'eval.yaml')"
paper1/code/test_split_pipeline/01_gen_predictions.py,96,relpath_local,opencood/tools/inference.py,"PYTHON, '-u', os.path.join(REPO, 'opencood/tools/inference.py'),"
paper1/code/test_split_pipeline/01_gen_predictions.py,114,relpath_other,npy/,print(f'  SKIP: npy/ already populated ({len(os.listdir(npy_dir))} files)')
paper1/code/test_split_pipeline/01_gen_predictions.py,119,bare_filename,02_extract_cues_and_f1.py,print('\nAll predictions generated. Next step: 02_extract_cues_and_f1.py')
paper1/code/test_split_pipeline/01_gen_predictions.py,24,path_anchor,os.path.dirname,REPO = os.path.dirname(os.path.dirname(os.path.dirname(os.path.dirname(
paper1/code/test_split_pipeline/01_gen_predictions.py,25,path_anchor,__file__,os.path.abspath(__file__)))))
paper1/code/test_split_pipeline/01_gen_predictions.py,56,path_anchor,os.path.dirname,parent = os.path.dirname(original_dir)
paper1/code/test_split_pipeline/02_extract_cues_and_f1.py,1,relpath_other,late/compressed,#self+ Test-split pipeline 02: extract 21 LiDAR cues + per-frame late/compressed F1 on OPV2V test split; produces test_split_pipeline/runs/test_frame_features.csv mirroring the val
paper1/code/test_split_pipeline/02_extract_cues_and_f1.py,1,relpath_local,test_split_pipeline/runs/test_frame_features.csv,#self+ Test-split pipeline 02: extract 21 LiDAR cues + per-frame late/compressed F1 on OPV2V test split; produces test_split_pipeline/runs/test_frame_features.csv mirroring the val
paper1/code/test_split_pipeline/02_extract_cues_and_f1.py,7,relpath_other,runs/test_frame_features.csv,Produces: runs/test_frame_features.csv with the exact schema needed by
paper1/code/test_split_pipeline/02_extract_cues_and_f1.py,8,bare_filename,03_build_test_dataset.py,03_build_test_dataset.py.
paper1/code/test_split_pipeline/02_extract_cues_and_f1.py,11,relpath_other,home/josh/miniconda3/envs/sionna310/bin/python,PYTHONPATH=. /home/josh/miniconda3/envs/sionna310/bin/python \\
paper1/code/test_split_pipeline/02_extract_cues_and_f1.py,12,relpath_local,peiyi_work/01_paper_ca_tosg/test_split_pipeline/02_extract_cues_and_f1.py,peiyi_work/01_paper_ca_tosg/test_split_pipeline/02_extract_cues_and_f1.py
paper1/code/test_split_pipeline/02_extract_cues_and_f1.py,32,relpath_local,peiyi_work/05_pretrained_models,"PRETRAINED = os.path.join(REPO, 'peiyi_work/05_pretrained_models')"
paper1/code/test_split_pipeline/02_extract_cues_and_f1.py,36,bare_filename,config.yaml,"CONFIG = os.path.join(PRETRAINED, f'pointpillar_late_fusion_{TAG}_eval', 'config.yaml')"
paper1/code/test_split_pipeline/02_extract_cues_and_f1.py,38,relpath_local,peiyi_work/01_paper_ca_tosg/test_split_pipeline/,"OUT_DIR = os.path.join(REPO, f'peiyi_work/01_paper_ca_tosg/test_split_pipeline/{RUNS}')"
paper1/code/test_split_pipeline/02_extract_cues_and_f1.py,39,bare_filename,test_frame_features.csv,"OUT_CSV = os.path.join(OUT_DIR, 'test_frame_features.csv')"
paper1/code/test_split_pipeline/02_extract_cues_and_f1.py,81,bare_filename,_pred.npy,"p = os.path.join(npy_dir, f'{sample_id:04d}_pred.npy')"
paper1/code/test_split_pipeline/02_extract_cues_and_f1.py,119,bare_filename,_gt.npy_test.npy,# GT boxes for this frame (same shape as cached *_gt.npy_test.npy)
paper1/code/test_split_pipeline/02_extract_cues_and_f1.py,120,bare_filename,_gt.npy_test.npy,"gt_path = os.path.join(LATE_NPY, f'{idx:04d}_gt.npy_test.npy')"
paper1/code/test_split_pipeline/02_extract_cues_and_f1.py,19,path_anchor,os.path.dirname,REPO = os.path.dirname(os.path.dirname(os.path.dirname(os.path.dirname(
paper1/code/test_split_pipeline/02_extract_cues_and_f1.py,20,path_anchor,__file__,os.path.abspath(__file__)))))
paper1/code/test_split_pipeline/02_extract_cues_and_f1.py,21,path_anchor,sys.path,"sys.path.insert(0, REPO)"
paper1/code/test_split_pipeline/03_build_test_dataset.py,1,bare_filename,make_dataset_v2.py,#self+ Test-split pipeline 03: build the channel-aware oracle dataset on test split (random SNR + channel assignments + BLER-degraded effective F1 + 3-way oracle labels); mirrors m
paper1/code/test_split_pipeline/03_build_test_dataset.py,4,bare_filename,test_frame_features.csv,the 3-way oracle label to test_frame_features.csv. Same logic as
paper1/code/test_split_pipeline/03_build_test_dataset.py,5,bare_filename,make_dataset_v2.py,make_dataset_v2.py but operating on the test split.
paper1/code/test_split_pipeline/03_build_test_dataset.py,7,relpath_other,runs/test_dataset.csv,Output: runs/test_dataset.csv
paper1/code/test_split_pipeline/03_build_test_dataset.py,18,relpath_local,peiyi_work/01_paper_ca_tosg/test_split_pipeline/,f'peiyi_work/01_paper_ca_tosg/test_split_pipeline/{RUNS}/test_frame_features.csv')
paper1/code/test_split_pipeline/03_build_test_dataset.py,18,absolute_path,/test_frame_features.csv,f'peiyi_work/01_paper_ca_tosg/test_split_pipeline/{RUNS}/test_frame_features.csv')
paper1/code/test_split_pipeline/03_build_test_dataset.py,20,relpath_local,peiyi_work/04_experiment_logs/baseline_csvs/,'peiyi_work/04_experiment_logs/baseline_csvs/'
paper1/code/test_split_pipeline/03_build_test_dataset.py,22,bare_filename,ldpc_qam_bler_table.csv,"# SUPERSEDED (P1, 2026-08): consumes the DEPRECATED codeword-level ldpc_qam_bler_table.csv"
paper1/code/test_split_pipeline/03_build_test_dataset.py,24,bare_filename,make_dataset.py,# any frozen paper number -- the test-split oracle dataset now comes from make_dataset.py on the
paper1/code/test_split_pipeline/03_build_test_dataset.py,26,bare_filename,PROTOCOL.md,# values; P2 regenerates under PROTOCOL.md. NOT repointed to bler_sionna: incompatible schema
paper1/code/test_split_pipeline/03_build_test_dataset.py,29,relpath_local,peiyi_work/04_experiment_logs/importance_map_jscc/ldpc_qam_bler_table.csv,'peiyi_work/04_experiment_logs/importance_map_jscc/ldpc_qam_bler_table.csv')
paper1/code/test_split_pipeline/03_build_test_dataset.py,31,relpath_local,peiyi_work/01_paper_ca_tosg/test_split_pipeline/,f'peiyi_work/01_paper_ca_tosg/test_split_pipeline/{RUNS}/test_dataset.csv')
paper1/code/test_split_pipeline/03_build_test_dataset.py,31,absolute_path,/test_dataset.csv,f'peiyi_work/01_paper_ca_tosg/test_split_pipeline/{RUNS}/test_dataset.csv')
paper1/code/test_split_pipeline/03_build_test_dataset.py,13,path_anchor,os.path.dirname,REPO = os.path.dirname(os.path.dirname(os.path.dirname(os.path.dirname(
paper1/code/test_split_pipeline/03_build_test_dataset.py,14,path_anchor,__file__,os.path.abspath(__file__)))))
paper1/code/test_split_pipeline/04_eval_rf_on_test.py,3,bare_filename,rf_full.pkl,Loads the deployed selector rf_full.pkl (trained on validate-split 70/30) and
paper1/code/test_split_pipeline/04_eval_rf_on_test.py,3,relpath_other,70/30,Loads the deployed selector rf_full.pkl (trained on validate-split 70/30) and
paper1/code/test_split_pipeline/04_eval_rf_on_test.py,4,bare_filename,test_dataset.csv,"runs it on test_dataset.csv (full test split, never seen during training)."
paper1/code/test_split_pipeline/04_eval_rf_on_test.py,7,relpath_other,runs/test_rf_results.csv,Output: runs/test_rf_results.csv  +  runs/test_snr_sweep.csv
paper1/code/test_split_pipeline/04_eval_rf_on_test.py,7,relpath_other,runs/test_snr_sweep.csv,Output: runs/test_rf_results.csv  +  runs/test_snr_sweep.csv
paper1/code/test_split_pipeline/04_eval_rf_on_test.py,18,relpath_local,code/extra_experiments/_common.py,# read the channel-use payloads from the single canonical source (code/extra_experiments/_common.py)
paper1/code/test_split_pipeline/04_eval_rf_on_test.py,19,relpath_other,rate-1/2,"# instead of the old uncoded literal 1.98/4, 1.98/8 (=0.495/0.2475, wrong for the rate-1/2 chain)."
paper1/code/test_split_pipeline/04_eval_rf_on_test.py,25,relpath_local,peiyi_work/01_paper_ca_tosg/test_split_pipeline/,f'peiyi_work/01_paper_ca_tosg/test_split_pipeline/{RUNS}/test_dataset.csv')
paper1/code/test_split_pipeline/04_eval_rf_on_test.py,25,absolute_path,/test_dataset.csv,f'peiyi_work/01_paper_ca_tosg/test_split_pipeline/{RUNS}/test_dataset.csv')
paper1/code/test_split_pipeline/04_eval_rf_on_test.py,27,relpath_local,peiyi_work/01_paper_ca_tosg/runs/v2/rf_full.pkl,'peiyi_work/01_paper_ca_tosg/runs/v2/rf_full.pkl')
paper1/code/test_split_pipeline/04_eval_rf_on_test.py,28,bare_filename,ldpc_qam_bler_table.csv,"# SUPERSEDED (P1, 2026-08): consumes the DEPRECATED codeword-level ldpc_qam_bler_table.csv and the"
paper1/code/test_split_pipeline/04_eval_rf_on_test.py,29,relpath_other,runs/v2/rf_full.pkl,# RETIRED v2 selector (runs/v2/rf_full.pkl). NOT a source of any frozen paper number -- the held-out
paper1/code/test_split_pipeline/04_eval_rf_on_test.py,30,bare_filename,recompute_policy_200seed.py,# test-split policy numbers now come from recompute_policy_200seed.py (bler_sionna frame-level).
paper1/code/test_split_pipeline/04_eval_rf_on_test.py,31,bare_filename,PROTOCOL.md,# Do not rerun for paper values; P2 regenerates under PROTOCOL.md. NOT repointed to bler_sionna:
paper1/code/test_split_pipeline/04_eval_rf_on_test.py,34,relpath_local,peiyi_work/04_experiment_logs/importance_map_jscc/ldpc_qam_bler_table.csv,'peiyi_work/04_experiment_logs/importance_map_jscc/ldpc_qam_bler_table.csv')
paper1/code/test_split_pipeline/04_eval_rf_on_test.py,36,relpath_local,peiyi_work/01_paper_ca_tosg/test_split_pipeline/,f'peiyi_work/01_paper_ca_tosg/test_split_pipeline/{RUNS}')
paper1/code/test_split_pipeline/04_eval_rf_on_test.py,38,relpath_other,rate-1/2,"from _common import PAYLOAD  # {'L':0.024,'C16':0.99,'C256':0.495} -- rate-1/2 coded channel-use (Msym)"
paper1/code/test_split_pipeline/04_eval_rf_on_test.py,99,bare_filename,test_rf_results.csv,"out.to_csv(os.path.join(OUT_DIR, 'test_rf_results.csv'), index=False)"
paper1/code/test_split_pipeline/04_eval_rf_on_test.py,124,bare_filename,test_snr_sweep.csv,"sweep.to_csv(os.path.join(OUT_DIR, 'test_snr_sweep.csv'), index=False)"
paper1/code/test_split_pipeline/04_eval_rf_on_test.py,15,path_anchor,os.path.dirname,REPO = os.path.dirname(os.path.dirname(os.path.dirname(os.path.dirname(
paper1/code/test_split_pipeline/04_eval_rf_on_test.py,16,path_anchor,__file__,os.path.abspath(__file__)))))
paper1/code/test_split_pipeline/04_eval_rf_on_test.py,20,path_anchor,sys.path,"sys.path.insert(0, os.path.join(os.path.dirname(os.path.dirname(os.path.abspath(__file__))),"
paper1/code/test_split_pipeline/04_eval_rf_on_test.py,38,local_import,_common,"from _common import PAYLOAD  # {'L':0.024,'C16':0.99,'C256':0.495} -- rate-1/2 coded channel-use (Msym)"
paper1/code/test_split_pipeline/05_true_e2e_ap_on_test.py,3,bare_filename,true_e2e_ap_inference.py,Mirrors true_e2e_ap_inference.py but on the OPV2V test split:
paper1/code/test_split_pipeline/05_true_e2e_ap_on_test.py,8,relpath_other,runs/test_true_e2e_ap.csv,Output: runs/test_true_e2e_ap.csv (one row per operating point).
paper1/code/test_split_pipeline/05_true_e2e_ap_on_test.py,25,relpath_local,peiyi_work/05_pretrained_models,"PRETRAINED = os.path.join(REPO, 'peiyi_work/05_pretrained_models')"
paper1/code/test_split_pipeline/05_true_e2e_ap_on_test.py,30,relpath_local,peiyi_work/01_paper_ca_tosg/test_split_pipeline/,f'peiyi_work/01_paper_ca_tosg/test_split_pipeline/{RUNS}/test_dataset.csv')
paper1/code/test_split_pipeline/05_true_e2e_ap_on_test.py,30,absolute_path,/test_dataset.csv,f'peiyi_work/01_paper_ca_tosg/test_split_pipeline/{RUNS}/test_dataset.csv')
paper1/code/test_split_pipeline/05_true_e2e_ap_on_test.py,32,relpath_local,peiyi_work/01_paper_ca_tosg/runs/v2/rf_full.pkl,'peiyi_work/01_paper_ca_tosg/runs/v2/rf_full.pkl')
paper1/code/test_split_pipeline/05_true_e2e_ap_on_test.py,33,bare_filename,ldpc_qam_bler_table.csv,"# SUPERSEDED (P1, 2026-08): consumes the DEPRECATED codeword-level ldpc_qam_bler_table.csv and the"
paper1/code/test_split_pipeline/05_true_e2e_ap_on_test.py,35,bare_filename,true_e2e_global.py,"# from true_e2e_global.py --split test (bler_sionna frame-level, global-sort). Do not rerun for"
paper1/code/test_split_pipeline/05_true_e2e_ap_on_test.py,36,bare_filename,PROTOCOL.md,# paper values; P2 regenerates under PROTOCOL.md. NOT repointed to bler_sionna: incompatible schema
paper1/code/test_split_pipeline/05_true_e2e_ap_on_test.py,39,relpath_local,peiyi_work/04_experiment_logs/importance_map_jscc/ldpc_qam_bler_table.csv,'peiyi_work/04_experiment_logs/importance_map_jscc/ldpc_qam_bler_table.csv')
paper1/code/test_split_pipeline/05_true_e2e_ap_on_test.py,41,relpath_local,peiyi_work/01_paper_ca_tosg/test_split_pipeline/,f'peiyi_work/01_paper_ca_tosg/test_split_pipeline/{RUNS}')
paper1/code/test_split_pipeline/05_true_e2e_ap_on_test.py,53,bare_filename,_pred.npy,"p = os.path.join(npy_dir, f'{sid:04d}_pred.npy')"
paper1/code/test_split_pipeline/05_true_e2e_ap_on_test.py,60,bare_filename,_gt.npy_test.npy,"p = os.path.join(npy_dir, f'{sid:04d}_gt.npy_test.npy')"
paper1/code/test_split_pipeline/05_true_e2e_ap_on_test.py,148,bare_filename,test_true_e2e_ap.csv,"pd.DataFrame(rows).to_csv(os.path.join(OUT_DIR, 'test_true_e2e_ap.csv'), index=False)"
paper1/code/test_split_pipeline/05_true_e2e_ap_on_test.py,149,bare_filename,test_true_e2e_ap.csv,"print(f'\nwrote {os.path.join(OUT_DIR, ""test_true_e2e_ap.csv"")}')"
paper1/code/test_split_pipeline/05_true_e2e_ap_on_test.py,17,path_anchor,os.path.dirname,REPO = os.path.dirname(os.path.dirname(os.path.dirname(os.path.dirname(
paper1/code/test_split_pipeline/05_true_e2e_ap_on_test.py,18,path_anchor,__file__,os.path.abspath(__file__)))))
paper1/code/test_split_pipeline/05_true_e2e_ap_on_test.py,19,path_anchor,sys.path,"sys.path.insert(0, REPO)"
paper1/code/test_split_pipeline/README.md,1,relpath_local,test_split_pipeline/,# `test_split_pipeline/` — 泛化实验流水线 / Generalisation pipeline
paper1/code/test_split_pipeline/README.md,5,relpath_escaping_repo,../runs/v2/rf_full.pkl,把**在 validate 上训练好的** selector（`../runs/v2/rf_full.pkl`，不重训）直接应用到 OPV2V **test** 和
paper1/code/test_split_pipeline/README.md,6,relpath_other,验证跨场景/跨域泛化,**Culver-City** 两个留出集上，验证跨场景/跨域泛化。
paper1/code/test_split_pipeline/README.md,12,bare_filename,extract_test_data.py,| 0 | `extract_test_data.py` | 解压 OPV2V 三层嵌套压缩包（一次性工具）|
paper1/code/test_split_pipeline/README.md,13,bare_filename,01_gen_predictions.py,"| 1 | `01_gen_predictions.py` | 在 test 上跑 late + compressed 两个 backbone 的推理,缓存逐帧 `.npy`（GPU,~15min）|"
paper1/code/test_split_pipeline/README.md,14,bare_filename,02_extract_cues_and_f1.py,"| 2 | `02_extract_cues_and_f1.py` | 提取 21 个 LiDAR 线索 + 逐帧 late/compressed F1（CPU,~20min）|"
paper1/code/test_split_pipeline/README.md,14,relpath_other,late/compressed,"| 2 | `02_extract_cues_and_f1.py` | 提取 21 个 LiDAR 线索 + 逐帧 late/compressed F1（CPU,~20min）|"
paper1/code/test_split_pipeline/README.md,15,bare_filename,03_build_test_dataset.py,| 3 | `03_build_test_dataset.py` | 加信道感知 oracle 标签（随机 SNR + AWGN/Rayleigh）|
paper1/code/test_split_pipeline/README.md,15,relpath_other,AWGN/Rayleigh,| 3 | `03_build_test_dataset.py` | 加信道感知 oracle 标签（随机 SNR + AWGN/Rayleigh）|
paper1/code/test_split_pipeline/README.md,16,bare_filename,04_eval_rf_on_test.py,"| 4 | `04_eval_rf_on_test.py` | 应用 `rf_full.pkl`,报准确率/payload/F1 + SNR 扫描 |"
paper1/code/test_split_pipeline/README.md,16,bare_filename,rf_full.pkl,"| 4 | `04_eval_rf_on_test.py` | 应用 `rf_full.pkl`,报准确率/payload/F1 + SNR 扫描 |"
paper1/code/test_split_pipeline/README.md,16,relpath_other,报准确率/payload/F1,"| 4 | `04_eval_rf_on_test.py` | 应用 `rf_full.pkl`,报准确率/payload/F1 + SNR 扫描 |"
paper1/code/test_split_pipeline/README.md,17,bare_filename,05_true_e2e_ap_on_test.py,| 5 | `05_true_e2e_ap_on_test.py` | 真实端到端 AP@0.5/0.7（9 工作点 × 5 信道实现）|
paper1/code/test_split_pipeline/README.md,19,bare_filename,run_all.py,`run_all.py` 一键按序跑完 1–5。
paper1/code/test_split_pipeline/README.md,24,relpath_local,test_split_pipeline/run_all.py,CATOSG_SPLIT=test            PYTHONPATH=. python test_split_pipeline/run_all.py
paper1/code/test_split_pipeline/README.md,26,relpath_local,test_split_pipeline/run_all.py,CATOSG_SPLIT=test_culver_city PYTHONPATH=. python test_split_pipeline/run_all.py
paper1/code/test_split_pipeline/README.md,28,relpath_other,runs/,环境变量 `CATOSG_SPLIT` 控制评测哪个 split：`test` 输出到 `runs/`，`test_culver_city` 输出到 `runs_culver/`。
paper1/code/test_split_pipeline/README.md,28,relpath_other,runs_culver/,环境变量 `CATOSG_SPLIT` 控制评测哪个 split：`test` 输出到 `runs/`，`test_culver_city` 输出到 `runs_culver/`。
paper1/code/test_split_pipeline/README.md,30,relpath_other,v/UCLA-MobilityLab-OPV2V,**前置**：从 [UCLA Box](https://ucla.app.box.com/v/UCLA-MobilityLab-OPV2V) 下 `test.zip`，解压到
paper1/code/test_split_pipeline/README.md,31,relpath_other,mnt/h/opencood_project/datasets/opv2v_data_dumping/test/,`/mnt/h/opencood_project/datasets/opv2v_data_dumping/test/`（仓库里的 symlink 会自动指过去）。
paper1/code/test_split_pipeline/README.md,33,relpath_other,runs/,**输出**：`runs/`（test）和 `runs_culver/`（Culver）下的结果 CSV——见各自文件夹。
paper1/code/test_split_pipeline/README.md,33,relpath_other,runs_culver/,**输出**：`runs/`（test）和 `runs_culver/`（Culver）下的结果 CSV——见各自文件夹。
paper1/code/test_split_pipeline/README.md,37,relpath_escaping_repo,../runs/v2/rf_full.pkl,"Applies the **validate-trained** selector (`../runs/v2/rf_full.pkl`, not retrained) to the held-out OPV2V"
paper1/code/test_split_pipeline/README.md,40,bare_filename,run_all.py,The 5 stages are listed in the table above; `run_all.py` runs stages 1–5 in order.
paper1/code/test_split_pipeline/README.md,44,relpath_local,test_split_pipeline/run_all.py,CATOSG_SPLIT=test            PYTHONPATH=. python test_split_pipeline/run_all.py   # regular test
paper1/code/test_split_pipeline/README.md,45,relpath_local,test_split_pipeline/run_all.py,CATOSG_SPLIT=test_culver_city PYTHONPATH=. python test_split_pipeline/run_all.py  # Culver-City
paper1/code/test_split_pipeline/README.md,47,relpath_other,runs/,"The env var `CATOSG_SPLIT` selects the split: `test` → outputs in `runs/`, `test_culver_city` →"
paper1/code/test_split_pipeline/README.md,48,relpath_other,runs_culver/,`runs_culver/`.
paper1/code/test_split_pipeline/README.md,51,relpath_other,mnt/h/opencood_project/datasets/opv2v_data_dumping/test/,`/mnt/h/opencood_project/datasets/opv2v_data_dumping/test/` (the repo symlink resolves there).
paper1/code/test_split_pipeline/README.md,53,relpath_other,runs/,**Outputs**: result CSVs under `runs/` (test) and `runs_culver/` (Culver-City).
paper1/code/test_split_pipeline/README.md,53,relpath_other,runs_culver/,**Outputs**: result CSVs under `runs/` (test) and `runs_culver/` (Culver-City).
paper1/code/test_split_pipeline/extract_test_data.py,5,relpath_other,_chunks/,-> contain:             <name>_chunks/<name>.zip.partXX   (500MB `split` parts)
paper1/code/test_split_pipeline/extract_test_data.py,10,relpath_local,opv2v_data_dumping/test/,opv2v_data_dumping/test/<scene_dir>/...              <- from test.zip
paper1/code/test_split_pipeline/extract_test_data.py,11,relpath_local,opv2v_data_dumping/test_culver_city/,opv2v_data_dumping/test_culver_city/<scene_dir>/...  <- from test_culver_city.zip
paper1/code/test_split_pipeline/extract_test_data.py,12,relpath_local,opv2v_data_dumping/test,The pipeline (TEST_PATH='opv2v_data_dumping/test') evaluates the regular test
paper1/code/test_split_pipeline/extract_test_data.py,15,relpath_other,test/,"NOTE the OpenCOOD loader treats every dir under test/ as a scenario, so the"
paper1/code/test_split_pipeline/extract_test_data.py,16,relpath_other,DATA_test/,downloaded DATA_test/ (zips + parts) must NOT remain inside test/. After a
paper1/code/test_split_pipeline/extract_test_data.py,16,relpath_other,test/,downloaded DATA_test/ (zips + parts) must NOT remain inside test/. After a
paper1/code/test_split_pipeline/extract_test_data.py,17,relpath_local,opv2v_data_dumping/DATA_test_archive/,successful extract we relocate it to opv2v_data_dumping/DATA_test_archive/.
paper1/code/test_split_pipeline/extract_test_data.py,19,relpath_other,Safety/resume,Safety/resume: L1 always re-`unzip -o` (idempotent overwrite — a kill mid-write
paper1/code/test_split_pipeline/extract_test_data.py,25,relpath_other,mnt/h/opencood_project/datasets/opv2v_data_dumping,DATASET_ROOT = '/mnt/h/opencood_project/datasets/opv2v_data_dumping'
paper1/code/test_split_pipeline/extract_test_data.py,44,relpath_other,SRC/,# ---- L2: cat parts -> SRC/<name>.zip ----
paper1/code/test_split_pipeline/extract_test_data.py,52,relpath_other,total/1e9,"log(f'[L2] {name}: {name}.zip already complete ({total/1e9:.1f} GB), skip')"
paper1/code/test_split_pipeline/extract_test_data.py,54,relpath_other,total/1e9,log(f'[L2] {name}: concat {len(parts)} parts -> {name}.zip ({total/1e9:.1f} GB)')
paper1/code/test_split_pipeline/extract_test_data.py,97,relpath_local,opv2v_data_dumping/test/,"# regular test -> opv2v_data_dumping/test/  (scenes directly, pipeline reads this)"
paper1/code/test_split_pipeline/extract_test_data.py,100,relpath_local,opv2v_data_dumping/test_culver_city/,"# culver_city -> opv2v_data_dumping/test_culver_city/  (sibling, separate domain)"
paper1/code/test_split_pipeline/extract_test_data.py,104,relpath_other,test/,# move the download archive out of test/ so the loader doesn't see it as a scene
paper1/code/test_split_pipeline/extract_test_data.py,115,relpath_other,test/,log(f'test/            : {len(t)} scene dirs')
paper1/code/test_split_pipeline/extract_test_data.py,117,relpath_other,test_culver_city/,log(f'test_culver_city/: {len(c)} scene dirs')
paper1/code/test_split_pipeline/run_all.py,6,relpath_other,mnt/h/opencood_project/datasets/opv2v_data_dumping/test/,/mnt/h/opencood_project/datasets/opv2v_data_dumping/test/
paper1/code/test_split_pipeline/run_all.py,8,relpath_local,OpenCOOD/opv2v_data_dumping/test/,OpenCOOD/opv2v_data_dumping/test/
paper1/code/test_split_pipeline/run_all.py,11,bare_filename,01_gen_predictions.py,01_gen_predictions.py        ~15 min on RTX 5070  (GPU)
paper1/code/test_split_pipeline/run_all.py,12,bare_filename,02_extract_cues_and_f1.py,02_extract_cues_and_f1.py    ~20 min              (CPU+IO)
paper1/code/test_split_pipeline/run_all.py,13,bare_filename,03_build_test_dataset.py,03_build_test_dataset.py     ~10 s                (CPU)
paper1/code/test_split_pipeline/run_all.py,14,bare_filename,04_eval_rf_on_test.py,04_eval_rf_on_test.py        ~30 s                (CPU)
paper1/code/test_split_pipeline/run_all.py,15,bare_filename,05_true_e2e_ap_on_test.py,05_true_e2e_ap_on_test.py    ~10 min              (CPU)
paper1/code/test_split_pipeline/run_all.py,19,relpath_other,home/josh/miniconda3/envs/sionna310/bin/python,PYTHONPATH=. /home/josh/miniconda3/envs/sionna310/bin/python \\
paper1/code/test_split_pipeline/run_all.py,20,relpath_local,peiyi_work/01_paper_ca_tosg/test_split_pipeline/run_all.py,peiyi_work/01_paper_ca_tosg/test_split_pipeline/run_all.py
paper1/code/test_split_pipeline/run_all.py,30,relpath_other,home/josh/miniconda3/envs/sionna310/bin/python,PYTHON = '/home/josh/miniconda3/envs/sionna310/bin/python'
paper1/code/test_split_pipeline/run_all.py,33,bare_filename,01_gen_predictions.py,"'01_gen_predictions.py',"
paper1/code/test_split_pipeline/run_all.py,34,bare_filename,02_extract_cues_and_f1.py,"'02_extract_cues_and_f1.py',"
paper1/code/test_split_pipeline/run_all.py,35,bare_filename,03_build_test_dataset.py,"'03_build_test_dataset.py',"
paper1/code/test_split_pipeline/run_all.py,36,bare_filename,04_eval_rf_on_test.py,"'04_eval_rf_on_test.py',"
paper1/code/test_split_pipeline/run_all.py,37,bare_filename,05_true_e2e_ap_on_test.py,"'05_true_e2e_ap_on_test.py',"
paper1/code/test_split_pipeline/run_all.py,41,relpath_local,opv2v_data_dumping/,"TEST_DIR = os.path.join(REPO, f'opv2v_data_dumping/{SPLIT}')"
paper1/code/test_split_pipeline/run_all.py,49,relpath_other,mnt/h/opencood_project/datasets/opv2v_data_dumping/test/,f' /mnt/h/opencood_project/datasets/opv2v_data_dumping/test/')
paper1/code/test_split_pipeline/run_all.py,27,path_anchor,os.path.dirname,REPO = os.path.dirname(os.path.dirname(os.path.dirname(os.path.dirname(
paper1/code/test_split_pipeline/run_all.py,28,path_anchor,__file__,os.path.abspath(__file__)))))
paper1/code/test_split_pipeline/run_all.py,29,path_anchor,os.path.dirname,HERE = os.path.dirname(os.path.abspath(__file__))
paper1/code/train_rf.py,1,relpath_other,L/C16/C256,#self+ CA-TOSG P1 Step-4: retrain the deployed 3-way selector (L/C16/C256) on the canonical v3
paper1/code/train_rf.py,6,relpath_local,data/dataset_validate_v3.csv,Trains the deployed selector on data/dataset_validate_v3.csv (canonical F1 + Sionna frame BLER +
paper1/code/train_rf.py,7,bare_filename,make_dataset.py,"ego fallback + lam=0 oracle labels from make_dataset.py). Held-out 30% (stratified, SEED=0) gives"
paper1/code/train_rf.py,8,relpath_other,precision/recall,the class-balance + per-class precision/recall acceptance report.
paper1/code/train_rf.py,12,relpath_local,data/selector_rf_bundle.pkl,"names, and the dataset md5 are serialized in data/selector_rf_bundle.pkl alongside the deployed"
paper1/code/train_rf.py,13,relpath_local,data/selector_rf.pkl,bare-RF data/selector_rf.pkl. The bundle embeds the deployed RF's own md5 so the two cannot drift.
paper1/code/train_rf.py,14,relpath_local,data/selector_rf.pkl,data/selector_rf.pkl stays a BARE RandomForest for backward compatibility with the downstream
paper1/code/train_rf.py,15,bare_filename,recompute_policy_200seed.py,"loaders (recompute_policy_200seed.py, true_e2e_global.py) that do pickle.load(...).predict(...)."
paper1/code/train_rf.py,15,bare_filename,true_e2e_global.py,"loaders (recompute_policy_200seed.py, true_e2e_global.py) that do pickle.load(...).predict(...)."
paper1/code/train_rf.py,17,relpath_other,metric/label/leakage,Feature set (deployed 'full' selector): all columns EXCEPT the excluded metric/label/leakage
paper1/code/train_rf.py,19,relpath_other,late_f1/compressed_f1,"OUTCOME (leakage), so it is excluded from the features -- alongside late_f1/compressed_f1 and the"
paper1/code/train_rf.py,22,relpath_local,data/selector_rf.pkl,Deployed selector -> data/selector_rf.pkl (overwrites; v2 pkl backed up to selector_rf_v2.pkl).
paper1/code/train_rf.py,22,bare_filename,selector_rf_v2.pkl,Deployed selector -> data/selector_rf.pkl (overwrites; v2 pkl backed up to selector_rf_v2.pkl).
paper1/code/train_rf.py,23,relpath_other,base/csi/full,Also retains the base/csi/full ablation comparison in results/step4_rf_modes.csv.
paper1/code/train_rf.py,23,relpath_local,results/step4_rf_modes.csv,Also retains the base/csi/full ablation comparison in results/step4_rf_modes.csv.
paper1/code/train_rf.py,36,relpath_other,home/josh/cooperative_semantic_perception/OpenCOOD,REPO = '/home/josh/cooperative_semantic_perception/OpenCOOD'
paper1/code/train_rf.py,37,relpath_local,peiyi_work/paper1,"P1 = os.path.join(REPO, 'peiyi_work/paper1')"
paper1/code/train_rf.py,41,bare_filename,_v3.csv,"DATASET = os.path.join(DATA, f'dataset_{TRAIN_SPLIT}_v3.csv')"
paper1/code/train_rf.py,45,relpath_other,rate-1/2,"PAYLOAD = {'L': 0.024, 'C16': 0.99, 'C256': 0.495}  # channel uses (Msym) at rate-1/2; corrected 2026-07-12"
paper1/code/train_rf.py,94,bare_filename,train_rf.py,"""train_rf.py is FUSED OFF (superseded by PROTOCOL.md, P2 submit-A). Use """
paper1/code/train_rf.py,94,bare_filename,PROTOCOL.md,"""train_rf.py is FUSED OFF (superseded by PROTOCOL.md, P2 submit-A). Use """
paper1/code/train_rf.py,95,relpath_local,code/p2_dataprep/train_p2_loso.py,"""code/p2_dataprep/train_p2_loso.py (LOSO 9-fold + budget-matched tau* + one model per """
paper1/code/train_rf.py,96,relpath_other,single-70/30-split,"""budget) and the P2 submit-B eval scripts. This legacy single-70/30-split trainer over """
paper1/code/train_rf.py,98,bare_filename,main.tex,"""behind the still-frozen main.tex true-e2e-AP figures (via true_e2e_global.py); it is NOT """
paper1/code/train_rf.py,98,bare_filename,true_e2e_global.py,"""behind the still-frozen main.tex true-e2e-AP figures (via true_e2e_global.py); it is NOT """
paper1/code/train_rf.py,100,bare_filename,main.tex,"""main.tex is migrated to the P2 frozen-selector numbers (PROTOCOL Appendix A / Change-log """
paper1/code/train_rf.py,104,bare_filename,_v3.csv,print(f'training split: dataset_{TRAIN_SPLIT}_v3.csv  {df.shape}  md5={ds_md5}')
paper1/code/train_rf.py,110,relpath_other,train/test,"print(f'train/test frames: {len(tr_ids)}/{len(te_ids)}  (test_size={TEST_SIZE}, SEED={SEED})')"
paper1/code/train_rf.py,112,relpath_other,train/test,# class balance (full-split oracle label distribution + train/test partitions)
paper1/code/train_rf.py,119,relpath_other,base/csi,# deployed 'full' selector + base/csi ablations
paper1/code/train_rf.py,145,bare_filename,selector_rf.pkl,"dep_path = os.path.join(DATA, 'selector_rf.pkl')"
paper1/code/train_rf.py,147,bare_filename,selector_rf_v2.pkl,"os.replace(dep_path, os.path.join(DATA, 'selector_rf_v2.pkl'))  # back up v2"
paper1/code/train_rf.py,154,bare_filename,s_v3.csv,"train_split=TRAIN_SPLIT, train_dataset='dataset_%s_v3.csv' % TRAIN_SPLIT,"
paper1/code/train_rf.py,162,bare_filename,selector_rf_bundle.pkl,"with open(os.path.join(DATA, 'selector_rf_bundle.pkl'), 'wb') as fh:"
paper1/code/train_rf.py,164,relpath_local,data/selector_rf.pkl,print(f'\ndeployed selector -> data/selector_rf.pkl  md5={rf_md5}')
paper1/code/train_rf.py,165,relpath_local,data/selector_rf_bundle.pkl,print('provenance bundle -> data/selector_rf_bundle.pkl '
paper1/code/train_rf.py,169,bare_filename,step4_rf_class_report.csv,"rep.to_csv(os.path.join(RESULTS, 'step4_rf_class_report.csv'), index=False)"
paper1/code/train_rf.py,171,bare_filename,step4_rf_modes.csv,"os.path.join(RESULTS, 'step4_rf_modes.csv'), index=False)"
paper1/code/train_rf.py,172,bare_filename,step4_rf_train_meta.json,"with open(os.path.join(RESULTS, 'step4_rf_train_meta.json'), 'w') as fh:"
paper1/code/train_rf.py,178,relpath_local,results/step4_rf_class_report.csv,"print('acceptance -> results/step4_rf_class_report.csv, step4_rf_modes.csv, '"
paper1/code/train_rf.py,178,bare_filename,step4_rf_modes.csv,"print('acceptance -> results/step4_rf_class_report.csv, step4_rf_modes.csv, '"
paper1/code/train_rf.py,179,bare_filename,step4_rf_train_meta.json,'step4_rf_train_meta.json')
paper1/code/true_e2e_ap_inference.py,25,relpath_other,home/josh/miniconda3/envs/sionna310/bin/python,PYTHONPATH=. /home/josh/miniconda3/envs/sionna310/bin/python \
paper1/code/true_e2e_ap_inference.py,26,relpath_local,peiyi_work/01_paper_ca_tosg/true_e2e_ap_inference.py,peiyi_work/01_paper_ca_tosg/true_e2e_ap_inference.py
paper1/code/true_e2e_ap_inference.py,28,relpath_local,peiyi_work/01_paper_ca_tosg/runs/v4_true_e2e/results.csv,Output: peiyi_work/01_paper_ca_tosg/runs/v4_true_e2e/results.csv
paper1/code/true_e2e_ap_inference.py,40,relpath_local,peiyi_work/05_pretrained_models/pointpillar_late_fusion/npy,"LATE_DIR = os.path.join(REPO, 'peiyi_work/05_pretrained_models/pointpillar_late_fusion/npy')"
paper1/code/true_e2e_ap_inference.py,42,relpath_local,peiyi_work/05_pretrained_models/pointpillar_attentive_fusion/,'peiyi_work/05_pretrained_models/pointpillar_attentive_fusion/'
paper1/code/true_e2e_ap_inference.py,43,relpath_other,pointpillar_attentive_fusion_compression/npy,'pointpillar_attentive_fusion_compression/npy')
paper1/code/true_e2e_ap_inference.py,44,relpath_local,peiyi_work/01_paper_ca_tosg/runs/v2/dataset.csv,"DATASET = os.path.join(REPO, 'peiyi_work/01_paper_ca_tosg/runs/v2/dataset.csv')"
paper1/code/true_e2e_ap_inference.py,45,relpath_local,peiyi_work/01_paper_ca_tosg/runs/v2/rf_full.pkl,"RF_PATH = os.path.join(REPO, 'peiyi_work/01_paper_ca_tosg/runs/v2/rf_full.pkl')"
paper1/code/true_e2e_ap_inference.py,46,bare_filename,ldpc_qam_bler_table.csv,"# SUPERSEDED (P1, 2026-08): consumes the DEPRECATED codeword-level ldpc_qam_bler_table.csv and the"
paper1/code/true_e2e_ap_inference.py,48,bare_filename,true_e2e_global.py,"# from true_e2e_global.py (bler_sionna frame-level, global-sort, all splits). Do not rerun for paper"
paper1/code/true_e2e_ap_inference.py,49,bare_filename,PROTOCOL.md,# values; P2 regenerates under PROTOCOL.md. NOT repointed to bler_sionna: incompatible schema would
paper1/code/true_e2e_ap_inference.py,52,relpath_local,peiyi_work/04_experiment_logs/importance_map_jscc/ldpc_qam_bler_table.csv,'peiyi_work/04_experiment_logs/importance_map_jscc/ldpc_qam_bler_table.csv')
paper1/code/true_e2e_ap_inference.py,53,relpath_local,peiyi_work/01_paper_ca_tosg/runs/v4_true_e2e,"OUT_DIR = os.path.join(REPO, 'peiyi_work/01_paper_ca_tosg/runs/v4_true_e2e')"
paper1/code/true_e2e_ap_inference.py,65,bare_filename,_pred.npy,"p = os.path.join(npy_dir, f'{sample_id:04d}_pred.npy')"
paper1/code/true_e2e_ap_inference.py,73,bare_filename,_gt.npy_test.npy,"p = os.path.join(npy_dir, f'{sample_id:04d}_gt.npy_test.npy')"
paper1/code/true_e2e_ap_inference.py,176,bare_filename,results.csv,"pd.DataFrame(rows).to_csv(os.path.join(OUT_DIR, 'results.csv'), index=False)"
paper1/code/true_e2e_ap_inference.py,177,bare_filename,results.csv,"print('wrote', os.path.join(OUT_DIR, 'results.csv'))"
paper1/code/true_e2e_ap_inference.py,35,path_anchor,sys.path,"sys.path.insert(0,"
paper1/code/true_e2e_ap_inference.py,36,path_anchor,os.path.dirname,os.path.dirname(os.path.dirname(os.path.dirname(os.path.abspath(__file__)))))
paper1/code/true_e2e_ap_inference.py,39,path_anchor,os.path.dirname,REPO = os.path.dirname(os.path.dirname(os.path.dirname(os.path.abspath(__file__))))
paper1/code/true_e2e_global.py,6,relpath_other,late/comp/ego,#   (2) ONE canonical union GT for every branch (no per-frame own-GT). All of late/comp/ego are
paper1/code/true_e2e_global.py,8,relpath_other,intermediate/comp,#       standard OPV2V GT_RANGE; materialised here from the intermediate/comp npz gts). gt_tot is
paper1/code/true_e2e_global.py,10,relpath_local,results/bler_sionna/bler_sionna.csv,"#   (3) frame-level BLER from the Sionna table (results/bler_sionna/bler_sionna.csv), Es/N0 axis,"
paper1/code/true_e2e_global.py,10,relpath_other,Es/N0,"#   (3) frame-level BLER from the Sionna table (results/bler_sionna/bler_sionna.csv), Es/N0 axis,"
paper1/code/true_e2e_global.py,11,relpath_other,Es/N0,#       bler_frame column (= 1-(1-p_cw)^3960). The selector's est SNR is read as Es/N0.
paper1/code/true_e2e_global.py,18,relpath_local,results/bler_sionna/bler_sionna.csv,"BLER_CSV=os.path.join(P1,'results/bler_sionna/bler_sionna.csv')   # frame-level, Es/N0"
paper1/code/true_e2e_global.py,18,relpath_other,Es/N0,"BLER_CSV=os.path.join(P1,'results/bler_sionna/bler_sionna.csv')   # frame-level, Es/N0"
paper1/code/true_e2e_global.py,19,relpath_local,data/selector_rf.pkl,"RF_PATH=os.path.join(P1,'data/selector_rf.pkl')"
paper1/code/true_e2e_global.py,26,relpath_other,Es/N0,"""""""Frame-level BLER at Es/N0=snr (dB) for a QAM order over a channel, from the Sionna table."""""""
paper1/code/true_e2e_global.py,14,path_anchor,os.path.dirname,HERE=os.path.dirname(os.path.abspath(__file__)); P1=os.path.dirname(HERE)
paper1/code/true_e2e_global.py,15,path_anchor,os.path.dirname,"REPO=os.path.dirname(os.path.dirname(P1)); sys.path.insert(0,REPO)"
paper1/code/v3_eval.py,1,relpath_other,a2/a7/a8/,#self+ CA-TOSG P1 Step-5: shared 200-realisation evaluator for the ablation experiments (a2/a7/a8/
paper1/code/v3_eval.py,5,bare_filename,recompute_policy_200seed.py,"Mirrors recompute_policy_200seed.py exactly: per realisation draw per-frame SNR~U[0,20] and"
paper1/code/v3_eval.py,17,relpath_local,results/bler_sionna/bler_sionna.csv,"BLER_CSV = os.path.join(_P1, 'results/bler_sionna/bler_sionna.csv')"
paper1/code/v3_eval.py,18,relpath_other,rate-1/2,# Channel USES per frame (Msymbols) at rate-1/2: info bits / coderate / bits_per_symbol. The modulator
paper1/code/v3_eval.py,19,relpath_other,rate-1/2,"# carries the CODED stream (rate-1/2 -> 2x info bits), so C16 = 1.98/0.5/4 = 0.99, C256 = 1.98/0.5/8 ="
paper1/code/v3_eval.py,21,relpath_other,rate-1/2,# for the rate-1/2 chain used throughout + the Sionna table; corrected 2026-07-12 per supervisor.)
paper1/code/v3_eval.py,15,path_anchor,os.path.dirname,_HERE = os.path.dirname(os.path.abspath(__file__))
paper1/code/v3_eval.py,16,path_anchor,os.path.dirname,_P1 = os.path.dirname(os.path.dirname(_HERE))
paper1/code/verify_c256_dominance.py,12,bare_filename,recompute_policy_200seed.py,"# deployment loop of recompute_policy_200seed.py (snr~U[0,20], channel~Bernoulli(0.5) rayleigh; inject the"
paper1/code/verify_c256_dominance.py,14,absolute_path,/selector_rf.pkl,"RF = pickle.load(open(f'{D}/selector_rf.pkl', 'rb'))"
paper1/code/verify_c256_dominance.py,18,bare_filename,_v3.csv,d = pd.read_csv(f'{D}/dataset_{sp}_v3.csv')
paper1/code/verify_c256_dominance.py,34,bare_filename,recompute_policy_200seed.py,"# CSI draws to recompute_policy_200seed.py: rng=default_rng(s), snr~U[0,20], is_ray = rng.random<0.5)."
paper1/code/verify_c256_dominance.py,49,relpath_local,results/c256_dominance_verify.csv,"out.to_csv(os.path.join(os.path.dirname(D), 'results/c256_dominance_verify.csv'), index=False)"
paper1/code/verify_c256_dominance.py,8,path_anchor,os.path.dirname,"D = os.path.join(os.path.dirname(os.path.dirname(os.path.abspath(__file__))), 'data')"
paper1/code/verify_c256_dominance.py,49,path_anchor,os.path.dirname,"out.to_csv(os.path.join(os.path.dirname(D), 'results/c256_dominance_verify.csv'), index=False)"
paper1/code/verify_frontier_payload_invariance.py,8,relpath_other,F1/edges,"# frontier MUST be recomputed on the corrected PAYVEC (not rescaled). ""F1/edges byte-identical"" holds only at"
paper1/code/verify_frontier_payload_invariance.py,15,relpath_other,recompute/retrain,"# recompute/retrain decision, not a paragraph edit."
paper1/code/verify_frontier_payload_invariance.py,17,relpath_local,results/policy,"R = os.path.join(os.path.dirname(os.path.dirname(os.path.abspath(__file__))), 'results/policy')"
paper1/code/verify_frontier_payload_invariance.py,18,relpath_other,rate-1/2,"NEW = {'L': 0.024, 'C16': 0.99, 'C256': 0.495}      # corrected (rate-1/2 coded)"
paper1/code/verify_frontier_payload_invariance.py,31,bare_filename,frontier_payload_invariance.csv,"out.to_csv(os.path.join(os.path.dirname(R), 'frontier_payload_invariance.csv'), index=False)"
paper1/code/verify_frontier_payload_invariance.py,36,relpath_other,recompute/retrain,"""not lambda-rescaled)."" if verdict else ""=> STOP: frontier is stale, recompute/retrain decision."")"
paper1/code/verify_frontier_payload_invariance.py,17,path_anchor,os.path.dirname,"R = os.path.join(os.path.dirname(os.path.dirname(os.path.abspath(__file__))), 'results/policy')"
paper1/code/verify_frontier_payload_invariance.py,31,path_anchor,os.path.dirname,"out.to_csv(os.path.join(os.path.dirname(R), 'frontier_payload_invariance.csv'), index=False)"
paper1/code/verify_gamma_mechanism.py,12,relpath_local,data/dataset_validate_v3.csv,"tr = pd.read_csv(os.path.join(P1, 'data/dataset_validate_v3.csv'))"
paper1/code/verify_gamma_mechanism.py,40,relpath_local,results/gamma_mechanism.csv,"out.to_csv(os.path.join(P1, 'results/gamma_mechanism.csv'), index=False)"
paper1/code/verify_gamma_mechanism.py,7,path_anchor,sys.path,"sys.path.insert(0, os.path.join(os.path.dirname(os.path.abspath(__file__)), 'extra_experiments'))"
paper1/code/verify_gamma_mechanism.py,8,local_import,_common,"import _common as C, v3_eval as V"
paper1/code/verify_gamma_mechanism.py,11,path_anchor,os.path.dirname,P1 = os.path.dirname(os.path.dirname(os.path.abspath(__file__)))
paper1/code/verify_harm_stratum_structural.py,3,relpath_other,0/0/0,"# selector as the 0/0/0 C256 count), and TESTS the structural claim: on frames where the selector requests L,"
paper1/code/verify_harm_stratum_structural.py,6,bare_filename,a2_difficulty_reliable.csv,"# deterministic reliable channel (AWGN, 16 dB), matching a2_difficulty_reliable.csv."
paper1/code/verify_harm_stratum_structural.py,9,relpath_local,results/bler_sionna/bler_sionna.csv,"D = os.path.join(P1, 'data'); BLER = os.path.join(P1, 'results/bler_sionna/bler_sionna.csv')"
paper1/code/verify_harm_stratum_structural.py,10,absolute_path,/selector_rf.pkl,"RF = pickle.load(open(f'{D}/selector_rf.pkl', 'rb')); FEAT = list(RF.feature_names_in_)"
paper1/code/verify_harm_stratum_structural.py,16,absolute_path,/dataset_test_v3.csv,d = pd.read_csv(f'{D}/dataset_test_v3.csv')
paper1/code/verify_harm_stratum_structural.py,18,relpath_other,1/3,"q = np.quantile(late, [1/3, 2/3])"
paper1/code/verify_harm_stratum_structural.py,18,relpath_other,2/3,"q = np.quantile(late, [1/3, 2/3])"
paper1/code/verify_harm_stratum_structural.py,37,relpath_other,n_c16/n,"print(f""selector action share: C16 = {n_c16}/{n} = {n_c16/n:.4f}   L = {n_l}/{n} = {n_l/n:.4f}"")"
paper1/code/verify_harm_stratum_structural.py,37,relpath_other,n_l/n,"print(f""selector action share: C16 = {n_c16}/{n} = {n_c16/n:.4f}   L = {n_l}/{n} = {n_l/n:.4f}"")"
paper1/code/verify_harm_stratum_structural.py,44,relpath_other,0/0/0,"# the SAME SOURCE as the deployment 0/0/0 C256 count -- both come from this one classifier (selector_rf.pkl,"
paper1/code/verify_harm_stratum_structural.py,44,bare_filename,selector_rf.pkl,"# the SAME SOURCE as the deployment 0/0/0 C256 count -- both come from this one classifier (selector_rf.pkl,"
paper1/code/verify_harm_stratum_structural.py,49,relpath_other,0/0/0,"f""deployment 0/0/0 (one classifier, class set {sorted(RF.classes_)}) -> consistency, not independent evidence."")"
paper1/code/verify_harm_stratum_structural.py,51,relpath_other,n_c16/n,"frac_C16=round(n_c16/n, 4), mean_gain=round(gain, 4),"
paper1/code/verify_harm_stratum_structural.py,54,relpath_local,results/harm_stratum_structural.csv,").to_csv(os.path.join(P1, 'results/harm_stratum_structural.csv'), index=False)"
paper1/code/verify_harm_stratum_structural.py,8,path_anchor,os.path.dirname,P1 = os.path.dirname(os.path.dirname(os.path.abspath(__file__)))
paper1/code/verify_paragraph_insert.py,1,relpath_other,usr/bin/env,#!/usr/bin/env python3
paper1/code/verify_paragraph_insert.py,5,relpath_local,paper/main.tex,PURPOSE. Prove that a paragraph inserted into paper/main.tex is the PARAGRAPH_DRAFTS.md
paper1/code/verify_paragraph_insert.py,5,bare_filename,PARAGRAPH_DRAFTS.md,PURPOSE. Prove that a paragraph inserted into paper/main.tex is the PARAGRAPH_DRAFTS.md
paper1/code/verify_paragraph_insert.py,11,relpath_local,results/,"SOLE SOURCE. The draft is read from results/../results? no -- from PARAGRAPH_DRAFTS.md, the"
paper1/code/verify_paragraph_insert.py,11,bare_filename,PARAGRAPH_DRAFTS.md,"SOLE SOURCE. The draft is read from results/../results? no -- from PARAGRAPH_DRAFTS.md, the"
paper1/code/verify_paragraph_insert.py,12,relpath_local,paper/main.tex,one approved source. The inserted block is read from paper/main.tex between its \subsection
paper1/code/verify_paragraph_insert.py,13,relpath_other,subsection/,header (or explicit start anchor) and the next \subsection/\section.
paper1/code/verify_paragraph_insert.py,18,relpath_other,ref/,T1  placeholder -> \ref/\eqref/\cite resolution. Declared per paragraph as explicit
paper1/code/verify_paragraph_insert.py,18,relpath_other,eqref/,T1  placeholder -> \ref/\eqref/\cite resolution. Declared per paragraph as explicit
paper1/code/verify_paragraph_insert.py,26,relpath_other,renumber/inline,"T3  footnote renumber/inline: markdown ""[^k]"" marker + ""[^k]: <def>"" block -> LaTeX"
paper1/code/verify_paragraph_insert.py,52,relpath_local,results/PARAGRAPH_DRAFTS.md,"DRAFTS = os.path.join(P1, 'results/PARAGRAPH_DRAFTS.md')"
paper1/code/verify_paragraph_insert.py,53,relpath_local,paper/main.tex,"TEX = os.path.join(P1, 'paper/main.tex')"
paper1/code/verify_paragraph_insert.py,57,bare_filename,main.tex,# start_anchor           : substring on the first line of the inserted block in main.tex
paper1/code/verify_paragraph_insert.py,60,relpath_other,T1/T2,# subs                   : ordered list of (draft_text -> inserted_text) whitelist pairs (T1/T2).
paper1/code/verify_paragraph_insert.py,120,bare_filename,PARAGRAPH_DRAFTS.md,"""""""Return the raw text of the '## N.' section of PARAGRAPH_DRAFTS.md."""""""
paper1/code/verify_paragraph_insert.py,203,relpath_other,T1/T2,print('  whitelist subs (T1/T2)=%d  ruling-authorised=%s'
paper1/code/verify_paragraph_insert.py,208,bare_filename,main.tex,"'expected(draft+whitelist)', 'actual(main.tex)', lineterm='')"
paper1/code/verify_paragraph_insert.py,50,path_anchor,os.path.dirname,HERE = os.path.dirname(os.path.abspath(__file__))
paper1/code/verify_paragraph_insert.py,51,path_anchor,os.path.dirname,P1 = os.path.dirname(HERE)
paper1/code/where2comm_compare.py,7,bare_filename,net_epoch37.pth,"defence line, auto-discovering net_epoch37.pth from an archive checkout). The Where2comm results"
paper1/code/where2comm_compare.py,8,relpath_local,results/where2comm_ap.csv,"actually reported in the paper are the epoch-50 global-sort AP in results/where2comm_ap.csv,"
paper1/code/where2comm_compare.py,10,relpath_local,results/where2comm_ap_PROVENANCE.txt,see results/where2comm_ap_PROVENANCE.txt. Do not run this script for the paper's Where2comm row;
paper1/code/where2comm_compare.py,20,relpath_other,home/josh/miniconda3/envs/sionna310/bin/python,PYTHONPATH=. /home/josh/miniconda3/envs/sionna310/bin/python \\
paper1/code/where2comm_compare.py,21,relpath_local,peiyi_work/01_paper_ca_tosg/where2comm_compare.py,peiyi_work/01_paper_ca_tosg/where2comm_compare.py
paper1/code/where2comm_compare.py,24,relpath_other,home/josh/cooperative_semantic_perception/OpenCOOD_cleanup_archive_20260604/,/home/josh/cooperative_semantic_perception/OpenCOOD_cleanup_archive_20260604/
paper1/code/where2comm_compare.py,25,relpath_other,where2comm_intermediate_ckpts/opencood/logs/point_pillar_where2comm_,where2comm_intermediate_ckpts/opencood/logs/point_pillar_where2comm_*/
paper1/code/where2comm_compare.py,38,relpath_local,peiyi_work/01_paper_ca_tosg/runs/v4_where2comm,"OUT_DIR = os.path.join(REPO, 'peiyi_work/01_paper_ca_tosg/runs/v4_where2comm')"
paper1/code/where2comm_compare.py,39,relpath_other,home/josh/cooperative_semantic_perception/,ARCHIVE_CKPT_GLOB = ('/home/josh/cooperative_semantic_perception/'
paper1/code/where2comm_compare.py,40,relpath_other,OpenCOOD_cleanup_archive_20260604/where2comm_intermediate_ckpts/,'OpenCOOD_cleanup_archive_20260604/where2comm_intermediate_ckpts/'
paper1/code/where2comm_compare.py,41,relpath_local,opencood/logs/point_pillar_where2comm_,'opencood/logs/point_pillar_where2comm_*/net_epoch37.pth')
paper1/code/where2comm_compare.py,41,absolute_path,/net_epoch37.pth,'opencood/logs/point_pillar_where2comm_*/net_epoch37.pth')
paper1/code/where2comm_compare.py,42,relpath_local,opencood/hypes_yaml/point_pillar_where2comm_local.yaml,"CFG = os.path.join(REPO, 'opencood/hypes_yaml/point_pillar_where2comm_local.yaml')"
paper1/code/where2comm_compare.py,59,bare_filename,config.yaml,"shutil.copy(CFG, os.path.join(OUT_DIR, 'config.yaml'))"
paper1/code/where2comm_compare.py,60,bare_filename,latest.pth,"dst_ckpt = os.path.join(OUT_DIR, 'latest.pth')"
paper1/code/where2comm_compare.py,116,bare_filename,result.csv,"with open(os.path.join(OUT_DIR, 'result.csv'), 'w') as f:"
paper1/code/where2comm_compare.py,37,path_anchor,os.path.dirname,REPO = os.path.dirname(os.path.dirname(os.path.dirname(os.path.abspath(__file__))))
paper1/opencood_modifications/README.md,3,relpath_escaping_repo,../opencood/,"The upstream OpenCOOD package at `../../opencood/` is mostly untouched. The exceptions are listed below: **9 newly added files** and **3 modified files**, all marked with a `#self+"
paper1/opencood_modifications/README.md,5,relpath_escaping_repo,../opencood/,"These files **physically live in `../../opencood/`** rather than in this directory, because they participate in the `opencood` Python namespace (e.g., `from opencood.models.point_p"
paper1/opencood_modifications/README.md,5,relpath_other,hypes_yaml/,"These files **physically live in `../../opencood/`** rather than in this directory, because they participate in the `opencood` Python namespace (e.g., `from opencood.models.point_p"
paper1/opencood_modifications/README.md,11,relpath_local,opencood/models/point_pillar_importance_map_jscc.py,| `opencood/models/point_pillar_importance_map_jscc.py` | Top-level perception model wrapper that dispatches to ImportanceMapJSCC / SComCP fuse modules via the `variant:` field. |
paper1/opencood_modifications/README.md,12,relpath_local,opencood/models/fuse_modules/importance_map_jscc_fuse.py,| `opencood/models/fuse_modules/importance_map_jscc_fuse.py` | ImportanceMapJSCC fuse module — importance-mask selector + CNN JSCC codec + AWGN / Rayleigh / OFDM / LDPC-QAM channel
paper1/opencood_modifications/README.md,13,relpath_local,opencood/models/fuse_modules/scomcp_fuse.py,"| `opencood/models/fuse_modules/scomcp_fuse.py` | SComCP fuse module — cross-attention selector + Transformer-CA JSCC codec. Reproduction of Gan et al., *IEEE TVT* 2026. |"
paper1/opencood_modifications/README.md,14,relpath_local,opencood/hypes_yaml/point_pillar_importance_map_jscc_awgn.yaml,"| `opencood/hypes_yaml/point_pillar_importance_map_jscc_awgn.yaml` | ImportanceMapJSCC config, AWGN channel. |"
paper1/opencood_modifications/README.md,15,relpath_local,opencood/hypes_yaml/point_pillar_importance_map_jscc_awgn_learned.yaml,"| `opencood/hypes_yaml/point_pillar_importance_map_jscc_awgn_learned.yaml` | Same, with learned importance source. |"
paper1/opencood_modifications/README.md,16,relpath_local,opencood/hypes_yaml/point_pillar_importance_map_jscc_rayleigh.yaml,"| `opencood/hypes_yaml/point_pillar_importance_map_jscc_rayleigh.yaml` | ImportanceMapJSCC config, Rayleigh. |"
paper1/opencood_modifications/README.md,17,relpath_local,opencood/hypes_yaml/point_pillar_importance_map_jscc_rayleigh_learned.yaml,"| `opencood/hypes_yaml/point_pillar_importance_map_jscc_rayleigh_learned.yaml` | Same, with learned importance source. |"
paper1/opencood_modifications/README.md,18,relpath_local,opencood/hypes_yaml/point_pillar_importance_map_jscc_ofdm.yaml,"| `opencood/hypes_yaml/point_pillar_importance_map_jscc_ofdm.yaml` | ImportanceMapJSCC config, OFDM. |"
paper1/opencood_modifications/README.md,19,relpath_local,opencood/hypes_yaml/point_pillar_importance_map_jscc_ofdm_learned.yaml,"| `opencood/hypes_yaml/point_pillar_importance_map_jscc_ofdm_learned.yaml` | Same, with learned importance source. |"
paper1/opencood_modifications/README.md,20,relpath_local,opencood/hypes_yaml/point_pillar_where2comm_local.yaml,| `opencood/hypes_yaml/point_pillar_where2comm_local.yaml` | Local Where2comm eval config (OPV2V validate split). |
paper1/opencood_modifications/README.md,26,relpath_local,opencood/hypes_yaml/visualization.yaml,| `opencood/hypes_yaml/visualization.yaml` | Local OPV2V validate / test path overrides. |
paper1/opencood_modifications/README.md,27,relpath_local,opencood/models/fuse_modules/where2comm_fuse.py,"| `opencood/models/fuse_modules/where2comm_fuse.py` | Extensions for compatibility with the ImportanceMapJSCC / SComCP fuse module signature (additional output keys, optional `pape"
paper1/opencood_modifications/README.md,28,relpath_local,opencood/utils/eval_utils.py,| `opencood/utils/eval_utils.py` | Added per-frame payload tracking + channel-use-equivalent bandwidth metrics used by Paper #2's evaluation pipeline. |
paper1/opencood_modifications/README.md,36,relpath_escaping_repo,../opencood/,"If at some point the user wants to fully relocate the namespace-resident code out of `../../opencood/`, the recommended approach is:"
paper1/opencood_modifications/README.md,38,relpath_local,peiyi_work/00_opencood_modifications/,"1. Physically move each file to `peiyi_work/00_opencood_modifications/` under the same relative path (e.g., `models/point_pillar_importance_map_jscc.py`)."
paper1/opencood_modifications/README.md,38,relpath_other,models/point_pillar_importance_map_jscc.py,"1. Physically move each file to `peiyi_work/00_opencood_modifications/` under the same relative path (e.g., `models/point_pillar_importance_map_jscc.py`)."
paper1/opencood_modifications/README.md,42,relpath_escaping_repo,../opencood/,"This is documented here for the user's future reference; **at present, the cleaner state is to leave the files in `../../opencood/` and rely on the `#self+` headers for discoverabi"
paper1/paper/DRAW_OVERVIEW_FIGURE.md,3,relpath_other,重画/改图时必须落实,"> ## ⚠️ 2026-08-02 更新 (Q2, S={L,C16}) —— 重画/改图时必须落实（Josh 手动 draw.io）"
paper1/paper/DRAW_OVERVIEW_FIGURE.md,5,relpath_other,C16/C256,"> 1. **C16/C256 归组进同一个 feature-level 分支块**（已经是""Feature codec C16/C256""块，确认视觉上归组）。"
paper1/paper/DRAW_OVERVIEW_FIGURE.md,5,relpath_other,C16/C256,"> 1. **C16/C256 归组进同一个 feature-level 分支块**（已经是""Feature codec C16/C256""块，确认视觉上归组）。"
paper1/paper/DRAW_OVERVIEW_FIGURE.md,6,relpath_other,行/标签加注,"> 2. **C256 行/标签加注**：`C256 (dominated — excluded from deployment, §III-B)`；部署选择器只在 {L, C16}"
paper1/paper/DRAW_OVERVIEW_FIGURE.md,9,relpath_other,Msym/frame,>    `L ≈ 0.024 Msym/frame`、`C16 ≈ 0.99 Msym/frame`、`C256 ≈ 0.495 Msym/frame`（rate-1/2）。
paper1/paper/DRAW_OVERVIEW_FIGURE.md,9,relpath_other,Msym/frame,>    `L ≈ 0.024 Msym/frame`、`C16 ≈ 0.99 Msym/frame`、`C256 ≈ 0.495 Msym/frame`（rate-1/2）。
paper1/paper/DRAW_OVERVIEW_FIGURE.md,9,relpath_other,Msym/frame,>    `L ≈ 0.024 Msym/frame`、`C16 ≈ 0.99 Msym/frame`、`C256 ≈ 0.495 Msym/frame`（rate-1/2）。
paper1/paper/DRAW_OVERVIEW_FIGURE.md,9,relpath_other,rate-1/2,>    `L ≈ 0.024 Msym/frame`、`C16 ≈ 0.99 Msym/frame`、`C256 ≈ 0.495 Msym/frame`（rate-1/2）。
paper1/paper/DRAW_OVERVIEW_FIGURE.md,93,relpath_other,C16/C256,| Feature codec C16/C256 | `#F8CECC` 浅橙 | `#B85450` |
paper1/paper/DRAW_OVERVIEW_FIGURE.md,103,relpath_other,rate-1/2,"- 标注数值（channel-use Msym，rate-1/2）：`~0.024 Msym/frame` (L 分支)、`~0.99 Msym/frame` (C16)、`~0.495 Msym/frame` (C256, dominated/excluded — 见顶部 Q2 更新)"
paper1/paper/DRAW_OVERVIEW_FIGURE.md,103,relpath_other,Msym/frame,"- 标注数值（channel-use Msym，rate-1/2）：`~0.024 Msym/frame` (L 分支)、`~0.99 Msym/frame` (C16)、`~0.495 Msym/frame` (C256, dominated/excluded — 见顶部 Q2 更新)"
paper1/paper/DRAW_OVERVIEW_FIGURE.md,103,relpath_other,Msym/frame,"- 标注数值（channel-use Msym，rate-1/2）：`~0.024 Msym/frame` (L 分支)、`~0.99 Msym/frame` (C16)、`~0.495 Msym/frame` (C256, dominated/excluded — 见顶部 Q2 更新)"
paper1/paper/DRAW_OVERVIEW_FIGURE.md,103,relpath_other,Msym/frame,"- 标注数值（channel-use Msym，rate-1/2）：`~0.024 Msym/frame` (L 分支)、`~0.99 Msym/frame` (C16)、`~0.495 Msym/frame` (C256, dominated/excluded — 见顶部 Q2 更新)"
paper1/paper/DRAW_OVERVIEW_FIGURE.md,103,relpath_other,dominated/excluded,"- 标注数值（channel-use Msym，rate-1/2）：`~0.024 Msym/frame` (L 分支)、`~0.99 Msym/frame` (C16)、`~0.495 Msym/frame` (C256, dominated/excluded — 见顶部 Q2 更新)"
paper1/paper/DRAW_OVERVIEW_FIGURE.md,109,bare_filename,ca_tosg_method_overview.pdf,3. 文件名 `ca_tosg_method_overview.pdf`
paper1/paper/DRAW_OVERVIEW_FIGURE.md,113,bare_filename,ca_tosg_method_overview.pdf,1. 把 `ca_tosg_method_overview.pdf` 放到 `paper/figures/`
paper1/paper/DRAW_OVERVIEW_FIGURE.md,113,relpath_local,paper/figures/,1. 把 `ca_tosg_method_overview.pdf` 放到 `paper/figures/`
paper1/paper/DRAW_OVERVIEW_FIGURE.md,114,relpath_local,paper/main.tex,2. 打开 `paper/main.tex`，找到 line 189 那个红色的 `\todo{Insert overview figure...}`
paper1/paper/DRAW_OVERVIEW_FIGURE.md,117,bare_filename,ca_tosg_method_overview.pdf,\includegraphics[width=\textwidth]{ca_tosg_method_overview.pdf}
paper1/paper/DRAW_OVERVIEW_FIGURE.md,123,bare_filename,SComCP_Task-Oriented_Semantic_Communication...pdf,"如果想找好图参照样式，看 SComCP 论文 Fig. 2（已经在我们 repo 里的 `SComCP_Task-Oriented_Semantic_Communication...pdf` page 3）——你画的图风格目标就是那种""双车 + backbone + codec + channel + fusion""。"
paper1/paper/README.md,1,relpath_local,paper/,# `paper/` — 论文源码 / Paper source
paper1/paper/README.md,6,bare_filename,main.tex,- `main.tex` —— 论文正文（IEEEtran 格式，约 18–20 页）。所有章节、公式、表格、图引用都在这里。
paper1/paper/README.md,7,bare_filename,refs.bib,- `refs.bib` —— 参考文献（BibTeX）。
paper1/paper/README.md,8,relpath_local,figures/,- `figures/` —— 所有插图（PDF）。每张图由哪个脚本生成，见 `figures/README.md`。
paper1/paper/README.md,8,relpath_local,figures/README.md,- `figures/` —— 所有插图（PDF）。每张图由哪个脚本生成，见 `figures/README.md`。
paper1/paper/README.md,9,bare_filename,DRAW_OVERVIEW_FIGURE.md,- `DRAW_OVERVIEW_FIGURE.md` —— 系统总览图 `ca_tosg_method_overview.pdf` 的绘制说明（手工绘制）。
paper1/paper/README.md,9,bare_filename,ca_tosg_method_overview.pdf,- `DRAW_OVERVIEW_FIGURE.md` —— 系统总览图 `ca_tosg_method_overview.pdf` 的绘制说明（手工绘制）。
paper1/paper/README.md,11,relpath_local,figures/,**怎么编译**：把本文件夹（含 `figures/`）传到 Overleaf；或本地装好 texlive 后 `latexmk -pdf main.tex`。
paper1/paper/README.md,11,bare_filename,main.tex,**怎么编译**：把本文件夹（含 `figures/`）传到 Overleaf；或本地装好 texlive 后 `latexmk -pdf main.tex`。
paper1/paper/README.md,12,bare_filename,main.tex,仓库根目录的 `paper_overleaf.zip` 就是 `main.tex + refs.bib + figures/` 打好的包，可直接上传 Overleaf。
paper1/paper/README.md,12,bare_filename,refs.bib,仓库根目录的 `paper_overleaf.zip` 就是 `main.tex + refs.bib + figures/` 打好的包，可直接上传 Overleaf。
paper1/paper/README.md,12,relpath_local,figures/,仓库根目录的 `paper_overleaf.zip` 就是 `main.tex + refs.bib + figures/` 打好的包，可直接上传 Overleaf。
paper1/paper/README.md,17,bare_filename,main.tex,"- `main.tex` — the manuscript (IEEEtran, ~18–20 pages): all sections, equations, tables, figure refs."
paper1/paper/README.md,18,bare_filename,refs.bib,- `refs.bib` — bibliography (BibTeX).
paper1/paper/README.md,19,relpath_local,figures/,- `figures/` — all figures (PDF). See `figures/README.md` for which script produces each one.
paper1/paper/README.md,19,relpath_local,figures/README.md,- `figures/` — all figures (PDF). See `figures/README.md` for which script produces each one.
paper1/paper/README.md,20,bare_filename,DRAW_OVERVIEW_FIGURE.md,- `DRAW_OVERVIEW_FIGURE.md` — drawing notes for the hand-made system-overview figure.
paper1/paper/README.md,22,relpath_local,figures/,"**Build**: upload this folder (with `figures/`) to Overleaf, or locally run `latexmk -pdf main.tex`"
paper1/paper/README.md,22,bare_filename,main.tex,"**Build**: upload this folder (with `figures/`) to Overleaf, or locally run `latexmk -pdf main.tex`"
paper1/paper/figures/README.md,1,relpath_local,paper/figures/,# `paper/figures/` — 插图 + 生成脚本对照 / Figures and the script that makes each
paper1/paper/figures/README.md,15,bare_filename,ca_tosg_method_overview.pdf,| `ca_tosg_method_overview.pdf` | 手工绘制 / hand-made (see `../DRAW_OVERVIEW_FIGURE.md`) | 系统总览 Fig.1 / system overview |
paper1/paper/figures/README.md,15,relpath_escaping_repo,../DRAW_OVERVIEW_FIGURE.md,| `ca_tosg_method_overview.pdf` | 手工绘制 / hand-made (see `../DRAW_OVERVIEW_FIGURE.md`) | 系统总览 Fig.1 / system overview |
paper1/paper/figures/README.md,16,relpath_escaping_repo,../../code/plot_ap_snr.py,"| `fig_ap50_*.pdf`, `fig_ap70_*.pdf` | `../../code/plot_ap_snr.py` | AP vs SNR（AWGN/Rayleigh，global-sort）|"
paper1/paper/figures/README.md,16,relpath_other,AWGN/Rayleigh,"| `fig_ap50_*.pdf`, `fig_ap70_*.pdf` | `../../code/plot_ap_snr.py` | AP vs SNR（AWGN/Rayleigh，global-sort）|"
paper1/paper/figures/README.md,17,bare_filename,fig_snr_vs_f1.pdf,"| `fig_snr_vs_f1.pdf`, `fig_f1_rayleigh.pdf` | `../../code/snr_decision_plot.py` | 帧级 F1 vs SNR |"
paper1/paper/figures/README.md,17,bare_filename,fig_f1_rayleigh.pdf,"| `fig_snr_vs_f1.pdf`, `fig_f1_rayleigh.pdf` | `../../code/snr_decision_plot.py` | 帧级 F1 vs SNR |"
paper1/paper/figures/README.md,17,relpath_escaping_repo,../../code/snr_decision_plot.py,"| `fig_snr_vs_f1.pdf`, `fig_f1_rayleigh.pdf` | `../../code/snr_decision_plot.py` | 帧级 F1 vs SNR |"
paper1/paper/figures/README.md,18,bare_filename,fig_payload_awgn.pdf,| `fig_payload_awgn.pdf` | `../../code/plot_pareto_payload.py` | payload vs SNR（AWGN，data-sourced 2026-07-11）|
paper1/paper/figures/README.md,18,relpath_escaping_repo,../../code/plot_pareto_payload.py,| `fig_payload_awgn.pdf` | `../../code/plot_pareto_payload.py` | payload vs SNR（AWGN，data-sourced 2026-07-11）|
paper1/paper/figures/README.md,19,bare_filename,fig_payload_rayleigh.pdf,| `fig_payload_rayleigh.pdf` | `../../code/snr_decision_plot.py` | payload vs SNR（Rayleigh）|
paper1/paper/figures/README.md,19,relpath_escaping_repo,../../code/snr_decision_plot.py,| `fig_payload_rayleigh.pdf` | `../../code/snr_decision_plot.py` | payload vs SNR（Rayleigh）|
paper1/paper/figures/README.md,20,bare_filename,fig_stacked_area.pdf,"| `fig_decisions_*.pdf`, `fig_stacked_area.pdf` | `../../code/plot_stacked_area.py` | 决策占比 ρ vs SNR |"
paper1/paper/figures/README.md,20,relpath_escaping_repo,../../code/plot_stacked_area.py,"| `fig_decisions_*.pdf`, `fig_stacked_area.pdf` | `../../code/plot_stacked_area.py` | 决策占比 ρ vs SNR |"
paper1/paper/figures/README.md,21,bare_filename,fig_feature_importance.pdf,| `fig_feature_importance.pdf` | `../../code/plot_feature_importance.py` | 特征重要性 |
paper1/paper/figures/README.md,21,relpath_escaping_repo,../../code/plot_feature_importance.py,| `fig_feature_importance.pdf` | `../../code/plot_feature_importance.py` | 特征重要性 |
paper1/paper/figures/README.md,22,bare_filename,fig_csi_noise.pdf,| `fig_csi_noise.pdf` | `../../code/csi_noise_ablation.py` | CSI 噪声鲁棒性 |
paper1/paper/figures/README.md,22,relpath_escaping_repo,../../code/csi_noise_ablation.py,| `fig_csi_noise.pdf` | `../../code/csi_noise_ablation.py` | CSI 噪声鲁棒性 |
paper1/paper/figures/README.md,23,bare_filename,fig_channel_bler.pdf,| `fig_channel_bler.pdf` | 生成脚本未入库 / generator not checked in | LDPC+QAM BLER 曲线（新）|
paper1/paper/figures/README.md,24,bare_filename,fig_qualitative_bev.pdf,| `fig_qualitative_bev.pdf` | 生成脚本未入库 / generator not checked in | 定性 BEV 检测对比（新）|
paper1/paper/figures/README.md,25,bare_filename,fig_pareto_test.pdf,| `fig_pareto_test.pdf` | `../../code/plot_pareto_payload.py` | payload–F1 帕累托（test，data-sourced 2026-07-11）|
paper1/paper/figures/README.md,25,relpath_escaping_repo,../../code/plot_pareto_payload.py,| `fig_pareto_test.pdf` | `../../code/plot_pareto_payload.py` | payload–F1 帕累托（test，data-sourced 2026-07-11）|
paper1/paper/figures/README.md,26,bare_filename,fig_pareto_validate.pdf,| `fig_pareto_validate.pdf` | `../../code/extra_experiments/a1_pareto.py` | payload–F1 帕累托（validate）|
paper1/paper/figures/README.md,26,relpath_escaping_repo,../../code/extra_experiments/a1_pareto.py,| `fig_pareto_validate.pdf` | `../../code/extra_experiments/a1_pareto.py` | payload–F1 帕累托（validate）|
paper1/paper/figures/README.md,27,bare_filename,fig_difficulty.pdf,| `fig_difficulty.pdf` | `../../code/extra_experiments/a2_difficulty.py` | 难度分层增益（新）|
paper1/paper/figures/README.md,27,relpath_escaping_repo,../../code/extra_experiments/a2_difficulty.py,| `fig_difficulty.pdf` | `../../code/extra_experiments/a2_difficulty.py` | 难度分层增益（新）|
paper1/paper/figures/README.md,28,bare_filename,fig_rician.pdf,| `fig_rician.pdf` | `../../code/extra_experiments/c_channels.py` | Rician 衰落下决策（新）|
paper1/paper/figures/README.md,28,relpath_escaping_repo,../../code/extra_experiments/c_channels.py,| `fig_rician.pdf` | `../../code/extra_experiments/c_channels.py` | Rician 衰落下决策（新）|
paper1/paper/figures/README.md,29,bare_filename,fig_jscc_aware.pdf,| `fig_jscc_aware.pdf` | `../../code/extra_experiments/a4_jscc_aware.py` | JSCC vs LDPC（新）|
paper1/paper/figures/README.md,29,relpath_escaping_repo,../../code/extra_experiments/a4_jscc_aware.py,| `fig_jscc_aware.pdf` | `../../code/extra_experiments/a4_jscc_aware.py` | JSCC vs LDPC（新）|
paper1/paper/figures/README.md,36,relpath_escaping_repo,../../code/plot_pareto_payload.py,(generator `../../code/plot_pareto_payload.py`; PDF + SVG both checked in):
paper1/paper/figures/README.md,40,bare_filename,fig_pareto_test.pdf,| `fig_pareto_test.pdf` (+`.svg`) | `../../results/policy/pareto_points.csv` (test rows) | md5/protocol **superseded — pending P2 re-freeze** | this row's `eb9358e9` md5 + `v2-200r
paper1/paper/figures/README.md,40,relpath_escaping_repo,../../results/policy/pareto_points.csv,| `fig_pareto_test.pdf` (+`.svg`) | `../../results/policy/pareto_points.csv` (test rows) | md5/protocol **superseded — pending P2 re-freeze** | this row's `eb9358e9` md5 + `v2-200r
paper1/paper/figures/README.md,40,relpath_other,md5/protocol,| `fig_pareto_test.pdf` (+`.svg`) | `../../results/policy/pareto_points.csv` (test rows) | md5/protocol **superseded — pending P2 re-freeze** | this row's `eb9358e9` md5 + `v2-200r
paper1/paper/figures/README.md,40,relpath_escaping_repo,../../results/policy/PROVENANCE.txt,| `fig_pareto_test.pdf` (+`.svg`) | `../../results/policy/pareto_points.csv` (test rows) | md5/protocol **superseded — pending P2 re-freeze** | this row's `eb9358e9` md5 + `v2-200r
paper1/paper/figures/README.md,41,bare_filename,fig_payload_awgn.pdf,| `fig_payload_awgn.pdf` (+`.svg`) | `../../results/true_e2e_global_test.csv` (AWGN CA-TOSG $\rho_L\to$ payload) | `eb9358e950c3e12f3131f98561d597e3` | global-sort true-e2e |
paper1/paper/figures/README.md,41,relpath_escaping_repo,../../results/true_e2e_global_test.csv,| `fig_payload_awgn.pdf` (+`.svg`) | `../../results/true_e2e_global_test.csv` (AWGN CA-TOSG $\rho_L\to$ payload) | `eb9358e950c3e12f3131f98561d597e3` | global-sort true-e2e |
paper1/paper/figures/README.md,42,bare_filename,fig_two_regime.pdf,"| `fig_two_regime.pdf` | `../../results/two_regime_bars.csv` | — | **data-current** — unchanged, not regenerated 2026-07-11 |"
paper1/paper/figures/README.md,42,relpath_escaping_repo,../../results/two_regime_bars.csv,"| `fig_two_regime.pdf` | `../../results/two_regime_bars.csv` | — | **data-current** — unchanged, not regenerated 2026-07-11 |"
paper1/results/DATA_MANIFEST.md,10,relpath_other,gs_rerun/late_,"| late-fusion per-frame boxes+scores | `gs_rerun/late_{validate,test,culver}.npz` | 86334f1bb9f3 / 558364852f0a / 052a798d4ff8 | `code/regen_preds_with_scores.py` (late) | ~GPU 10 "
paper1/results/DATA_MANIFEST.md,10,relpath_local,code/regen_preds_with_scores.py,"| late-fusion per-frame boxes+scores | `gs_rerun/late_{validate,test,culver}.npz` | 86334f1bb9f3 / 558364852f0a / 052a798d4ff8 | `code/regen_preds_with_scores.py` (late) | ~GPU 10 "
paper1/results/DATA_MANIFEST.md,10,relpath_other,min/split,"| late-fusion per-frame boxes+scores | `gs_rerun/late_{validate,test,culver}.npz` | 86334f1bb9f3 / 558364852f0a / 052a798d4ff8 | `code/regen_preds_with_scores.py` (late) | ~GPU 10 "
paper1/results/DATA_MANIFEST.md,11,relpath_other,gs_rerun/comp_,"| compressed per-frame boxes+scores | `gs_rerun/comp_{validate,test,culver}.npz` | 83d5eb8988a3 / f5126baaad88 / 11b61a9e020e | `code/regen_preds_with_scores.py` (comp) | ~GPU 10 m"
paper1/results/DATA_MANIFEST.md,11,relpath_local,code/regen_preds_with_scores.py,"| compressed per-frame boxes+scores | `gs_rerun/comp_{validate,test,culver}.npz` | 83d5eb8988a3 / f5126baaad88 / 11b61a9e020e | `code/regen_preds_with_scores.py` (comp) | ~GPU 10 m"
paper1/results/DATA_MANIFEST.md,11,relpath_other,min/split,"| compressed per-frame boxes+scores | `gs_rerun/comp_{validate,test,culver}.npz` | 83d5eb8988a3 / f5126baaad88 / 11b61a9e020e | `code/regen_preds_with_scores.py` (comp) | ~GPU 10 m"
paper1/results/DATA_MANIFEST.md,12,relpath_other,gs_rerun/ego_,"| ego-only per-frame boxes+scores | `gs_rerun/ego_{validate,test,culver}.npz` | fd66abd89e46 / c14cad677e0a / e62b17375a27 | `code/run_ego_only.py` | ~GPU 10 min/split | PRESENT |"
paper1/results/DATA_MANIFEST.md,12,relpath_local,code/run_ego_only.py,"| ego-only per-frame boxes+scores | `gs_rerun/ego_{validate,test,culver}.npz` | fd66abd89e46 / c14cad677e0a / e62b17375a27 | `code/run_ego_only.py` | ~GPU 10 min/split | PRESENT |"
paper1/results/DATA_MANIFEST.md,12,relpath_other,min/split,"| ego-only per-frame boxes+scores | `gs_rerun/ego_{validate,test,culver}.npz` | fd66abd89e46 / c14cad677e0a / e62b17375a27 | `code/run_ego_only.py` | ~GPU 10 min/split | PRESENT |"
paper1/results/DATA_MANIFEST.md,13,relpath_other,mnt/h/opencood_project/outputs/experiment_logs/importance_map_jscc/stage2_,| **JSCC learned stage2 checkpoints** | `/mnt/h/opencood_project/outputs/experiment_logs/importance_map_jscc/stage2_{ch}_learned_v3/stage2_whole_map_4000steps.pth` | awgn 74c1319ab
paper1/results/DATA_MANIFEST.md,13,relpath_other,_learned_v3/stage2_whole_map_4000steps.pth,| **JSCC learned stage2 checkpoints** | `/mnt/h/opencood_project/outputs/experiment_logs/importance_map_jscc/stage2_{ch}_learned_v3/stage2_whole_map_4000steps.pth` | awgn 74c1319ab
paper1/results/DATA_MANIFEST.md,14,relpath_other,gs_rerun/jscc_v3/jscc_,| **JSCC per-frame decode boxes+scores+gts (36 = 3ch×2split×6SNR)** | `gs_rerun/jscc_v3/jscc_{ch}_{split}_snr{NN}.npz` | 36-npz set md5 `02b9187dc8e1005b` (288 MB) | `code/extra_ex
paper1/results/DATA_MANIFEST.md,14,relpath_local,code/extra_experiments/jscc_perframe/jscc_sweep.py,| **JSCC per-frame decode boxes+scores+gts (36 = 3ch×2split×6SNR)** | `gs_rerun/jscc_v3/jscc_{ch}_{split}_snr{NN}.npz` | 36-npz set md5 `02b9187dc8e1005b` (288 MB) | `code/extra_ex
paper1/results/DATA_MANIFEST.md,14,relpath_other,36/36,| **JSCC per-frame decode boxes+scores+gts (36 = 3ch×2split×6SNR)** | `gs_rerun/jscc_v3/jscc_{ch}_{split}_snr{NN}.npz` | 36-npz set md5 `02b9187dc8e1005b` (288 MB) | `code/extra_ex
paper1/results/DATA_MANIFEST.md,15,relpath_local,results/channel_codec_ap/,| channel_codec_ap JSCC rows | `results/channel_codec_ap/*jscc*` | — | derived from JSCC decode above | — | pending Track A |
paper1/results/DATA_MANIFEST.md,20,relpath_other,mnt/h/opencood_project/outputs/experiment_logs/importance_map_jscc/stage2_,`/mnt/h/opencood_project/outputs/experiment_logs/importance_map_jscc/stage2_{ch}_learned_v3/stage2_whole_map_4000steps.pth`
paper1/results/DATA_MANIFEST.md,20,relpath_other,_learned_v3/stage2_whole_map_4000steps.pth,`/mnt/h/opencood_project/outputs/experiment_logs/importance_map_jscc/stage2_{ch}_learned_v3/stage2_whole_map_4000steps.pth`
paper1/results/DATA_MANIFEST.md,21,relpath_other,mnt/h/opencood_project,(the `pretrained_models` symlink already points into `/mnt/h/opencood_project`). Filenames match the
paper1/results/DATA_MANIFEST.md,22,bare_filename,run_jscc_perframe.py,driver's expectation exactly; `importance_source: learned` confirmed in the yaml. `run_jscc_perframe.py`
paper1/results/DATA_MANIFEST.md,23,relpath_local,paper1/analysis_tools,paths REPAIRED (REPO parents[4]->[5]; INFER -> paper1/analysis_tools; CKPT -> H:). Smoke test PASSED
paper1/results/DATA_MANIFEST.md,24,relpath_other,pred/gt,"(awgn snr14, 10 frames: AP@.5=0.783, per-frame pred/gt npy written)."
paper1/results/DATA_MANIFEST.md,25,bare_filename,inference_subset.py,"**Remaining Track-A setup (not a blocker, engineering):** `inference_subset.py --save_npy` writes pred"
paper1/results/DATA_MANIFEST.md,27,bare_filename,regen_preds_with_scores.py,score dump (mirror `regen_preds_with_scores.py`) before the full sweep. Full sweep = validate(1980) +
paper1/results/INVARIANCE_NOTE.md,9,bare_filename,recompute_policy_200seed.py,(a) WHERE the payload dict enters the utility. recompute_policy_200seed.py:127 `obj = eff - lam*PAYVEC + mask`
paper1/results/INVARIANCE_NOTE.md,10,relpath_other,rate-1/2,"then `argmax(1)`; PAYVEC from :45 PAYLOAD = {L:0.024, C16:0.99, C256:0.495} (corrected, rate-1/2 coded)."
paper1/results/INVARIANCE_NOTE.md,13,bare_filename,main.tex,"(b) L payload source and value. B_L = 0.024 Mbit, derived in main.tex L315 (27 objects x ~110 B x 8), an"
paper1/results/INVARIANCE_NOTE.md,21,relpath_other,F1/edges,"decisions genuinely change. ""F1/edges byte-identical, only payload rescaled"" holds ONLY at lambda=0 (the"
paper1/results/INVARIANCE_NOTE.md,22,relpath_other,F1/edges,payload term vanishes -> pure-eff argmax -> deployed F1/edges truly invariant). The lambda>0 frontier must
paper1/results/INVARIANCE_NOTE.md,25,relpath_other,stop/retrain,"VERDICT (SAFE, not a stop/retrain): the committed frontier WAS recomputed on the corrected PAYVEC, verified"
paper1/results/INVARIANCE_NOTE.md,26,bare_filename,verify_frontier_payload_invariance.py,"programmatically (verify_frontier_payload_invariance.py -> frontier_payload_invariance.csv,"
paper1/results/INVARIANCE_NOTE.md,26,bare_filename,frontier_payload_invariance.csv,"programmatically (verify_frontier_payload_invariance.py -> frontier_payload_invariance.csv,"
paper1/results/INVARIANCE_NOTE.md,32,relpath_other,recompute/retrain,"HAD the check failed (committed frontier == OLD), this would have been a full-stop recompute/retrain"
paper1/results/INVARIANCE_NOTE.md,36,bare_filename,train_rf_multiseed.py,- train_rf_multiseed.py: the PAYLOAD dict fills a REPORTED payload column only (best_method_by_f1 / best_f1
paper1/results/INVARIANCE_NOTE.md,37,relpath_other,model/seed/method,"-> selection is by F1, `best_payload_Mbit` is a label of the F1-chosen method). NO model/seed/method"
paper1/results/INVARIANCE_NOTE.md,38,bare_filename,multiseed_hardening.csv,"selection is payload-weighted. => report-only: multiseed_hardening.csv's pay_* columns are stale (halved),"
paper1/results/INVARIANCE_NOTE.md,41,bare_filename,e2e_inference_verify.py,"- e2e_inference_verify.py, test_split_pipeline/04_eval_rf_on_test.py: same -- PAYLOAD labels the payload"
paper1/results/INVARIANCE_NOTE.md,41,relpath_local,test_split_pipeline/04_eval_rf_on_test.py,"- e2e_inference_verify.py, test_split_pipeline/04_eval_rf_on_test.py: same -- PAYLOAD labels the payload"
paper1/results/INVARIANCE_NOTE.md,43,bare_filename,train_rf.py,The DEPLOYED selector itself (train_rf.py) imitates lambda=0 masked-argmax oracle labels -> payload-
paper1/results/INVARIANCE_NOTE.md,47,relpath_other,comments/data/logs,"Unambiguous-fingerprint grep (`0.2475` / `1.98/4` / `1.98/8` in live .py, excluding comments/data/logs and"
paper1/results/PARAGRAPH_DRAFTS.md,3,relpath_local,code/verify_paragraph_insert.py,"_Status (R9 md cleanup): **KEPT** — a live gate data source, read by `code/verify_paragraph_insert.py` (the paragraph gate). Do not delete._"
paper1/results/PARAGRAPH_DRAFTS.md,5,bare_filename,main.tex,Working file. Each draft here is pending Josh's wording review; only on approval does it enter main.tex
paper1/results/PARAGRAPH_DRAFTS.md,6,relpath_other,Section/figure,(during the .tex pass). Numbers are CSV-direct from the committed verification artifacts. Section/figure
paper1/results/PARAGRAPH_DRAFTS.md,31,relpath_other,000/434,"never requests it -- 0 of the $396{,}000/434{,}000/110{,}000$ deployment predictions[^req] -- and even the oracle's"
paper1/results/PARAGRAPH_DRAFTS.md,31,relpath_other,000/110,"never requests it -- 0 of the $396{,}000/434{,}000/110{,}000$ deployment predictions[^req] -- and even the oracle's"
paper1/results/PARAGRAPH_DRAFTS.md,36,relpath_other,validate/test/culver,counting C256 predictions $\to$ 0 / 0 / 0 (validate/test/culver). The deployed classifier's class set is
paper1/results/PARAGRAPH_DRAFTS.md,40,relpath_other,1/2,[^pay]: Feature payload 1.98 Mbit (Eq.~(7)) at LDPC rate-$1/2$ gives 3.96 Mbit of coded bits;
paper1/results/PARAGRAPH_DRAFTS.md,41,relpath_other,bit/sym,"$\div 8$ bit/sym (256-QAM) $=0.495$ Msym, $\div 4$ bit/sym (16-QAM) $=0.99$ Msym."
paper1/results/PARAGRAPH_DRAFTS.md,41,relpath_other,bit/sym,"$\div 8$ bit/sym (256-QAM) $=0.495$ Msym, $\div 4$ bit/sym (16-QAM) $=0.99$ Msym."
paper1/results/PARAGRAPH_DRAFTS.md,52,relpath_other,Es/N0,[^cliff]: Es/N0 onset at which the frame-level BLER first falls below 0.999 -- the same 0.999 constant that
paper1/results/PARAGRAPH_DRAFTS.md,59,relpath_other,0/0/0,"### two non-conflicting claims, CSV-verified support 0/0/0]; 1 payload bind-direction + Eq.7/11 provenance;"
paper1/results/PARAGRAPH_DRAFTS.md,67,relpath_local,results/,"## ERROR OWNED + REVERSED: my v2 ""provenance catch"" was a FALSE ALARM -- I grepped only results/ and missed"
paper1/results/PARAGRAPH_DRAFTS.md,68,relpath_local,code/extra_experiments/out/a2_difficulty_reliable.csv,"## code/extra_experiments/out/a2_difficulty_reliable.csv, then declared ""-0.0147 has no source and no CI""."
paper1/results/PARAGRAPH_DRAFTS.md,103,relpath_local,results/c256_dominance_verify.csv,"Word count (body, excl. footnote) ~235. src: results/c256_dominance_verify.csv (frac_comp_lt_ego ="
paper1/results/PARAGRAPH_DRAFTS.md,104,relpath_other,run/commit,"1.0/5.8/0.9%, same run/commit as the C256 fractions); results/step4_collaboration_harm.csv (frac_ego_gt_"
paper1/results/PARAGRAPH_DRAFTS.md,104,relpath_local,results/step4_collaboration_harm.csv,"1.0/5.8/0.9%, same run/commit as the C256 fractions); results/step4_collaboration_harm.csv (frac_ego_gt_"
paper1/results/PARAGRAPH_DRAFTS.md,105,relpath_local,code/extra_experiments/out/a2_difficulty_reliable,"late = 0.9/7.4/0.2%, STRICT inequality, ties excluded); code/extra_experiments/out/a2_difficulty_reliable"
paper1/results/PARAGRAPH_DRAFTS.md,106,relpath_local,results/harm_stratum_structural.csv,".csv (test Easy -0.0147, CI [-0.0179,-0.0115], n=713); results/harm_stratum_structural.csv (DIRECT count 635/"
paper1/results/PARAGRAPH_DRAFTS.md,106,relpath_other,635/,".csv (test Easy -0.0147, CI [-0.0179,-0.0115], n=713); results/harm_stratum_structural.csv (DIRECT count 635/"
paper1/results/PARAGRAPH_DRAFTS.md,107,relpath_local,results/gt_object_stats.csv,"713 C16 + verified L-frame frame-identity, structural attribution); results/gt_object_stats.csv (mean"
paper1/results/PARAGRAPH_DRAFTS.md,111,relpath_other,635/713,"### ""reliable"" self-defined in-clause; point 4 -- ~89% (payload-derived) -> DIRECT 635/713 from the same"
paper1/results/PARAGRAPH_DRAFTS.md,112,relpath_other,0/0/0,"### 200-realisation prediction source as 0/0/0, and attribution UPGRADED to structural: verified L-frames are"
paper1/results/PARAGRAPH_DRAFTS.md,113,bare_filename,harm_stratum_structural.csv,"### frame-identical to Fixed-L (max|diff|=0, harm_stratum_structural.csv) so the paired diff arises entirely"
paper1/results/PARAGRAPH_DRAFTS.md,134,relpath_other,html/2512,## FULL-TEXT PROVENANCE (three-part): tool = WebFetch https://arxiv.org/html/2512.22513v1 (full HTML v1);
paper1/results/PARAGRAPH_DRAFTS.md,135,relpath_other,feature/spatial,"## fingerprints = {transmit, sender, feature/spatial selection, gating, request, rate adaptation | LDPC,"
paper1/results/PARAGRAPH_DRAFTS.md,142,relpath_other,1/2-rate,"##        with reference to the IEEE 802.11bd standard""; ""1/2-rate LDPC code, and the resulting bits are"
paper1/results/PARAGRAPH_DRAFTS.md,144,bare_filename,main.tex,"## FAMILY-NAME BRANCH = (a) NEUTRAL, grep-decided: main.tex is standard-AGNOSTIC -- it names BOTH ""802.11bd or"
paper1/results/PARAGRAPH_DRAFTS.md,145,relpath_other,L34/L113/L144/L220/L270,"## NR sidelink"" as example signalling stacks (L34/L113/L144/L220/L270), cites {ieee80211bd, 3gpp37885}, and"
paper1/results/PARAGRAPH_DRAFTS.md,146,relpath_other,rate-1/2,"## models a GENERIC ""rate-1/2 LDPC + QAM"" BLER (Sionna NR-LDPC under the hood). It does NOT exclusively self-"
paper1/results/PARAGRAPH_DRAFTS.md,147,relpath_other,NR/3GPP,"## identify as 802.11bd (so ""same 802.11bd family we adopt"" is FALSE on our side) NOR as NR/3GPP (so the"
paper1/results/PARAGRAPH_DRAFTS.md,149,bare_filename,main.tex,"## transport"". [Cross-cut: grep main.tex ""802.11"" added to checklist -- confirm no stray ""same family"" claim.]"
paper1/results/PARAGRAPH_DRAFTS.md,170,relpath_other,src/archival,"Word count ~235. src/archival: WebFetch arXiv:2512.22513 v1 (2025-12-27) FULL TEXT, verbatim E1/E3 above (E2"
paper1/results/PARAGRAPH_DRAFTS.md,170,relpath_other,E1/E3,"Word count ~235. src/archival: WebFetch arXiv:2512.22513 v1 (2025-12-27) FULL TEXT, verbatim E1/E3 above (E2"
paper1/results/PARAGRAPH_DRAFTS.md,175,bare_filename,main.tex,"### FIXES (v2->v3): HARD-1 family name -> NEUTRAL (grep: main.tex agnostic; ""802.11bd family we adopt"" was"
paper1/results/PARAGRAPH_DRAFTS.md,176,relpath_other,NR-LDPC/Sionna,"### false on our side, NR-LDPC/Sionna PHY); HARD-2 ""conditions instead"" -> ADDITIVE ""makes the channel a"
paper1/results/PARAGRAPH_DRAFTS.md,184,relpath_other,signalled/gated/defaulting,"### axis]. Landing conditions met: participle-chain grammar fixed (dangling ""signalled/gated/defaulting"" all"
paper1/results/PARAGRAPH_DRAFTS.md,188,bare_filename,main.tex,"### RELATED 6-11 CONDITIONAL (not this paragraph's gate): grep main.tex {Sionna, NR, 5G, LDPC5G, 37.885, base"
paper1/results/STALE_FINGERPRINTS.md,2,relpath_other,v2/stale,# (verification-derive-not-hardcode applies to the exit check itself). Each pattern is a v2/stale form that
paper1/results/STALE_FINGERPRINTS.md,3,bare_filename,main.tex,# must have ZERO matches in a clean main.tex. Accumulated from all interceptions. Exit grep:
paper1/results/STALE_FINGERPRINTS.md,4,bare_filename,STALE_FINGERPRINTS.md,#   grep -nE -f <(grep '^RX ' STALE_FINGERPRINTS.md | cut -c4-) paper/main.tex   # expect 0 hits
paper1/results/STALE_FINGERPRINTS.md,4,relpath_local,paper/main.tex,#   grep -nE -f <(grep '^RX ' STALE_FINGERPRINTS.md | cut -c4-) paper/main.tex   # expect 0 hits
paper1/results/STALE_FINGERPRINTS.md,14,relpath_other,28/43,# 7  GT count 43                          RX: 28/43 ; vs \$?43
paper1/results/STALE_FINGERPRINTS.md,20,relpath_other,AP/band,# AP/band v2                              RX: 15\.8 ; 18\.4 ; \+0\.045 ; \+0\.017 ; \+0\.018 ; \+0\.05[^0-9]
paper1/results/STALE_FINGERPRINTS.md,23,relpath_other,cut/save,"# 15 transitive-verb evasion (TG-10)       RX: (cut|save)[a-z' ]{0,28}channel use by  (retired ""cut/save"
paper1/results/STALE_FINGERPRINTS.md,51,relpath_other,28/43,RX 28/43
paper1/results/STALE_FINGERPRINTS.md,76,bare_filename,build_two_regime_edge_clean.py,#    build_two_regime_edge_clean.py + kfold_two_regime_diag.py). Retired forms: the leaky +0.027 AWGN /
paper1/results/STALE_FINGERPRINTS.md,76,bare_filename,kfold_two_regime_diag.py,#    build_two_regime_edge_clean.py + kfold_two_regime_diag.py). Retired forms: the leaky +0.027 AWGN /
paper1/results/STALE_FINGERPRINTS.md,77,relpath_other,Abstract/intro/,"#    +0.025 OFDM edges, and the ""oracle-tuned tau on the evaluation frames"" phrasing. Abstract/intro/"
paper1/results/STALE_FINGERPRINTS.md,84,relpath_other,three-way/3-way,"#    ""selector picks C256"" (s_t=C_{256}), and ternary-selector language (three-way/3-way; never present,"
paper1/results/bler_sionna/PROVENANCE.txt,3,relpath_local,analysis_tools/build_bler_sionna.py,"generator: analysis_tools/build_bler_sionna.py  (Sionna 1.1.0, TensorFlow CPU -- no sm_120 kernels)"
paper1/results/bler_sionna/PROVENANCE.txt,4,relpath_other,LDPC5GEncoder/Decoder,"code: 5G-LDPC (LDPC5GEncoder/Decoder, num_iter=20), k=500, n=1000, rate-1/2."
paper1/results/bler_sionna/PROVENANCE.txt,4,relpath_other,rate-1/2,"code: 5G-LDPC (LDPC5GEncoder/Decoder, num_iter=20), k=500, n=1000, rate-1/2."
paper1/results/bler_sionna/PROVENANCE.txt,5,relpath_other,bits/symbol,"modulation: 16-QAM (4 bits/symbol) and 256-QAM (8 bits/symbol), Gray-mapped (Sionna ""qam"")."
paper1/results/bler_sionna/PROVENANCE.txt,5,relpath_other,bits/symbol,"modulation: 16-QAM (4 bits/symbol) and 256-QAM (8 bits/symbol), Gray-mapped (Sionna ""qam"")."
paper1/results/bler_sionna/PROVENANCE.txt,6,relpath_other,Es/N0,axis: Es/N0 (dB) = received symbol SNR (what the selector's estimated-SNR feature measures).
paper1/results/bler_sionna/PROVENANCE.txt,7,relpath_other,Eb/N0,Eb/N0 column also stored:  Eb/N0 = Es/N0 - 10*log10(coderate * bits_per_symbol)
paper1/results/bler_sionna/PROVENANCE.txt,7,relpath_other,Eb/N0,Eb/N0 column also stored:  Eb/N0 = Es/N0 - 10*log10(coderate * bits_per_symbol)
paper1/results/bler_sionna/PROVENANCE.txt,7,relpath_other,Es/N0,Eb/N0 column also stored:  Eb/N0 = Es/N0 - 10*log10(coderate * bits_per_symbol)
paper1/results/bler_sionna/PROVENANCE.txt,16,relpath_other,Es/N0,codeword experiences an independent |h|^2 ~ Exp(1) power gain (effective per-block Es/N0 =
paper1/results/bler_sionna/PROVENANCE.txt,17,relpath_other,km/h,"|h|^2 * mean). Justification: at ~60 km/h the channel coherence time is ~1-3 ms, far shorter"
paper1/results/bler_sionna/PROVENANCE.txt,29,relpath_other,1/40,acceptance (passed): no 1/40 quantisation floor at 12-14 dB (16-QAM AWGN 8 dB = 1.3e-4);
paper1/results/bler_sionna/PROVENANCE.txt,31,relpath_other,Es/N0,"at ~5.5 dB Es/N0, ~1 dB from the rate-1/2 16-QAM Shannon limit (Es/N0 = 4.77 dB) -- correct for"
paper1/results/bler_sionna/PROVENANCE.txt,31,relpath_other,rate-1/2,"at ~5.5 dB Es/N0, ~1 dB from the rate-1/2 16-QAM Shannon limit (Es/N0 = 4.77 dB) -- correct for"
paper1/results/bler_sionna/PROVENANCE.txt,31,relpath_other,Es/N0,"at ~5.5 dB Es/N0, ~1 dB from the rate-1/2 16-QAM Shannon limit (Es/N0 = 4.77 dB) -- correct for"
paper1/results/bler_sionna/PROVENANCE.txt,32,bare_filename,bler_old_vs_new.pdf,a medium-blocklength 5G LDPC. Old-vs-new figure: bler_old_vs_new.pdf.
paper1/results/bler_sionna/PROVENANCE_ofdm.txt,2,relpath_local,analysis_tools/build_bler_sionna_ofdm.py,"Generator: analysis_tools/build_bler_sionna_ofdm.py  (Sionna 1.1.0, TensorFlow CPU)."
paper1/results/bler_sionna/PROVENANCE_ofdm.txt,3,bare_filename,build_bler_sionna.py,"Same core as build_bler_sionna.py: 5G-LDPC k=500/n=1000 rate-1/2, 16/256-QAM, Es/N0 axis (Eb/N0 stored),"
paper1/results/bler_sionna/PROVENANCE_ofdm.txt,3,relpath_other,500/n,"Same core as build_bler_sionna.py: 5G-LDPC k=500/n=1000 rate-1/2, 16/256-QAM, Es/N0 axis (Eb/N0 stored),"
paper1/results/bler_sionna/PROVENANCE_ofdm.txt,3,relpath_other,rate-1/2,"Same core as build_bler_sionna.py: 5G-LDPC k=500/n=1000 rate-1/2, 16/256-QAM, Es/N0 axis (Eb/N0 stored),"
paper1/results/bler_sionna/PROVENANCE_ofdm.txt,3,relpath_other,16/256-QAM,"Same core as build_bler_sionna.py: 5G-LDPC k=500/n=1000 rate-1/2, 16/256-QAM, Es/N0 axis (Eb/N0 stored),"
paper1/results/bler_sionna/PROVENANCE_ofdm.txt,3,relpath_other,Es/N0,"Same core as build_bler_sionna.py: 5G-LDPC k=500/n=1000 rate-1/2, 16/256-QAM, Es/N0 axis (Eb/N0 stored),"
paper1/results/bler_sionna/PROVENANCE_ofdm.txt,3,relpath_other,Eb/N0,"Same core as build_bler_sionna.py: 5G-LDPC k=500/n=1000 rate-1/2, 16/256-QAM, Es/N0 axis (Eb/N0 stored),"
paper1/results/bler_sionna/PROVENANCE_ofdm.txt,5,relpath_other,codewords/feature,1-(1-p_cw)^3960 (N_CW=3960 codewords/feature frame).
paper1/results/bler_sionna/PROVENANCE_ofdm.txt,19,relpath_other,Es/N0,subcarrier power E[|H[k]|^2]=1 (matches the flat-Rayleigh Es/N0 normalisation). SAME coherence
paper1/results/bler_sionna/PROVENANCE_ofdm.txt,23,relpath_other,N0/,= frequency diversity of order ~L. Perfect per-subcarrier CSI (per-symbol effective N0 = N0/|H[k]|^2).
paper1/results/bler_sionna/PROVENANCE_ofdm.txt,26,relpath_other,DS/1s,lgDS = log10(DS/1s). At fc = 5.9 GHz (802.11bd): mu_lgDS = -0.4*log10(6.9) - 7 = -7.3355 =>
paper1/results/bler_sionna/PROVENANCE_ofdm.txt,31,relpath_other,1/,vacuous): coherence bandwidth B_c ~ 1/(5*tau_rms) = 1/(5*46.2 ns) ~ 4.3 MHz. 802.11bd SCS = 156.25 kHz;
paper1/results/bler_sionna/PROVENANCE_ofdm.txt,31,relpath_other,1/,vacuous): coherence bandwidth B_c ~ 1/(5*tau_rms) = 1/(5*46.2 ns) ~ 4.3 MHz. 802.11bd SCS = 156.25 kHz;
paper1/results/bler_sionna/PROVENANCE_ofdm.txt,46,relpath_local,results/bler_sionna/bler_sionna_ofdm.csv,supporting data cell. Output: results/bler_sionna/bler_sionna_ofdm.csv; merged into bler_sionna.csv only
paper1/results/bler_sionna/PROVENANCE_ofdm.txt,46,bare_filename,bler_sionna.csv,supporting data cell. Output: results/bler_sionna/bler_sionna_ofdm.csv; merged into bler_sionna.csv only
paper1/results/bler_sionna/PROVENANCE_ofdm.txt,57,bare_filename,bler_sionna_ofdm.csv,v3_eval via concat of bler_sionna_ofdm.csv (canonical bler_sionna.csv untouched pending final review).
paper1/results/bler_sionna/PROVENANCE_ofdm.txt,57,bare_filename,bler_sionna.csv,v3_eval via concat of bler_sionna_ofdm.csv (canonical bler_sionna.csv untouched pending final review).
paper1/results/bler_sionna/PROVENANCE_ofdm.txt,61,relpath_other,Es/N0,"d = -10 * slope of log10(BLER_cw) vs Es/N0(dB). Results: OFDM d = 2.01 (23 pts, 14.5-28 dB) -> ""empirical"
paper1/results/bler_sionna/PROVENANCE_rician.txt,3,relpath_local,analysis_tools/build_bler_sionna.py,"generator: analysis_tools/build_bler_sionna.py --rician_K 0,3,10  (Sionna 1.1.0, TensorFlow CPU)"
paper1/results/bler_sionna/PROVENANCE_rician.txt,4,relpath_local,results/bler_sionna/bler_sionna_rician.csv,output:    results/bler_sionna/bler_sionna_rician.csv  (SEPARATE from the frozen bler_sionna.csv;
paper1/results/bler_sionna/PROVENANCE_rician.txt,4,bare_filename,bler_sionna.csv,output:    results/bler_sionna/bler_sionna_rician.csv  (SEPARATE from the frozen bler_sionna.csv;
paper1/results/bler_sionna/PROVENANCE_rician.txt,5,relpath_other,awgn/rayleigh,the frozen awgn/rayleigh table + its behaviour are UNCHANGED).
paper1/results/bler_sionna/PROVENANCE_rician.txt,6,relpath_other,500/n,"model:     same pipeline as the frozen table -- 5G-LDPC k=500/n=1000 rate-1/2, 16/256-QAM, adaptive MC"
paper1/results/bler_sionna/PROVENANCE_rician.txt,6,relpath_other,rate-1/2,"model:     same pipeline as the frozen table -- 5G-LDPC k=500/n=1000 rate-1/2, 16/256-QAM, adaptive MC"
paper1/results/bler_sionna/PROVENANCE_rician.txt,6,relpath_other,16/256-QAM,"model:     same pipeline as the frozen table -- 5G-LDPC k=500/n=1000 rate-1/2, 16/256-QAM, adaptive MC"
paper1/results/bler_sionna/PROVENANCE_rician.txt,10,relpath_other,K/,"E[|h|^2]=1: h = sqrt(K/(K+1)) + sqrt(1/(2(K+1)))*(N(0,1)+jN(0,1)); K=0 is identical in law"
paper1/results/bler_sionna/PROVENANCE_rician.txt,10,relpath_other,1/,"E[|h|^2]=1: h = sqrt(K/(K+1)) + sqrt(1/(2(K+1)))*(N(0,1)+jN(0,1)); K=0 is identical in law"
paper1/results/bler_sionna/PROVENANCE_rician.txt,12,bare_filename,PROVENANCE.txt,perfect-per-block-CSI coherence model as the frozen Rayleigh table (see PROVENANCE.txt).
paper1/results/bler_sionna/PROVENANCE_rician.txt,16,relpath_local,results/p3_sensitivity/item5_rician.csv,use:       descriptive replay only (results/p3_sensitivity/item5_rician.csv); frozen selector fed
paper1/results/bler_sionna/PROVENANCE_rician.txt,17,relpath_other,models/oracle/delta/tau,channel_is_rayleigh=1; frozen models/oracle/delta/tau* unchanged; main.tex untouched.
paper1/results/bler_sionna/PROVENANCE_rician.txt,17,bare_filename,main.tex,channel_is_rayleigh=1; frozen models/oracle/delta/tau* unchanged; main.tex untouched.
paper1/results/canonical_gt_PROVENANCE.txt,9,bare_filename,base_postprocessor.py,(base_postprocessor.py L45-96): every CAV's object_bbx_center projected to the ego
paper1/results/canonical_gt_PROVENANCE.txt,15,bare_filename,gt_audit.csv,predictions : NOT cropped. Q4 (gt_audit.csv) confirmed late predictions include |x|>70.4 boxes
paper1/results/canonical_gt_PROVENANCE.txt,26,bare_filename,gt_audit.csv,ego far     : ego-only has zero far predictions (gt_audit.csv) -> far objects are FN for ego. That is
paper1/results/canonical_gt_PROVENANCE.txt,32,relpath_local,code/gt_audit.py,generators       : code/gt_audit.py (diagnosis artifact) ; code/canonical_rescore.py (before/after).
paper1/results/canonical_gt_PROVENANCE.txt,32,relpath_local,code/canonical_rescore.py,generators       : code/gt_audit.py (diagnosis artifact) ; code/canonical_rescore.py (before/after).
paper1/results/canonical_gt_PROVENANCE.txt,32,relpath_other,before/after,generators       : code/gt_audit.py (diagnosis artifact) ; code/canonical_rescore.py (before/after).
paper1/results/canonical_gt_PROVENANCE.txt,35,relpath_local,results/gt_audit.csv,"results/gt_audit.csv : GT_RANGE, late/comp GT near/far + centroid overlap (0.95-0.996 -> the two eval"
paper1/results/canonical_gt_PROVENANCE.txt,35,relpath_other,late/comp,"results/gt_audit.csv : GT_RANGE, late/comp GT near/far + centroid overlap (0.95-0.996 -> the two eval"
paper1/results/canonical_gt_PROVENANCE.txt,35,relpath_other,near/far,"results/gt_audit.csv : GT_RANGE, late/comp GT near/far + centroid overlap (0.95-0.996 -> the two eval"
paper1/results/canonical_gt_PROVENANCE.txt,36,relpath_other,late/comp/ego,"GTs are ~identical unions), late/comp/ego prediction near/far counts, Q4 flag. The round-1 claim"
paper1/results/canonical_gt_PROVENANCE.txt,36,relpath_other,near/far,"GTs are ~identical unions), late/comp/ego prediction near/far counts, Q4 flag. The round-1 claim"
paper1/results/canonical_gt_PROVENANCE.txt,41,bare_filename,dataset_validate.csv,"[P2 submit-A note, 2026-08-08: the file `dataset_validate.csv` referenced below was the STALE v2-era"
paper1/results/canonical_gt_PROVENANCE.txt,43,bare_filename,dataset_validate_v3.csv,"d357b38e..., identical to dataset_validate_v3.csv) for the versionless pipeline. The ""mean 0.8636,"
paper1/results/canonical_gt_PROVENANCE.txt,46,bare_filename,dataset_validate.csv,"dataset_validate.csv late_f1 (mean 0.8636, the v2 value) does NOT come from the same inference as the"
paper1/results/canonical_gt_PROVENANCE.txt,47,bare_filename,late_validate.npz,current late_validate.npz (mean 0.9082): per-frame correlation 0.897 (<1.0) with a systematic +0.045
paper1/results/canonical_gt_PROVENANCE.txt,49,relpath_other,test/culver,inference (older checkpoint / different dump) -- NOT a convention difference. test/culver reproduce
paper1/results/canonical_gt_PROVENANCE.txt,53,relpath_other,3/4,"(b) MANDATE: in Step 3/4 every per-frame F1 column (late/comp/ego, all 3 splits) is recomputed from the"
paper1/results/canonical_gt_PROVENANCE.txt,53,relpath_other,late/comp/ego,"(b) MANDATE: in Step 3/4 every per-frame F1 column (late/comp/ego, all 3 splits) is recomputed from the"
paper1/results/canonical_gt_PROVENANCE.txt,55,relpath_other,corr/,untrustworthy). Diagnostic: per-frame corr/|diff| above.
paper1/results/canonical_gt_PROVENANCE.txt,57,relpath_local,results/canonical_rescore_v3.csv,"PRE-REGISTERED PREDICTION (confirmed, results/canonical_rescore_v3.csv)"
paper1/results/f1_ap_decoupling_culver.md,3,bare_filename,f1_ap_decoupling_culver.csv,_Status (R9 md cleanup): **KEPT** — provenance for the Culver late-F1 saturation finding (companion `f1_ap_decoupling_culver.csv`); re-verify against the P2 regeneration._
paper1/results/f1_ap_decoupling_culver.md,8,bare_filename,f1_ap_decoupling_culver.csv,`f1_ap_decoupling_culver.csv`.
paper1/results/f1_ap_decoupling_culver.md,12,relpath_other,550/2170-frame,Recompute the 550/2170-frame late-fusion frame-F1 from the **score-bearing predictions
paper1/results/f1_ap_decoupling_culver.md,49,relpath_other,gs_rerun/,"- Predictions: `gs_rerun/{late,comp}_{test,culver}.npz` (score-bearing per-frame boxes/scores/GT"
paper1/results/f1_ap_decoupling_culver.md,49,relpath_other,boxes/scores/GT,"- Predictions: `gs_rerun/{late,comp}_{test,culver}.npz` (score-bearing per-frame boxes/scores/GT"
paper1/results/f1_ap_decoupling_culver.md,50,relpath_local,code/regen_preds_with_scores.py,"from `code/regen_preds_with_scores.py`; late = PointPillar-Late, comp = attentive-compression)."
paper1/results/f1_ap_decoupling_culver.md,53,relpath_local,results/generalisation_,"- Old cache: committed `results/generalisation_{test,culver}.csv` (weeks-old 02-pipeline)."
paper1/results/f1_ap_decoupling_culver.md,54,relpath_other,F1/AP,"- No RF / channel realisation involved in this artifact (it is pre-selector, per-branch F1/AP)."
paper1/results/p2_dataprep/FROZEN_MANIFEST.json,2,relpath_other,catosg-frozen-manifest/1,"""schema"": ""catosg-frozen-manifest/1"","
paper1/results/p2_dataprep/FROZEN_MANIFEST.json,3,bare_filename,PROTOCOL.md,"""protocol"": ""CA-TOSG P2 (PROTOCOL.md), R9"","
paper1/results/p2_dataprep/FROZEN_MANIFEST.json,70,relpath_local,data/p2/p2_grid_validate.csv,"""file"": ""data/p2/p2_grid_validate.csv"","
paper1/results/p2_dataprep/FROZEN_MANIFEST.json,74,relpath_escaping_repo,../../OpenCOOD/peiyi_work/paper1/data/dataset_validate.csv,"""file"": ""../../OpenCOOD/peiyi_work/paper1/data/dataset_validate.csv"","
paper1/results/p2_dataprep/FROZEN_MANIFEST.json,76,bare_filename,dataset_validate_v3.csv,"""note"": ""versionless (md5 == dataset_validate_v3.csv)"""
paper1/results/p2_dataprep/FROZEN_MANIFEST.json,79,relpath_local,results/bler_sionna/bler_sionna.csv,"""file"": ""results/bler_sionna/bler_sionna.csv"","
paper1/results/p2_dataprep/FROZEN_MANIFEST.json,83,relpath_local,results/p2_dataprep/validate_loso_folds.csv,"""file"": ""results/p2_dataprep/validate_loso_folds.csv"","
paper1/results/p2_dataprep/FROZEN_MANIFEST.json,87,relpath_local,results/p2_dataprep/candidate_walk_B010.csv,"""file"": ""results/p2_dataprep/candidate_walk_B010.csv"","
paper1/results/p2_dataprep/FROZEN_MANIFEST.json,91,relpath_local,results/p2_dataprep/candidate_walk_B020.csv,"""file"": ""results/p2_dataprep/candidate_walk_B020.csv"","
paper1/results/p2_dataprep/FROZEN_MANIFEST.json,95,relpath_local,results/p2_dataprep/candidate_walk_B030.csv,"""file"": ""results/p2_dataprep/candidate_walk_B030.csv"","
paper1/results/p2_dataprep/FROZEN_MANIFEST.json,119,relpath_local,data/p2/selector_B010.pkl,"""model"": ""data/p2/selector_B010.pkl"","
paper1/results/p2_dataprep/FROZEN_MANIFEST.json,181,relpath_local,data/p2/selector_B020.pkl,"""model"": ""data/p2/selector_B020.pkl"","
paper1/results/p2_dataprep/FROZEN_MANIFEST.json,243,relpath_local,data/p2/selector_B030.pkl,"""model"": ""data/p2/selector_B030.pkl"","
paper1/results/p2_dataprep/FROZEN_MANIFEST.json,0,json_internal_relpath,catosg-frozen-manifest/1,/schema
paper1/results/p2_dataprep/FROZEN_MANIFEST.json,0,json_internal_relpath,data/p2/p2_grid_validate.csv,/inputs/train_grid/file
paper1/results/p2_dataprep/FROZEN_MANIFEST.json,0,json_internal_relpath,../../OpenCOOD/peiyi_work/paper1/data/dataset_validate.csv,/inputs/cue_source/file
paper1/results/p2_dataprep/FROZEN_MANIFEST.json,0,json_internal_relpath,results/bler_sionna/bler_sionna.csv,/inputs/bler_table/file
paper1/results/p2_dataprep/FROZEN_MANIFEST.json,0,json_internal_relpath,results/p2_dataprep/validate_loso_folds.csv,/inputs/folds_csv/file
paper1/results/p2_dataprep/FROZEN_MANIFEST.json,0,json_internal_relpath,results/p2_dataprep/candidate_walk_B010.csv,/inputs/walk_B010/file
paper1/results/p2_dataprep/FROZEN_MANIFEST.json,0,json_internal_relpath,results/p2_dataprep/candidate_walk_B020.csv,/inputs/walk_B020/file
paper1/results/p2_dataprep/FROZEN_MANIFEST.json,0,json_internal_relpath,results/p2_dataprep/candidate_walk_B030.csv,/inputs/walk_B030/file
paper1/results/p2_dataprep/FROZEN_MANIFEST.json,0,json_internal_relpath,data/p2/selector_B010.pkl,/budgets/0.10/model
paper1/results/p2_dataprep/FROZEN_MANIFEST.json,0,json_internal_relpath,data/p2/selector_B020.pkl,/budgets/0.20/model
paper1/results/p2_dataprep/FROZEN_MANIFEST.json,0,json_internal_relpath,data/p2/selector_B030.pkl,/budgets/0.30/model
paper1/results/p2_dataprep/PROVENANCE_grid.txt,1,bare_filename,expand_grid_clean.py,CA-TOSG P2 data prep -- clean-cache grid expansion (expand_grid_clean.py --split validate)
paper1/results/p2_dataprep/PROVENANCE_grid.txt,3,relpath_other,Es/N0,"SNR grid: [0, 2, 4, 6, 8, 10, 12, 14, 16, 18, 20] dB (Es/N0)  x  channels: ['awgn', 'rayleigh']"
paper1/results/p2_dataprep/PROVENANCE_grid.txt,4,relpath_other,rate-1/2,"Action set S = ['E', 'L', 'F']; F = 16-QAM rate-1/2 LDPC."
paper1/results/p2_dataprep/PROVENANCE_grid.txt,7,relpath_local,results/bler_sionna/bler_sionna.csv,"BLER source: results/bler_sionna/bler_sionna.csv (frame-level bler_frame, md5 be3f5e1278ddda6efc271281ccbf449e)."
paper1/results/p2_dataprep/PROVENANCE_grid.txt,9,relpath_local,data/p2/,Grid artifacts are git-excluded (data/p2/); regenerate with expand_grid_clean.py.
paper1/results/p2_dataprep/PROVENANCE_grid.txt,9,bare_filename,expand_grid_clean.py,Grid artifacts are git-excluded (data/p2/); regenerate with expand_grid_clean.py.
paper1/results/p2_dataprep/PROVENANCE_grid.txt,11,bare_filename,dataset_validate.csv,[validate] src=dataset_validate.csv md5=d357b38e802455bf3cabd3f886353991
paper1/results/p2_dataprep/PROVENANCE_grid.txt,13,relpath_local,data/p2/p2_grid_validate.csv,out=data/p2/p2_grid_validate.csv md5=3314418d4e53ff30d0d246e1594e4bed
paper1/results/p2_dataprep/PROVENANCE_grid.txt,14,relpath_other,E/L/F,"oracle base-rate E/L/F = {'E': 0.007690541781450872, 'L': 0.8539256198347107, 'F': 0.1383838383838384}"
paper1/results/p2_dataprep/PROVENANCE_grid_culver.txt,1,bare_filename,expand_grid_clean.py,CA-TOSG P2 data prep -- clean-cache grid expansion (expand_grid_clean.py --split culver)
paper1/results/p2_dataprep/PROVENANCE_grid_culver.txt,3,relpath_other,Es/N0,"SNR grid: [0, 2, 4, 6, 8, 10, 12, 14, 16, 18, 20] dB (Es/N0)  x  channels: ['awgn', 'rayleigh']"
paper1/results/p2_dataprep/PROVENANCE_grid_culver.txt,4,relpath_other,rate-1/2,"Action set S = ['E', 'L', 'F']; F = 16-QAM rate-1/2 LDPC."
paper1/results/p2_dataprep/PROVENANCE_grid_culver.txt,7,relpath_local,results/bler_sionna/bler_sionna.csv,"BLER source: results/bler_sionna/bler_sionna.csv (frame-level bler_frame, md5 be3f5e1278ddda6efc271281ccbf449e)."
paper1/results/p2_dataprep/PROVENANCE_grid_culver.txt,9,relpath_local,data/p2/,Grid artifacts are git-excluded (data/p2/); regenerate with expand_grid_clean.py.
paper1/results/p2_dataprep/PROVENANCE_grid_culver.txt,9,bare_filename,expand_grid_clean.py,Grid artifacts are git-excluded (data/p2/); regenerate with expand_grid_clean.py.
paper1/results/p2_dataprep/PROVENANCE_grid_culver.txt,10,bare_filename,FROZEN_MANIFEST.json,POST-FREEZE artifact: built after FROZEN_MANIFEST.json (PROTOCOL sec 10).
paper1/results/p2_dataprep/PROVENANCE_grid_culver.txt,12,bare_filename,dataset_culver_v3.csv,[culver] src=dataset_culver_v3.csv md5=746c35ac187ed3eabecb90b183a6c1b6
paper1/results/p2_dataprep/PROVENANCE_grid_culver.txt,14,relpath_local,data/p2/p2_grid_culver.csv,out=data/p2/p2_grid_culver.csv md5=c52f92c755201aa2178ad38be1abb963
paper1/results/p2_dataprep/PROVENANCE_grid_culver.txt,15,relpath_other,E/L/F,"oracle base-rate E/L/F = {'E': 0.09049586776859504, 'L': 0.6681818181818182, 'F': 0.2413223140495868}"
paper1/results/p2_dataprep/PROVENANCE_grid_test.txt,1,bare_filename,expand_grid_clean.py,CA-TOSG P2 data prep -- clean-cache grid expansion (expand_grid_clean.py --split test)
paper1/results/p2_dataprep/PROVENANCE_grid_test.txt,3,relpath_other,Es/N0,"SNR grid: [0, 2, 4, 6, 8, 10, 12, 14, 16, 18, 20] dB (Es/N0)  x  channels: ['awgn', 'rayleigh']"
paper1/results/p2_dataprep/PROVENANCE_grid_test.txt,4,relpath_other,rate-1/2,"Action set S = ['E', 'L', 'F']; F = 16-QAM rate-1/2 LDPC."
paper1/results/p2_dataprep/PROVENANCE_grid_test.txt,7,relpath_local,results/bler_sionna/bler_sionna.csv,"BLER source: results/bler_sionna/bler_sionna.csv (frame-level bler_frame, md5 be3f5e1278ddda6efc271281ccbf449e)."
paper1/results/p2_dataprep/PROVENANCE_grid_test.txt,9,relpath_local,data/p2/,Grid artifacts are git-excluded (data/p2/); regenerate with expand_grid_clean.py.
paper1/results/p2_dataprep/PROVENANCE_grid_test.txt,9,bare_filename,expand_grid_clean.py,Grid artifacts are git-excluded (data/p2/); regenerate with expand_grid_clean.py.
paper1/results/p2_dataprep/PROVENANCE_grid_test.txt,10,bare_filename,FROZEN_MANIFEST.json,POST-FREEZE artifact: built after FROZEN_MANIFEST.json (PROTOCOL sec 10).
paper1/results/p2_dataprep/PROVENANCE_grid_test.txt,12,bare_filename,dataset_test_v3.csv,[test] src=dataset_test_v3.csv md5=0946c9f343eed98a337b4bd0229b9b39
paper1/results/p2_dataprep/PROVENANCE_grid_test.txt,14,relpath_local,data/p2/p2_grid_test.csv,out=data/p2/p2_grid_test.csv md5=6b1490017b19b0f88b835b022d5e0149
paper1/results/p2_dataprep/PROVENANCE_grid_test.txt,15,relpath_other,E/L/F,"oracle base-rate E/L/F = {'E': 0.13202764976958525, 'L': 0.7120025136154169, 'F': 0.15596983661499791}"
paper1/results/p2_dataprep/PROVENANCE_train.txt,1,bare_filename,train_p2_loso.py,"CA-TOSG P2 submit-A (R9) -- frozen-walk selection + freeze, atomic (train_p2_loso.py)"
paper1/results/p2_dataprep/PROVENANCE_train.txt,6,relpath_other,6/90,B_max=0.1: selector_B010 cand#58 walk_depth=6/90 cw=None lambda*=0.05 OOF_F1=0.907 (scene-mean 0.907) frozen_pay=0.067887 tau*=18.0 sha256=d15efbe0f5b69a0b...
paper1/results/p2_dataprep/PROVENANCE_train.txt,7,relpath_other,2/107,B_max=0.2: selector_B020 cand#1 walk_depth=2/107 cw=None lambda*=0.02 OOF_F1=0.9087 (scene-mean 0.9082) frozen_pay=0.099231 tau*=12.0 sha256=fc9c2c0b5661bca4...
paper1/results/p2_dataprep/PROVENANCE_train.txt,8,relpath_other,0/112,B_max=0.3: selector_B030 cand#56 walk_depth=0/112 cw=None lambda*=0.0 OOF_F1=0.9094 (scene-mean 0.9101) frozen_pay=0.156962 tau*=8.0 sha256=ed77c2c7c8fbaefd...
paper1/results/p2_dataprep/PROVENANCE_train.txt,9,relpath_local,data/p2/,models git-excluded (data/p2/); manifest+folds+walk-tables tracked (results/p2_dataprep/).
paper1/results/p2_dataprep/PROVENANCE_train.txt,9,relpath_local,results/p2_dataprep/,models git-excluded (data/p2/); manifest+folds+walk-tables tracked (results/p2_dataprep/).
paper1/results/p2_deploy/PROVENANCE_ap.txt,1,bare_filename,eval_p2_ap.py,CA-TOSG P2 submit-B / 6d -- TRUE end-to-end AP (eval_p2_ap.py). DESCRIPTIVE ONLY.
paper1/results/p2_deploy/PROVENANCE_ap.txt,3,relpath_local,results/p2_dataprep/FROZEN_MANIFEST.json,"manifest: results/p2_dataprep/FROZEN_MANIFEST.json (schema catosg-frozen-manifest/1, freeze 2026-08-09T15:12:53.653192+00:00)"
paper1/results/p2_deploy/PROVENANCE_ap.txt,3,relpath_other,catosg-frozen-manifest/1,"manifest: results/p2_dataprep/FROZEN_MANIFEST.json (schema catosg-frozen-manifest/1, freeze 2026-08-09T15:12:53.653192+00:00)"
paper1/results/p2_deploy/PROVENANCE_ap.txt,4,bare_filename,eval_p2_deploy.py,Selector application + CSI replay are BIT-IDENTICAL to eval_p2_deploy.py (imported load_manifest/bler16/rf_actions_stacked/tau_actions; same rng(CSI_SEED) order).
paper1/results/p2_deploy/PROVENANCE_ap.txt,4,relpath_other,load_manifest/bler16/rf_actions_stacked/tau_actions,Selector application + CSI replay are BIT-IDENTICAL to eval_p2_deploy.py (imported load_manifest/bler16/rf_actions_stacked/tau_actions; same rng(CSI_SEED) order).
paper1/results/p2_deploy/PROVENANCE_ap.txt,5,relpath_other,samplings/split,"CSI: 200 paired samplings/split, seed=20260809 (SNR~U[0,20], channel~Bernoulli(0.5 Rayleigh))."
paper1/results/p2_deploy/PROVENANCE_ap.txt,13,bare_filename,comp_culver.npz,comp_culver.npz: c2f0911cbfc496c9c652e30201040c325f6a7b51d649fbb227ad691bc07eab2f
paper1/results/p2_deploy/PROVENANCE_ap.txt,14,bare_filename,comp_test.npz,comp_test.npz: a5b4c3f6b9a42d04356fc256e5873c64d1b7b19c041b5c1a8f2b73be1aa38285
paper1/results/p2_deploy/PROVENANCE_ap.txt,15,bare_filename,comp_validate.npz,comp_validate.npz: 78ab4e97c925af7992cf4541c33078c4d09ffad8162cbbd7a0fe6db0dd5c9476
paper1/results/p2_deploy/PROVENANCE_ap.txt,16,bare_filename,ego_culver.npz,ego_culver.npz: f35e9f5e51cee2082d8c20c99fe41e7400c463f5f006786f1a58c278c2ec72c8
paper1/results/p2_deploy/PROVENANCE_ap.txt,17,bare_filename,ego_test.npz,ego_test.npz: 801fd6cd93ec2cb0751624af00fcb2d909169658bfb03e7c1114d2e2a3eb304a
paper1/results/p2_deploy/PROVENANCE_ap.txt,18,bare_filename,ego_validate.npz,ego_validate.npz: 7f5367916621b4fecd73b88416a1ea8a9310985020be761ded2c6b9935f76f08
paper1/results/p2_deploy/PROVENANCE_ap.txt,19,bare_filename,late_culver.npz,late_culver.npz: ef95c4b0deb221d77b1a29d50d67be9e8205f265731d7ffa29086c78b901b3cb
paper1/results/p2_deploy/PROVENANCE_ap.txt,20,bare_filename,late_test.npz,late_test.npz: 908b9cd59ec0446ce4fdb38608292dff4724b3f4f42930472e84b62adcdce990
paper1/results/p2_deploy/PROVENANCE_ap.txt,21,bare_filename,late_validate.npz,late_validate.npz: fb7ad14e72a473a4555c146eb2990d52154c46ce5e8f8e6700cc83b1913b7c3a
paper1/results/p2_deploy/PROVENANCE_ap.txt,22,bare_filename,r9_decision.csv,DESCRIPTIVE table; the R9 decision (r9_decision.csv) is not revisited here.
paper1/results/p2_deploy/PROVENANCE_deploy.txt,1,bare_filename,eval_p2_deploy.py,CA-TOSG P2 submit-B -- deployment eval (eval_p2_deploy.py)
paper1/results/p2_deploy/PROVENANCE_deploy.txt,3,relpath_local,results/p2_dataprep/FROZEN_MANIFEST.json,"manifest: results/p2_dataprep/FROZEN_MANIFEST.json (schema catosg-frozen-manifest/1, freeze 2026-08-09T15:12:53.653192+00:00)"
paper1/results/p2_deploy/PROVENANCE_deploy.txt,3,relpath_other,catosg-frozen-manifest/1,"manifest: results/p2_dataprep/FROZEN_MANIFEST.json (schema catosg-frozen-manifest/1, freeze 2026-08-09T15:12:53.653192+00:00)"
paper1/results/p2_deploy/PROVENANCE_deploy.txt,10,relpath_other,B010/B030/Culver,R9 PRIMARY test@B0.20: c1(LCB dF>-0.005)=True c2(UCB dB<0)=True c3(red>=10%)=True -> non-inferior&superior=True. B010/B030/Culver secondary.
paper1/results/p2_deploy/PROVENANCE_deploy.txt,11,relpath_other,test/Culver,test/Culver labels used for SCORING ONLY (no selection). Results saved/reported as-is.
paper1/results/p2_deploy/PROVENANCE_deploy.txt,11,relpath_other,saved/reported,test/Culver labels used for SCORING ONLY (no selection). Results saved/reported as-is.
paper1/results/p2_deploy/PROVENANCE_r10c.txt,1,relpath_other,R10c/R10d,CA-TOSG R10c/R10d CORRIGENDUM -- POST-UNBLINDING (nothing here is confirmatory)
paper1/results/p2_deploy/PROVENANCE_r10c.txt,3,bare_filename,make_r10_report.py,"All numbers recomputed by make_r10_report.py from r10c_missed_e_cost.csv (3 class rows; no hand-written numbers). The all-classes TOTAL is the SUM of the three class rows, computed"
paper1/results/p2_deploy/PROVENANCE_r10c.txt,3,bare_filename,r10c_missed_e_cost.csv,"All numbers recomputed by make_r10_report.py from r10c_missed_e_cost.csv (3 class rows; no hand-written numbers). The all-classes TOTAL is the SUM of the three class rows, computed"
paper1/results/p2_deploy/PROVENANCE_r10c.txt,3,bare_filename,r10c_diagnostic.py,"All numbers recomputed by make_r10_report.py from r10c_missed_e_cost.csv (3 class rows; no hand-written numbers). The all-classes TOTAL is the SUM of the three class rows, computed"
paper1/results/p2_deploy/PROVENANCE_r10c.txt,3,relpath_other,F1_RF/B_RF,"All numbers recomputed by make_r10_report.py from r10c_missed_e_cost.csv (3 class rows; no hand-written numbers). The all-classes TOTAL is the SUM of the three class rows, computed"
paper1/results/p2_deploy/PROVENANCE_r10c.txt,6,relpath_other,B010/B020/B030,"TWO DIFFERENT NUMBERS (do not conflate), test three budgets B010/B020/B030:"
paper1/results/p2_deploy/PROVENANCE_r10c.txt,9,bare_filename,r10c_vs_oracle_account.csv,Accounts kept SEPARATE: r10c_vs_oracle_account.csv (RF vs frozen-lambda clairvoyant) and r10c_vs_tau_account.csv (R9 RF vs threshold). Retraction chain R10 -> R10c -> R10d.
paper1/results/p2_deploy/PROVENANCE_r10c.txt,9,bare_filename,r10c_vs_tau_account.csv,Accounts kept SEPARATE: r10c_vs_oracle_account.csv (RF vs frozen-lambda clairvoyant) and r10c_vs_tau_account.csv (R9 RF vs threshold). Retraction chain R10 -> R10c -> R10d.
paper1/results/p2_deploy/R10_REPORT.md,3,relpath_local,code/p2_dataprep/make_r10_report.py,_Every number is recomputed by `code/p2_dataprep/make_r10_report.py` from `r10c_missed_e_cost.csv` (3 class rows only) / `r10c_vs_oracle_account.csv`. The all-classes TOTAL is the 
paper1/results/p2_deploy/R10_REPORT.md,3,bare_filename,r10c_missed_e_cost.csv,_Every number is recomputed by `code/p2_dataprep/make_r10_report.py` from `r10c_missed_e_cost.csv` (3 class rows only) / `r10c_vs_oracle_account.csv`. The all-classes TOTAL is the 
paper1/results/p2_deploy/R10_REPORT.md,3,bare_filename,r10c_vs_oracle_account.csv,_Every number is recomputed by `code/p2_dataprep/make_r10_report.py` from `r10c_missed_e_cost.csv` (3 class rows only) / `r10c_vs_oracle_account.csv`. The all-classes TOTAL is the 
paper1/results/p2_deploy/R10_REPORT.md,103,relpath_other,F1/frame,| B_max | strict-benefit F1/frame | total E-collapse F1/frame | cost-induced cells |
paper1/results/p2_deploy/R10_REPORT.md,103,relpath_other,F1/frame,| B_max | strict-benefit F1/frame | total E-collapse F1/frame | cost-induced cells |
paper1/results/p2_deploy/R10_REPORT.md,125,bare_filename,r10c_vs_tau_account.csv,"1. This is a **vs-clairvoyant-oracle** account; SEPARATE from and not to be cross-referenced with the R9 **vs-τ** decision (`r10c_vs_tau_account.csv`, `r9_result_claims.md`)."
paper1/results/p2_deploy/R10_REPORT.md,125,bare_filename,r9_result_claims.md,"1. This is a **vs-clairvoyant-oracle** account; SEPARATE from and not to be cross-referenced with the R9 **vs-τ** decision (`r10c_vs_tau_account.csv`, `r9_result_claims.md`)."
paper1/results/p2_deploy/anomaly_report.txt,5,relpath_other,catosg-frozen-manifest/1,"[PASS] S8-plumbing: manifest present, schema catosg-frozen-manifest/1, frozen payload <= B_max"
paper1/results/p2_deploy/anomaly_report.txt,6,relpath_other,catosg-frozen-manifest/1,"schema=catosg-frozen-manifest/1; frozen_pay=[0.0679, 0.0992, 0.157]"
paper1/results/p2_deploy/anomaly_report.txt,9,relpath_other,test/Culver,[PASS] S8-onefrozen: test/Culver produced with exactly one frozen model + lambda*/tau* from the manifest
paper1/results/p2_deploy/anomaly_report.txt,13,relpath_other,E/L-dominated,"[PASS] S8-awgnlowEL[culver,B0.1]: AWGN low SNR (<=8 dB): E/L-dominated (F small)"
paper1/results/p2_deploy/anomaly_report.txt,21,relpath_other,E/L-dominated,"[PASS] S8-awgnlowEL[culver,B0.2]: AWGN low SNR (<=8 dB): E/L-dominated (F small)"
paper1/results/p2_deploy/anomaly_report.txt,29,relpath_other,E/L-dominated,"[PASS] S8-awgnlowEL[culver,B0.3]: AWGN low SNR (<=8 dB): E/L-dominated (F small)"
paper1/results/p2_deploy/anomaly_report.txt,37,relpath_other,E/L-dominated,"[PASS] S8-awgnlowEL[test,B0.1]: AWGN low SNR (<=8 dB): E/L-dominated (F small)"
paper1/results/p2_deploy/anomaly_report.txt,45,relpath_other,E/L-dominated,"[PASS] S8-awgnlowEL[test,B0.2]: AWGN low SNR (<=8 dB): E/L-dominated (F small)"
paper1/results/p2_deploy/anomaly_report.txt,53,relpath_other,E/L-dominated,"[PASS] S8-awgnlowEL[test,B0.3]: AWGN low SNR (<=8 dB): E/L-dominated (F small)"
paper1/results/p2_deploy/anomaly_report.txt,61,relpath_other,E/L-dominated,"[PASS] S8-awgnlowEL[validate,B0.1]: AWGN low SNR (<=8 dB): E/L-dominated (F small)"
paper1/results/p2_deploy/anomaly_report.txt,69,relpath_other,E/L-dominated,"[PASS] S8-awgnlowEL[validate,B0.2]: AWGN low SNR (<=8 dB): E/L-dominated (F small)"
paper1/results/p2_deploy/anomaly_report.txt,77,relpath_other,E/L-dominated,"[PASS] S8-awgnlowEL[validate,B0.3]: AWGN low SNR (<=8 dB): E/L-dominated (F small)"
paper1/results/p2_deploy/anomaly_report.txt,88,relpath_other,test/Culver,"The frozen selectors almost never predict E, while the oracle uses E substantially on test/Culver (esp. under Rayleigh, where F is infeasible and the choice is E-vs-L). Cause: the "
paper1/results/p2_deploy/anomaly_report.txt,88,relpath_other,B010/B020,"The frozen selectors almost never predict E, while the oracle uses E substantially on test/Culver (esp. under Rayleigh, where F is infeasible and the choice is E-vs-L). Cause: the "
paper1/results/p2_deploy/anomaly_report.txt,88,bare_filename,r10c_diagnostic.py,"The frozen selectors almost never predict E, while the oracle uses E substantially on test/Culver (esp. under Rayleigh, where F is infeasible and the choice is E-vs-L). Cause: the "
paper1/results/p2_deploy/anomaly_report.txt,88,relpath_other,R10c/R10d,"The frozen selectors almost never predict E, while the oracle uses E substantially on test/Culver (esp. under Rayleigh, where F is infeasible and the choice is E-vs-L). Cause: the "
paper1/results/p2_deploy/r9_result_claims.md,3,bare_filename,CLAIMS.md,Durable record of the R9 decision result and its **verbatim allowed wording**. `CLAIMS.md` is
paper1/results/p2_deploy/r9_result_claims.md,4,bare_filename,main.tex,"auto-generated from `main.tex`, so this file (not a hand-added `CLAIMS.md` row) is the authority for"
paper1/results/p2_deploy/r9_result_claims.md,4,bare_filename,CLAIMS.md,"auto-generated from `main.tex`, so this file (not a hand-added `CLAIMS.md` row) is the authority for"
paper1/results/p2_deploy/r9_result_claims.md,5,bare_filename,main.tex,the wording; when the sentence lands in `main.tex` at P5 it must use the locked text below and its
paper1/results/p2_deploy/r9_result_claims.md,6,bare_filename,CLAIMS.md,`CLAIMS.md` row's *Allowed wording* column points here. Source data:
paper1/results/p2_deploy/r9_result_claims.md,7,relpath_local,results/p2_deploy/replay_summary.csv,"`results/p2_deploy/replay_summary.csv` + `replay_test_B020.csv` (paired bootstrap, 10,000 resamples,"
paper1/results/p2_deploy/r9_result_claims.md,7,bare_filename,replay_test_B020.csv,"`results/p2_deploy/replay_summary.csv` + `replay_test_B020.csv` (paired bootstrap, 10,000 resamples,"
paper1/results/p2_latency/PROVENANCE_latency.txt,1,bare_filename,rf_latency_benchmark.py,CA-TOSG P2-C -- frozen-selector latency + end-to-end timing (rf_latency_benchmark.py)
paper1/results/p2_latency/PROVENANCE_latency.txt,3,relpath_local,results/p2_dataprep/FROZEN_MANIFEST.json,"manifest: results/p2_dataprep/FROZEN_MANIFEST.json (schema catosg-frozen-manifest/1, freeze 2026-08-09T15:12:53.653192+00:00)"
paper1/results/p2_latency/PROVENANCE_latency.txt,3,relpath_other,catosg-frozen-manifest/1,"manifest: results/p2_dataprep/FROZEN_MANIFEST.json (schema catosg-frozen-manifest/1, freeze 2026-08-09T15:12:53.653192+00:00)"
paper1/results/p2_latency/PROVENANCE_latency.txt,5,relpath_other,mean/std/P50/P95/P99,"Latency protocol = a8_models batch-1 online point: WARMUP=100 discarded, N_TRIALS=1000 per-call timings; mean/std/P50/P95/P99 ms + pickled size_kb."
paper1/results/p2_latency/PROVENANCE_latency.txt,7,bare_filename,e2e_timing.csv,"e2e_timing.csv: per-frame pipeline, one row per stage, tag in {measured, calculated, assumed, not-included} with an explicit source."
paper1/results/p3_sensitivity/PROVENANCE_p3.txt,1,bare_filename,eval_p3_sensitivity.py,CA-TOSG P3 -- descriptive sensitivity batch (eval_p3_sensitivity.py). DESCRIPTIVE ONLY.
paper1/results/p3_sensitivity/PROVENANCE_p3.txt,3,relpath_local,results/p2_dataprep/FROZEN_MANIFEST.json,"manifest: results/p2_dataprep/FROZEN_MANIFEST.json (catosg-frozen-manifest/1, freeze 2026-08-09T15:12:53.653192+00:00)"
paper1/results/p3_sensitivity/PROVENANCE_p3.txt,3,relpath_other,catosg-frozen-manifest/1,"manifest: results/p2_dataprep/FROZEN_MANIFEST.json (catosg-frozen-manifest/1, freeze 2026-08-09T15:12:53.653192+00:00)"
paper1/results/p3_sensitivity/PROVENANCE_p3.txt,5,relpath_other,channel/SNR/BLER_L,"channel/SNR/BLER_L distribution, reusing cached per-frame eff + frozen predict(); no new"
paper1/results/p3_sensitivity/PROVENANCE_p3.txt,6,relpath_other,selectors/delta/tau,detection inference. Frozen selectors/delta/tau*/oracle unchanged; main.tex untouched.
paper1/results/p3_sensitivity/PROVENANCE_p3.txt,6,bare_filename,main.tex,detection inference. Frozen selectors/delta/tau*/oracle unchanged; main.tex untouched.
paper1/results/p3_sensitivity/PROVENANCE_p3.txt,7,relpath_other,50/50,"Baseline (uniform SNR, 50/50, BLER_L=0) uses rng(CSI_SEED=20260809) in eval_p2_deploy order"
paper1/results/p3_sensitivity/PROVENANCE_p3.txt,8,bare_filename,replay_summary.csv,-> reproduces replay_summary.csv EXACTLY (p3_baseline_sanity.csv).
paper1/results/p3_sensitivity/PROVENANCE_p3.txt,8,bare_filename,p3_baseline_sanity.csv,-> reproduces replay_summary.csv EXACTLY (p3_baseline_sanity.csv).
paper1/results/p3_sensitivity/PROVENANCE_p3.txt,9,relpath_other,actions/oracle,"item1 p_rayleigh in {0.75,0.50,0.25}; item2 SNR {uniform, beta25_lowskew=Beta(2,5)x20, truncgauss_10_5=N(10,5) trunc[0,20]}; item3 flip p in {0,.05,.10,.20} (true channel unchanged"
paper1/results/p3_sensitivity/PROVENANCE_p3.txt,10,bare_filename,item5_rician.csv,item5 Rician: present -> item5_rician.csv (K from table; selector fed channel_is_rayleigh=1; eff_F recomputed under Rician frame-BLER).
paper1/results/p3_sensitivity/PROVENANCE_p3.txt,13,bare_filename,eval_p3c_rician_bracket.py,"[P3-C, 2026-08-11] Rician BRACKETING variant (eval_p3c_rician_bracket.py). ""bracketing variant / not deployed behavior""."
paper1/results/p3_sensitivity/PROVENANCE_p3.txt,15,bare_filename,item5c_rician_rayleigh0.csv,"item5c_rician_rayleigh0.csv = 200-replay aggregate; item5c_rician_by_snr.csv = deterministic per-(K,SNR) sweep (rho_feature_request = pre-delivery F request rate; bler_F = true Ric"
paper1/results/p3_sensitivity/PROVENANCE_p3.txt,15,bare_filename,item5c_rician_by_snr.csv,"item5c_rician_rayleigh0.csv = 200-replay aggregate; item5c_rician_by_snr.csv = deterministic per-(K,SNR) sweep (rho_feature_request = pre-delivery F request rate; bler_F = true Ric"
paper1/results/p3_sensitivity/PROVENANCE_p3.txt,15,relpath_other,model/oracle/delta/tau,"item5c_rician_rayleigh0.csv = 200-replay aggregate; item5c_rician_by_snr.csv = deterministic per-(K,SNR) sweep (rho_feature_request = pre-delivery F request rate; bler_F = true Ric"
paper1/results/p3_sensitivity/PROVENANCE_p3.txt,15,bare_filename,main.tex,"item5c_rician_rayleigh0.csv = 200-replay aggregate; item5c_rician_by_snr.csv = deterministic per-(K,SNR) sweep (rho_feature_request = pre-delivery F request rate; bler_F = true Ric"
paper1/results/p4a/P4A_MANIFEST.json,2,relpath_other,catosg-p4a-manifest/1,"""schema"": ""catosg-p4a-manifest/1"","
paper1/results/p4a/P4A_MANIFEST.json,60,relpath_local,data/p2/p4a_bandit_B010,"""model"": ""data/p2/p4a_bandit_B010.pt"","
paper1/results/p4a/P4A_MANIFEST.json,71,relpath_local,data/p2/p4a_bandit_B020,"""model"": ""data/p2/p4a_bandit_B020.pt"","
paper1/results/p4a/P4A_MANIFEST.json,82,relpath_local,data/p2/p4a_bandit_B030,"""model"": ""data/p2/p4a_bandit_B030.pt"","
paper1/results/p4a/P4A_MANIFEST.json,88,relpath_local,data/p2/p2_grid_validate.csv,"""file"": ""data/p2/p2_grid_validate.csv"","
paper1/results/p4a/P4A_MANIFEST.json,0,json_internal_relpath,catosg-p4a-manifest/1,/schema
paper1/results/p4a/P4A_MANIFEST.json,0,json_internal_relpath,data/p2/p4a_bandit_B010.pt,/budgets/0.10/model
paper1/results/p4a/P4A_MANIFEST.json,0,json_internal_relpath,data/p2/p4a_bandit_B020.pt,/budgets/0.20/model
paper1/results/p4a/P4A_MANIFEST.json,0,json_internal_relpath,data/p2/p4a_bandit_B030.pt,/budgets/0.30/model
paper1/results/p4a/P4A_MANIFEST.json,0,json_internal_relpath,data/p2/p2_grid_validate.csv,/inputs/grid/file
paper1/results/p4a/PROVENANCE_p4a.txt,1,bare_filename,eval_p4a_deploy.py,"CA-TOSG P4-A -- external RL bandit baseline vs RF and tau (eval_p4a_deploy.py). DESCRIPTIVE + CI ONLY; ""external baseline, not deployed""."
paper1/results/p4a/PROVENANCE_p4a.txt,3,relpath_local,results/p4a/P4A_MANIFEST.json,"P4A manifest: results/p4a/P4A_MANIFEST.json (catosg-p4a-manifest/1, algo dqn_bandit_single_step_epsilon_greedy, problem_form contextual_bandit_single_step); 3 bandits sha256-verifi"
paper1/results/p4a/PROVENANCE_p4a.txt,3,relpath_other,catosg-p4a-manifest/1,"P4A manifest: results/p4a/P4A_MANIFEST.json (catosg-p4a-manifest/1, algo dqn_bandit_single_step_epsilon_greedy, problem_form contextual_bandit_single_step); 3 bandits sha256-verifi"
paper1/results/p4a/PROVENANCE_p4a.txt,4,relpath_other,samplings/split,"Same 200 paired CSI samplings/split, seed=20260809 (identical draws to eval_p2_deploy); RL, RF and tau replay the SAME draws. eff identical to the mainline (F1_RF here == replay_su"
paper1/results/p4a/PROVENANCE_p4a.txt,6,bare_filename,main.tex,Frozen CA-TOSG models / delta / tau* / oracle unchanged; main.tex untouched; no new perception inference (cached eff + frozen predict()).
paper1/results/p4a/PROVENANCE_p4a.txt,7,relpath_other,cuDNN/,NOTE (reproducibility): the P4-A bandit models are trained on GPU and are NOT bit-reproducible (cuDNN/
paper1/results/p4a/PROVENANCE_p4a.txt,9,relpath_other,F1/payload,policy (identical frozen F1/payload). This is acceptable for an EXTERNAL DESCRIPTIVE baseline -- unlike
paper1/results/p4a/PROVENANCE_p4a.txt,10,relpath_local,data/p2/,"the deployed RF selectors (sklearn, bit-reproducible). Models live in data/p2/ (git-excluded); the"
paper1/results/policy/PROVENANCE.txt,2,relpath_local,data/selector_rf.pkl,rf_checkpoint_md5: d5355fd427b3437c94b6770bb6a68ea1  rf_path: data/selector_rf.pkl (v3-retrained)
paper1/results/policy/PROVENANCE.txt,7,relpath_local,results/bler_sionna/bler_sionna.csv,"BLER: results/bler_sionna/bler_sionna.csv (frame-level bler_frame, Es/N0); awgn+rayleigh direct table lookup (Rayleigh frame BLER=1 across 0-20 dB, no numerical avg)."
paper1/results/policy/PROVENANCE.txt,7,relpath_other,Es/N0,"BLER: results/bler_sionna/bler_sionna.csv (frame-level bler_frame, Es/N0); awgn+rayleigh direct table lookup (Rayleigh frame BLER=1 across 0-20 dB, no numerical avg)."
paper1/results/policy/PROVENANCE.txt,11,relpath_other,success/failure,clairvoyant_upper: the ONLY policy that SAMPLES the per-frame block success/failure (succ_a ~ Bernoulli(1-BLER_a)) and takes the post-hoc max over actions of the realised F1 (L->la
paper1/results/policy/PROVENANCE.txt,12,relpath_other,test/culver,validate = FULL 1980 frames incl. selector training frames (in-sample; not comparable to held-out test/culver without this note).
paper1/results/policy/STEP5_NOTES.md,3,relpath_other,policy/PROVENANCE.txt,_Status (R9 md cleanup): **KEPT** — companion to `policy/PROVENANCE.txt`; carries frozen wording/statistics decisions the rewrite must keep._
paper1/results/policy/STEP5_NOTES.md,3,relpath_other,wording/statistics,_Status (R9 md cleanup): **KEPT** — companion to `policy/PROVENANCE.txt`; carries frozen wording/statistics decisions the rewrite must keep._
paper1/results/policy/STEP5_NOTES.md,5,bare_filename,PROVENANCE.txt,Companion to `PROVENANCE.txt` (auto-generated). These are the frozen wording/statistics decisions
paper1/results/policy/STEP5_NOTES.md,5,relpath_other,wording/statistics,Companion to `PROVENANCE.txt` (auto-generated). These are the frozen wording/statistics decisions
paper1/results/policy/STEP5_NOTES.md,28,relpath_other,direction/significance,"component, ~0.00013, so +0.00049 = 3.7 SE. Third data-driven correction of a direction/significance"
paper1/results/policy/STEP5_NOTES.md,40,relpath_other,validate/test/culver,"for validate/test/culver; see c256_frontier_band.csv). Low-and-WIDE, not low-and-narrow"
paper1/results/policy/STEP5_NOTES.md,40,bare_filename,c256_frontier_band.csv,"for validate/test/culver; see c256_frontier_band.csv). Low-and-WIDE, not low-and-narrow"
paper1/results/policy/STEP5_NOTES.md,53,bare_filename,main.tex,UPGRADE to 200-realisation (cited in main.tex):
paper1/results/step4_PROVENANCE.txt,4,relpath_other,home/josh/miniconda3/envs/sionna310/bin/python,Env: /home/josh/miniconda3/envs/sionna310/bin/python. Generated 2026-07-12 (feasibility-mask revision).
paper1/results/step4_PROVENANCE.txt,8,bare_filename,make_dataset.py,"1. make_dataset.py: regenerate the 3-way oracle labels (L/C16/C256) on the canonical v3 datasets,"
paper1/results/step4_PROVENANCE.txt,8,relpath_other,L/C16/C256,"1. make_dataset.py: regenerate the 3-way oracle labels (L/C16/C256) on the canonical v3 datasets,"
paper1/results/step4_PROVENANCE.txt,11,relpath_local,data/dataset_,"data/dataset_{split}_v3.csv. Cues, canonical F1 (late_f1/compressed_f1/ego_f1), and the FROZEN"
paper1/results/step4_PROVENANCE.txt,11,bare_filename,_v3.csv,"data/dataset_{split}_v3.csv. Cues, canonical F1 (late_f1/compressed_f1/ego_f1), and the FROZEN"
paper1/results/step4_PROVENANCE.txt,11,relpath_other,late_f1/compressed_f1/ego_f1,"data/dataset_{split}_v3.csv. Cues, canonical F1 (late_f1/compressed_f1/ego_f1), and the FROZEN"
paper1/results/step4_PROVENANCE.txt,12,relpath_other,est_snr_db/channel_type/channel_is_rayleigh,single-draw realisation (est_snr_db/channel_type/channel_is_rayleigh) are untouched. The frozen draw
paper1/results/step4_PROVENANCE.txt,15,bare_filename,train_rf.py,"2. train_rf.py: retrain the deployed 'full' selector on dataset_validate_v3.csv, test_size=0.30,"
paper1/results/step4_PROVENANCE.txt,15,bare_filename,dataset_validate_v3.csv,"2. train_rf.py: retrain the deployed 'full' selector on dataset_validate_v3.csv, test_size=0.30,"
paper1/results/step4_PROVENANCE.txt,16,relpath_other,train/held-out,"SEED=0, stratified on oracle_3way. Serialize train/held-out frame lists + split seed + feature names"
paper1/results/step4_PROVENANCE.txt,17,relpath_local,data/selector_rf_bundle.pkl,+ dataset md5 in data/selector_rf_bundle.pkl (new discipline rule).
paper1/results/step4_PROVENANCE.txt,37,relpath_other,Mbit/frame,collaborator. On test that was 7.4% of frames = ~0.037 Mbit/frame of oracle payload burned for zero
paper1/results/step4_PROVENANCE.txt,43,bare_filename,make_dataset.py,make_dataset.py and step4_oracle_action_dist.py with the identical threshold BLER_INFEASIBLE=0.999.
paper1/results/step4_PROVENANCE.txt,43,bare_filename,step4_oracle_action_dist.py,make_dataset.py and step4_oracle_action_dist.py with the identical threshold BLER_INFEASIBLE=0.999.
paper1/results/step4_PROVENANCE.txt,44,relpath_other,1322/1980,"Mask incidence: C16 infeasible on 1322/1980 (validate), 1461/2170 (test), 356/550 (culver);"
paper1/results/step4_PROVENANCE.txt,44,relpath_other,1461/2170,"Mask incidence: C16 infeasible on 1322/1980 (validate), 1461/2170 (test), 356/550 (culver);"
paper1/results/step4_PROVENANCE.txt,44,relpath_other,356/550,"Mask incidence: C16 infeasible on 1322/1980 (validate), 1461/2170 (test), 356/550 (culver);"
paper1/results/step4_PROVENANCE.txt,45,relpath_other,1790/1980,"C256 on 1790/1980, 1951/2170, 490/550 (all Rayleigh + the low-SNR AWGN tail)."
paper1/results/step4_PROVENANCE.txt,45,relpath_other,1951/2170,"C256 on 1790/1980, 1951/2170, 490/550 (all Rayleigh + the low-SNR AWGN tail)."
paper1/results/step4_PROVENANCE.txt,45,relpath_other,490/550,"C256 on 1790/1980, 1951/2170, 490/550 (all Rayleigh + the low-SNR AWGN tail)."
paper1/results/step4_PROVENANCE.txt,49,relpath_local,results/bler_sionna/bler_sionna.csv,"BLER source = Sionna frame-level table results/bler_sionna/bler_sionna.csv, `bler_frame` column, Es/N0."
paper1/results/step4_PROVENANCE.txt,49,relpath_other,Es/N0,"BLER source = Sionna frame-level table results/bler_sionna/bler_sionna.csv, `bler_frame` column, Es/N0."
paper1/results/step4_PROVENANCE.txt,50,relpath_local,code/make_dataset.py,Grep evidence (code/make_dataset.py):
paper1/results/step4_PROVENANCE.txt,51,relpath_local,results/bler_sionna/bler_sionna.csv,"BLER_CSV = os.path.join(P1, 'results/bler_sionna/bler_sionna.csv')  # frame-level, Es/N0"
paper1/results/step4_PROVENANCE.txt,51,relpath_other,Es/N0,"BLER_CSV = os.path.join(P1, 'results/bler_sionna/bler_sionna.csv')  # frame-level, Es/N0"
paper1/results/step4_PROVENANCE.txt,53,bare_filename,bler_sionna.csv,The ONLY CSV read is bler_sionna.csv and the ONLY BLER column indexed is `bler_frame`. `bler_cw`
paper1/results/step4_PROVENANCE.txt,59,relpath_local,results/step4_oracle_action_dist_v3.csv,(i) results/step4_oracle_action_dist_v3.csv  (+ .pdf/.png plot) — oracle action mix by split x channel
paper1/results/step4_PROVENANCE.txt,60,relpath_other,Es/N0,"x Es/N0 (0..24 dB), feasibility-masked. Pre-registered predictions:"
paper1/results/step4_PROVENANCE.txt,63,relpath_other,validate/test/culver,@>=14 dB = 0.497 / 0.526 / 0.809 (validate/test/culver); first SNR with C>1% = 8 dB (all splits).
paper1/results/step4_PROVENANCE.txt,67,relpath_local,results/step4_rf_class_report_v3.csv,"(ii) results/step4_rf_class_report_v3.csv — retrained deployed selector, held-out 30% (594 frames):"
paper1/results/step4_PROVENANCE.txt,71,relpath_other,P/R,Annual-review 0.48/0.55 (v2 C16 P/R) returns officially as the v3 0.6321 / 0.8072 (post-mask).
paper1/results/step4_PROVENANCE.txt,75,bare_filename,step4_rf_modes_v3.csv,step4_rf_modes_v3.csv.)
paper1/results/step4_PROVENANCE.txt,76,relpath_local,results/step4_collaboration_harm_v3.csv,"(iii) results/step4_collaboration_harm_v3.csv — the phenomenon the mask exposed, kept as a paper"
paper1/results/step4_PROVENANCE.txt,77,relpath_other,val/test/culver,"DISCUSSION point (do NOT discard): frac(ego_f1 > late_f1) = 0.0091 / 0.0742 / 0.0018 (val/test/culver),"
paper1/results/step4_PROVENANCE.txt,86,relpath_local,data/dataset_validate_v3.csv,"data/dataset_validate_v3.csv  md5 = d357b38e802455bf3cabd3f886353991  (1980 rows, 81 cols)"
paper1/results/step4_PROVENANCE.txt,87,relpath_local,data/dataset_test_v3.csv,data/dataset_test_v3.csv      md5 = 0946c9f343eed98a337b4bd0229b9b39  (2170 rows)
paper1/results/step4_PROVENANCE.txt,88,relpath_local,data/dataset_culver_v3.csv,data/dataset_culver_v3.csv    md5 = 746c35ac187ed3eabecb90b183a6c1b6  (550 rows)
paper1/results/step4_PROVENANCE.txt,89,relpath_local,data/selector_rf.pkl,"data/selector_rf.pkl (deployed, bare RF)  md5 = d5355fd427b3437c94b6770bb6a68ea1"
paper1/results/step4_PROVENANCE.txt,90,relpath_local,data/selector_rf_bundle.pkl,data/selector_rf_bundle.pkl (rf + train_ids[1386] + seed 0 + test_size 0.30 + feats + dataset md5)
paper1/results/step4_PROVENANCE.txt,91,relpath_local,data/selector_rf_v2.pkl,v2 deployed selector backed up to data/selector_rf_v2.pkl.
paper1/results/step4_PROVENANCE.txt,96,relpath_other,C16/C256,Fixed C16/C256 F1 rise to ~ego ..... HOLDS. eff_f1_C floored at ego on failure; mean eff_f1_C16 =
paper1/results/step4_PROVENANCE.txt,104,relpath_other,1-late/comp,threshold from ~1-late/comp ~= 0.02 (v2 failure->0) to ~(comp-late)/(comp-ego) ~= 0.10 -- an
paper1/results/step4_PROVENANCE.txt,105,relpath_other,higher/right-shifted,order-of-magnitude loosening that outweighs the higher/right-shifted Sionna cliff. The feasibility
paper1/results/step4_PROVENANCE.txt,106,relpath_other,mid/high-SNR,mask removed the guaranteed-failure tail (Rayleigh + low-SNR AWGN) but the mid/high-SNR AWGN C wins
paper1/results/step4_PROVENANCE.txt,112,relpath_local,code/make_dataset.py,"code/make_dataset.py, code/train_rf.py, code/step4_oracle_action_dist.py,"
paper1/results/step4_PROVENANCE.txt,112,relpath_local,code/train_rf.py,"code/make_dataset.py, code/train_rf.py, code/step4_oracle_action_dist.py,"
paper1/results/step4_PROVENANCE.txt,112,relpath_local,code/step4_oracle_action_dist.py,"code/make_dataset.py, code/train_rf.py, code/step4_oracle_action_dist.py,"
paper1/results/step4_PROVENANCE.txt,113,relpath_local,code/plot_oracle_action_dist.py,"code/plot_oracle_action_dist.py, code/step4_collab_harm.py"
paper1/results/step4_PROVENANCE.txt,113,relpath_local,code/step4_collab_harm.py,"code/plot_oracle_action_dist.py, code/step4_collab_harm.py"
paper1/results/step4_PROVENANCE.txt,114,relpath_local,results/step4_oracle_action_dist_v3,"results/step4_oracle_action_dist_v3.{csv,pdf,png}, results/step4_rf_class_report_v3.csv,"
paper1/results/step4_PROVENANCE.txt,114,relpath_local,results/step4_rf_class_report_v3.csv,"results/step4_oracle_action_dist_v3.{csv,pdf,png}, results/step4_rf_class_report_v3.csv,"
paper1/results/step4_PROVENANCE.txt,115,relpath_local,results/step4_rf_modes_v3.csv,"results/step4_rf_modes_v3.csv, results/step4_rf_train_meta_v3.json,"
paper1/results/step4_PROVENANCE.txt,115,relpath_local,results/step4_rf_train_meta_v3.json,"results/step4_rf_modes_v3.csv, results/step4_rf_train_meta_v3.json,"
paper1/results/step4_PROVENANCE.txt,116,relpath_local,results/step4_collaboration_harm_v3.csv,"results/step4_collaboration_harm_v3.csv, results/step4_PROVENANCE.txt,"
paper1/results/step4_PROVENANCE.txt,116,relpath_local,results/step4_PROVENANCE.txt,"results/step4_collaboration_harm_v3.csv, results/step4_PROVENANCE.txt,"
paper1/results/step4_PROVENANCE.txt,117,relpath_local,results/bler_sionna/bler_sionna.csv,results/bler_sionna/bler_sionna.csv (copied into the OpenCOOD runtime tree for self-containment)
paper1/results/step4_PROVENANCE.txt,118,relpath_local,data/dataset_,"data/dataset_{split}_v3.csv (overwritten), data/selector_rf.pkl, data/selector_rf_bundle.pkl"
paper1/results/step4_PROVENANCE.txt,118,bare_filename,_v3.csv,"data/dataset_{split}_v3.csv (overwritten), data/selector_rf.pkl, data/selector_rf_bundle.pkl"
paper1/results/step4_PROVENANCE.txt,118,relpath_local,data/selector_rf.pkl,"data/dataset_{split}_v3.csv (overwritten), data/selector_rf.pkl, data/selector_rf_bundle.pkl"
paper1/results/step4_PROVENANCE.txt,118,relpath_local,data/selector_rf_bundle.pkl,"data/dataset_{split}_v3.csv (overwritten), data/selector_rf.pkl, data/selector_rf_bundle.pkl"
paper1/results/step4_PROVENANCE.txt,120,bare_filename,recompute_policy_200seed.py,NOT DONE HERE (Step 5): recompute_policy_200seed.py / true_e2e_global.py still read the OLD codeword
paper1/results/step4_PROVENANCE.txt,120,bare_filename,true_e2e_global.py,NOT DONE HERE (Step 5): recompute_policy_200seed.py / true_e2e_global.py still read the OLD codeword
paper1/results/where2comm_ap_PROVENANCE.txt,3,relpath_local,results/where2comm_ap.csv,CSV: results/where2comm_ap.csv
paper1/results/where2comm_ap_PROVENANCE.txt,9,relpath_other,experiment_logs/opencood_training_logs/point_pillar_where2comm_2026_05_22_17_56_51/eval_global_sort.yaml,experiment_logs/opencood_training_logs/point_pillar_where2comm_2026_05_22_17_56_51/eval_global_sort.yaml
paper1/results/where2comm_ap_PROVENANCE.txt,11,bare_filename,true_e2e_global.py,"(true_e2e_global.py family), so the Where2comm row is protocol-matched to the CA-TOSG rows."
paper1/results/where2comm_ap_PROVENANCE.txt,13,relpath_local,code/where2comm_compare.py,NOT the generator: code/where2comm_compare.py is DEPRECATED and does NOT produce these numbers.
paper1/results/where2comm_ap_PROVENANCE.txt,19,bare_filename,where2comm_compare.py,eval (not from where2comm_compare.py) and refresh this provenance.
paper1/scomcp_reproduction/README.md,11,relpath_local,opencood/models/fuse_modules/importance_map_jscc_fuse.py,Your existing `ImportanceMapJSCC` (`opencood/models/fuse_modules/importance_map_jscc_fuse.py`)
paper1/scomcp_reproduction/README.md,26,relpath_local,opencood/models/fuse_modules/scomcp_fuse.py,`CrossAttentionSelector` in `opencood/models/fuse_modules/scomcp_fuse.py`
paper1/scomcp_reproduction/README.md,29,bare_filename,train_scomcp.py,3. **Three-stage training** (paper Algorithm 1) → `train_scomcp.py` + 3 configs
paper1/scomcp_reproduction/README.md,32,bare_filename,point_pillar_importance_map_jscc.py,`point_pillar_importance_map_jscc.py` dispatches to it on `variant: scomcp`.
paper1/scomcp_reproduction/README.md,58,relpath_local,peiyi_work/02_scomcp_reproduction/run_scomcp,bash peiyi_work/02_scomcp_reproduction/run_scomcp.sh
paper1/scomcp_reproduction/README.md,64,relpath_local,peiyi_work/02_scomcp_reproduction/train_scomcp.py,python peiyi_work/02_scomcp_reproduction/train_scomcp.py --hypes_yaml peiyi_work/02_scomcp_reproduction/configs/scomcp_stage1_selector.yaml --warm_start <BASE_CKPT>
paper1/scomcp_reproduction/README.md,64,relpath_local,peiyi_work/02_scomcp_reproduction/configs/scomcp_stage1_selector.yaml,python peiyi_work/02_scomcp_reproduction/train_scomcp.py --hypes_yaml peiyi_work/02_scomcp_reproduction/configs/scomcp_stage1_selector.yaml --warm_start <BASE_CKPT>
paper1/scomcp_reproduction/README.md,65,relpath_local,peiyi_work/02_scomcp_reproduction/train_scomcp.py,python peiyi_work/02_scomcp_reproduction/train_scomcp.py --hypes_yaml peiyi_work/02_scomcp_reproduction/configs/scomcp_stage2_codec.yaml   --warm_start <stage1_last.pth>
paper1/scomcp_reproduction/README.md,65,relpath_local,peiyi_work/02_scomcp_reproduction/configs/scomcp_stage2_codec.yaml,python peiyi_work/02_scomcp_reproduction/train_scomcp.py --hypes_yaml peiyi_work/02_scomcp_reproduction/configs/scomcp_stage2_codec.yaml   --warm_start <stage1_last.pth>
paper1/scomcp_reproduction/README.md,65,bare_filename,stage1_last.pth,python peiyi_work/02_scomcp_reproduction/train_scomcp.py --hypes_yaml peiyi_work/02_scomcp_reproduction/configs/scomcp_stage2_codec.yaml   --warm_start <stage1_last.pth>
paper1/scomcp_reproduction/README.md,66,relpath_local,peiyi_work/02_scomcp_reproduction/train_scomcp.py,python peiyi_work/02_scomcp_reproduction/train_scomcp.py --hypes_yaml peiyi_work/02_scomcp_reproduction/configs/scomcp_stage3_joint.yaml   --warm_start <stage2_last.pth>
paper1/scomcp_reproduction/README.md,66,relpath_local,peiyi_work/02_scomcp_reproduction/configs/scomcp_stage3_joint.yaml,python peiyi_work/02_scomcp_reproduction/train_scomcp.py --hypes_yaml peiyi_work/02_scomcp_reproduction/configs/scomcp_stage3_joint.yaml   --warm_start <stage2_last.pth>
paper1/scomcp_reproduction/README.md,66,bare_filename,stage2_last.pth,python peiyi_work/02_scomcp_reproduction/train_scomcp.py --hypes_yaml peiyi_work/02_scomcp_reproduction/configs/scomcp_stage3_joint.yaml   --warm_start <stage2_last.pth>
paper1/scomcp_reproduction/README.md,69,relpath_local,peiyi_work/02_scomcp_reproduction/results/,"Figures land in `peiyi_work/02_scomcp_reproduction/results/` (`fig6_awgn.png`, `fig7_rayleigh.png`)."
paper1/scomcp_reproduction/README.md,69,bare_filename,fig6_awgn.png,"Figures land in `peiyi_work/02_scomcp_reproduction/results/` (`fig6_awgn.png`, `fig7_rayleigh.png`)."
paper1/scomcp_reproduction/README.md,69,bare_filename,fig7_rayleigh.png,"Figures land in `peiyi_work/02_scomcp_reproduction/results/` (`fig6_awgn.png`, `fig7_rayleigh.png`)."
paper1/scomcp_reproduction/README.md,84,relpath_other,keys/values,"context-pooled cross-attention (queries = importance pixels, keys/values = an"
paper1/scomcp_reproduction/README.md,85,bare_filename,scomcp_fuse.py,adaptive-pool summary of M_j). Flagged in `scomcp_fuse.py`.
paper1/scomcp_reproduction/README.md,95,relpath_other,shape/device,shape/device bugs in the new modules.
paper1/scomcp_reproduction/README.md,96,relpath_other,depth/heads/,2. **Tune** depth/heads/`c_complex`/lr per stage to track the paper trends
paper1/scomcp_reproduction/README.md,101,relpath_other,trend/relative-gain,trend/relative-gain parity with the paper.
paper1/scomcp_reproduction/diagnose_selector.py,21,relpath_local,peiyi_work/02_scomcp_reproduction/runs/v5k/stage2,CKPT_DIR = 'peiyi_work/02_scomcp_reproduction/runs/v5k/stage2'
paper1/scomcp_reproduction/diagnose_selector.py,63,relpath_other,d/,"print('frame %d: kept=%d/%d  CR=%.5f' % (i, k, total, cr))"
paper1/scomcp_reproduction/diagnose_selector.py,71,relpath_other,kept/total,print('  CR (kept/total) : mean=%.6f  median=%.6f' %
paper1/scomcp_reproduction/diagnose_selector.py,74,relpath_other,tokens/frame,print('\n!!! Selector collapsed: <5 tokens/frame on average.')
paper1/scomcp_reproduction/diagnose_selector.py,15,path_anchor,sys.path,"sys.path.insert(0, os.path.dirname(os.path.dirname(os.path.dirname(os.path.abspath(__file__)))))"
paper1/scomcp_reproduction/eval_sweep_scomcp.py,9,bare_filename,plot_figures.py,that plot_figures.py turns into the paper plots.
paper1/scomcp_reproduction/eval_sweep_scomcp.py,14,relpath_local,peiyi_work/02_scomcp_reproduction/eval_sweep_scomcp.py,python peiyi_work/02_scomcp_reproduction/eval_sweep_scomcp.py --model_dir <stage3_run> \
paper1/scomcp_reproduction/eval_sweep_scomcp.py,16,relpath_local,peiyi_work/02_scomcp_reproduction/results/scomcp_awgn.csv,--out peiyi_work/02_scomcp_reproduction/results/scomcp_awgn.csv
paper1/scomcp_reproduction/eval_sweep_scomcp.py,19,relpath_local,peiyi_work/02_scomcp_reproduction/eval_sweep_scomcp.py,python peiyi_work/02_scomcp_reproduction/eval_sweep_scomcp.py --model_dir <stage3_run> \
paper1/scomcp_reproduction/eval_sweep_scomcp.py,21,relpath_local,peiyi_work/02_scomcp_reproduction/results/upper_awgn.csv,--out peiyi_work/02_scomcp_reproduction/results/upper_awgn.csv
paper1/scomcp_reproduction/eval_sweep_scomcp.py,50,relpath_other,channel/diagnostic,"""""""Reconfigure a trained fusion net's channel/diagnostic mode at eval time."""""""
paper1/scomcp_reproduction/eval_sweep_scomcp.py,60,relpath_other,ldpc16/256qam,"# NOTE (P1, 2026-08): this is the SComCP-reproduction subsystem; its ldpc16/256qam"
paper1/scomcp_reproduction/eval_sweep_scomcp.py,63,relpath_other,convention/schema,"# repointed to bler_sionna, a different BLER convention/schema)."
paper1/scomcp_reproduction/eval_sweep_scomcp.py,65,relpath_local,peiyi_work/04_experiment_logs/importance_map_jscc/ldpc_qam_bler_table.csv,'peiyi_work/04_experiment_logs/importance_map_jscc/ldpc_qam_bler_table.csv')
paper1/scomcp_reproduction/eval_sweep_scomcp.py,92,absolute_path,/config.yaml,"# load_yaml(None, opt) reads <model_dir>/config.yaml"
paper1/scomcp_reproduction/plot_figures.py,3,relpath_local,results/,Plot SComCP Fig. 6 (AWGN) and Fig. 7 (Rayleigh) from the sweep CSVs in results/.
paper1/scomcp_reproduction/plot_figures.py,55,bare_filename,_awgn.csv,phys = 'awgn' if base.endswith('_awgn.csv') else \
paper1/scomcp_reproduction/plot_figures.py,56,bare_filename,_rayleigh.csv,'rayleigh' if base.endswith('_rayleigh.csv') else None
paper1/scomcp_reproduction/plot_figures.py,63,bare_filename,fig6_awgn.png,"plot_channel(by_channel['awgn'], 'AWGN', 'fig6_awgn.png')"
paper1/scomcp_reproduction/plot_figures.py,64,bare_filename,fig7_rayleigh.png,"plot_channel(by_channel['rayleigh'], 'Rayleigh', 'fig7_rayleigh.png')"
paper1/scomcp_reproduction/plot_figures.py,13,path_anchor,os.path.dirname,"R = os.path.join(os.path.dirname(__file__), 'results')"
paper1/scomcp_reproduction/run_smoke.py,1,relpath_other,runs/,#self+ SComCP repro: full 3-stage training orchestrator with isolated runs/ output dirs
paper1/scomcp_reproduction/run_smoke.py,6,relpath_local,peiyi_work/02_scomcp_reproduction/runs/smoke_v1/,`peiyi_work/02_scomcp_reproduction/runs/smoke_v1/` to keep new outputs isolated from existing
paper1/scomcp_reproduction/run_smoke.py,7,relpath_local,opencood/logs/,`opencood/logs/` and `experiment_logs/`.
paper1/scomcp_reproduction/run_smoke.py,7,relpath_other,experiment_logs/,`opencood/logs/` and `experiment_logs/`.
paper1/scomcp_reproduction/run_smoke.py,10,relpath_other,home/josh/miniconda3/envs/sionna310/bin/python,PYTHONPATH=. /home/josh/miniconda3/envs/sionna310/bin/python \
paper1/scomcp_reproduction/run_smoke.py,11,relpath_local,peiyi_work/02_scomcp_reproduction/run_smoke.py,peiyi_work/02_scomcp_reproduction/run_smoke.py [--steps 1000] [--eval_snr 10] [--eval_channel awgn]
paper1/scomcp_reproduction/run_smoke.py,36,relpath_local,peiyi_work/02_scomcp_reproduction/configs/scomcp_stage1_selector.yaml,"cfg=os.path.join(REPO, 'peiyi_work/02_scomcp_reproduction/configs/scomcp_stage1_selector.yaml'),"
paper1/scomcp_reproduction/run_smoke.py,39,relpath_local,peiyi_work/02_scomcp_reproduction/configs/scomcp_stage2_codec.yaml,"cfg=os.path.join(REPO, 'peiyi_work/02_scomcp_reproduction/configs/scomcp_stage2_codec.yaml'),"
paper1/scomcp_reproduction/run_smoke.py,42,relpath_local,peiyi_work/02_scomcp_reproduction/configs/scomcp_stage3_joint.yaml,"cfg=os.path.join(REPO, 'peiyi_work/02_scomcp_reproduction/configs/scomcp_stage3_joint.yaml'),"
paper1/scomcp_reproduction/run_smoke.py,69,bare_filename,config.yaml,"with open(os.path.join(save_dir, 'config.yaml'), 'w') as f:"
paper1/scomcp_reproduction/run_smoke.py,91,bare_filename,train_loss.csv,"loss_log = open(os.path.join(save_dir, 'train_loss.csv'), 'w')"
paper1/scomcp_reproduction/run_smoke.py,121,bare_filename,latest.pth,# Use 'latest.pth' so train_utils.load_saved_model can find it.
paper1/scomcp_reproduction/run_smoke.py,122,bare_filename,latest.pth,"ckpt_out = os.path.join(save_dir, 'latest.pth')"
paper1/scomcp_reproduction/run_smoke.py,151,bare_filename,config.yaml,ckpt_dir must contain config.yaml + latest.pth (or net_epoch*.pth) so
paper1/scomcp_reproduction/run_smoke.py,151,bare_filename,latest.pth,ckpt_dir must contain config.yaml + latest.pth (or net_epoch*.pth) so
paper1/scomcp_reproduction/run_smoke.py,157,absolute_path,/config.yaml,"# load_yaml(None, opt) reads <model_dir>/config.yaml (matches eval_sweep)."
paper1/scomcp_reproduction/run_smoke.py,204,bare_filename,eval_smoke.csv,"eval_csv = os.path.join(save_dir, 'eval_smoke.csv')"
paper1/scomcp_reproduction/run_smoke.py,217,relpath_other,mnt/h/opencood_project/outputs/experiment_logs/importance_map_jscc/,'/mnt/h/opencood_project/outputs/experiment_logs/importance_map_jscc/'
paper1/scomcp_reproduction/run_smoke.py,218,relpath_other,stage2_rayleigh_v3/stage2_whole_map_4000steps.pth,'stage2_rayleigh_v3/stage2_whole_map_4000steps.pth')
paper1/scomcp_reproduction/run_smoke.py,225,relpath_other,run_dir/stage3,help='Skip training; only evaluate using run_dir/stage3 (or --eval_model_dir).')
paper1/scomcp_reproduction/run_smoke.py,227,bare_filename,config.yaml,help='Override eval source dir (must contain config.yaml + latest.pth or net_epoch*.pth).')
paper1/scomcp_reproduction/run_smoke.py,227,bare_filename,latest.pth,help='Override eval source dir (must contain config.yaml + latest.pth or net_epoch*.pth).')
paper1/scomcp_reproduction/run_smoke.py,229,relpath_local,peiyi_work/02_scomcp_reproduction/runs/,help='Run dir under peiyi_work/02_scomcp_reproduction/runs/. New runs MUST use a fresh name to keep prior runs untouched.')
paper1/scomcp_reproduction/run_smoke.py,243,bare_filename,FINAL_CKPT.txt,# FINAL_CKPT.txt now records the directory (load_saved_model takes a dir).
paper1/scomcp_reproduction/run_smoke.py,245,bare_filename,FINAL_CKPT.txt,"with open(os.path.join(run_dir, 'FINAL_CKPT.txt'), 'w') as f:"
paper1/scomcp_reproduction/run_smoke.py,30,path_anchor,os.path.dirname,REPO = os.path.dirname(os.path.dirname(os.path.dirname(os.path.abspath(__file__))))
paper1/scomcp_reproduction/smoke_test.py,4,relpath_other,shape/device/key,Catches shape/device/key bugs in scomcp_fuse before kicking off real training.
paper1/scomcp_reproduction/smoke_test.py,18,relpath_local,peiyi_work/02_scomcp_reproduction/configs/scomcp_stage1_selector.yaml,"p.add_argument('--hypes_yaml', default='peiyi_work/02_scomcp_reproduction/configs/scomcp_stage1_selector.yaml')"
paper1/scomcp_reproduction/smoke_test.py,19,relpath_local,peiyi_work/05_pretrained_models/pointpillar_attentive_fusion/pointpillar_attentive_fusion/latest.pth,"p.add_argument('--warm_start', default='peiyi_work/05_pretrained_models/pointpillar_attentive_fusion/pointpillar_attentive_fusion/latest.pth')"
paper1/scomcp_reproduction/train_scomcp.py,5,relpath_local,opencood/tools/train.py,Differences vs opencood/tools/train.py:
paper1/scomcp_reproduction/train_scomcp.py,6,bare_filename,ckpt.pth,"* --warm_start <ckpt.pth>: load weights (strict=False) at epoch 0, so a later"
paper1/scomcp_reproduction/train_scomcp.py,15,relpath_local,peiyi_work/02_scomcp_reproduction/train_scomcp.py,python peiyi_work/02_scomcp_reproduction/train_scomcp.py \
paper1/scomcp_reproduction/train_scomcp.py,16,relpath_local,peiyi_work/02_scomcp_reproduction/configs/scomcp_stage2_codec.yaml,--hypes_yaml peiyi_work/02_scomcp_reproduction/configs/scomcp_stage2_codec.yaml \
paper1/scomcp_reproduction/train_scomcp.py,17,relpath_local,opencood/logs/scomcp_stage1_selector_xxx/net_epoch30.pth,--warm_start opencood/logs/scomcp_stage1_selector_xxx/net_epoch30.pth
paper1/scomcp_reproduction/train_scomcp.py,43,relpath_other,selector/codec,"""""""Load weights non-strictly so new modules (selector/codec) start fresh."""""""
paper1/scomcp_reproduction/train_scomcp.py,133,bare_filename,d.pth,"os.path.join(saved_path, 'net_epoch%d.pth' % (epoch + 1)))"
paper1/scomcp_reproduction/train_scomcp.py,150,bare_filename,LAST_CKPT.txt,"with open(os.path.join(saved_path, 'LAST_CKPT.txt'), 'w') as f:"
paper1/scomcp_reproduction/train_scomcp.py,151,bare_filename,d.pth,"f.write(os.path.join(saved_path, 'net_epoch%d.pth' % epoches))"
paper2/README.md,1,relpath_local,code/data/results,# paper2 — not started yet. Put its code/data/results here when it begins.
paper3/README.md,13,relpath_other,coding/transmission,- Paper 2's feature coding/transmission → the feature-level branch (optional).
paper3/README.md,16,relpath_other,distance/confidence,"- Baselines: all-object, all-feature, top-k distance/confidence collaborator selection,"
paper3/README.md,26,relpath_local,code/data/results,_No code/data/results yet — to be added when the work begins._
